CDL_FLAG,CONDITION_CODE,EQUIP_PROB_CODE,FAULT_FLAG,INJ_SEVER_CODE,PERSON_ID,PERSON_TYPE,REPORT_NO,SAF_EQUIP_CODE,SEX_CODE,VEHICLE_ID,COLLISION_TYPE_CODE,C_M_ZONE_FLAG,JUNCTION_CODE,LANE_CODE,LIGHT_CODE,RD_COND_CODE,RD_DIV_CODE,SURF_COND_CODE,WEATHER_CODE,AREA_DAMAGED_CODE_MAIN,BODY_TYPE_CODE,DAMAGE_CODE,HIT_AND_RUN_FLAG,MOVEMENT_CODE,TIME,AGE,LATITUDE,LONGITUDE
N,Apparently Normal,No Misuse,Y,No Injury,91b3dd40-5d43-49e1-82ed-98afd1812d7a,D,AC2015000G,Shoulder/Lap Belt(s),F,69fa9735-6f90-49e5-b8e3-edbe109f047d,Same Movement Angle,N,Intersection,Left Turn Lane,Daylight,No Defects,"Two-way, Divided, Positive Median Barrier",Wet,Clear,Eight o'clock,Passenger Car,Disabling,N,Starting From Lane,2015-01-04 12:47,35,39.11892383,-76.52285457
N,Apparently Normal,No Misuse,N,Possible Incapacitating Injury,96fad2e6-50f2-4ed1-86c4-b9773a70de74,D,AC2015000G,Shoulder/Lap Belt(s),M,c2751983-d341-456d-a1fc-128d2d0bda4d,Same Movement Angle,N,Intersection,Left Turn Lane,Daylight,No Defects,"Two-way, Divided, Positive Median Barrier",Wet,Clear,Twelve o'clock,Passenger Car,Destroyed,N,Moving Constant Speed,2015-01-04 12:47,33,39.11892383,-76.52285457
N,Apparently Normal,No Misuse,N,No Injury,0f694e22-3750-442a-9af0-957042293a4e,D,AC2015000J,Shoulder/Lap Belt(s),F,c7685f6c-89fd-4b0a-83d2-35d9483595f5,Same Direction Rear End,N,Intersection,Left Turn Lane,Daylight,No Defects,"Two-way, Not Divided",Dry,Clear,Six o'clock,Passenger Car,Functional,N,Stopped in Traffic Lane,2015-02-23 11:04,63,39.06887979,-76.54417276
N,Apparently Normal,No Misuse,Y,No Injury,d6c68e36-aab8-4b50-950c-60bade4d253a,D,AC2015000J,Shoulder/Lap Belt(s),F,9b13c9f8-bff5-4ebb-9ce1-b4f702d9c48d,Same Direction Rear End,N,Intersection,Left Turn Lane,Daylight,No Defects,"Two-way, Not Divided",Dry,Clear,Twelve o'clock,Passenger Car,Destroyed,N,Moving Constant Speed,2015-02-23 11:04,39,39.06887979,-76.54417276
N,Apparently Normal,No Misuse,Y,No Injury,6addcb6a-a67e-4b10-a8a0-62d1e3d39e4f,D,AC2018000K,Shoulder/Lap Belt(s),F,5bd1b27d-e610-4515-b1e4-047a03150231,Single Vehicle ,N,Non Intersection,Left Turn Lane,Dark No Lights,No Defects,"Two-way, Not Divided",Wet,Raining,Nine o'clock,Passenger Car,Disabling,N,Moving Constant Speed,2015-01-03 19:04,45,39.02445167,-76.45016333
N,Apparently Normal,No Misuse,Y,No Injury,5aad7499-8dd3-4585-a332-fc585fc0ea66,D,AC2018000L,Shoulder/Lap Belt(s),F,d4cc53ba-7d70-4abb-9bd4-bb9f7f87f9e4,Angle Meets Left Turn Head On,N,Non Intersection,Left Turn Lane,Daylight,No Defects,"Two-way, Not Divided",Wet,Raining,Twelve o'clock,Passenger Car,Disabling,N,Moving Constant Speed,2015-01-12 10:43,53,39.10707801,-76.48511052
N,Apparently Normal,No Misuse,N,No Injury,2d43b569-426c-40a9-8a8d-54a8ce502984,D,AC2018000L,Shoulder/Lap Belt(s),M,926c76f5-877f-46d2-b585-9b9b9abe9186,Angle Meets Left Turn Head On,N,Non Intersection,Left Turn Lane,Daylight,No Defects,"Two-way, Not Divided",Wet,Raining,Twelve o'clock,Pickup Truck,Disabling,N,Making Left Turn,2015-01-12 10:43,52,39.10707801,-76.48511052
N,Apparently Normal,No Misuse,N,No Injury,c14ae866-ce4d-4c14-985b-62dfaf7dbda7,D,AC2018000N,Shoulder/Lap Belt(s),F,d89910c3-95b9-4f52-89ec-2a507ff67f6f,Same Direction Rear End,N,Non Intersection,Left Turn Lane,Daylight,No Defects,"Two-way, Divided, Unprotected (painted >4 feet) Median",Dry,Clear,Six o'clock,(Sport) Utility Vehicle,Disabling,N,Slowing or Stopping,2015-01-17 12:11,52,39.04946881,-76.52080536
N,Apparently Normal,No Misuse,Y,No Injury,0b4f20fb-cbe7-442b-845e-02e381ec60e9,D,AC2018000N,Shoulder/Lap Belt(s),F,212ffd0b-8f8a-4394-91d9-8fa77f56e7ee,Same Direction Rear End,N,Non Intersection,Left Turn Lane,Daylight,No Defects,"Two-way, Divided, Unprotected (painted >4 feet) Median",Dry,Clear,Twelve o'clock,(Sport) Utility Vehicle,Disabling,N,Moving Constant Speed,2015-01-17 12:11,23,39.04946881,-76.52080536
N,Apparently Normal,No Misuse,Y,No Injury,a70eac22-99c4-40c5-9601-c2b0ebf44d3f,D,AC2021000H,Shoulder/Lap Belt(s),F,b0def163-56f8-4632-8135-4607a5da6860,Same Movement Angle,N,Non Intersection,Left Turn Lane,Dark Lights On,No Defects,"Two-way, Not Divided",Dry,Clear,Three o'clock,Passenger Car,Superficial,N,Accelerating,2015-01-10 18:58,60,39.08560395,-76.69616818
N,Apparently Normal,No Misuse,N,No Injury,598423bf-9fa0-4800-ba96-4c0ab2d0e24b,D,AC2021000H,Shoulder/Lap Belt(s),M,7e35ac02-6a0a-4eca-ab9e-6311d98f3370,Same Movement Angle,N,Non Intersection,Left Turn Lane,Dark Lights On,No Defects,"Two-way, Not Divided",Dry,Clear,Twelve o'clock,Passenger Car,Destroyed,N,Moving Constant Speed,2015-01-10 18:58,19,39.08560395,-76.69616818
N,Apparently Normal,No Misuse,Y,No Injury,1505d8ec-cb52-4976-9ddd-2e06db93610c,D,AC2021000R,Shoulder/Lap Belt(s),M,225c8d8f-840d-45e7-ad6b-66cb29136db3,Opposite Direction Sideswipe,N,Intersection,Left Turn Lane,Daylight,No Defects,"Two-way, Not Divided",Dry,Clear,Twelve o'clock,(Sport) Utility Vehicle,Functional,N,Accelerating,2015-03-07 17:47,41,39.15401023,-76.72356028
N,Apparently Normal,No Misuse,Y,No Injury,39d365b2-cad9-483c-90c4-5979e89c5821,D,AC2029000M,Shoulder/Lap Belt(s),F,c36195d8-25f7-4724-9de3-c15928c39117,Same Direction Rear End,N,Intersection Related,Right Turn Lane,Dark Lights On,No Defects,One-way Trafficway,Dry,Clear,Twelve o'clock,Passenger Car,Superficial,N,Moving Constant Speed,2015-01-25 18:40,36,39.09633333,-76.80345333
N,Apparently Normal,No Misuse,N,Non-incapacitating Injury,03eb227a-2d22-4353-a31a-05ac0c7576a8,D,AC2029000M,Shoulder/Lap Belt(s),F,c58e36ad-4f89-4d23-92e3-edadc583536d,Same Direction Rear End,N,Intersection Related,Right Turn Lane,Dark Lights On,No Defects,One-way Trafficway,Dry,Clear,Six o'clock,(Sport) Utility Vehicle,Functional,N,Slowing or Stopping,2015-01-25 18:40,58,39.09633333,-76.80345333
N,Apparently Normal,No Misuse,N,No Injury,d94b0c9a-ac39-41ac-a6e9-1fb0cd97507f,D,AC2031000D,Shoulder/Lap Belt(s),F,3d87db52-fa88-4f2c-b9ee-c530557d3a28,Head On Left Turn,N,Non Intersection,Right Turn Lane,Daylight,No Defects,"Two-way, Not Divided",Dry,Clear,Twelve o'clock,Passenger Car,Disabling,N,Moving Constant Speed,2015-01-13 15:32,24,39.09148311,-76.69637203
N,Apparently Normal,No Misuse,Y,No Injury,e8380246-d8d0-4fdd-8099-44e00b74de49,D,AC2031000D,Shoulder/Lap Belt(s),M,bc67e7ec-1d4d-438e-80cb-56f399c5af80,Head On Left Turn,N,Non Intersection,Right Turn Lane,Daylight,No Defects,"Two-way, Not Divided",Dry,Clear,Twelve o'clock,(Sport) Utility Vehicle,Disabling,N,Accelerating,2015-01-13 15:32,52,39.09148311,-76.69637203
N,Apparently Normal,No Misuse,N,No Injury,ab5c3ae9-91a3-41a2-bd96-7d8c4bb413b8,D,ADD5720003,Shoulder/Lap Belt(s),F,31a35c0a-b210-45b4-bde6-249966613cd5,Head On Left Turn,N,Intersection,Left Turn Lane,Dark Lights On,No Defects,"Two-way, Divided, Positive Median Barrier",Ice,Sleet,Twelve o'clock,Passenger Car,Disabling,N,Moving Constant Speed,2015-01-29 17:15,23,39.27825293,-76.57526493
N,Apparently Normal,No Misuse,N,No Injury,18c61c81-1b6e-4359-94ad-f278d623a86d,D,ADD5720003,Shoulder/Lap Belt(s),F,ce0a2520-1251-48c4-ac19-33bbd9b57554,Head On Left Turn,N,Intersection,Left Turn Lane,Dark Lights On,No Defects,"Two-way, Divided, Positive Median Barrier",Ice,Sleet,Nine o'clock,Passenger Car,Disabling,N,Stopped in Traffic Lane,2015-01-29 17:15,28,39.27825293,-76.57526493
N,Apparently Normal,No Misuse,N,No Injury,2f0b9224-c061-4971-aff3-009b63c1840d,D,ADD7210011,Shoulder/Lap Belt(s),F,a879c062-2a7c-4b65-81ec-7eebca7e2d62,Same Movement Angle,N,Intersection,Right Turn Lane,Daylight,No Defects,"Two-way, Not Divided",Dry,Clear,Nine o'clock,Police Vehicle/Non Emergency,Superficial,N,Moving Constant Speed,2015-02-26 16:29,29,39.28653604,-76.59546062
N,Apparently Normal,No Misuse,Y,No Injury,b0e9af31-5c41-49be-8568-f647d0e5b38e,D,ADD7210011,Shoulder/Lap Belt(s),M,87a9b49b-8dc2-404b-91d9-4b3afc80535c,Same Movement Angle,N,Intersection,Right Turn Lane,Daylight,No Defects,"Two-way, Not Divided",Dry,Clear,Twelve o'clock,Passenger Car,Superficial,N,Accelerating,2015-02-26 16:29,42,39.28653604,-76.59546062
N,Apparently Normal,No Misuse,N,No Injury,3351ce19-ea15-4375-a279-183aff902329,D,ADD721001G,Shoulder/Lap Belt(s),F,516a2e8a-a664-4591-a870-dccb0752b2a2,Head On Left Turn,N,Intersection,Right Turn Lane,Daylight,No Defects,"Two-way, Not Divided",Dry,Clear,Twelve o'clock,Passenger Car,Superficial,N,Moving Constant Speed,2015-03-24 8:04,25,39.29673317,-76.5821515
N,Apparently Normal,No Misuse,Y,No Injury,ea88c07b-aa60-4494-b884-8f941ea69ef7,D,ADD721001G,Shoulder/Lap Belt(s),M,4e9ef3ef-d87d-41b9-a3a8-06ae532f831b,Head On Left Turn,N,Intersection,Right Turn Lane,Daylight,No Defects,"Two-way, Not Divided",Dry,Clear,Twelve o'clock,Police Vehicle/Non Emergency,Superficial,N,Making Left Turn,2015-03-24 8:04,26,39.29673317,-76.5821515
N,Apparently Normal,No Misuse,N,No Injury,b7c11306-fc27-476b-ae26-83de80d9555a,D,ADD905000Q,Shoulder/Lap Belt(s),F,f5738e7b-6da8-4b55-b9d9-de393e4797a4,Same Direction Rear End,N,Intersection Related,Right Turn Lane,Dark Lights On,No Defects,"Two-way, Divided, Unprotected (painted >4 feet) Median",Wet,Sleet,Six o'clock,Passenger Car,Superficial,N,Stopped in Traffic Lane,2015-01-23 18:00,28,39.3379652,-76.55175805
N,Apparently Normal,No Misuse,Y,No Injury,e4ffffb4-d0bb-4229-a7c8-8c0e705b2bc0,D,ADD905000Q,Shoulder/Lap Belt(s),M,bc3811a4-1702-49ea-b572-65c433462855,Same Direction Rear End,N,Intersection Related,Right Turn Lane,Dark Lights On,No Defects,"Two-way, Divided, Unprotected (painted >4 feet) Median",Wet,Sleet,Twelve o'clock,Police Vehicle/Non Emergency,No Damage,N,Changing Lanes,2015-01-23 18:00,54,39.3379652,-76.55175805
N,Apparently Normal,No Misuse,N,No Injury,4a642545-1666-4f9f-a077-c636377056cc,D,ADD905000V,Shoulder/Lap Belt(s),F,b38a6785-348a-424d-bd27-a16cc5c4a1fb,Head On Left Turn,N,Intersection Related,Acceleration Lane,Daylight,No Defects,"Two-way, Divided, Unprotected (painted >4 feet) Median",Dry,Clear,Twelve o'clock,Police Vehicle/Non Emergency,Functional,N,Moving Constant Speed,2015-02-19 9:35,40,39.27213189,-76.54305696
N,Apparently Normal,No Misuse,Y,No Injury,4a0223de-8f43-4977-9d99-b8bc0b4935c6,D,ADD905000V,Shoulder/Lap Belt(s),M,3eca9a3b-a208-493c-b2ff-371bda26f80a,Head On Left Turn,N,Intersection Related,Acceleration Lane,Daylight,No Defects,"Two-way, Divided, Unprotected (painted >4 feet) Median",Dry,Clear,Four o'clock,Passenger Car,Functional,N,Making Left Turn,2015-02-19 9:35,23,39.27213189,-76.54305696
N,Apparently Normal,No Misuse,N,No Injury,67528fde-5144-434b-bd58-1d1dea2965a3,D,ADE7440003,Shoulder/Lap Belt(s),F,82ca1a3e-97a4-462f-9fdb-0475917e89f7,Same Direction Rear End,N,Non Intersection,Right Turn Lane,Daylight,No Defects,"Two-way, Divided, Unprotected (painted >4 feet) Median",Wet,Clear,Six o'clock,Passenger Car,Disabling,N,Stopped in Traffic Lane,2015-02-18 7:29,58,39.35299938,-76.68381929
N,Apparently Normal,No Misuse,Y,No Injury,5530e408-943f-4bcc-bffe-9809fbd4ea7e,D,ADE7440003,Shoulder/Lap Belt(s),F,93a2525a-d976-4aec-b9b6-ee18efe94296,Same Direction Rear End,N,Non Intersection,Right Turn Lane,Daylight,No Defects,"Two-way, Divided, Unprotected (painted >4 feet) Median",Wet,Clear,Twelve o'clock,Passenger Car,Disabling,N,Moving Constant Speed,2015-02-18 7:29,39,39.35299938,-76.68381929
N,Apparently Normal,No Misuse,Y,No Injury,271847b9-e85d-4564-9efd-2170120a6427,D,ADE7460002,Shoulder/Lap Belt(s),F,4a1c46ba-9649-4614-b585-6dc573f55619,Same Direction Rear End,N,Non Intersection,Left Turn Lane,Daylight,No Defects,"Two-way, Not Divided",Wet,Raining,Twelve o'clock,Passenger Car,Functional,N,Skidding,2015-01-12 14:27,66,39.26076045,-76.65904641
N,Apparently Normal,No Misuse,N,No Injury,4bb3d930-e396-4077-99e7-a7d7c872e39e,D,ADE7460007,Shoulder/Lap Belt(s),F,09fe8deb-2e7f-47e2-9cc0-94cad75e08ba,Same Direction Rear End,N,Intersection Related,Right Turn Lane,Daylight,No Defects,"Two-way, Not Divided",Dry,Clear,Six o'clock,(Sport) Utility Vehicle,Superficial,N,Stopped in Traffic Lane,2015-01-27 15:34,57,39.33619772,-76.71100616
N,Apparently Normal,No Misuse,Y,No Injury,969b9ee1-3969-4dc4-848d-61287ae30a2e,D,ADE7460007,Shoulder/Lap Belt(s),M,42c4c918-1b5d-4ec8-b895-7c5527ac3af1,Same Direction Rear End,N,Intersection Related,Right Turn Lane,Daylight,No Defects,"Two-way, Not Divided",Dry,Clear,Twelve o'clock,Police Vehicle/Non Emergency,Superficial,N,Accelerating,2015-01-27 15:34,44,39.33619772,-76.71100616
N,Apparently Normal,No Misuse,Y,No Injury,00b64e15-4bf7-4e25-a6d5-778060e82550,D,ADE7460008,Shoulder/Lap Belt(s),F,846b822a-1862-4f20-8655-5d5f66a12c47,Same Direction Rear End,N,Non Intersection,Right Turn Lane,Dark Lights On,No Defects,"Two-way, Not Divided",Dry,Clear,Twelve o'clock,Passenger Car,No Damage,N,Slowing or Stopping,2015-01-28 17:50,23,39.29134036,-76.59834266
N,Apparently Normal,No Misuse,N,No Injury,8d860238-190c-4262-9ca2-b9df7e7161f4,D,ADE7460008,Shoulder/Lap Belt(s),M,9b97c3d5-f215-4720-930e-4da9e427296a,Same Direction Rear End,N,Non Intersection,Right Turn Lane,Dark Lights On,No Defects,"Two-way, Not Divided",Dry,Clear,Six o'clock,Police Vehicle/Non Emergency,Superficial,N,Stopped in Traffic Lane,2015-01-28 17:50,52,39.29134036,-76.59834266
N,Apparently Normal,No Misuse,Y,No Injury,6380a6fa-b9d4-4719-8522-76c4b2e89e47,D,ADE746000B,Shoulder/Lap Belt(s),F,9103e2bd-86d5-493e-a08e-f7ab4b94a25a,Same Direction Right Turn,N,Intersection Related,Left Turn Lane,Daylight,No Defects,One-way Trafficway,Dry,Clear,Two o'clock,Police Vehicle/Emergency,Superficial,N,Making Right Turn,2015-02-05 13:20,35,39.30448346,-76.61608815
N,Apparently Normal,No Misuse,N,No Injury,446cac59-d496-4a42-bb8d-b4c4561de9d9,D,ADE746000B,Shoulder/Lap Belt(s),M,3750bba5-1fc2-4b3e-87bf-dd7590a6cd21,Same Direction Right Turn,N,Intersection Related,Left Turn Lane,Daylight,No Defects,One-way Trafficway,Dry,Clear,Eleven o'clock,Passenger Car,Superficial,N,Stopped in Traffic Lane,2015-02-05 13:20,23,39.30448346,-76.61608815
N,Apparently Normal,No Misuse,N,No Injury,c635bb62-abe9-42a3-9aa6-b487b324c1aa,D,ADE746000H,Shoulder/Lap Belt(s),F,4306f348-7a4b-44f2-9c3a-434a3bcc32f4,Same Movement Angle,N,Intersection,Right Turn Lane,Daylight,No Defects,"Two-way, Not Divided",Dry,Clear,Twelve o'clock,Passenger Car,Superficial,N,Stopped in Traffic Lane,2015-03-09 14:40,71,39.30677473,-76.58556461
N,Apparently Normal,No Misuse,Y,No Injury,6d714367-9a0f-4a29-b5be-6c8ebf8bd833,D,ADE746000H,Shoulder/Lap Belt(s),M,a73e4780-ea4d-4049-83cf-fc00067e0016,Same Movement Angle,N,Intersection,Right Turn Lane,Daylight,No Defects,"Two-way, Not Divided",Dry,Clear,Twelve o'clock,Police Vehicle/Non Emergency,Superficial,N,Backing,2015-03-09 14:40,29,39.30677473,-76.58556461
N,Apparently Normal,No Misuse,Y,No Injury,ae6877cc-99f4-46ab-a5ba-b29329d4b62e,D,ADE746000K,Shoulder/Lap Belt(s),F,ad34385b-71d7-4da3-a16a-0b5f09adfaeb,Head On Left Turn,N,Intersection,Right Turn Lane,Daylight,No Defects,"Two-way, Not Divided",Dry,Clear,Twelve o'clock,Passenger Car,Superficial,N,Making Left Turn,2015-03-30 13:41,77,39.31407976,-76.67654514
N,Apparently Normal,No Misuse,N,No Injury,2e61ad19-0d27-4fc0-a9fd-025add6be0a4,D,ADE746000K,Shoulder/Lap Belt(s),M,8b13a749-f97d-43a1-8008-30614a0fe677,Head On Left Turn,N,Intersection,Right Turn Lane,Daylight,No Defects,"Two-way, Not Divided",Dry,Clear,Nine o'clock,Police Vehicle/Non Emergency,Superficial,N,Moving Constant Speed,2015-03-30 13:41,40,39.31407976,-76.67654514
N,Apparently Normal,No Misuse,N,No Injury,8041a6ac-46cc-4622-9f70-1de22b138e91,D,ADE8780001,Shoulder/Lap Belt(s),F,02839698-201a-4e25-b4e2-3c671a12c214,Same Direction Sideswipe,N,Intersection,Right Turn Lane,Daylight,No Defects,"Two-way, Divided, Unprotected (painted >4 feet) Median",Dry,Clear,Two o'clock,Passenger Car,Functional,N,Accelerating,2015-01-19 14:30,74,39.29521484,-76.64551601
N,Apparently Normal,No Misuse,N,No Injury,53f7b516-d8fe-456b-a004-fb06ffac2f55,D,ADF051001X,Shoulder/Lap Belt(s),F,b5982202-7d52-42f7-a240-5600bc8f4052,Same Movement Angle,N,Intersection,Left Turn Lane,Dark Lights On,No Defects,"Two-way, Not Divided",Dry,Clear,One o'clock,Police Vehicle/Non Emergency,Superficial,N,Moving Constant Speed,2015-01-09 17:30,33,39.34618001,-76.6096884
N,Apparently Normal,No Misuse,Y,No Injury,73daeedc-34e2-4d1c-ad6b-0da55938040a,D,ADF051001X,Shoulder/Lap Belt(s),F,0edbd9ce-67bc-40aa-b7c6-0917652df6ae,Same Movement Angle,N,Intersection,Left Turn Lane,Dark Lights On,No Defects,"Two-way, Not Divided",Dry,Clear,Twelve o'clock,Passenger Car,Functional,N,Starting From Lane,2015-01-09 17:30,51,39.34618001,-76.6096884
N,Apparently Normal,No Misuse,N,No Injury,859c2691-e7b0-4bf4-8c65-dc3b4efaf367,D,ADF051001Z,Shoulder/Lap Belt(s),F,37a59243-372e-4649-aee8-64910b2b604f,Same Movement Angle,N,Intersection,Left Turn Lane,Daylight,No Defects,"Two-way, Not Divided",Dry,Clear,Twelve o'clock,Passenger Car,Superficial,N,Moving Constant Speed,2015-02-05 9:55,51,39.34113804,-76.66762009
N,Apparently Normal,No Misuse,Y,No Injury,2ef72343-25ba-4b96-bc37-1424f3925d8d,D,ADF051001Z,Shoulder/Lap Belt(s),M,e53152f8-eea0-4562-a8a7-ee1643b7f358,Same Movement Angle,N,Intersection,Left Turn Lane,Daylight,No Defects,"Two-way, Not Divided",Dry,Clear,Three o'clock,Passenger Car,Functional,N,Making Left Turn,2015-02-05 9:55,25,39.34113804,-76.66762009
N,Apparently Normal,No Misuse,Y,No Injury,9cea5cf9-b547-4bc7-9bdc-3d638821eb1e,D,ADF0510021,Shoulder/Lap Belt(s),F,1a390fa9-3c16-4dca-abb5-7ec68e4d47e2,Same Direction Rear End,N,Non Intersection,Left Turn Lane,Daylight,No Defects,One-way Trafficway,Ice,Clear,Twelve o'clock,Passenger Car,Functional,N,Slowing or Stopping,2015-02-06 8:43,30,39.29302703,-76.64789915
Y,Apparently Normal,No Misuse,N,Non-incapacitating Injury,a07156f0-a000-46d3-935f-09dcf87d66d5,D,ADF0510021,Shoulder/Lap Belt(s),M,87ec341d-2b50-4bfd-930e-2eb16b742c06,Same Direction Rear End,N,Non Intersection,Left Turn Lane,Daylight,No Defects,One-way Trafficway,Ice,Clear,Six o'clock,Pickup Truck,Functional,N,Stopped in Traffic Lane,2015-02-06 8:43,53,39.29302703,-76.64789915
N,Apparently Normal,No Misuse,Y,No Injury,235635ca-d70f-4e1f-96d9-1b4e1c0cb9ef,D,ADF0510026,Shoulder/Lap Belt(s),F,b745fdb9-2374-400f-a898-00467addf73d,Same Direction Sideswipe,N,Non Intersection,Deceleration Lane,Daylight,No Defects,One-way Trafficway,Dry,Clear,Four o'clock,Van,Superficial,N,Moving Constant Speed,2015-03-18 9:45,37,39.28891115,-76.61377475
N,Apparently Normal,No Misuse,N,No Injury,87496ca4-7a51-42a3-b805-9546c437fc37,D,ADF0510026,Shoulder/Lap Belt(s),M,4aa2a23b-e380-4856-bbe0-9aa48da6f9eb,Same Direction Sideswipe,N,Non Intersection,Deceleration Lane,Daylight,No Defects,One-way Trafficway,Dry,Clear,Eleven o'clock,Police Vehicle/Non Emergency,Superficial,N,Moving Constant Speed,2015-03-18 9:45,46,39.28891115,-76.61377475
N,Apparently Normal,No Misuse,N,No Injury,63200b82-4222-4efd-b7ca-e7a6e1ca818b,D,ADF0610005,Shoulder/Lap Belt(s),F,74696348-71fd-4ad7-9cd0-520cb8696c0f,Same Movement Angle,N,Intersection,Right Turn Lane,Daylight,No Defects,"Two-way, Not Divided",Dry,Cloudy,Twelve o'clock,Passenger Car,Disabling,N,Moving Constant Speed,2015-02-09 16:00,70,39.36037423,-76.62472218
N,Apparently Normal,No Misuse,N,No Injury,4aa4e6a7-96c4-4000-b596-78a15013e17e,D,ADF0610005,Shoulder/Lap Belt(s),F,d022ca16-d0ea-445d-b0ee-b4f0529535c1,Same Movement Angle,N,Intersection,Right Turn Lane,Daylight,No Defects,"Two-way, Not Divided",Dry,Cloudy,Twelve o'clock,(Sport) Utility Vehicle,Disabling,N,Moving Constant Speed,2015-02-09 16:00,50,39.36037423,-76.62472218
N,Apparently Normal,No Misuse,Y,No Injury,e7e6481b-7047-4f09-b91f-e579e25d6c24,D,ADF0610005,Shoulder/Lap Belt(s),M,8ac8495e-93ee-4866-bece-4d821bfd4d6a,Same Movement Angle,N,Intersection,Right Turn Lane,Daylight,No Defects,"Two-way, Not Divided",Dry,Cloudy,Twelve o'clock,Passenger Car,Disabling,N,Making Left Turn,2015-02-09 16:00,18,39.36037423,-76.62472218
N,Apparently Normal,No Misuse,N,No Injury,4b4c034a-c3fc-4860-9c86-728195dc0ac7,D,ADF0610008,Shoulder/Lap Belt(s),F,1c81d1d9-c599-47f2-ac6c-3ebb44a2f075,Same Direction Rear End,N,Non Intersection,Left Turn Lane,Daylight,No Defects,"Two-way, Divided, Positive Median Barrier",Snow,Clear,Six o'clock,Van,Superficial,N,Stopped in Traffic Lane,2015-03-06 9:30,30,39.36611016,-76.59823537
N,Apparently Normal,No Misuse,N,No Injury,f97ecced-8e3f-4a37-b47e-5ac2a7d07221,D,ADF1510001,Shoulder/Lap Belt(s),F,75d7ebce-c63d-4d73-832f-a944f8af3b77,Same Direction Rear End,N,Non Intersection,Right Turn Lane,Dark Lights On,No Defects,"Two-way, Not Divided",Wet,Snow,Six o'clock,Passenger Car,Functional,N,Stopped in Traffic Lane,2015-02-16 18:40,26,39.28081959,-76.63520828
N,Apparently Normal,No Misuse,N,No Injury,3a8ccdda-f0ca-42ba-ba46-3502832b3f5c,D,ADF1510002,Shoulder/Lap Belt(s),F,d3c51362-cd1f-4222-a998-9ca4e11d0ee6,Same Direction Sideswipe,N,Non Intersection,Right Turn Lane,Daylight,No Defects,"Two-way, Not Divided",Dry,Clear,Three o'clock,Passenger Car,Functional,N,Making Right Turn,2015-03-13 15:20,41,39.28846931,-76.63963661
N,Apparently Normal,No Misuse,N,No Injury,d954e310-ac68-4aac-a433-904170fb5761,D,ADF2280006,Shoulder/Lap Belt(s),F,b34c3a17-2fe1-4a18-9f62-c2eacb79687a,Opposite Direction Sideswipe,N,Non Intersection,Right Turn Lane,Dark Lights On,No Defects,"Two-way, Not Divided",Dry,Clear,Eight o'clock,Passenger Car,Superficial,N,Stopped in Traffic Lane,2015-03-27 23:30,30,39.31432463,-76.66606307
N,Apparently Normal,No Misuse,Y,No Injury,7e3a7adf-13d3-4aa2-b86e-2d5438918de2,D,ADF4360001,Shoulder/Lap Belt(s),F,7cfa20e9-03be-41a9-b8c6-ed57e45d8a2f,Same Direction Rear End Left Turn,N,Intersection Related,Right Turn Lane,Dark Lights On,No Defects,"Two-way, Not Divided",Dry,Clear,Twelve o'clock,Passenger Car,Functional,N,Moving Constant Speed,2015-01-27 18:00,21,39.29402958,-76.59187719
N,Apparently Normal,No Misuse,N,No Injury,54a0e67d-c022-4f88-820c-5874fc18219b,D,ADF4360001,Shoulder/Lap Belt(s),M,98e24352-1e01-4c6c-b7b1-c53bcec916be,Same Direction Rear End Left Turn,N,Intersection Related,Right Turn Lane,Dark Lights On,No Defects,"Two-way, Not Divided",Dry,Clear,Six o'clock,Passenger Car,Functional,N,Making Left Turn,2015-01-27 18:00,36,39.29402958,-76.59187719
N,Apparently Normal,No Misuse,N,No Injury,85b1ffbf-0181-44f2-9d37-f4608bbfb37c,D,ADF4500004,Shoulder/Lap Belt(s),F,e92f44d1-279f-485d-978d-afedf4dcd058,Same Movement Angle,N,Intersection,Right Turn Lane,Daylight,No Defects,"Two-way, Divided, Unprotected (painted >4 feet) Median",Dry,Clear,Twelve o'clock,Passenger Car,Disabling,N,Moving Constant Speed,2015-01-15 14:10,26,39.36320285,-76.625036
N,Apparently Normal,No Misuse,N,No Injury,4c92197f-3466-4537-bb97-f7a5bf4f8b46,D,ADF4510001,Shoulder/Lap Belt(s),F,d30e92b3-3b3a-4f86-b36d-bf5154463eee,Same Movement Angle,N,Intersection,Left Turn Lane,Dark Lights On,No Defects,"Two-way, Not Divided",Dry,Clear,One o'clock,(Sport) Utility Vehicle,Superficial,N,Moving Constant Speed,2015-01-15 10:15,47,39.36454661,-76.60998344
N,Apparently Normal,No Misuse,N,No Injury,1ebaa057-7d64-420c-a75d-55be18254bbf,D,ADF5040005,Shoulder/Lap Belt(s),F,b2f71d4b-9184-43c1-a111-9b9a14905bf5,Same Direction Sideswipe,N,Non Intersection,Left Turn Lane,Daylight,No Defects,"Two-way, Divided, Positive Median Barrier",Dry,Clear,Seven o'clock,Passenger Car,Functional,N,Moving Constant Speed,2015-01-30 16:00,35,39.31699326,-76.63612962
N,Apparently Normal,No Misuse,Y,No Injury,5dc525e0-7e09-432c-8003-2a0e14dfc7ca,D,ADF504000C,Shoulder/Lap Belt(s),F,e3860cae-852d-4863-94a0-e4f6520d202e,Same Direction Rear End,N,Intersection,Left Turn Lane,Daylight,No Defects,"Two-way, Not Divided",Dry,Clear,Twelve o'clock,Passenger Car,Disabling,N,Moving Constant Speed,2015-02-15 15:40,26,39.30474911,-76.62076592