CDL_FLAG,CONDITION_CODE,EQUIP_PROB_CODE,FAULT_FLAG,INJ_SEVER_CODE,PERSON_ID,PERSON_TYPE,REPORT_NO,SAF_EQUIP_CODE,SEX_CODE,VEHICLE_ID,COLLISION_TYPE_CODE,C_M_ZONE_FLAG,JUNCTION_CODE,LANE_CODE,LIGHT_CODE,RD_COND_CODE,RD_DIV_CODE,SURF_COND_CODE,WEATHER_CODE,AREA_DAMAGED_CODE_MAIN,BODY_TYPE_CODE,DAMAGE_CODE,HIT_AND_RUN_FLAG,MOVEMENT_CODE,TIME,AGE,LATITUDE,LONGITUDE
N,Apparently Normal,No Misuse,N,No Injury,8fecb8f7-bd4a-4f37-a6b8-895748f22314,D,ADH0020006,Shoulder/Lap Belt(s),F,e82b0f5a-e706-4403-81d4-5f9c44352467,Same Direction Right Turn,N,Non Intersection,Left Turn Lane,Daylight,No Defects,"Two-way, Divided, Positive Median Barrier",Dry,Clear,Non-collision,"Medium/Heavy Truck 2 axles (10,000 lbs (4,536 kg) or less)",No Damage,N,Moving Constant Speed,2015-02-27 14:30,50,39.3284842,-76.60267711
N,Apparently Normal,No Misuse,Y,No Injury,4478849d-4810-4f97-b7f0-bd5d22983e0a,D,ADH0020006,Shoulder/Lap Belt(s),M,0ce2fab8-aa7b-476e-8d8e-f6b1cc2fb45d,Same Direction Right Turn,N,Non Intersection,Left Turn Lane,Daylight,No Defects,"Two-way, Divided, Positive Median Barrier",Dry,Clear,Four o'clock,"Medium/Heavy Truck 2 axles (10,000 lbs (4,536 kg) or less)",Superficial,N,Changing Lanes,2015-02-27 14:30,49,39.3284842,-76.60267711
N,Apparently Normal,No Misuse,Y,No Injury,9ba8662a-354a-4328-981a-a53aad39f428,D,ADH1330002,Shoulder/Lap Belt(s),F,38f2ef39-021e-4d74-b1b6-92421b0715b6,Same Movement Angle,N,Intersection,Right Turn Lane,Daylight,No Defects,One-way Trafficway,Dry,Clear,One o'clock,Passenger Car,Disabling,N,Moving Constant Speed,2015-01-30 12:14,48,39.29289308,-76.64714813
N,Apparently Normal,No Misuse,N,No Injury,16be9a33-4d68-4dc1-a432-707296c5bde1,D,ADH1330002,Shoulder/Lap Belt(s),M,6fcd15a7-9469-4050-9b55-45bbcc19c132,Same Movement Angle,N,Intersection,Right Turn Lane,Daylight,No Defects,One-way Trafficway,Dry,Clear,Twelve o'clock,Passenger Car,Disabling,N,Moving Constant Speed,2015-01-30 12:14,76,39.29289308,-76.64714813
N,Apparently Normal,No Misuse,N,No Injury,f958b6e2-6d68-46a0-a136-9ce7bda9a68b,D,ADH1500007,Shoulder/Lap Belt(s),F,5d3830c0-fe95-4ac0-9267-53a9ef050b9f,Same Movement Angle,N,Intersection,Right Turn Lane,Daylight,No Defects,"Two-way, Not Divided",Dry,Clear,Three o'clock,Passenger Car,Superficial,N,Moving Constant Speed,2015-02-26 8:59,37,39.23212017,-76.5908432
N,Apparently Normal,No Misuse,Y,No Injury,9958ec98-0f5a-4f1c-b1ea-03ac631174a2,D,ADH1500007,Shoulder/Lap Belt(s),M,23c4d0cc-de35-4a1d-91e0-2ca95bb71e67,Same Movement Angle,N,Intersection,Right Turn Lane,Daylight,No Defects,"Two-way, Not Divided",Dry,Clear,Twelve o'clock,Police Vehicle/Non Emergency,Superficial,N,Making Left Turn,2015-02-26 8:59,27,39.23212017,-76.5908432
N,Apparently Normal,No Misuse,N,No Injury,b80209e4-c90c-46d8-bcbc-79f57408c28b,D,ADH1500008,Shoulder/Lap Belt(s),F,be5a7e0a-3df2-4f46-a03e-6abe94ef70b9,Same Direction Rear End,N,Intersection Related,Right Turn Lane,Dark Lights On,No Defects,One-way Trafficway,Dry,Clear,Five o'clock,Police Vehicle/Emergency,Superficial,N,Stopped in Traffic Lane,2015-02-28 22:30,23,39.28632802,-76.61931217
N,Apparently Normal,No Misuse,Y,No Injury,3c47b563-cfe4-4d1d-b17e-0fa45db6e9ba,D,ADH1500008,Shoulder/Lap Belt(s),M,c3aab8c4-aa56-461d-b66e-73950fb79f76,Same Direction Rear End,N,Intersection Related,Right Turn Lane,Dark Lights On,No Defects,One-way Trafficway,Dry,Clear,Eleven o'clock,Other Bus,Superficial,N,Accelerating,2015-02-28 22:30,23,39.28632802,-76.61931217
N,Apparently Normal,No Misuse,N,No Injury,dcc88f19-6056-48d3-a7c9-d43704eb9d3e,D,ADH1620004,Shoulder/Lap Belt(s),F,286bdd66-32a0-49b1-a393-8b35d94eb750,Same Direction Sideswipe,N,Non Intersection,Left Turn Lane,Dark Lights On,No Defects,"Two-way, Divided, Positive Median Barrier",Dry,Clear,Eight o'clock,Passenger Car,Disabling,N,Moving Constant Speed,2015-03-08 19:30,37,39.35893292,-76.53946012
N,Apparently Normal,No Misuse,N,No Injury,bbb78a5b-6572-456e-8e89-4faf4e63d20c,D,ADH1620005,Shoulder/Lap Belt(s),F,43dae88a-dfb7-40cd-b3e5-efff317cc56c,Same Direction Both Left Turn,N,Intersection Related,Right Turn Lane,Dark Lights On,No Defects,"Two-way, Divided, Positive Median Barrier",Dry,Clear,Five o'clock,Passenger Car,Superficial,N,Making Left Turn,2015-03-30 22:05,52,39.32800908,-76.58367366
N,Apparently Normal,No Misuse,N,No Injury,bcdc24f4-62fa-4f84-a9bf-46796417f774,D,ADH364000N,Shoulder/Lap Belt(s),F,6caf986b-9ce4-4126-8181-544d545b535a,Same Direction Rear End,N,Intersection Related,Left Turn Lane,Dark Lights On,No Defects,"Two-way, Divided, Positive Median Barrier",Dry,Clear,Six o'clock,Passenger Car,Disabling,N,Stopped in Traffic Lane,2015-02-01 3:28,30,39.28092708,-76.62322283
N,Apparently Normal,No Misuse,N,Non-incapacitating Injury,bc580939-623b-48f7-870d-00c22f08fb3e,D,ADH364000N,Shoulder/Lap Belt(s),M,e08d9dfe-1453-4ee4-9f6e-a300258461ec,Same Direction Rear End,N,Intersection Related,Left Turn Lane,Dark Lights On,No Defects,"Two-way, Divided, Positive Median Barrier",Dry,Clear,Six o'clock,Van,Functional,N,Stopped in Traffic Lane,2015-02-01 3:28,49,39.28092708,-76.62322283
N,Apparently Normal,No Misuse,N,No Injury,a024a0de-1c4d-4cca-9686-3526dff1542f,D,ADH4810001,Shoulder/Lap Belt(s),F,6f66f0ed-89a1-46a9-afe6-e7a82aebdbe3,Same Movement Angle,N,Non Intersection,Right Turn Lane,Dark Lights On,No Defects,"Two-way, Divided, Unprotected (painted >4 feet) Median",Dry,Clear,Twelve o'clock,Passenger Car,Disabling,N,Moving Constant Speed,2015-01-14 0:42,26,39.3120004,-76.64478779
N,Apparently Normal,No Misuse,N,No Injury,838c4d7a-f479-410a-8017-ce9ec7fb1609,D,ADH4810003,Shoulder/Lap Belt(s),F,0f905595-a31c-40e5-830f-0190d614b55d,Same Movement Angle,N,Intersection Related,Right Turn Lane,Dark Lights On,No Defects,"Two-way, Not Divided",Dry,Clear,One o'clock,Passenger Car,Disabling,N,Moving Constant Speed,2015-03-03 1:28,29,39.30377779,-76.64464831
N,Apparently Normal,No Misuse,N,No Injury,88a22b61-75a6-4756-9b93-4a1bfd88b13b,D,ADH5040007,Shoulder/Lap Belt(s),F,c81afcb1-97c6-4fc5-8e01-8b535e111a1e,Same Movement Angle,N,Intersection,Right Turn Lane,Dark Lights On,No Defects,"Two-way, Divided, Positive Median Barrier",Dry,Clear,Twelve o'clock,(Sport) Utility Vehicle,Functional,N,Moving Constant Speed,2015-03-31 5:48,63,39.29819866,-76.59760237
N,Apparently Normal,No Misuse,N,No Injury,3d3495ff-c35e-4842-9de6-d7072a1ebd95,D,ADH5320001,Shoulder/Lap Belt(s),F,fc5130d0-0e54-4e19-abc8-18065574230f,Same Direction Rear End,N,Intersection,Right Turn Lane,Daylight,No Defects,"Two-way, Not Divided",Dry,Clear,Six o'clock,Van,Functional,N,Slowing or Stopping,2015-01-05 8:50,46,39.36421482,-76.67308509
N,Apparently Normal,No Misuse,Y,Possible Incapacitating Injury,d5d5b50c-f431-406c-904c-1fe3520eaa0c,D,ADH5320001,Shoulder/Lap Belt(s),F,0b5620b3-a674-4d33-8165-5253502634d8,Same Direction Rear End,N,Intersection,Right Turn Lane,Daylight,No Defects,"Two-way, Not Divided",Dry,Clear,Twelve o'clock,Passenger Car,Disabling,N,Moving Constant Speed,2015-01-05 8:50,50,39.36421482,-76.67308509
N,Apparently Normal,No Misuse,Y,No Injury,c03cd65c-ae75-48c6-bd90-b9a1f66804e8,D,ADH5320002,Shoulder/Lap Belt(s),F,529ef5c6-95ef-47c9-8b16-b62cd5dea404,Head On Left Turn,N,Intersection,Left Turn Lane,Dark Lights On,No Defects,"Two-way, Divided, Positive Median Barrier",Dry,Clear,Three o'clock,Passenger Car,Disabling,N,Making Left Turn,2015-01-15 18:45,22,39.31449791,-76.66432969
N,Apparently Normal,No Misuse,N,Possible Incapacitating Injury,1044be96-2871-40fc-b6bc-723ee9ab6239,D,ADH5320002,Shoulder/Lap Belt(s),M,6aea9bcb-d095-46f9-9de1-d6950fe30596,Head On Left Turn,N,Intersection,Left Turn Lane,Dark Lights On,No Defects,"Two-way, Divided, Positive Median Barrier",Dry,Clear,Twelve o'clock,Passenger Car,Destroyed,N,Moving Constant Speed,2015-01-15 18:45,33,39.31449791,-76.66432969
N,Apparently Normal,No Misuse,Y,No Injury,a175235f-0138-470e-b54b-4e4567937796,D,ADH5460004,Shoulder/Lap Belt(s),F,dfcc7fd1-6ba0-430d-97d2-ceae580eb9b2,Same Direction Rear End Left Turn,N,Intersection,Right Turn Lane,Dark Lights On,No Defects,"Two-way, Not Divided",Dry,Clear,Twelve o'clock,Passenger Car,Superficial,N,Moving Constant Speed,2015-01-11 23:55,39,39.2754271,-76.6975408
N,Apparently Normal,No Misuse,N,No Injury,c403c65d-b380-4eae-9bad-b1a192f566db,D,ADH5460004,Shoulder/Lap Belt(s),M,ac619d71-9459-4d40-bfc2-c79985ca7505,Same Direction Rear End Left Turn,N,Intersection,Right Turn Lane,Dark Lights On,No Defects,"Two-way, Not Divided",Dry,Clear,Six o'clock,Passenger Car,Superficial,N,Making Left Turn,2015-01-11 23:55,53,39.2754271,-76.6975408
N,Apparently Normal,No Misuse,N,No Injury,98aab0cf-ea55-4210-8e39-84c7983b7237,D,ADH5520003,Shoulder/Lap Belt(s),F,98009919-8e8e-4758-bf3c-39dd2cc92ffe,Same Movement Angle,N,Intersection,Right Turn Lane,Dark Lights On,No Defects,"Two-way, Not Divided",Slush,Snow,Four o'clock,Passenger Car,Functional,N,Accelerating,2015-01-21 17:35,49,39.33774945,-76.70042753
N,Apparently Normal,No Misuse,N,No Injury,85cf1b9a-edff-4a9e-a125-7d99242aacfe,D,ADH552000B,Shoulder/Lap Belt(s),F,069cd610-b731-41df-9966-0391321e1205,Same Direction Rear End,N,Non Intersection,Right Turn Lane,Daylight,No Defects,"Two-way, Not Divided",Dry,Clear,Five o'clock,Passenger Car,Superficial,N,Stopped in Traffic Lane,2015-02-23 13:32,24,39.33556291,-76.70857072
N,Apparently Normal,No Misuse,Y,No Injury,e46f1d0e-a258-4c1b-9e25-7b10254aaf0b,D,ADH5650004,Shoulder/Lap Belt(s),F,11f25031-8281-4d02-a214-371dff6d4874,Single Vehicle ,N,Non Intersection,Right Turn Lane,Dusk,No Defects,"Two-way, Not Divided",Ice,Sleet,Two o'clock,Passenger Car,Superficial,N,Moving Constant Speed,2015-02-10 6:15,56,39.29143169,-76.58470631
N,Apparently Normal,No Misuse,Y,No Injury,5402b638-7263-430b-8ebe-fb88a0ee47c6,D,ADH5670001,Shoulder/Lap Belt(s),F,cf355c47-dd55-46f9-bc20-9d6866483a04,Same Movement Angle,N,Intersection,Right Turn Lane,Dusk,No Defects,"Two-way, Not Divided",Dry,Clear,Twelve o'clock,Van,Functional,N,Moving Constant Speed,2015-01-09 17:00,49,39.33857924,-76.67892694
N,Apparently Normal,No Misuse,N,No Injury,1b03689b-8091-45ca-91d6-dbc68606f8c5,D,ADH5670001,Shoulder/Lap Belt(s),M,0a2371cd-c275-4426-8829-72d9d140b98d,Same Movement Angle,N,Intersection,Right Turn Lane,Dusk,No Defects,"Two-way, Not Divided",Dry,Clear,Nine o'clock,Passenger Car,Functional,N,Moving Constant Speed,2015-01-09 17:00,21,39.33857924,-76.67892694
N,Apparently Normal,No Misuse,Y,No Injury,7d54dd66-f591-4eac-b174-17772adf963b,D,ADH5670002,Shoulder/Lap Belt(s),F,7da93190-414f-40c8-a903-409335471f7d,Same Movement Angle,N,Intersection,Right Turn Lane,Dusk,No Defects,"Two-way, Not Divided",Dry,Clear,Twelve o'clock,Passenger Car,Functional,N,Starting From Lane,2015-02-12 17:00,33,39.33425179,-76.68371737
N,Apparently Normal,No Misuse,N,No Injury,5627bf4c-eba2-4d64-8c92-fa8cfac5fd1d,D,ADH5670002,Shoulder/Lap Belt(s),M,8710b59c-8c6e-45e8-9416-5e03471614f5,Same Movement Angle,N,Intersection,Right Turn Lane,Dusk,No Defects,"Two-way, Not Divided",Dry,Clear,Eleven o'clock,Passenger Car,Disabling,N,Moving Constant Speed,2015-02-12 17:00,30,39.33425179,-76.68371737
N,Apparently Normal,No Misuse,Y,No Injury,86ad53db-6d8d-4ecf-84b6-ca029b5dd30c,D,ADH5840009,Shoulder/Lap Belt(s),F,bf920106-c551-41f4-b22a-8ec87613269b,Head On Left Turn,N,Non Intersection,Right Turn Lane,Daylight,No Defects,"Two-way, Divided, Unprotected (painted >4 feet) Median",Dry,Clear,Twelve o'clock,"Other Light Trucks (10,000 lbs (4,536 kg))",Functional,N,Making Left Turn,2015-02-03 13:02,60,39.36793079,-76.6795814
N,Apparently Normal,No Misuse,Y,No Injury,3005f593-dd53-4adc-85b4-7f1c1d280fcd,D,ADH6080002,Shoulder/Lap Belt(s),F,650a411d-e371-4910-87db-3f587218f515,Same Movement Angle,N,Intersection,Left Turn Lane,Daylight,No Defects,"Two-way, Not Divided",Snow,Snow,Twelve o'clock,Passenger Car,Functional,N,Accelerating,2015-01-21 16:30,35,39.28331048,-76.59820318
N,Apparently Normal,No Misuse,N,No Injury,521849b8-e2d4-42b8-9788-2b1222ab33fe,D,ADH6080002,Shoulder/Lap Belt(s),M,8dbd91e4-2713-4eb7-8e5b-2933518a8169,Same Movement Angle,N,Intersection,Left Turn Lane,Daylight,No Defects,"Two-way, Not Divided",Snow,Snow,Eleven o'clock,Passenger Car,Disabling,N,Accelerating,2015-01-21 16:30,30,39.28331048,-76.59820318
N,Apparently Normal,No Misuse,N,No Injury,c186a575-f178-423e-9ea2-170134cc1d29,D,ADH6080005,Shoulder/Lap Belt(s),F,3e52509a-21ff-445d-9cd5-5b0f2086a171,Same Movement Angle,N,Intersection,Left Turn Lane,Daylight,No Defects,"Two-way, Not Divided",Dry,Clear,Twelve o'clock,(Sport) Utility Vehicle,Superficial,N,Accelerating,2015-02-13 17:00,32,39.284307,-76.59912586
N,Apparently Normal,No Misuse,Y,Possible Incapacitating Injury,8c5549c8-e434-4c97-9d5e-a625f0cf0f8e,D,ADH6080005,Shoulder/Lap Belt(s),F,ec4f56ae-16ad-4f8b-802d-ec29eaebf974,Same Movement Angle,N,Intersection,Left Turn Lane,Daylight,No Defects,"Two-way, Not Divided",Dry,Clear,Three o'clock,Passenger Car,Disabling,N,Making Left Turn,2015-02-13 17:00,66,39.284307,-76.59912586
N,Apparently Normal,No Misuse,Y,No Injury,aba06c5f-1f44-412a-b33b-8fe1a1bf427a,D,ADH6130005,Shoulder/Lap Belt(s),F,7fe3d4ce-6c83-4b1e-a6af-e823640d1c64,Single Vehicle ,N,Intersection,Left Turn Lane,Dusk,No Defects,One-way Trafficway,Wet,Raining,Twelve o'clock,(Sport) Utility Vehicle,Disabling,N,Moving Constant Speed,2015-03-04 6:22,44,39.22447622,-76.58842385
N,Apparently Normal,No Misuse,Y,No Injury,8d06d5a6-84c6-443f-ba5e-e507c6376098,D,ADH6750002,Shoulder/Lap Belt(s),F,e13dfddc-ad91-4141-a844-ba28058b263d,Head On,N,Intersection,Right Turn Lane,Dark Lights On,No Defects,"Two-way, Divided, Unprotected (painted >4 feet) Median",Wet,Raining,Twelve o'clock,Passenger Car,Disabling,N,Moving Constant Speed,2015-01-25 21:30,29,39.34611326,-76.61185026
N,Apparently Normal,No Misuse,N,No Injury,30ba7cf8-55ba-46e2-9ede-343055ae5f09,D,ADH6760002,Shoulder/Lap Belt(s),F,f45c7008-1bcd-43bb-871f-58264dcfc6dd,Same Direction Rear End Right Turn,N,Non Intersection,Right Turn Lane,Daylight,No Defects,"Two-way, Divided, Positive Median Barrier",Dry,Clear,One o'clock,Passenger Car,Disabling,N,Moving Constant Speed,2015-01-27 17:10,31,39.3607807,-76.65028095
N,Apparently Normal,No Misuse,Y,No Injury,b075fa94-c5c6-4099-bf8a-d73ab7a602d6,D,ADH6760002,Shoulder/Lap Belt(s),F,4680b33d-8e26-4e2c-a325-a95a71b6c5a0,Same Direction Rear End Right Turn,N,Non Intersection,Right Turn Lane,Daylight,No Defects,"Two-way, Divided, Positive Median Barrier",Dry,Clear,One o'clock,(Sport) Utility Vehicle,Disabling,N,Moving Constant Speed,2015-01-27 17:10,28,39.3607807,-76.65028095
N,Apparently Normal,No Misuse,N,No Injury,fa3b6515-ddf5-420f-ab59-e7542834c6c9,D,ADH6910002,Shoulder/Lap Belt(s),F,ea1e6e94-89a5-4162-abcc-adacd95ded7d,Same Direction Rear End,N,Intersection Related,Right Turn Lane,Daylight,No Defects,"Two-way, Not Divided",Dry,Cloudy,Six o'clock,Passenger Car,Disabling,N,Stopped in Traffic Lane,2015-01-19 12:45,25,39.26630103,-76.6148597
N,Apparently Normal,No Misuse,N,No Injury,e37d273c-b670-49d0-9af5-ba2bd8778f62,D,ADH6910009,Shoulder/Lap Belt(s),F,9534b7ae-4f77-4e2c-96db-1f438735da6c,Same Direction Rear End,N,Intersection Related,Right Turn Lane,Daylight,No Defects,"Two-way, Divided, Positive Median Barrier",Dry,Clear,Six o'clock,Van,Superficial,N,Stopped in Traffic Lane,2015-03-12 14:15,30,39.28488829,-76.62305117
N,Apparently Normal,No Misuse,Y,No Injury,70201a5c-c79f-47e1-b621-0ece73220b11,D,ADH6910009,Shoulder/Lap Belt(s),M,8efd3088-9141-4f95-b3bc-849115b85a20,Same Direction Rear End,N,Intersection Related,Right Turn Lane,Daylight,No Defects,"Two-way, Divided, Positive Median Barrier",Dry,Clear,Twelve o'clock,Passenger Car,Superficial,N,Moving Constant Speed,2015-03-12 14:15,36,39.28488829,-76.62305117
N,Apparently Normal,No Misuse,Y,No Injury,fcdaded0-45be-4088-9492-0d9451a3011e,D,ADH7110005,Shoulder/Lap Belt(s),F,df0a36c9-85bc-4bae-984c-0a2e334b95a5,Same Movement Angle,N,Intersection,Left Turn Lane,Daylight,No Defects,"Two-way, Divided, Positive Median Barrier",Wet,Raining,Three o'clock,Passenger Car,Functional,N,Moving Constant Speed,2015-01-12 12:30,22,39.30982966,-76.64813519
N,Apparently Normal,No Misuse,Y,No Injury,c2392fb7-0459-450a-aefc-adf8621450da,D,ADH7110008,Shoulder/Lap Belt(s),F,e08b4122-7188-4135-83ef-a330fb49920d,Same Movement Angle,N,Intersection,Right Turn Lane,Daylight,No Defects,"Two-way, Not Divided",Dry,Clear,Twelve o'clock,(Sport) Utility Vehicle,Disabling,N,Starting From Lane,2015-02-04 13:01,61,39.30787054,-76.64721251
N,Apparently Normal,No Misuse,N,No Injury,0091995b-e1a0-4ccd-945b-e6f1e060827e,D,ADH7110008,Shoulder/Lap Belt(s),M,d807bb6c-89f1-4708-a33e-3d0c83096c42,Same Movement Angle,N,Intersection,Right Turn Lane,Daylight,No Defects,"Two-way, Not Divided",Dry,Clear,Four o'clock,Passenger Car,Disabling,N,Moving Constant Speed,2015-02-04 13:01,38,39.30787054,-76.64721251
N,Apparently Normal,No Misuse,N,No Injury,aeb54f05-78e3-4063-a825-b04ce2d0d974,D,ADH7350006,Shoulder/Lap Belt(s),F,31b01f01-cfd8-4ab2-8e91-8ebf40bbe223,Same Direction Rear End,N,Intersection Related,Right Turn Lane,Daylight,No Defects,One-way Trafficway,Dry,Clear,Six o'clock,Passenger Car,Functional,N,Slowing or Stopping,2015-03-21 15:45,28,39.29505189,-76.61557317
N,Apparently Normal,No Misuse,N,No Injury,238a18d4-beae-4c63-9844-9481b66db88f,D,ADH7710001,Shoulder/Lap Belt(s),F,49e399cd-9e9d-45ed-aa2f-1bb3fa4f2ff4,Same Direction Left Turn,N,Intersection,Left Turn Lane,Daylight,No Defects,"Two-way, Divided, Unprotected (painted >4 feet) Median",Dry,Clear,Nine o'clock,Passenger Car,Functional,N,Making Left Turn,2015-02-01 17:00,26,39.30275146,-76.63366266
N,Apparently Normal,No Misuse,N,No Injury,2c5ffe15-9047-47f7-b56a-2ff7755694ef,D,ADH7880003,Shoulder/Lap Belt(s),F,7f10d245-b494-4ee6-b9b4-64508b7bd135,Same Movement Angle,N,Intersection,Left Turn Lane,Daylight,No Defects,"Two-way, Not Divided",Wet,Raining,Ten o'clock,Passenger Car,Functional,N,Moving Constant Speed,2015-01-03 15:15,22,39.35221954,-76.5983963
N,Apparently Normal,No Misuse,N,No Injury,3f12a006-74e2-4480-ba7c-d62bd2423038,D,ADH9090003,Shoulder/Lap Belt(s),F,8e8d1a3c-ee00-497b-9a85-22313720487b,Same Direction Rear End Right Turn,N,Intersection Related,Left Turn Lane,Daylight,No Defects,One-way Trafficway,Dry,Clear,Twelve o'clock,Passenger Car,Superficial,N,Slowing or Stopping,2015-01-29 13:30,31,39.31230338,-76.59174442
N,Apparently Normal,No Misuse,N,No Injury,c70e5875-110c-48d3-aacf-42ec79b83877,D,ADH9350001,Shoulder Belt Only,F,7f7d78ee-aff4-4bee-9752-a1e6c06b4f21,Same Movement Angle,N,Non Intersection,Right Turn Lane,Daylight,No Defects,"Two-way, Divided, Positive Median Barrier",Dry,Clear,Eight o'clock,(Sport) Utility Vehicle,Disabling,N,Moving Constant Speed,2015-02-07 16:25,36,39.3507262,-76.56271219
N,Apparently Normal,No Misuse,Y,No Injury,74d7f36f-4df8-4bd0-a09d-c012b90134f2,D,ADH9350001,Shoulder Belt Only,F,eb3a72e3-a5e3-4231-ac2f-17e27b25456a,Same Movement Angle,N,Non Intersection,Right Turn Lane,Daylight,No Defects,"Two-way, Divided, Positive Median Barrier",Dry,Clear,One o'clock,Passenger Car,Functional,N,Making Left Turn,2015-02-07 16:25,67,39.3507262,-76.56271219
N,Apparently Normal,No Misuse,N,No Injury,c7061526-527d-4708-bfcc-fe115ca7f182,D,ADH9350002,Shoulder/Lap Belt(s),F,01e4b8a6-f9c3-4256-8ced-74ff3186edc0,Same Direction Rear End,N,Non Intersection,Left Turn Lane,Daylight,No Defects,"Two-way, Divided, Positive Median Barrier",Dry,Clear,Twelve o'clock,(Sport) Utility Vehicle,Superficial,N,Stopped in Traffic Lane,2015-03-02 13:00,32,39.34007283,-76.60041332
N,Apparently Normal,No Misuse,N,No Injury,e785d484-7bf9-4a01-87e5-1f5464b9c5fa,D,ADH9350004,Shoulder/Lap Belt(s),F,9fcc9739-6688-46bb-9efc-f38c76ad7aa0,Same Direction Rear End,N,Non Intersection,Left Turn Lane,Daylight,No Defects,"Two-way, Divided, Positive Median Barrier",Dry,Clear,Six o'clock,Passenger Car,Superficial,N,Slowing or Stopping,2015-03-11 15:15,39,39.34797175,-76.58517838
N,Apparently Normal,No Misuse,Y,No Injury,dec2fa23-09c8-47a7-a998-0ad1457fff64,D,ADH9350005,Shoulder/Lap Belt(s),F,c3b943ce-46fc-41ee-b25e-26dc14e72f33,Same Movement Angle,N,Intersection,Right Turn Lane,Daylight,No Defects,"Two-way, Divided, Positive Median Barrier",Dry,Clear,Twelve o'clock,(Sport) Utility Vehicle,Functional,N,Making Left Turn,2015-03-13 16:15,51,39.35414423,-76.57698154
N,Apparently Normal,No Misuse,N,Possible Incapacitating Injury,a055a7e5-b494-4c10-a00b-467f17e8a974,D,ADH9350005,Shoulder/Lap Belt(s),F,eba065b3-f2d4-4183-bd92-090207f848a4,Same Movement Angle,N,Intersection,Right Turn Lane,Daylight,No Defects,"Two-way, Divided, Positive Median Barrier",Dry,Clear,Nine o'clock,Van,Disabling,N,Moving Constant Speed,2015-03-13 16:15,51,39.35414423,-76.57698154
N,Apparently Normal,No Misuse,N,No Injury,5d3a053c-e1ee-4d00-b13d-67312c3706e5,D,ADH9480001,Shoulder/Lap Belt(s),F,00f69fae-f17a-434b-bc1d-800d6bba12b1,Same Direction Rear End Left Turn,N,Non Intersection,Right Turn Lane,Daylight,No Defects,"Two-way, Not Divided",Wet,Sleet,Six o'clock,Pickup Truck,Superficial,N,Moving Constant Speed,2015-03-01 14:10,31,39.31732268,-76.59830242
N,Apparently Normal,No Misuse,N,No Injury,68c22f54-ba52-4a3c-82d8-9c6365805a77,D,ADH951000B,Shoulder/Lap Belt(s),F,5b8e0627-db52-4041-8792-556a46ec292c,Same Movement Angle,N,Non Intersection,Right Turn Lane,Daylight,No Defects,One-way Trafficway,Dry,Clear,Four o'clock,Passenger Car,Superficial,N,Moving Constant Speed,2015-03-15 11:25,37,39.31880157,-76.56994745
N,Apparently Normal,No Misuse,N,No Injury,74d90ad2-54d4-4811-9dc6-9e3c80ebc3cc,D,ADH951000F,Shoulder/Lap Belt(s),F,8ad13792-879e-4053-b776-269e7838326a,Same Movement Angle,N,Intersection Related,Left Turn Lane,Daylight,No Defects,"Two-way, Divided, Unprotected (painted >4 feet) Median",Dry,Clear,Eleven o'clock,(Sport) Utility Vehicle,Disabling,N,Moving Constant Speed,2015-03-23 7:42,30,39.34440528,-76.5924713
N,Apparently Normal,No Misuse,Y,No Injury,b06a9e96-cf52-4574-9e22-5ffa5826c349,D,ADH951000F,Shoulder/Lap Belt(s),F,ead0d9d4-a582-4499-8df5-2b33dca31307,Same Movement Angle,N,Intersection Related,Left Turn Lane,Daylight,No Defects,"Two-way, Divided, Unprotected (painted >4 feet) Median",Dry,Clear,One o'clock,Passenger Car,Disabling,N,Making Left Turn,2015-03-23 7:42,17,39.34440528,-76.5924713
N,Apparently Normal,No Misuse,N,No Injury,0161f28c-1d4b-4170-81c7-62b37ac7ba55,D,ADI0210002,Shoulder/Lap Belt(s),M,03a5ee6e-4187-4ae6-9ab5-c1555b6703e1,Same Movement Angle,N,Intersection,Right Turn Lane,Dark Lights On,No Defects,"Two-way, Divided, Unprotected (painted >4 feet) Median",Dry,Clear,Twelve o'clock,Van,Functional,N,Moving Constant Speed,2015-03-15 5:55,61,39.32344651,-76.60945237
Y,Apparently Normal,No Misuse,N,Possible Incapacitating Injury,44e00104-dcda-4657-a491-2ba474364d32,D,ADI0210002,Shoulder/Lap Belt(s),M,96a8e36f-f750-4e79-ac77-4363ff39db52,Same Movement Angle,N,Intersection,Right Turn Lane,Dark Lights On,No Defects,"Two-way, Divided, Unprotected (painted >4 feet) Median",Dry,Clear,Twelve o'clock,Passenger Car,Disabling,N,Moving Constant Speed,2015-03-15 5:55,47,39.32344651,-76.60945237
N,Apparently Normal,No Misuse,Y,No Injury,99c4bd9b-cff5-48b7-b9b1-0fc2fc5d0739,D,ADI0480004,Shoulder Belt Only,F,d963181e-5415-47e9-b74d-d2857527d0cc,Same Direction Sideswipe,N,Non Intersection,Right Turn Lane,Daylight,No Defects,"Two-way, Not Divided",Ice,Wintry Mix,Seven o'clock,Passenger Car,Disabling,N,Moving Constant Speed,2015-01-18 8:00,27,39.28523707,-76.69463396