CDL_FLAG,CONDITION_CODE,EQUIP_PROB_CODE,FAULT_FLAG,INJ_SEVER_CODE,PERSON_ID,PERSON_TYPE,REPORT_NO,SAF_EQUIP_CODE,SEX_CODE,VEHICLE_ID,COLLISION_TYPE_CODE,C_M_ZONE_FLAG,JUNCTION_CODE,LANE_CODE,LIGHT_CODE,RD_COND_CODE,RD_DIV_CODE,SURF_COND_CODE,WEATHER_CODE,AREA_DAMAGED_CODE_MAIN,BODY_TYPE_CODE,DAMAGE_CODE,HIT_AND_RUN_FLAG,MOVEMENT_CODE,TIME,AGE,LATITUDE,LONGITUDE
N,Apparently Normal,No Misuse,N,No Injury,7f1482cf-52b6-4750-aa20-3125f5a0afcf,D,ADJ2030008,Shoulder/Lap Belt(s),F,fded119d-d5b0-41c6-b37f-92349917d464,Same Direction Rear End,N,Intersection,Right Turn Lane,Daylight,No Defects,"Two-way, Not Divided",Wet,Snow,Twelve o'clock,Passenger Car,Superficial,N,Moving Constant Speed,2015-03-20 11:18,33,39.29164758,-76.59070373
N,Apparently Normal,No Misuse,Y,No Injury,746e744d-518e-436d-a8c5-ed76a25a3031,D,ADJ2030008,Shoulder/Lap Belt(s),M,b91aa401-da08-40d2-ac7f-1a48f7752d5c,Same Direction Rear End,N,Intersection,Right Turn Lane,Daylight,No Defects,"Two-way, Not Divided",Wet,Snow,Six o'clock,Passenger Car,No Damage,N,Backing,2015-03-20 11:18,35,39.29164758,-76.59070373
N,Apparently Normal,No Misuse,N,No Injury,99b0ee74-6f1b-4803-9876-888c8c3d642a,D,ADJ2040009,Shoulder/Lap Belt(s),F,50b0b741-699d-42d7-9c62-72e7dc7f3e8d,Same Movement Angle,N,Intersection,Left Turn Lane,Daylight,No Defects,"Two-way, Divided, Positive Median Barrier",Wet,Snow,Two o'clock,Passenger Car,Functional,N,Moving Constant Speed,2015-01-21 14:12,53,39.25128894,-76.6459921
N,Apparently Normal,No Misuse,N,No Injury,0f18f6c6-1776-4470-b4eb-68cb7e0a6e47,D,ADJ211000G,Shoulder/Lap Belt(s),F,41bfa328-36ae-42f4-9576-06d24d2b29bc,Same Direction Left Turn,N,Intersection Related,Right Turn Lane,Dark Lights On,No Defects,"Two-way, Not Divided",Wet,Clear,Four o'clock,Passenger Car,Superficial,N,Moving Constant Speed,2015-03-08 1:50,50,39.28592631,-76.66787624
Y,Apparently Normal,No Misuse,N,No Injury,b1577207-9ca6-4723-8adf-e5c4e16a0ffa,D,ADJ2140002,Shoulder/Lap Belt(s),F,7c12c502-9f5d-4fae-ba77-7f843b700582,Single Vehicle ,N,Non Intersection,Right Turn Lane,Daylight,No Defects,"Two-way, Divided, Unprotected (painted >4 feet) Median",Dry,Clear,One o'clock,Passenger Car,Disabling,N,Moving Constant Speed,2015-02-07 11:40,50,39.34629994,-76.65291488
N,Apparently Normal,No Misuse,N,No Injury,724f2f91-1668-425f-8843-e777b55d9ead,D,ADJ2140003,Shoulder/Lap Belt(s),F,ce12f65c-50fe-406d-b2a1-edca0c4febc2,Same Direction Rear End,N,Non Intersection,Right Turn Lane,Daylight,"Holes, Ruts, Etc.","Two-way, Divided, Unprotected (painted >4 feet) Median",Wet,Clear,Six o'clock,Passenger Car,Superficial,N,Slowing or Stopping,2015-02-18 16:10,23,39.340717,-76.660876
N,Apparently Normal,No Misuse,Y,No Injury,c7336ef6-1cd6-4548-beb8-fc7ce5bf0ee9,D,ADJ2140003,Shoulder/Lap Belt(s),F,5ac32525-e513-4b5d-8d4e-eece287a97a1,Same Direction Rear End,N,Non Intersection,Right Turn Lane,Daylight,"Holes, Ruts, Etc.","Two-way, Divided, Unprotected (painted >4 feet) Median",Wet,Clear,Twelve o'clock,(Sport) Utility Vehicle,Superficial,N,Moving Constant Speed,2015-02-18 16:10,29,39.340717,-76.660876
N,Apparently Normal,No Misuse,N,No Injury,73624155-a4be-4128-a302-1f1359cf39b5,D,ADJ2140008,Shoulder/Lap Belt(s),F,8ee0a7f7-86c0-4157-b3ca-1b268ee163d6,Single Vehicle ,N,Non Intersection,Right Turn Lane,Daylight,No Defects,"Two-way, Divided, Unprotected (painted >4 feet) Median",Dry,Clear,Twelve o'clock,Passenger Car,Functional,N,Moving Constant Speed,2015-03-17 7:50,59,39.35613731,-76.66453421
N,Apparently Normal,No Misuse,N,No Injury,a1d81183-be46-4d8e-8986-e94c259ee73a,D,ADJ2150004,Shoulder/Lap Belt(s),F,6d10330b-8e0c-4763-adaf-8e9fef495064,Same Direction Sideswipe,N,Non Intersection,Right Turn Lane,Daylight,No Defects,"Two-way, Not Divided",Dry,Clear,Seven o'clock,Passenger Car,Superficial,N,Moving Constant Speed,2015-01-17 12:06,32,39.34976796,-76.66560709
N,Apparently Normal,No Misuse,N,No Injury,2efa1c91-9cb4-42cd-8ae8-f29845d06381,D,ADJ2150005,Shoulder/Lap Belt(s),M,dd0ef1c3-228d-4e6c-8407-dced9149d63c,Same Movement Angle,N,Intersection,Left Turn Lane,Daylight,No Defects,"Two-way, Not Divided",Dry,Clear,Twelve o'clock,Passenger Car,Disabling,N,Moving Constant Speed,2015-02-11 16:33,81,39.31810965,-76.609447
N,Apparently Normal,No Misuse,N,No Injury,bc87daa4-fb09-44f1-9293-7a2e6fde7478,D,ADJ2160009,Shoulder/Lap Belt(s),F,6558f64e-7c3c-42ee-9333-8a8e90738fa1,Same Direction Rear End,N,Non Intersection,Left Turn Lane,Daylight,No Defects,"Two-way, Divided, Unprotected (painted >4 feet) Median",Dry,Clear,Six o'clock,Passenger Car,Disabling,N,Slowing or Stopping,2015-03-27 7:40,26,39.29602749,-76.56979859
N,Apparently Normal,No Misuse,Y,No Injury,4b7098dc-8f6f-43fc-916c-a635bd8fad1a,D,ADJ2160009,Shoulder/Lap Belt(s),M,fe7535b8-6314-4d04-9fcb-061ab0045b32,Same Direction Rear End,N,Non Intersection,Left Turn Lane,Daylight,No Defects,"Two-way, Divided, Unprotected (painted >4 feet) Median",Dry,Clear,Twelve o'clock,Passenger Car,Disabling,N,Moving Constant Speed,2015-03-27 7:40,36,39.29602749,-76.56979859
N,Apparently Normal,No Misuse,Y,No Injury,ac3097c8-1300-4a45-90d5-074367c60aa6,D,ADJ2280001,Shoulder/Lap Belt(s),F,8b228d4c-810b-454f-a04b-f219bb236e0d,Single Vehicle ,N,Non Intersection,Right Turn Lane,Daylight,No Defects,"Two-way, Divided, Unprotected (painted >4 feet) Median",Snow,Snow,Twelve o'clock,Passenger Car,Disabling,N,Skidding,2015-01-06 9:18,39,39.33817265,-76.60220504
N,Apparently Normal,No Misuse,N,No Injury,620e7842-9e30-409f-b72d-0372b9c3c84a,D,ADJ2290001,Shoulder/Lap Belt(s),F,873c8679-d6e8-4a5a-a911-8c5e30904782,Same Direction Sideswipe,N,Non Intersection,Left Turn Lane,Dark Lights On,No Defects,One-way Trafficway,Dry,Clear,Five o'clock,Passenger Car,Superficial,N,Moving Constant Speed,2015-01-01 4:20,22,39.29652981,-76.6262269
N,Apparently Normal,No Misuse,N,No Injury,140548cb-242a-4f86-9649-a7cfc45e63fb,D,ADJ2360001,Shoulder/Lap Belt(s),F,545feda8-ed7f-4480-a595-256da8187cd3,Same Direction Rear End Left Turn,N,Non Intersection,Left Turn Lane,Daylight,No Defects,"Two-way, Divided, Positive Median Barrier",Dry,Clear,Six o'clock,Passenger Car,Superficial,N,Moving Constant Speed,2015-01-05 14:00,55,39.32028844,-76.63045406
N,Apparently Normal,No Misuse,N,No Injury,1cf9631c-5692-497a-a90d-3d8014b528f1,D,ADJ2360001,Shoulder/Lap Belt(s),M,ff00574f-ed65-4998-85ef-5b9b482b57b0,Same Direction Rear End Left Turn,N,Non Intersection,Left Turn Lane,Daylight,No Defects,"Two-way, Divided, Positive Median Barrier",Dry,Clear,Twelve o'clock,Passenger Car,Disabling,N,Moving Constant Speed,2015-01-05 14:00,60,39.32028844,-76.63045406
N,Apparently Normal,No Misuse,N,No Injury,2f20b1f2-162e-4746-9fe5-0c34c187b98b,D,ADJ2360001,Shoulder/Lap Belt(s),M,2ab88b07-da2d-4cf1-86e3-50d9859b5530,Same Direction Rear End Left Turn,N,Non Intersection,Left Turn Lane,Daylight,No Defects,"Two-way, Divided, Positive Median Barrier",Dry,Clear,Six o'clock,Passenger Car,Functional,N,Moving Constant Speed,2015-01-05 14:00,37,39.32028844,-76.63045406
N,Apparently Normal,No Misuse,N,No Injury,fc5435a1-f0bd-43ce-880f-45fcb1c397ea,D,ADJ2360001,Shoulder/Lap Belt(s),M,28eb965f-5c29-4eaf-b711-72286c4969c9,Same Direction Rear End Left Turn,N,Non Intersection,Left Turn Lane,Daylight,No Defects,"Two-way, Divided, Positive Median Barrier",Dry,Clear,One o'clock,Passenger Car,Functional,N,Moving Constant Speed,2015-01-05 14:00,27,39.32028844,-76.63045406
N,Apparently Normal,No Misuse,N,No Injury,61d2e347-289d-415e-bed3-5ad23bef2299,D,ADJ2360004,Shoulder/Lap Belt(s),F,f754343e-0789-45c2-8a6c-6f106546f4cc,Same Direction Rear End,N,Non Intersection,Acceleration Lane,Daylight,No Defects,"Two-way, Divided, Positive Median Barrier",Wet,Clear,Six o'clock,Passenger Car,Functional,N,Moving Constant Speed,2015-01-27 9:46,53,39.34492679,-76.64264202
N,Apparently Normal,No Misuse,N,No Injury,2d286dbd-413e-49a5-9b10-2f72816f1f71,D,ADJ2360004,Shoulder/Lap Belt(s),F,29197489-8fe1-4eb3-89d4-291b0cfeb95d,Same Direction Rear End,N,Non Intersection,Acceleration Lane,Daylight,No Defects,"Two-way, Divided, Positive Median Barrier",Wet,Clear,Six o'clock,Passenger Car,Superficial,N,Slowing or Stopping,2015-01-27 9:46,37,39.34492679,-76.64264202
N,Apparently Normal,No Misuse,N,Possible Incapacitating Injury,d37c2bb1-a90f-4443-8c30-a5d191947d88,D,ADJ2360004,Shoulder/Lap Belt(s),F,5b023d81-3231-4aa1-94cc-9351b91a61e0,Same Direction Rear End,N,Non Intersection,Acceleration Lane,Daylight,No Defects,"Two-way, Divided, Positive Median Barrier",Wet,Clear,Twelve o'clock,Passenger Car,Disabling,N,Moving Constant Speed,2015-01-27 9:46,43,39.34492679,-76.64264202
N,Apparently Normal,No Misuse,N,No Injury,c8af84ea-b9a7-4d03-a5c2-2e8ce87b3ff6,D,ADJ2360006,Shoulder/Lap Belt(s),F,c4150af5-fc56-4f11-a0ec-50cdd01bf895,Same Direction Rear End,N,Non Intersection,Right Turn Lane,Dark Lights On,No Defects,"Two-way, Not Divided",Wet,Clear,Six o'clock,Passenger Car,Superficial,N,Moving Constant Speed,2015-02-09 18:00,35,39.32947593,-76.60359979
N,Apparently Normal,No Misuse,N,No Injury,e0d795c4-67fa-453f-a7fa-cf98d2be9983,D,ADJ2410008,Shoulder/Lap Belt(s),F,2e3b9c1f-8272-41f7-adaf-f3cdeb652867,Same Movement Angle,N,Intersection,Left Turn Lane,Daylight,No Defects,"Two-way, Divided, Positive Median Barrier",Dry,Clear,Eleven o'clock,Passenger Car,Superficial,N,Moving Constant Speed,2015-03-21 18:39,38,39.28707019,-76.62829354
N,Using Drugs,No Misuse,Y,No Injury,c0e79def-553e-4078-b1eb-7fb19fb778f0,D,ADJ2410008,Shoulder/Lap Belt(s),F,2f025a75-8029-4b75-bd91-853a42ed99bf,Same Movement Angle,N,Intersection,Left Turn Lane,Daylight,No Defects,"Two-way, Divided, Positive Median Barrier",Dry,Clear,Twelve o'clock,Passenger Car,Superficial,N,Moving Constant Speed,2015-03-21 18:39,31,39.28707019,-76.62829354
N,Apparently Normal,No Misuse,N,No Injury,d52e0e75-15f3-419b-80ed-f2c04150aa9f,D,ADJ2450005,Shoulder/Lap Belt(s),F,a5ee4ed3-f699-4f61-9a43-fab1bb4e06d4,Same Movement Angle,N,Intersection,Right Turn Lane,Daylight,No Defects,"Two-way, Not Divided",Wet,Raining,One o'clock,Passenger Car,Functional,N,Moving Constant Speed,2015-03-04 16:55,24,39.309977,-76.587445
N,Apparently Normal,No Misuse,N,No Injury,a273e6b4-09b8-45a4-8fb9-cc1f0b53b9f8,D,ADJ2450006,Shoulder/Lap Belt(s),F,1ab648d7-eff8-4df8-bcee-e987478c4b32,Same Direction Right Turn,N,Intersection,Left Turn Lane,Daylight,No Defects,One-way Trafficway,Wet,Raining,Ten o'clock,Passenger Car,Superficial,N,Moving Constant Speed,2015-03-04 15:00,79,39.29831489,-76.59458756
N,Apparently Normal,No Misuse,N,No Injury,fb2c8cfb-4261-42b5-80a5-7d5d1e84e980,D,ADJ2450009,Shoulder/Lap Belt(s),F,7ff04a9c-19f4-41a7-8664-028ab81f58ce,Same Direction Sideswipe,N,Intersection,Left Turn Lane,Daylight,No Defects,"Two-way, Divided, Positive Median Barrier",Dry,Clear,Eight o'clock,(Sport) Utility Vehicle,Functional,N,Moving Constant Speed,2015-03-17 12:55,52,39.30011238,-76.55366242
Y,Apparently Normal,No Misuse,Y,No Injury,84aef189-1265-410c-ad6c-a1054cf43631,D,ADJ245000C,Shoulder/Lap Belt(s),F,deb543b5-91fa-4fad-bb11-dae1018a3e5b,Same Direction Rear End,N,Intersection,Right Turn Lane,Daylight,No Defects,"Two-way, Divided, Unprotected (painted >4 feet) Median",Dry,Clear,Twelve o'clock,School Bus,Superficial,N,Starting From Parked,2015-03-30 13:40,39,39.306072,-76.576874
N,Apparently Normal,No Misuse,N,No Injury,0917c1e3-7621-4332-83b7-bdebad1cce9d,D,ADJ245000C,Shoulder/Lap Belt(s),M,d8f9940e-37b0-4d29-a3c3-02d50853b3f4,Same Direction Rear End,N,Intersection,Right Turn Lane,Daylight,No Defects,"Two-way, Divided, Unprotected (painted >4 feet) Median",Dry,Clear,Six o'clock,Pickup Truck,Functional,N,Moving Constant Speed,2015-03-30 13:40,84,39.306072,-76.576874
N,Apparently Normal,No Misuse,Y,No Injury,4248722e-ae3c-458b-bf20-5284d61f46a0,D,ADJ2470003,Shoulder/Lap Belt(s),F,5c214669-c253-4b29-b58f-3ad55a53ca1d,Single Vehicle ,N,Intersection,Deceleration Lane,Daylight,No Defects,"Two-way, Divided, Positive Median Barrier",Snow,Snow,Eleven o'clock,(Sport) Utility Vehicle,Disabling,N,Slowing or Stopping,2015-01-06 10:00,43,39.24899667,-76.64002419
N,Apparently Normal,No Misuse,N,No Injury,0b30a7ac-58ea-4ef6-af6c-56123999e056,D,ADJ247000B,Shoulder/Lap Belt(s),F,5a3cff7a-c294-4581-aaa2-46e99e54cb8e,Same Direction Sideswipe,N,Intersection,Left Turn Lane,Dark Lights On,No Defects,One-way Trafficway,Dry,Clear,Five o'clock,Passenger Car,Superficial,N,Accelerating,2015-02-06 22:48,36,39.28625017,-76.62205875
N,Apparently Normal,No Misuse,Y,No Injury,7617dbdb-d46b-4a4d-8d86-a02baf36cab1,D,ADJ247000H,Shoulder/Lap Belt(s),F,41d264a3-0af3-469e-a1c9-46c521e9f459,Same Movement Angle,N,Intersection,Right Turn Lane,Daylight,No Defects,One-way Trafficway,Dry,Cloudy,Twelve o'clock,Passenger Car,Disabling,N,Moving Constant Speed,2015-03-04 11:20,70,39.28557131,-76.63798034
N,Apparently Normal,No Misuse,Y,No Injury,635a4817-db6f-4fe2-9d1d-26f07f3f062e,D,ADJ247000M,Shoulder/Lap Belt(s),F,3314fe68-63cb-4da5-a650-bf718540e462,Same Direction Rear End,N,Intersection,Right Turn Lane,Daylight,No Defects,One-way Trafficway,Dry,Clear,Twelve o'clock,Passenger Car,Superficial,N,Moving Constant Speed,2015-03-23 16:30,59,39.28032084,-76.61575556
N,Apparently Normal,No Misuse,N,No Injury,b29213e9-c7f3-45a4-b657-93dc9209a2ba,D,ADJ247000M,Shoulder/Lap Belt(s),M,1b98464a-db63-4ec4-baaf-6517652e7fd2,Same Direction Rear End,N,Intersection,Right Turn Lane,Daylight,No Defects,One-way Trafficway,Dry,Clear,Six o'clock,Passenger Car,Superficial,Y,Moving Constant Speed,2015-03-23 16:30,29,39.28032084,-76.61575556
N,Apparently Normal,No Misuse,Y,No Injury,f814f0ec-6348-435c-b24a-f220aa9d356d,D,ADJ2520001,Shoulder/Lap Belt(s),F,72bc1012-3f42-46c2-8296-e10c611299bb,Same Movement Angle,N,Intersection,Right Turn Lane,Daylight,No Defects,"Two-way, Not Divided",Dry,Clear,Twelve o'clock,Passenger Car,Functional,N,Accelerating,2015-01-23 12:08,20,39.34161618,-76.66617036
N,Apparently Normal,No Misuse,N,No Injury,4d747457-a5dc-46a5-a81a-6137b5236e95,D,ADJ2520001,Shoulder/Lap Belt(s),M,c6f73932-4212-4108-9e86-c509dd76410c,Same Movement Angle,N,Intersection,Right Turn Lane,Daylight,No Defects,"Two-way, Not Divided",Dry,Clear,Twelve o'clock,Passenger Car,Disabling,N,Moving Constant Speed,2015-01-23 12:08,60,39.34161618,-76.66617036
N,Apparently Normal,No Misuse,N,No Injury,76773eff-90fc-4f87-9733-49a91a5cb5b9,D,ADJ2520002,Shoulder/Lap Belt(s),M,a18033cc-c402-4306-8546-4df49d46e90a,Same Movement Angle,N,Intersection,Right Turn Lane,Daylight,No Defects,One-way Trafficway,Wet,Snow,Twelve o'clock,Passenger Car,Functional,N,Moving Constant Speed,2015-01-26 11:26,40,39.33602346,-76.6626513
N,Apparently Normal,No Misuse,Y,No Injury,067f1fff-59b0-4cb5-bfd4-a8e2d83558d1,D,ADJ2520004,Shoulder/Lap Belt(s),F,0c11f5ac-f01c-4293-8bb8-a88e3cb30884,Same Movement Angle,N,Intersection,Right Turn Lane,Daylight,No Defects,One-way Trafficway,Wet,Snow,Two o'clock,Passenger Car,Functional,N,Moving Constant Speed,2015-01-26 11:26,59,39.33601931,-76.66264594
N,Apparently Normal,No Misuse,N,No Injury,85f0483a-c454-48a6-a2ec-ff8de1ba1457,D,ADJ2520004,Shoulder/Lap Belt(s),M,07863a7f-5c83-4232-9777-bdcca9531a3d,Same Movement Angle,N,Intersection,Right Turn Lane,Daylight,No Defects,One-way Trafficway,Wet,Snow,Twelve o'clock,Passenger Car,Functional,N,Moving Constant Speed,2015-01-26 11:26,40,39.33601931,-76.66264594
N,Apparently Normal,Belt(s) Misused,N,No Injury,10ddfc2b-b5f6-4dcd-a446-4d951f6462a9,D,ADJ2560007,Shoulder/Lap Belt(s),F,f775036c-2d27-4ef9-a848-4b05026dd2cd,Same Direction Rear End Left Turn,N,Intersection Related,Left Turn Lane,Daylight,No Defects,"Two-way, Divided, Positive Median Barrier",Dry,Clear,Six o'clock,Passenger Car,Superficial,N,Slowing or Stopping,2015-02-07 17:00,39,39.28339352,-76.62609816
N,Apparently Normal,No Misuse,N,No Injury,a6d5ccd5-92ac-47e9-b408-6e4a2d10c60b,D,ADJ256000C,Shoulder/Lap Belt(s),F,b88f4952-f5a8-42ca-aebd-6ae7b532faee,Same Direction Sideswipe,N,Non Intersection,Right Turn Lane,Daylight,No Defects,One-way Trafficway,Dry,Clear,Seven o'clock,Passenger Car,Destroyed,N,Parked  ,2015-03-06 16:25,23,39.28393746,-76.64672434
N,Apparently Normal,No Misuse,Y,No Injury,e2a0c224-2adc-4ed8-96dd-06f5111f53b5,D,ADJ256000C,Shoulder/Lap Belt(s),M,95822177-e803-4602-a8b8-df6f8068b4a7,Same Direction Sideswipe,N,Non Intersection,Right Turn Lane,Daylight,No Defects,One-way Trafficway,Dry,Clear,One o'clock,Passenger Car,Superficial,N,Moving Constant Speed,2015-03-06 16:25,42,39.28393746,-76.64672434
N,Apparently Normal,No Misuse,N,No Injury,2eb2bba1-82d4-4ca2-8079-cb0d499c2ae3,D,ADJ256000D,Shoulder/Lap Belt(s),F,f0515e5b-d063-48ef-b1ca-22e4ee9e3a03,Same Direction Rear End,N,Intersection Related,Right Turn Lane,Daylight,No Defects,One-way Trafficway,Dry,Clear,Six o'clock,Passenger Car,Superficial,N,Stopped in Traffic Lane,2015-03-23 14:10,67,39.28679823,-76.646837
N,Apparently Normal,No Misuse,N,No Injury,9a5f1302-4484-4b42-a914-7433426cc1c7,D,ADJ256000F,Shoulder/Lap Belt(s),F,55940bbd-e597-4eab-aef6-981264f61fc2,Same Direction Sideswipe,N,Intersection,Right Turn Lane,Dark Lights On,No Defects,"Two-way, Not Divided",Dry,Clear,Five o'clock,Passenger Car,Superficial,N,Accelerating,2015-03-25 21:04,44,39.28199007,-76.64654732
N,Apparently Normal,No Misuse,N,No Injury,ad7de920-4ac3-4341-82ed-dfb4076be199,D,ADJ2580003,Shoulder/Lap Belt(s),F,bcc31a79-dcb9-45ab-93ad-31a89fe69193,Same Direction Rear End,N,Non Intersection,Acceleration Lane,Dark Lights On,No Defects,One-way Trafficway,Dry,Clear,Six o'clock,Passenger Car,Superficial,N,Slowing or Stopping,2015-03-08 21:15,27,39.28758415,-76.62217677
N,Apparently Normal,No Misuse,Y,No Injury,8a67b8ff-b493-4fd2-a56d-a7cc652bcea1,D,ADJ2580003,Shoulder/Lap Belt(s),F,59f4b3fb-c31f-4514-9611-ca0d3c032b8f,Same Direction Rear End,N,Non Intersection,Acceleration Lane,Dark Lights On,No Defects,One-way Trafficway,Dry,Clear,Twelve o'clock,Passenger Car,Superficial,N,Moving Constant Speed,2015-03-08 21:15,32,39.28758415,-76.62217677
N,Apparently Normal,No Misuse,N,No Injury,fcaa97b9-f317-464b-9135-aeeda4883250,D,ADJ2600001,Shoulder/Lap Belt(s),F,b3cf4389-de70-4674-8f83-b575c830e3ca,Single Vehicle ,N,Non Intersection,Left Turn Lane,Daylight,No Defects,"Two-way, Divided, Positive Median Barrier",Dry,Clear,Twelve o'clock,(Sport) Utility Vehicle,Superficial,N,Moving Constant Speed,2015-01-13 14:46,41,39.33801499,-76.66529059
N,Apparently Normal,No Misuse,N,No Injury,dc64b3f7-2606-4e01-aef8-3cc33d46b8eb,D,ADJ2600003,Shoulder/Lap Belt(s),F,c7f13033-2e7f-4a48-a2ff-b7f6d18fc4de,Same Direction Sideswipe,N,Intersection,Right Turn Lane,Daylight,No Defects,"Two-way, Divided, Positive Median Barrier",Dry,Clear,Four o'clock,Passenger Car,Functional,N,Stopped in Traffic Lane,2015-03-09 10:37,28,39.31538297,-76.65913224
N,Apparently Normal,No Misuse,N,No Injury,d8422b3e-7599-4683-aad0-e1e1d2aeda35,D,ADJ2600006,Shoulder/Lap Belt(s),F,d3e29bf2-d502-4ac1-9db7-663da6756e2f,Same Direction Rear End,N,Non Intersection,Left Turn Lane,Daylight,No Defects,"Two-way, Divided, Positive Median Barrier",Wet,Raining,Six o'clock,Van,Functional,N,Parked  ,2015-03-27 10:30,31,39.32048764,-76.65977597
N,Apparently Normal,No Misuse,N,No Injury,3bdb3b47-b5ec-447f-a73b-41b19328f635,D,ADJ2620004,Shoulder/Lap Belt(s),F,e861d704-9e7a-4443-9c3d-db65b55161e6,Same Movement Angle,N,Intersection,Right Turn Lane,Daylight,No Defects,"Two-way, Divided, Unprotected (painted >4 feet) Median",Dry,Clear,Five o'clock,Passenger Car,Disabling,N,Moving Constant Speed,2015-02-06 10:09,46,39.36198349,-76.69162989
N,Apparently Normal,No Misuse,N,No Injury,e9cc783a-1892-4b28-9b53-703d79340141,D,ADJ2620006,Lap Belt Only,F,9d85fce6-3670-4243-a7ba-f9d1f4a3c0f0,Same Direction Right Turn,N,Intersection,Left Turn Lane,Dark Lights On,No Defects,"Two-way, Divided, Unprotected (painted >4 feet) Median",Ice,Clear,Eight o'clock,Pickup Truck,Superficial,N,Accelerating,2015-02-24 22:17,35,39.33048839,-76.65417552
N,Apparently Normal,No Misuse,N,No Injury,d569f311-39d6-4152-affd-518c505487ac,D,ADJ262000B,Lap Belt Only,F,67eabed8-47db-49ae-83f8-c26d5ee737fd,Same Movement Angle,N,Intersection Related,Right Turn Lane,Daylight,No Defects,"Two-way, Not Divided",Dry,Clear,One o'clock,Passenger Car,Functional,N,Moving Constant Speed,2015-03-22 11:20,58,39.31456743,-76.66070402
N,Apparently Normal,No Misuse,N,No Injury,ed46ac34-1be6-4975-8907-ac6d51d688d4,D,ADJ262000C,Lap Belt Only,F,e63fc863-305d-47db-8660-80db2de628bd,Same Direction Rear End,N,Intersection,Right Turn Lane,Daylight,No Defects,"Two-way, Not Divided",Dry,Clear,Six o'clock,Pickup Truck,Superficial,N,Moving Constant Speed,2015-03-22 13:00,74,39.339297,-76.68470979
N,Apparently Normal,No Misuse,Y,No Injury,0381dbb3-0bb6-4eb8-9951-01c26259a6f6,D,ADJ2650004,Shoulder/Lap Belt(s),F,1c331211-762b-4b7a-9aa2-dc6d08a30af3,Same Movement Angle,N,Commercial Driveway,Left Turn Lane,Daylight,No Defects,"Two-way, Not Divided",Dry,Clear,Twelve o'clock,Passenger Car,Functional,N,Making Left Turn,2015-02-18 10:35,32,39.29447,-76.664026
N,Apparently Normal,No Misuse,N,No Injury,1d54c475-0191-49e8-ab65-aea86040b336,D,ADJ2650009,Shoulder/Lap Belt(s),F,ac178d0e-c8fa-409c-a107-e1aa203d8951,Angle Meets Right Turn,N,Intersection Related,Right Turn Lane,Daylight,No Defects,"Two-way, Not Divided",Dry,Clear,Four o'clock,Passenger Car,Superficial,N,Making Right Turn,2015-03-23 15:15,37,39.31522733,-76.64863676
N,Apparently Normal,No Misuse,N,No Injury,f817c690-e176-4bfa-8ce2-eea47be1835b,D,ADJ265000B,Shoulder/Lap Belt(s),F,eedae87b-91cd-412f-9205-814075bf3c12,Same Direction Rear End,N,Intersection,Left Turn Lane,Dark Lights On,No Defects,"Two-way, Divided, Positive Median Barrier",Wet,Raining,Twelve o'clock,Passenger Car,Functional,N,Slowing or Stopping,2015-03-26 22:15,27,39.29761332,-76.64574265
N,Apparently Normal,No Misuse,Y,No Injury,60901045-3ba3-485e-b626-131b59c1c174,D,ADJ265000B,Shoulder/Lap Belt(s),F,5e3f276e-3822-4e77-bdd5-d443c9cd2570,Same Direction Rear End,N,Intersection,Left Turn Lane,Dark Lights On,No Defects,"Two-way, Divided, Positive Median Barrier",Wet,Raining,Six o'clock,Passenger Car,Superficial,N,Slowing or Stopping,2015-03-26 22:15,53,39.29761332,-76.64574265
N,Apparently Normal,No Misuse,N,No Injury,9743e8ec-d755-4f92-8969-527516425b7f,D,ADJ2740002,Shoulder/Lap Belt(s),F,4a216a74-5071-45eb-b71b-5310b41e7ffd,Same Direction Rear End,N,Intersection Related,Left Turn Lane,Dark Lights On,No Defects,"Two-way, Divided, Positive Median Barrier",Dry,Cloudy,Six o'clock,Passenger Car,Superficial,N,Stopped in Traffic Lane,2015-01-08 18:30,47,39.29344109,-76.69245601
N,Apparently Normal,No Misuse,Y,No Injury,01cd9143-9bbf-44f2-98c1-e339d9f48d4c,D,ADJ2740002,Shoulder/Lap Belt(s),F,5655c1ea-32a2-4df7-841d-cdd460a82507,Same Direction Rear End,N,Intersection Related,Left Turn Lane,Dark Lights On,No Defects,"Two-way, Divided, Positive Median Barrier",Dry,Cloudy,Twelve o'clock,Passenger Car,Superficial,Y,Moving Constant Speed,2015-01-08 18:30,17,39.29344109,-76.69245601
N,Apparently Normal,No Misuse,N,No Injury,60b849b8-c293-4a40-9fea-5512ce9e2e91,D,ADJ2900005,Shoulder/Lap Belt(s),F,15159845-ec78-44c6-8ee0-01873caa8abd,Same Movement Angle,N,Intersection Related,Right Turn Lane,Dark Lights On,No Defects,"Two-way, Divided, Unprotected (painted >4 feet) Median",Dry,Clear,Eleven o'clock,Passenger Car,Functional,N,Starting From Lane,2015-02-05 17:47,31,39.3052705,-76.71080232
N,Apparently Normal,No Misuse,Y,No Injury,c8145715-2ddb-4a40-aae4-ddbd01b5dfe2,D,ADJ2900005,Shoulder/Lap Belt(s),M,1c7c4bf3-bcb5-4b96-8ff1-b6b2cd863dd8,Same Movement Angle,N,Intersection Related,Right Turn Lane,Dark Lights On,No Defects,"Two-way, Divided, Unprotected (painted >4 feet) Median",Dry,Clear,Twelve o'clock,Pickup Truck,Disabling,N,Passing,2015-02-05 17:47,44,39.3052705,-76.71080232