CDL_FLAG,CONDITION_CODE,EQUIP_PROB_CODE,FAULT_FLAG,INJ_SEVER_CODE,PERSON_ID,PERSON_TYPE,REPORT_NO,SAF_EQUIP_CODE,SEX_CODE,VEHICLE_ID,COLLISION_TYPE_CODE,C_M_ZONE_FLAG,JUNCTION_CODE,LANE_CODE,LIGHT_CODE,RD_COND_CODE,RD_DIV_CODE,SURF_COND_CODE,WEATHER_CODE,AREA_DAMAGED_CODE_MAIN,BODY_TYPE_CODE,DAMAGE_CODE,HIT_AND_RUN_FLAG,MOVEMENT_CODE,TIME,AGE,LATITUDE,LONGITUDE
N,Apparently Normal,No Misuse,Y,No Injury,6ae8b65a-b939-42ae-bf9a-f8bbaeb55aae,D,ADJ2950002,Shoulder/Lap Belt(s),F,d9cfcf8b-f03c-4d76-87d9-9cabc9fe7f0e,Same Movement Angle,N,Intersection,Right Turn Lane,Dark No Lights,No Defects,"Two-way, Divided, Unprotected (painted >4 feet) Median",Dry,Clear,Nine o'clock,Passenger Car,Disabling,N,Moving Constant Speed,2015-01-09 17:12,23,39.284116,-76.64982498
N,Apparently Normal,No Misuse,N,No Injury,c533711a-3803-4227-b577-6976f8a7f637,D,ADJ2950002,Shoulder/Lap Belt(s),M,f96eed85-7d68-47c8-95f9-f7077dc19612,Same Movement Angle,N,Intersection,Right Turn Lane,Dark No Lights,No Defects,"Two-way, Divided, Unprotected (painted >4 feet) Median",Dry,Clear,Twelve o'clock,Pickup Truck,Functional,N,Moving Constant Speed,2015-01-09 17:12,59,39.284116,-76.64982498
N,Apparently Normal,No Misuse,N,No Injury,d695d1f6-835c-4424-ba55-5ad3290d2e19,D,ADJ2950003,Shoulder/Lap Belt(s),F,55fcbbbd-ec33-4dec-b3f9-57227bc913b6,Same Movement Angle,N,Intersection,Right Turn Lane,Daylight,No Defects,"Two-way, Divided, Unprotected (painted >4 feet) Median",Dry,Clear,Twelve o'clock,Passenger Car,Superficial,N,Moving Constant Speed,2015-01-17 14:20,41,39.28407448,-76.65122509
N,Apparently Normal,No Misuse,N,No Injury,3a3fdcea-888d-4627-bdbc-cad26ab20ecb,D,ADJ2970002,Shoulder/Lap Belt(s),F,c569243d-85a0-472c-bdbd-9767867cace3,Same Movement Angle,N,Intersection,Left Turn Lane,Daylight,No Defects,"Two-way, Not Divided with a Continuous Left Turn Lane",Dry,Clear,Four o'clock,Passenger Car,Functional,N,Moving Constant Speed,2015-03-28 12:30,29,39.28583496,-76.67250037
N,Apparently Normal,No Misuse,Y,No Injury,60a5d4cd-453d-484f-971c-8bb1022076cb,D,ADJ2970002,Shoulder/Lap Belt(s),M,36cc79a7-5e85-4e7b-8813-a9e3e43b4d3f,Same Movement Angle,N,Intersection,Left Turn Lane,Daylight,No Defects,"Two-way, Not Divided with a Continuous Left Turn Lane",Dry,Clear,Twelve o'clock,Passenger Car,Disabling,N,Moving Constant Speed,2015-03-28 12:30,23,39.28583496,-76.67250037
N,Apparently Normal,No Misuse,Y,No Injury,864200e0-2766-4eb2-a341-3526a13a983f,D,ADJ3090001,Shoulder/Lap Belt(s),F,1927f8b7-b2ad-4d8a-ba57-b309e79b1648,Same Direction Rear End,N,Intersection Related,Right Turn Lane,Daylight,No Defects,"Two-way, Divided, Unprotected (painted >4 feet) Median",Dry,Clear,Twelve o'clock,Passenger Car,Functional,N,Moving Constant Speed,2015-01-05 7:30,22,39.28581005,-76.64852142
N,Apparently Normal,No Misuse,N,No Injury,755c79ae-6597-416a-b626-1d7e29c40cba,D,ADJ3090001,Shoulder/Lap Belt(s),M,61220bd2-248f-4a1a-a1d3-63e326e45503,Same Direction Rear End,N,Intersection Related,Right Turn Lane,Daylight,No Defects,"Two-way, Divided, Unprotected (painted >4 feet) Median",Dry,Clear,Six o'clock,Fire Vehicle/Emergency,Superficial,N,Stopped in Traffic Lane,2015-01-05 7:30,31,39.28581005,-76.64852142
N,Apparently Normal,No Misuse,N,Possible Incapacitating Injury,5f8e17af-b2e4-48df-9461-507cbc8f0531,D,ADJ3090001,Shoulder/Lap Belt(s),M,a674645e-4868-4594-8d15-2f7d283f4ba5,Same Direction Rear End,N,Intersection Related,Right Turn Lane,Daylight,No Defects,"Two-way, Divided, Unprotected (painted >4 feet) Median",Dry,Clear,Twelve o'clock,Passenger Car,Disabling,N,Stopped in Traffic Lane,2015-01-05 7:30,69,39.28581005,-76.64852142
N,Apparently Normal,No Misuse,N,No Injury,71689d45-788d-4e12-a037-f71180047b3d,D,ADJ3090003,Shoulder/Lap Belt(s),F,03e3f60f-ec88-4845-9f6e-d22ea4895dd5,Same Movement Angle,N,Intersection,Right Turn Lane,Daylight,No Defects,"Two-way, Not Divided",Dry,Clear,Twelve o'clock,Passenger Car,Functional,N,Moving Constant Speed,2015-02-28 7:30,59,39.28641625,-76.63947701
N,Apparently Normal,No Misuse,Y,No Injury,555dee37-eb05-4bdd-b140-1931177003dd,D,ADJ3090003,Shoulder/Lap Belt(s),F,a970c0ad-05b7-41e1-b154-1f00e4b20a80,Same Movement Angle,N,Intersection,Right Turn Lane,Daylight,No Defects,"Two-way, Not Divided",Dry,Clear,Eleven o'clock,Passenger Car,Disabling,N,Accelerating,2015-02-28 7:30,59,39.28641625,-76.63947701
N,Apparently Normal,No Misuse,N,No Injury,fdd04bfb-1f4f-46d0-8ebf-3ec1e2c8ef14,D,ADJ3110001,Shoulder/Lap Belt(s),F,76760308-de4b-40ab-a099-9f11fff50596,Same Direction Rear End,N,Non Intersection,Right Turn Lane,Dawn,No Defects,"Two-way, Divided, Unprotected (painted >4 feet) Median",Snow,Wintry Mix,Six o'clock,(Sport) Utility Vehicle,Superficial,N,Stopped in Traffic Lane,2015-01-06 7:10,53,39.30999153,-76.64336756
N,Apparently Normal,No Misuse,N,No Injury,8c3b9888-2741-470f-b091-8d24f10315de,D,ADJ3110005,Shoulder/Lap Belt(s),F,08a9168c-2210-4c18-8f58-9b29d6090755,Same Movement Angle,N,Alley,Right Turn Lane,Daylight,No Defects,One-way Trafficway,Wet,Clear,Twelve o'clock,Passenger Car,Superficial,N,Moving Constant Speed,2015-02-27 8:00,28,39.314183,-76.6406887
N,Apparently Normal,No Misuse,Y,No Injury,ef620259-2c52-442a-839a-0992f6d9f0e0,D,ADJ3200005,Shoulder/Lap Belt(s),F,bd447409-e554-4482-8c90-7631a756898f,Same Movement Angle,N,Intersection,Right Turn Lane,Daylight,No Defects,One-way Trafficway,Wet,Raining,Ten o'clock,Recreational Vehicle,Disabling,N,Moving Constant Speed,2015-03-20 10:20,51,39.29755105,-76.64745927
N,Apparently Normal,No Misuse,N,No Injury,9599683e-25a0-492e-b2a5-af8265ae7bd8,D,ADJ3200005,Shoulder/Lap Belt(s),M,a151d24d-5841-45af-9fee-0defea8bb840,Same Movement Angle,N,Intersection,Right Turn Lane,Daylight,No Defects,One-way Trafficway,Wet,Raining,One o'clock,Recreational Vehicle,Disabling,N,Moving Constant Speed,2015-03-20 10:20,32,39.29755105,-76.64745927
N,Apparently Normal,No Misuse,N,No Injury,0a07d990-3c98-40ef-8150-a2318f64dc3c,D,ADJ3230007,Shoulder/Lap Belt(s),F,07833de9-21cb-427a-a801-f2f14672bec4,Same Direction Both Left Turn,N,Intersection,Right Turn Lane,Daylight,No Defects,One-way Trafficway,Wet,Raining,One o'clock,Passenger Car,Superficial,N,Making Left Turn,2015-03-10 14:17,27,39.31193918,-76.64826393
N,Apparently Normal,No Misuse,Y,No Injury,eb599906-3c61-46af-a535-de9437f8a0d2,D,ADJ3230007,Shoulder/Lap Belt(s),F,05d5e291-3ed3-4b3a-9856-9b1a1ff04dff,Same Direction Both Left Turn,N,Intersection,Right Turn Lane,Daylight,No Defects,One-way Trafficway,Wet,Raining,Eleven o'clock,Passenger Car,Disabling,N,Making Left Turn,2015-03-10 14:17,37,39.31193918,-76.64826393
N,Apparently Normal,No Misuse,N,No Injury,c225081c-e6f8-4551-b247-40106ce3b4c9,D,ADJ3290006,Shoulder/Lap Belt(s),F,9b38d8c9-2a6c-4051-ae41-957343808496,Head On Left Turn,N,Intersection,Left Turn Lane,Dark Lights On,No Defects,"Two-way, Divided, Unprotected (painted >4 feet) Median",Wet,Raining,Eleven o'clock,Passenger Car,Destroyed,N,Making Left Turn,2015-03-26 22:55,51,39.30997908,-76.64234161
N,Had Been Drinking,No Misuse,Y,No Injury,908a57bb-60a6-4de6-9063-472b42653b4b,D,ADJ3290006,Shoulder/Lap Belt(s),F,603f5127-d201-4d8f-b0ea-214e7a372a66,Head On Left Turn,N,Intersection,Left Turn Lane,Dark Lights On,No Defects,"Two-way, Divided, Unprotected (painted >4 feet) Median",Wet,Raining,Twelve o'clock,Passenger Car,Destroyed,N,Moving Constant Speed,2015-03-26 22:55,29,39.30997908,-76.64234161
N,Apparently Normal,No Misuse,N,No Injury,63b73344-3d46-440a-bc19-e4426756ebcb,D,ADJ3330004,Shoulder Belt Only,F,03bf479e-14a4-47b2-8caf-b33b9b6ca3cd,Same Movement Angle,N,Intersection,Right Turn Lane,Daylight,No Defects,"Two-way, Not Divided",Wet,Snow,One o'clock,Passenger Car,Functional,N,Accelerating,2015-03-01 16:50,34,39.30247852,-76.63961381
N,Apparently Normal,No Misuse,N,No Injury,9e792d29-3c1e-45ff-b668-4a3777916f7b,D,ADJ3330005,Shoulder Belt Only,F,3b1566fb-703f-4808-b64e-4ece704522e5,Same Direction Rear End,N,Non Intersection,Right Turn Lane,Daylight,No Defects,"Two-way, Divided, Positive Median Barrier",Wet,Snow,Six o'clock,Passenger Car,Superficial,N,Stopped in Traffic Lane,2015-03-05 14:45,25,39.28709406,-76.62833512
N,Apparently Normal,No Misuse,N,No Injury,262c596f-44c7-424e-a076-790a8e24d406,D,ADJ3410001,Shoulder/Lap Belt(s),F,704b26b8-165d-4c05-8132-d92b11bd92d1,Same Direction Rear End,N,Non Intersection,Left Turn Lane,Dark Lights On,No Defects,One-way Trafficway,Dry,Clear,Six o'clock,Passenger Car,Disabling,N,Stopped in Traffic Lane,2015-01-16 17:00,23,39.31132801,-76.62528813
N,Apparently Normal,No Misuse,Y,No Injury,be5e80c4-a3a4-4307-8c69-ef73af873e51,D,ADJ3410001,Shoulder/Lap Belt(s),F,12197a85-c826-460a-8ff7-992f753e8405,Same Direction Rear End,N,Non Intersection,Left Turn Lane,Dark Lights On,No Defects,One-way Trafficway,Dry,Clear,Twelve o'clock,Passenger Car,Disabling,N,Moving Constant Speed,2015-01-16 17:00,24,39.31132801,-76.62528813
N,Apparently Normal,No Misuse,N,No Injury,71a8cdc9-c386-4ad7-800b-02a7c83519cc,D,ADJ3420002,Shoulder/Lap Belt(s),F,cb0eb8fb-6e8a-4b1b-9e48-e4ca4bdccf74,Same Direction Right Turn,N,Intersection,Left Turn Lane,Daylight,No Defects,One-way Trafficway,Dry,Cloudy,Ten o'clock,Van,Superficial,N,Moving Constant Speed,2015-02-09 13:53,57,39.2929429,-76.64403677
N,Apparently Normal,Air Bag Failed,Y,Possible Incapacitating Injury,2c62b0a4-a88d-4398-813e-77bd9cff1ee4,D,ADJ3420002,Shoulder/Lap Belt(s),F,61bc9120-309b-4725-9c29-68c778c9c64d,Same Direction Right Turn,N,Intersection,Left Turn Lane,Daylight,No Defects,One-way Trafficway,Dry,Cloudy,Twelve o'clock,Passenger Car,Disabling,N,Changing Lanes,2015-02-09 13:53,58,39.2929429,-76.64403677
N,Apparently Normal,No Misuse,Y,No Injury,cf8fde8d-4e6f-4717-ac17-5091f1a040ea,D,ADJ3420003,Shoulder/Lap Belt(s),F,89f192c2-7030-4466-8a6b-3dba85b434e6,Same Movement Angle,N,Intersection,Left Turn Lane,Daylight,No Defects,"Two-way, Divided, Positive Median Barrier",Ice,Cloudy,Twelve o'clock,Passenger Car,Functional,N,Slowing or Stopping,2015-02-19 15:29,46,39.29334145,-76.65633202
N,Apparently Normal,No Misuse,N,Possible Incapacitating Injury,71a782c9-4dce-4084-b646-b1432ba88bb4,D,ADJ3420003,Shoulder/Lap Belt(s),F,b93e22f5-5007-463c-8862-d4d2536fadf2,Same Movement Angle,N,Intersection,Left Turn Lane,Daylight,No Defects,"Two-way, Divided, Positive Median Barrier",Ice,Cloudy,Twelve o'clock,Passenger Car,Functional,N,Slowing or Stopping,2015-02-19 15:29,61,39.29334145,-76.65633202
N,Apparently Normal,No Misuse,N,No Injury,97b6cf52-9f89-45ef-8843-8d11cf85277f,D,ADJ353000C,Shoulder/Lap Belt(s),F,9d07b5c0-6fb7-404e-9f35-821d6c573617,Same Direction Rear End,N,Non Intersection,Left Turn Lane,Dark Lights On,No Defects,One-way Trafficway,Dry,Clear,Six o'clock,Passenger Car,Superficial,N,Slowing or Stopping,2015-02-10 23:12,36,39.31143178,-76.6149509
N,Apparently Normal,No Misuse,N,No Injury,926146ab-2b25-4c6b-aff2-4baa88b3b1e0,D,ADJ353000C,Shoulder/Lap Belt(s),M,a1af67a0-e301-42f9-9720-ebf4258176f4,Same Direction Rear End,N,Non Intersection,Left Turn Lane,Dark Lights On,No Defects,One-way Trafficway,Dry,Clear,Six o'clock,Passenger Car,Superficial,N,Slowing or Stopping,2015-02-10 23:12,45,39.31143178,-76.6149509
N,Apparently Normal,No Misuse,N,No Injury,654ae8ab-05e5-4719-b4db-a6ead14661ef,D,ADJ3550003,Shoulder/Lap Belt(s),F,b5d17093-8b6b-47ea-a7b6-519bf7732aa5,Same Direction Rear End,N,Non Intersection,Right Turn Lane,Dark Lights On,No Defects,"Two-way, Divided, Positive Median Barrier",Dry,Clear,Six o'clock,Van,Functional,N,Stopped in Traffic Lane,2015-02-04 17:55,46,39.29394759,-76.68402314
N,Apparently Normal,No Misuse,N,No Injury,a117835e-228d-416c-b2da-056c92e3c55f,D,ADJ3550003,Shoulder/Lap Belt(s),M,81090592-077f-40ae-ab36-d8c685100840,Same Direction Rear End,N,Non Intersection,Right Turn Lane,Dark Lights On,No Defects,"Two-way, Divided, Positive Median Barrier",Dry,Clear,Six o'clock,Station Wagon,Disabling,N,Stopped in Traffic Lane,2015-02-04 17:55,42,39.29394759,-76.68402314
N,Ill,No Misuse,Y,Possible Incapacitating Injury,74507f71-5654-4acc-bc05-207731692ec8,D,ADJ3550003,Shoulder/Lap Belt(s),M,2705a97f-ae24-4156-91ed-f8cd79d73a8e,Same Direction Rear End,N,Non Intersection,Right Turn Lane,Dark Lights On,No Defects,"Two-way, Divided, Positive Median Barrier",Dry,Clear,Twelve o'clock,(Sport) Utility Vehicle,Disabling,N,Moving Constant Speed,2015-02-04 17:55,37,39.29394759,-76.68402314
N,Apparently Normal,No Misuse,N,No Injury,418edc58-a1a7-4861-8212-0b4c967afb1a,D,ADJ3550005,Shoulder/Lap Belt(s),F,0c4f7008-7e1b-435d-8ce8-e20d13d3a960,Same Direction Rear End,N,Intersection Related,Acceleration Lane,Daylight,No Defects,"Two-way, Divided, Positive Median Barrier",Ice,Cloudy,Six o'clock,Passenger Car,Superficial,N,Moving Constant Speed,2015-02-23 8:41,56,39.29359885,-76.68418407
N,Apparently Normal,No Misuse,N,No Injury,5067b859-97d3-4938-a277-b22592103366,D,ADJ3550005,Shoulder/Lap Belt(s),M,d1c92b42-f2b9-4157-81a4-b91fa15d55da,Same Direction Rear End,N,Intersection Related,Acceleration Lane,Daylight,No Defects,"Two-way, Divided, Positive Median Barrier",Ice,Cloudy,Five o'clock,Van,Superficial,N,Moving Constant Speed,2015-02-23 8:41,58,39.29359885,-76.68418407
N,Apparently Normal,No Misuse,Y,No Injury,144eb956-c59b-4a81-a679-94d4be79c8d7,D,ADJ3550005,Shoulder/Lap Belt(s),M,34b50acd-a670-435c-9caf-3c4bf0d0fad3,Same Direction Rear End,N,Intersection Related,Acceleration Lane,Daylight,No Defects,"Two-way, Divided, Positive Median Barrier",Ice,Cloudy,Eleven o'clock,(Sport) Utility Vehicle,Superficial,N,Moving Constant Speed,2015-02-23 8:41,23,39.29359885,-76.68418407
N,Apparently Normal,No Misuse,Y,No Injury,8cf945a9-a014-4062-aeb7-14aed73d638b,D,ADJ3550006,Shoulder/Lap Belt(s),F,22a69dd6-1176-4d3a-8fd5-7d0c4d318925,Same Direction Rear End,Y,Non Intersection,Right Turn Lane,Daylight,No Defects,"Two-way, Divided, Positive Median Barrier",Dry,Clear,Twelve o'clock,Passenger Car,Disabling,N,Moving Constant Speed,2015-02-28 12:13,25,39.29389777,-76.67519331
N,Apparently Normal,No Misuse,N,No Injury,2b3ec645-9667-4060-ae8a-eb4ccef231b3,D,ADJ3550006,Shoulder/Lap Belt(s),M,7f0d972d-aa88-42f4-9087-645ac9f2b634,Same Direction Rear End,Y,Non Intersection,Right Turn Lane,Daylight,No Defects,"Two-way, Divided, Positive Median Barrier",Dry,Clear,Six o'clock,(Sport) Utility Vehicle,Superficial,N,Moving Constant Speed,2015-02-28 12:13,69,39.29389777,-76.67519331
N,Apparently Normal,No Misuse,Y,No Injury,54845b22-f970-481e-b2f1-488f0175fbe8,D,ADJ3640003,Shoulder/Lap Belt(s),F,eafc9429-58b8-4ecb-982e-a75a46dac79e,Same Direction Rear End,N,Non Intersection,Right Turn Lane,Daylight,Shoulder Defect,"Two-way, Divided, Positive Median Barrier",Slush,Clear,Twelve o'clock,Passenger Car,Disabling,N,Moving Constant Speed,2015-02-28 12:12,45,39.35642559,-76.65696234
N,Apparently Normal,No Misuse,N,No Injury,ada912f1-ade1-477f-bcc8-e5c35083318c,D,ADJ3640003,Shoulder/Lap Belt(s),M,7f89365e-79dc-4030-ba7c-eed87f3d5107,Same Direction Rear End,N,Non Intersection,Right Turn Lane,Daylight,Shoulder Defect,"Two-way, Divided, Positive Median Barrier",Slush,Clear,Six o'clock,Passenger Car,Functional,N,Moving Constant Speed,2015-02-28 12:12,51,39.35642559,-76.65696234
N,Apparently Normal,No Misuse,N,No Injury,ec8dd49a-7656-4879-b1c6-e080dfc141b0,D,ADJ3700005,Shoulder/Lap Belt(s),F,4f235890-3cd4-4482-a4d2-32dd0c4e49b3,Same Direction Sideswipe,N,Non Intersection,Acceleration Lane,Daylight,No Defects,One-way Trafficway,Dry,Clear,Six o'clock,Passenger Car,Superficial,N,Moving Constant Speed,2015-03-31 12:15,28,39.29862507,-76.59002244
N,Apparently Normal,No Misuse,N,No Injury,6423b504-5033-4030-b0bf-667b51108b0c,D,ADJ3760002,Shoulder/Lap Belt(s),F,2f0a983a-72b8-418f-8da6-f183b0f7a6d2,Head On Left Turn,N,Intersection,Right Turn Lane,Daylight,No Defects,"Two-way, Not Divided",Dry,Cloudy,Eleven o'clock,Station Wagon,Functional,N,Stopped in Traffic Lane,2015-01-22 15:30,46,39.28939733,-76.58909976
N,Had Been Drinking,No Misuse,Y,No Injury,2dc4d145-0fd5-4295-901c-80dd7ca0f059,D,ADJ3760002,Shoulder/Lap Belt(s),M,647c4b0f-7c3d-4b2f-a4e8-338783ae50a2,Head On Left Turn,N,Intersection,Right Turn Lane,Daylight,No Defects,"Two-way, Not Divided",Dry,Cloudy,Eleven o'clock,Pickup Truck,Functional,N,Making Left Turn,2015-01-22 15:30,42,39.28939733,-76.58909976
N,Apparently Normal,No Misuse,Y,No Injury,16b3fef2-cbc6-487e-95d3-16128c35b9e5,D,ADJ3840004,Shoulder/Lap Belt(s),F,91e2a7db-05b4-4a99-ad03-cf76e9f58392,Same Direction Rear End,N,Non Intersection,Right Turn Lane,Daylight,No Defects,"Two-way, Divided, Positive Median Barrier",Dry,Clear,Twelve o'clock,Van,Superficial,N,Slowing or Stopping,2015-02-14 12:00,28,39.32831822,-76.6046083
N,Apparently Normal,No Misuse,Y,No Injury,8fd1796f-3f2c-41fd-9f9b-e8cb136d4d10,D,ADJ3900001,Shoulder/Lap Belt(s),F,0f370cb0-47cb-45b0-8a98-a0ebdffe5a1c,Same Movement Angle,N,Intersection,Right Turn Lane,Dark Lights On,No Defects,"Two-way, Not Divided",Dry,Clear,Seven o'clock,Passenger Car,Disabling,N,Accelerating,2015-01-14 17:30,55,39.31203123,-76.67429209
N,Apparently Normal,No Misuse,N,No Injury,ff1e6871-bfa9-481c-b638-c7942a5d71c6,D,ADJ3900001,Shoulder/Lap Belt(s),M,59463ba6-96a5-4a98-81e2-f950be6b00d0,Same Movement Angle,N,Intersection,Right Turn Lane,Dark Lights On,No Defects,"Two-way, Not Divided",Dry,Clear,Twelve o'clock,Passenger Car,Functional,N,Moving Constant Speed,2015-01-14 17:30,40,39.31203123,-76.67429209
N,Apparently Normal,No Misuse,N,No Injury,99c1be47-8fde-4c27-96b5-c6c4a88a6144,D,ADJ3900003,Shoulder/Lap Belt(s),F,54b8c012-4c8e-4a75-99e7-2003a654df4c,Same Direction Right Turn,N,Non Intersection,Left Turn Lane,Daylight,No Defects,One-way Trafficway,Dry,Clear,Seven o'clock,Passenger Car,Superficial,N,Moving Constant Speed,2015-01-20 17:05,36,39.30505623,-76.67394876
N,Apparently Normal,No Misuse,N,No Injury,7e87123c-11c1-42dc-b5ac-7ce1e8add415,D,ADJ3900007,Shoulder/Lap Belt(s),F,91f7f95d-229c-4d38-bb03-dd7dedf07126,Head On Left Turn,N,Non Intersection,Right Turn Lane,Daylight,No Defects,"Two-way, Divided, Unprotected (painted >4 feet) Median",Dry,Clear,Eleven o'clock,Passenger Car,Functional,N,Moving Constant Speed,2015-01-21 9:00,35,39.2719548,-76.6772747
N,Apparently Normal,No Misuse,Y,No Injury,2e0914a4-97d4-4aab-a076-ce7ea1be58e8,D,ADJ3900007,Shoulder/Lap Belt(s),M,9a6266b0-cd60-40d3-b06b-ca914429e7b2,Head On Left Turn,N,Non Intersection,Right Turn Lane,Daylight,No Defects,"Two-way, Divided, Unprotected (painted >4 feet) Median",Dry,Clear,Twelve o'clock,Passenger Car,Functional,N,Making Left Turn,2015-01-21 9:00,37,39.2719548,-76.6772747
N,Apparently Normal,No Misuse,N,No Injury,9fae3683-7a05-42d9-9f9e-2ca2dd86312f,D,ADJ3900009,Shoulder/Lap Belt(s),F,7d9b50e6-6d72-475e-b808-eb6966705e0d,Angle Meets Right Turn,N,Non Intersection,Left Turn Lane,Daylight,No Defects,"Two-way, Divided, Unprotected (painted >4 feet) Median",Dry,Clear,Eleven o'clock,Passenger Car,Functional,N,Moving Constant Speed,2015-01-27 15:15,26,39.29332647,-76.68940097
N,Apparently Normal,No Misuse,N,No Injury,de9ef263-3182-4e01-81e2-b11166dbfb7a,D,ADJ390000H,Shoulder/Lap Belt(s),F,518caffd-ef27-47b8-a0c8-9377a942f9d8,Same Direction Rear End,N,Non Intersection,Right Turn Lane,Daylight,No Defects,One-way Trafficway,Ice,Clear,One o'clock,Passenger Car,Superficial,N,Slowing or Stopping,2015-02-15 11:00,45,39.30694643,-76.67218521
N,Apparently Normal,No Misuse,Y,No Injury,583211cc-f861-43a8-b22f-21d0328aeae8,D,ADJ390000J,Shoulder/Lap Belt(s),F,b496f069-58d7-49af-84be-0d901747d50b,Same Direction Rear End,N,Non Intersection,Right Turn Lane,Daylight,No Defects,"Two-way, Divided, Unprotected (painted >4 feet) Median",Dry,Clear,Twelve o'clock,(Sport) Utility Vehicle,No Damage,N,Slowing or Stopping,2015-02-12 14:00,57,39.27443612,-76.67155087
N,Apparently Normal,No Misuse,N,No Injury,8aa42f7d-79a3-4cf8-9096-df82192a22ef,D,ADJ390000L,Shoulder/Lap Belt(s),F,bbad54b8-6da4-4f7c-8bab-ce44f2e7e11f,Same Direction Rear End,N,Non Intersection,Left Turn Lane,Daylight,No Defects,"Two-way, Divided, Positive Median Barrier",Dry,Clear,Six o'clock,Passenger Car,Superficial,N,Slowing or Stopping,2015-03-21 9:00,31,39.29455371,-76.67235017
N,Apparently Normal,No Misuse,N,No Injury,f773a82f-80f5-4998-a6f6-6c07181489c6,D,ADJ3930004,Shoulder/Lap Belt(s),F,fe639541-34b6-439f-a44d-3a6fd5f2ac24,Same Direction Rear End,N,Non Intersection,Right Turn Lane,Dark Lights On,No Defects,"Two-way, Not Divided",Dry,Clear,Six o'clock,Passenger Car,Functional,N,Slowing or Stopping,2015-02-27 18:18,27,39.29289308,-76.65625691
N,Apparently Normal,No Misuse,Y,No Injury,5eb909a8-593f-43ba-9218-03b4ab9c4532,D,ADJ3940004,Shoulder/Lap Belt(s),F,78c0a186-eca8-4173-b9bd-38a42fdfc678,Single Vehicle ,N,Non Intersection,Left Turn Lane,Daylight,No Defects,"Two-way, Divided, Positive Median Barrier",Wet,Raining,Twelve o'clock,(Sport) Utility Vehicle,Disabling,N,Moving Constant Speed,2015-03-26 12:11,23,39.31648693,-76.63785696
N,Had Been Drinking,No Misuse,Y,No Injury,ad17e3af-b44a-4a97-8d2c-73f9a1b7a207,D,ADJ4140005,Shoulder/Lap Belt(s),M,c0097145-3743-4461-84a2-a1ad12b99baa,Same Direction Rear End,N,Intersection Related,Right Turn Lane,Dark Lights On,No Defects,"Two-way, Divided, Unprotected (painted >4 feet) Median",Wet,Clear,Twelve o'clock,Pickup Truck,Functional,N,Slowing or Stopping,2015-03-07 19:00,56,39.31346966,-76.56808197
N,Apparently Normal,No Misuse,N,No Injury,d1eaf18e-b3bb-400b-a47a-a8429d07ec41,D,ADJ4240002,Shoulder/Lap Belt(s),F,e90494f4-c2b9-4700-92fd-5d28593b38e1,Same Direction Rear End,N,Non Intersection,Left Turn Lane,Daylight,No Defects,"Two-way, Divided, Positive Median Barrier",Snow,Snow,Four o'clock,(Sport) Utility Vehicle,Superficial,N,Moving Constant Speed,2015-01-06 7:30,46,39.29161437,-76.60324574
N,Apparently Normal,No Misuse,Y,No Injury,e068c21c-53bf-42f6-bb8c-c84e0faa3190,D,ADJ4240002,Shoulder/Lap Belt(s),F,66597fe5-880d-4591-ae17-69a0eaf1a162,Same Direction Rear End,N,Non Intersection,Left Turn Lane,Daylight,No Defects,"Two-way, Divided, Positive Median Barrier",Snow,Snow,Six o'clock,Passenger Car,Superficial,N,Skidding,2015-01-06 7:30,56,39.29161437,-76.60324574
N,Apparently Normal,No Misuse,N,No Injury,a123a931-2caf-40e9-8c62-334bbfaf08d0,D,ADJ4240002,Shoulder/Lap Belt(s),M,e61b99f7-eba9-4e18-bf39-56bf84067049,Same Direction Rear End,N,Non Intersection,Left Turn Lane,Daylight,No Defects,"Two-way, Divided, Positive Median Barrier",Snow,Snow,Twelve o'clock,Passenger Car,Disabling,N,Moving Constant Speed,2015-01-06 7:30,25,39.29161437,-76.60324574
N,Apparently Normal,No Misuse,Y,No Injury,f05a4b54-51ba-453c-8753-1fbfa672255b,D,ADJ4240003,Shoulder/Lap Belt(s),F,cc9414d2-8f18-499b-ab62-05d4d77a7392,Same Direction Right Turn,N,Non Intersection,Right Turn Lane,Daylight,No Defects,"Two-way, Not Divided",Dry,Clear,Ten o'clock,Passenger Car,Functional,N,Passing,2015-01-09 9:45,28,39.28870812,-76.59554243
N,Apparently Normal,No Misuse,N,No Injury,2855d50d-c854-41e7-89f2-1186c6407f4d,D,ADJ4240003,Shoulder/Lap Belt(s),M,08b6eebb-2e07-426a-ac78-2945c3f575c8,Same Direction Right Turn,N,Non Intersection,Right Turn Lane,Daylight,No Defects,"Two-way, Not Divided",Dry,Clear,One o'clock,"Other Light Trucks (10,000 lbs (4,536 kg))",No Damage,N,Making Right Turn,2015-01-09 9:45,27,39.28870812,-76.59554243
N,Apparently Normal,No Misuse,Y,No Injury,6b19dc94-4f15-4aa2-a86b-67e945986767,D,ADJ4240004,Shoulder/Lap Belt(s),F,a9a65200-8492-4119-9b5e-9b1459258bee,Same Movement Angle,N,Intersection,Right Turn Lane,Daylight,No Defects,"Two-way, Not Divided",Dry,Clear,Eleven o'clock,Passenger Car,Functional,N,Accelerating,2015-01-10 10:20,46,39.2895551,-76.58612251