CDL_FLAG,CONDITION_CODE,EQUIP_PROB_CODE,FAULT_FLAG,INJ_SEVER_CODE,PERSON_ID,PERSON_TYPE,REPORT_NO,SAF_EQUIP_CODE,SEX_CODE,VEHICLE_ID,COLLISION_TYPE_CODE,C_M_ZONE_FLAG,JUNCTION_CODE,LANE_CODE,LIGHT_CODE,RD_COND_CODE,RD_DIV_CODE,SURF_COND_CODE,WEATHER_CODE,AREA_DAMAGED_CODE_MAIN,BODY_TYPE_CODE,DAMAGE_CODE,HIT_AND_RUN_FLAG,MOVEMENT_CODE,TIME,AGE,LATITUDE,LONGITUDE
N,Apparently Normal,No Misuse,Y,No Injury,3e5904f4-c077-4a8d-930c-018039f446f8,D,AE34380021,Shoulder/Lap Belt(s),F,ace966a6-ebec-45c6-91b4-3fd21b521b40,Same Direction Rear End,N,Intersection Related,Left Turn Lane,Daylight,No Defects,"Two-way, Divided, Unprotected (painted >4 feet) Median",Dry,Clear,Twelve o'clock,Passenger Car,Disabling,N,Slowing or Stopping,2015-01-09 15:53,26,39.39588542,-76.57616615
N,Apparently Normal,No Misuse,N,No Injury,e84fb198-24fe-4d4a-bee9-427fa4311b34,D,AE34380021,Shoulder/Lap Belt(s),M,fc33392f-c1b8-4960-9ecd-5f2d7b98aace,Same Direction Rear End,N,Intersection Related,Left Turn Lane,Daylight,No Defects,"Two-way, Divided, Unprotected (painted >4 feet) Median",Dry,Clear,Six o'clock,Pickup Truck,Functional,N,Stopped in Traffic Lane,2015-01-09 15:53,41,39.39588542,-76.57616615
N,Apparently Normal,No Misuse,Y,No Injury,223cf1b7-ea9e-4efc-8879-2a28187c34cf,D,AE34380023,Shoulder/Lap Belt(s),F,c3dfb488-2542-4f0c-afb8-8e53371e8a89,Angle Meets Left Turn Head On,N,Intersection,Right Turn Lane,Dusk,No Defects,"Two-way, Not Divided",Dry,Cloudy,Eleven o'clock,(Sport) Utility Vehicle,Disabling,N,Making Left Turn,2015-01-22 16:59,31,39.40914979,-76.65320992
N,Apparently Normal,No Misuse,N,Possible Incapacitating Injury,a2855f3c-00e7-412e-a861-27a6f8189e09,D,AE34380023,Shoulder/Lap Belt(s),F,da55f28f-d258-478d-b4c8-95cb79cf395d,Angle Meets Left Turn Head On,N,Intersection,Right Turn Lane,Dusk,No Defects,"Two-way, Not Divided",Dry,Cloudy,Twelve o'clock,(Sport) Utility Vehicle,Disabling,N,Moving Constant Speed,2015-01-22 16:59,40,39.40914979,-76.65320992
N,Apparently Normal,No Misuse,N,No Injury,85d16ee0-ba58-4d56-96b8-3a4eede97ddc,D,AE34380026,Shoulder/Lap Belt(s),F,b2bac63e-7e8a-450d-b8b0-8176348c9786,Same Direction Left Turn,N,Intersection,Right Turn Lane,Daylight,No Defects,One-way Trafficway,Dry,Clear,One o'clock,Van,Disabling,N,Moving Constant Speed,2015-01-28 14:18,38,39.40075,-76.60523057
N,Apparently Normal,No Misuse,Y,Non-incapacitating Injury,35a0c8b0-74ac-4d48-923f-3dc5684edf7a,D,AE34380026,Shoulder/Lap Belt(s),M,bf317745-9dab-4c05-8458-c2ffce59a8f4,Same Direction Left Turn,N,Intersection,Right Turn Lane,Daylight,No Defects,One-way Trafficway,Dry,Clear,Nine o'clock,(Sport) Utility Vehicle,Disabling,N,Making Left Turn,2015-01-28 14:18,55,39.40075,-76.60523057
N,Apparently Normal,No Misuse,Y,No Injury,31ab313d-1090-4bd2-8537-b2f59041e5c4,D,AE34380029,Shoulder/Lap Belt(s),F,0a3300b4-5864-406b-a1b2-7c15e3d6d7a0,Same Direction Rear End,N,Non Intersection,Right Turn Lane,Daylight,No Defects,"Two-way, Divided, Unprotected (painted >4 feet) Median",Wet,Clear,Twelve o'clock,Passenger Car,Functional,N,Moving Constant Speed,2015-02-17 14:23,36,39.39735809,-76.56327546
N,Apparently Normal,No Misuse,Y,Possible Incapacitating Injury,81a200ec-35e9-41eb-bac0-9ea9fbdf63ff,D,AE34380029,Shoulder/Lap Belt(s),F,802140c9-ef4f-4b74-a05f-d0a2a3e26855,Same Direction Rear End,N,Non Intersection,Right Turn Lane,Daylight,No Defects,"Two-way, Divided, Unprotected (painted >4 feet) Median",Wet,Clear,Twelve o'clock,Passenger Car,Functional,N,Moving Constant Speed,2015-02-17 14:23,24,39.39735809,-76.56327546
N,Apparently Normal,No Misuse,N,No Injury,9092c279-63a5-4e3b-9598-6e0523f2ea5a,D,AE34380029,Shoulder/Lap Belt(s),M,c5da93d0-0144-4219-9b6d-4686d99493f8,Same Direction Rear End,N,Non Intersection,Right Turn Lane,Daylight,No Defects,"Two-way, Divided, Unprotected (painted >4 feet) Median",Wet,Clear,Six o'clock,Passenger Car,Functional,N,Slowing or Stopping,2015-02-17 14:23,62,39.39735809,-76.56327546
N,Apparently Normal,No Misuse,Y,No Injury,b2792b0d-c640-4626-bcc9-8fdbf72eb5be,D,AE3438002B,Shoulder/Lap Belt(s),F,9253ccd9-f1f5-4cf1-8468-5527bc019281,Same Direction Rear End,N,Intersection Related,Right Turn Lane,Daylight,No Defects,"Two-way, Not Divided",Dry,Cloudy,Twelve o'clock,Passenger Car,Disabling,N,Moving Constant Speed,2015-02-18 15:10,40,39.40246818,-76.60322696
N,Apparently Normal,No Misuse,N,Possible Incapacitating Injury,7124846f-b157-4438-9739-4da2d9dd9fe0,D,AE3438002B,Shoulder/Lap Belt(s),F,d827e6ff-668f-43ec-80f7-5212dc749099,Same Direction Rear End,N,Intersection Related,Right Turn Lane,Daylight,No Defects,"Two-way, Not Divided",Dry,Cloudy,Six o'clock,(Sport) Utility Vehicle,Functional,N,Stopped in Traffic Lane,2015-02-18 15:10,59,39.40246818,-76.60322696
N,Apparently Normal,No Misuse,N,No Injury,15b1bf85-16f8-47ad-b4c8-dfbf41890af9,D,AE3438002B,Shoulder/Lap Belt(s),M,4de6c855-d88b-454a-bac1-6a26001e6dc1,Same Direction Rear End,N,Intersection Related,Right Turn Lane,Daylight,No Defects,"Two-way, Not Divided",Dry,Cloudy,Six o'clock,(Sport) Utility Vehicle,Functional,N,Stopped in Traffic Lane,2015-02-18 15:10,50,39.40246818,-76.60322696
Y,Apparently Normal,No Misuse,Y,No Injury,4f405b0e-07d8-4b8f-aba6-9950b63f3c20,D,AE3438002D,Shoulder/Lap Belt(s),F,e37e9070-3a9c-4553-bde6-eb41b835f5dd,Same Direction Right Turn,N,Intersection Related,Right Turn Lane,Daylight,No Defects,"Two-way, Not Divided",Dry,Clear,Three o'clock,School Bus,Superficial,N,Starting From Lane,2015-02-20 15:15,69,39.39524701,-76.58449173
N,Apparently Normal,No Misuse,N,No Injury,37bb145f-44ec-4add-a61d-22308122b708,D,AE3438002D,Shoulder/Lap Belt(s),M,def301ea-39c1-47dd-87ec-8eb1adf8117f,Same Direction Right Turn,N,Intersection Related,Right Turn Lane,Daylight,No Defects,"Two-way, Not Divided",Dry,Clear,Ten o'clock,Passenger Car,Functional,N,Stopped in Traffic Lane,2015-02-20 15:15,23,39.39524701,-76.58449173
N,Apparently Normal,No Misuse,N,No Injury,c9971780-e63f-4248-a7c7-890168057f97,D,AE3438002T,Shoulder/Lap Belt(s),F,22aeaa9d-81c2-4d88-92b6-e7759c116883,Same Direction Rear End,N,Non Intersection,Left Turn Lane,Daylight,No Defects,"Two-way, Divided, Unprotected (painted >4 feet) Median",Dry,Cloudy,Six o'clock,(Sport) Utility Vehicle,Functional,N,Stopped in Traffic Lane,2015-03-31 17:22,46,39.3969591,-76.58007145
N,Had Been Drinking,No Misuse,Y,No Injury,f675eb27-c5d4-4f0b-b53a-bcea0fcc6211,D,AE3438002T,Shoulder/Lap Belt(s),F,3aedd3d2-68d8-4f16-99da-587d0f64292b,Same Direction Rear End,N,Non Intersection,Left Turn Lane,Daylight,No Defects,"Two-way, Divided, Unprotected (painted >4 feet) Median",Dry,Cloudy,Twelve o'clock,Passenger Car,Disabling,N,Moving Constant Speed,2015-03-31 17:22,25,39.3969591,-76.58007145
N,Apparently Normal,No Misuse,N,Possible Incapacitating Injury,b9399d2c-d24d-474e-b0db-b993b444d55d,D,AE3438002T,Shoulder/Lap Belt(s),M,7fa9f574-8f45-4d14-b5be-d454ec4bd3c1,Same Direction Rear End,N,Non Intersection,Left Turn Lane,Daylight,No Defects,"Two-way, Divided, Unprotected (painted >4 feet) Median",Dry,Cloudy,Six o'clock,Passenger Car,Disabling,N,Stopped in Traffic Lane,2015-03-31 17:22,46,39.3969591,-76.58007145
N,Apparently Normal,No Misuse,N,No Injury,fca54d19-0221-4658-bebf-36ac3ea07a30,D,AE3472000M,Shoulder/Lap Belt(s),F,840d7abd-adf3-4998-9422-f62abd602f0f,Single Vehicle ,N,Non Intersection,Right Turn Lane,Dark No Lights,No Defects,"Two-way, Not Divided",Dry,Clear,Twelve o'clock,Passenger Car,Superficial,N,Passing,2015-02-25 20:13,25,39.345184,-76.4756155
N,Apparently Normal,No Misuse,N,No Injury,450d121b-88ad-4e62-be83-52013c75c5c6,D,AE34810004,Shoulder/Lap Belt(s),F,e3372eb9-76c0-424f-ab85-e06254b251a8,Same Movement Angle,N,Intersection Related,Left Turn Lane,Daylight,No Defects,"Two-way, Not Divided",Dry,Clear,Twelve o'clock,Passenger Car,Disabling,N,Moving Constant Speed,2015-01-17 9:30,48,39.49461953,-76.67025805
N,Apparently Normal,No Misuse,Y,No Injury,e5805a3e-e19d-41ce-b647-82a47bcec844,D,AE34810004,Shoulder Belt Only,F,8cc458e4-d1c4-4cc5-9fec-81317119acee,Same Movement Angle,N,Intersection Related,Left Turn Lane,Daylight,No Defects,"Two-way, Not Divided",Dry,Clear,Three o'clock,Passenger Car,Disabling,N,Making Left Turn,2015-01-17 9:30,79,39.49461953,-76.67025805
N,Apparently Normal,No Misuse,N,Possible Incapacitating Injury,563d3870-5a55-4c5c-aecf-0defeed508a2,D,AE3500001K,Shoulder/Lap Belt(s),F,7637b67d-6608-4957-b67b-e3501f2c25b5,Head On,N,Non Intersection,Right Turn Lane,Dark Lights On,No Defects,"Two-way, Not Divided",Wet,Cloudy,Twelve o'clock,(Sport) Utility Vehicle,Disabling,N,Moving Constant Speed,2015-03-20 23:08,56,39.43083989,-76.59631491
N,Apparently Normal,No Misuse,Y,No Injury,7904b4e0-e7b5-46a5-b4ab-b85c9fb6f159,D,AE35130007,Shoulder Belt Only,F,5a810283-6210-4ae9-aa82-175bb6d3fb63,Head On Left Turn,N,Non Intersection,Right Turn Lane,Daylight,No Defects,"Two-way, Divided, Unprotected (painted >4 feet) Median",Wet,Clear,Twelve o'clock,Passenger Car,Disabling,N,Skidding,2015-02-15 11:30,32,39.43818167,-76.80280209
N,Apparently Normal,No Misuse,N,No Injury,e170ffa2-8e19-450f-a47b-f2733315ffa4,D,AE35130007,Shoulder Belt Only,M,92b334d8-1a74-4ee2-97b3-d5e56cbcd3d5,Head On Left Turn,N,Non Intersection,Right Turn Lane,Daylight,No Defects,"Two-way, Divided, Unprotected (painted >4 feet) Median",Wet,Clear,Twelve o'clock,Passenger Car,Disabling,N,Moving Constant Speed,2015-02-15 11:30,31,39.43818167,-76.80280209
N,Apparently Normal,No Misuse,Y,No Injury,2e16b750-975d-46b7-858e-814f1d4e3aca,D,AE35250003,Shoulder/Lap Belt(s),F,1ed05a55-7c00-4222-b993-68a5ba715408,Single Vehicle ,N,Intersection,Right Turn Lane,Daylight,No Defects,"Two-way, Not Divided",Ice,Wintry Mix,Twelve o'clock,Recreational Vehicle,Disabling,N,Skidding,2015-01-19 8:41,32,39.51975086,-76.54144764
N,Apparently Normal,No Misuse,N,No Injury,03b889a4-df5b-44ae-a245-5140b0e9538c,D,AE36150005,Shoulder/Lap Belt(s),M,a70c7f9b-fa13-4121-a75b-844a42274837,Head On Left Turn,N,Intersection,Left Turn Lane,Dawn,No Defects,"Two-way, Divided, Positive Median Barrier",Dry,Clear,One o'clock,Passenger Car,Functional,N,Moving Constant Speed,2015-01-28 5:40,39,39.33844647,-76.48320079
N,Apparently Normal,No Misuse,Y,No Injury,a3395d8c-7a14-4d6f-8f02-e17857612834,D,AE36150006,Shoulder/Lap Belt(s),F,49aaf8ff-ea7a-44c2-88d8-7faa4c3cb341,Same Movement Angle,N,Intersection,Right Turn Lane,Dark Lights On,No Defects,"Two-way, Not Divided",Dry,Clear,Eleven o'clock,Passenger Car,Functional,N,Moving Constant Speed,2015-02-14 3:36,26,39.33121038,-76.50017649
N,Apparently Normal,No Misuse,N,No Injury,18ab73f5-0b87-456e-8b49-3039319aae3b,D,AE36150006,Shoulder/Lap Belt(s),M,cebc61da-dbcf-489c-88c3-778b7f085961,Same Movement Angle,N,Intersection,Right Turn Lane,Dark Lights On,No Defects,"Two-way, Not Divided",Dry,Clear,Eight o'clock,Pickup Truck,Functional,N,Moving Constant Speed,2015-02-14 3:36,25,39.33121038,-76.50017649
N,Apparently Normal,No Misuse,Y,No Injury,9d583bcf-fe45-41d3-aea1-1b6535e9a386,D,AE37120004,Shoulder/Lap Belt(s),F,66e45fbe-c609-4d07-9fd5-de44b53c50dc,Same Direction Rear End,N,Non Intersection,Right Turn Lane,Dark Lights On,No Defects,One-way Trafficway,Dry,Clear,Twelve o'clock,(Sport) Utility Vehicle,Superficial,Y,Starting From Parked,2015-03-22 2:20,40,39.27048734,-76.52664185
N,Apparently Normal,No Misuse,N,No Injury,c95693f2-0ad6-457c-a81c-f37f588db35d,D,AE37120004,Shoulder/Lap Belt(s),M,c58c7d57-3d7a-42de-b63d-afb747b62fe4,Same Direction Rear End,N,Non Intersection,Right Turn Lane,Dark Lights On,No Defects,One-way Trafficway,Dry,Clear,Six o'clock,Passenger Car,Superficial,N,Parked  ,2015-03-22 2:20,47,39.27048734,-76.52664185
N,Apparently Normal,No Misuse,N,No Injury,bf4857d5-f143-4d4f-809c-f39e6d289c34,D,AE3770000W,Shoulder/Lap Belt(s),F,46b78b2a-0301-41f2-890c-17d199ee23ec,Same Direction Left Turn,N,Intersection Related,Right Turn Lane,Dark Lights On,No Defects,"Two-way, Not Divided",Dry,Clear,Twelve o'clock,(Sport) Utility Vehicle,Disabling,N,Making Left Turn,2015-01-05 19:40,56,39.28912331,-76.52640581
N,Apparently Normal,No Misuse,Y,No Injury,82f05380-5bfb-4420-b6da-29271b192050,D,AE3770001H,Shoulder/Lap Belt(s),F,1ae4bec7-6a54-423e-831b-4ac1e59390fc,Opposite Direction Sideswipe,N,Non Intersection,Right Turn Lane,Daylight,No Defects,"Two-way, Not Divided",Dry,Clear,Eleven o'clock,Passenger Car,Disabling,N,Moving Constant Speed,2015-02-24 12:37,50,39.28012152,-76.5113318
N,Apparently Normal,No Misuse,N,Non-incapacitating Injury,bf2d5802-fd6c-47bc-8c4c-ec7a7d057a12,D,AE3770001H,Shoulder/Lap Belt(s),F,5e24aa3f-5b95-4c9b-b0f9-bb4554850e29,Opposite Direction Sideswipe,N,Non Intersection,Right Turn Lane,Daylight,No Defects,"Two-way, Not Divided",Dry,Clear,Eleven o'clock,Passenger Car,Disabling,N,Moving Constant Speed,2015-02-24 12:37,32,39.28012152,-76.5113318
N,Apparently Normal,No Misuse,N,Non-incapacitating Injury,58b175cd-f4ef-43cb-a13e-6c09424f994c,D,AE3770001H,Shoulder/Lap Belt(s),F,6b84057c-0178-4b89-a72a-76fe3821f036,Opposite Direction Sideswipe,N,Non Intersection,Right Turn Lane,Daylight,No Defects,"Two-way, Not Divided",Dry,Clear,Twelve o'clock,Passenger Car,Disabling,N,Moving Constant Speed,2015-02-24 12:37,28,39.28012152,-76.5113318
N,Apparently Normal,No Misuse,N,No Injury,37426067-6465-4301-a8a3-4930c285e1c2,D,AE3788000V,Shoulder/Lap Belt(s),M,c1a7694b-c3e6-4129-b797-cde3b90e7bd3,Head On Left Turn,N,Intersection,Left Turn Lane,Daylight,No Defects,"Two-way, Not Divided",Dry,Clear,Twelve o'clock,Passenger Car,Disabling,N,Moving Constant Speed,2015-01-15 16:12,31,39.38125852,-76.82317615
N,Apparently Normal,No Misuse,Y,No Injury,0dac19df-5e12-463c-a2d0-b1ca4e237f21,D,AE3788000W,Shoulder/Lap Belt(s),F,217ddbb0-0f39-4dd0-be39-7243f656f218,Same Direction Left Turn,N,Non Intersection,Right Turn Lane,Dark Lights On,No Defects,"Two-way, Not Divided",Dry,Clear,Eleven o'clock,Passenger Car,Disabling,N,Starting From Parked,2015-01-15 18:06,45,39.32629738,-76.71789408
N,Apparently Normal,No Misuse,N,No Injury,2f34b12d-28d5-4668-8270-de7262baf809,D,AE3788000W,Shoulder/Lap Belt(s),M,5c283343-731e-4941-99c9-39589389c9eb,Same Direction Left Turn,N,Non Intersection,Right Turn Lane,Dark Lights On,No Defects,"Two-way, Not Divided",Dry,Clear,One o'clock,Passenger Car,Disabling,N,Moving Constant Speed,2015-01-15 18:06,69,39.32629738,-76.71789408
N,Apparently Normal,No Misuse,N,No Injury,e3043e97-bc53-48e7-b863-253d69397228,D,AE3788000Y,Shoulder/Lap Belt(s),F,8b4ad1c4-0846-4e68-a072-32075ec5c898,Single Vehicle ,N,Non Intersection,Right Turn Lane,Dawn,No Defects,"Two-way, Not Divided",Dry,Clear,Twelve o'clock,Passenger Car,No Damage,N,Moving Constant Speed,2015-01-29 7:01,58,39.32568323,-76.73306465
N,Apparently Normal,No Misuse,N,Possible Incapacitating Injury,11827f68-9a52-4375-b472-21c76b4fb862,D,AE37880010,Shoulder/Lap Belt(s),F,87a3d7d9-736b-4a5b-8304-f68d6988db38,Head On Left Turn,N,Intersection,Right Turn Lane,Dark Lights On,No Defects,"Two-way, Not Divided",Dry,Cloudy,Twelve o'clock,Passenger Car,Disabling,N,Moving Constant Speed,2015-02-04 19:30,27,39.32661275,-76.76076651
N,Apparently Normal,No Misuse,N,No Injury,48e48e91-5f0a-4d81-bc73-7c0c9bd2fc97,D,AE37880011,Shoulder/Lap Belt(s),F,0859da5b-87fd-4d5b-8268-a56d5f0328be,Same Direction Rear End,N,Intersection Related,Left Turn Lane,Dark Lights On,No Defects,"Two-way, Divided, Positive Median Barrier",Dry,Cloudy,Six o'clock,Passenger Car,Functional,N,Stopped in Traffic Lane,2015-02-04 21:06,24,39.31223698,-76.7351836
N,Apparently Normal,No Misuse,N,No Injury,aa6c3cbb-110a-4908-b277-f3b43140a716,D,AE37880011,Shoulder/Lap Belt(s),M,45686e8a-1991-432a-a6fc-e453b6cdaa7b,Same Direction Rear End,N,Intersection Related,Left Turn Lane,Dark Lights On,No Defects,"Two-way, Divided, Positive Median Barrier",Dry,Cloudy,Six o'clock,Passenger Car,Functional,N,Stopped in Traffic Lane,2015-02-04 21:06,61,39.31223698,-76.7351836
N,Apparently Normal,No Misuse,Y,No Injury,36ae9fa9-00f5-4546-8914-47efac7c3580,D,AE37880011,Shoulder/Lap Belt(s),M,3c32a042-8510-4208-8bb0-80ce2a80857b,Same Direction Rear End,N,Intersection Related,Left Turn Lane,Dark Lights On,No Defects,"Two-way, Divided, Positive Median Barrier",Dry,Cloudy,Twelve o'clock,Passenger Car,Disabling,N,Slowing or Stopping,2015-02-04 21:06,57,39.31223698,-76.7351836
N,Apparently Normal,No Misuse,Y,No Injury,57f55baa-50e5-4a90-ac7f-a648a5d6a7c8,D,AE37880013,Shoulder/Lap Belt(s),F,7ab98ba4-1e60-4791-bcf0-69181ab44042,Head On Left Turn,N,Intersection,Right Turn Lane,Dark Lights On,No Defects,"Two-way, Not Divided",Dry,Cloudy,One o'clock,Passenger Car,Disabling,N,Making Left Turn,2015-02-05 19:19,39,39.32859624,-76.75877094
N,Apparently Normal,No Misuse,N,Possible Incapacitating Injury,b08aab75-6dd6-40c3-82c8-ca10a34344ff,D,AE37880013,Shoulder/Lap Belt(s),F,fcf62391-e96e-45ef-9feb-2387676644a6,Head On Left Turn,N,Intersection,Right Turn Lane,Dark Lights On,No Defects,"Two-way, Not Divided",Dry,Cloudy,Eleven o'clock,Passenger Car,Disabling,N,Moving Constant Speed,2015-02-05 19:19,45,39.32859624,-76.75877094
N,Apparently Normal,No Misuse,N,No Injury,d1c1fef8-1ed9-423d-bcb9-a616019f284b,D,AE37880018,Shoulder/Lap Belt(s),F,bbcbb137-a5ad-45aa-9110-6ff2a7fd466e,Opposite Direction Sideswipe,N,Non Intersection,Right Turn Lane,Daylight,No Defects,"Two-way, Not Divided",Dry,Clear,Ten o'clock,(Sport) Utility Vehicle,Functional,N,Moving Constant Speed,2015-02-18 11:11,56,39.308955,-76.760826
N,Apparently Normal,No Misuse,N,Possible Incapacitating Injury,39048daa-1fb6-4542-a51d-592b52996276,D,AE37880019,Shoulder/Lap Belt(s),F,9bed36ef-5895-4411-ad93-b224c0580900,Same Direction Rear End,N,Residential Driveway,Right Turn Lane,Dawn,No Defects,"Two-way, Not Divided",Dry,Clear,Twelve o'clock,(Sport) Utility Vehicle,Disabling,N,Moving Constant Speed,2015-02-19 6:15,27,39.29594861,-76.75329924
N,Apparently Normal,No Misuse,N,No Injury,8be6d14c-0afb-43ec-ab61-fd5f8b40dbe0,D,AE3788001D,Shoulder/Lap Belt(s),F,919324a2-fc1c-47c3-8188-48a4225bb468,Head On,N,Non Intersection,Right Turn Lane,Daylight,No Defects,"Two-way, Not Divided",Ice,Clear,Eleven o'clock,Passenger Car,Disabling,N,Moving Constant Speed,2015-02-23 16:03,43,39.3509585,-76.79464817
N,Apparently Normal,No Misuse,N,No Injury,b6fc4e86-7235-4fcb-ab99-4a57760bf2b2,D,AE3788001F,Shoulder/Lap Belt(s),F,971799fa-c403-4740-bde5-2c0ad2bd9425,Same Movement Angle,N,Intersection,Right Turn Lane,Daylight,No Defects,"Two-way, Not Divided",Wet,Clear,Seven o'clock,School Bus,Superficial,N,Moving Constant Speed,2015-02-24 15:47,61,39.29669587,-76.76593781
N,Apparently Normal,No Misuse,Y,No Injury,1a288e71-8c28-4edf-bcbb-daf43b5f886d,D,AE3788001F,Shoulder/Lap Belt(s),F,8c2c9c64-3cb4-4ec9-9b1f-0f146924352a,Same Movement Angle,N,Intersection,Right Turn Lane,Daylight,No Defects,"Two-way, Not Divided",Wet,Clear,One o'clock,(Sport) Utility Vehicle,Functional,N,Making Left Turn,2015-02-24 15:47,62,39.29669587,-76.76593781
N,Apparently Normal,No Misuse,Y,No Injury,dbee394a-40d8-4905-9292-50ca18b5312e,D,AE3788001G,Shoulder/Lap Belt(s),F,d3eb2a1d-3fc6-4a82-a5ed-ed602d2a6bd5,Same Movement Angle,N,Intersection,Left Turn Lane,Dark Lights On,No Defects,"Two-way, Not Divided",Ice,Clear,Eleven o'clock,Passenger Car,Disabling,N,Making Right Turn,2015-02-24 21:08,32,39.32579942,-76.76147461
N,Apparently Normal,No Misuse,N,No Injury,aadffb5e-e12d-4841-a8ff-e11dfff10bef,D,AE3788001G,Shoulder/Lap Belt(s),M,b41c134c-b432-4448-aad2-0369e377a7f4,Same Movement Angle,N,Intersection,Left Turn Lane,Dark Lights On,No Defects,"Two-way, Not Divided",Ice,Clear,Twelve o'clock,(Sport) Utility Vehicle,Disabling,N,Moving Constant Speed,2015-02-24 21:08,47,39.32579942,-76.76147461
N,Apparently Normal,No Misuse,Y,No Injury,d9891ca1-d2d9-4732-8a20-a3ff94c03b86,D,AE3788001H,Shoulder/Lap Belt(s),F,556390ea-249f-4cfd-8e0f-7c711a4f13ef,Same Movement Angle,N,Intersection,Right Turn Lane,Dark Lights On,No Defects,"Two-way, Not Divided",Dry,Clear,One o'clock,Passenger Car,Disabling,N,Accelerating,2015-02-25 19:58,61,39.34647833,-76.75377131
N,Apparently Normal,No Misuse,N,No Injury,ad94720b-cede-483c-bd18-98c27e37de15,D,AE3788001H,Shoulder/Lap Belt(s),M,d1b2567d-e12d-4cc7-9344-1947c45f3823,Same Movement Angle,N,Intersection,Right Turn Lane,Dark Lights On,No Defects,"Two-way, Not Divided",Dry,Clear,Twelve o'clock,Pickup Truck,Functional,N,Moving Constant Speed,2015-02-25 19:58,53,39.34647833,-76.75377131
N,Apparently Normal,No Misuse,N,No Injury,1c37073a-6e36-40a3-a5cf-fd2e33adfcdc,D,AE3788001V,Shoulder/Lap Belt(s),F,6959d4cd-1ec5-417b-97a8-ccde2e7622d1,Same Movement Angle,N,Commercial Driveway,Left Turn Lane,Daylight,No Defects,"Two-way, Not Divided",Wet,Cloudy,Twelve o'clock,Passenger Car,Functional,N,Slowing or Stopping,2015-03-20 16:50,59,39.3600839,-76.77521825
N,Apparently Normal,No Misuse,Y,No Injury,349c7548-6440-467e-802f-c43e0f3ddcc5,D,AE3788001V,Shoulder/Lap Belt(s),F,23910ab5-b896-4050-81c4-08127c364701,Same Movement Angle,N,Commercial Driveway,Left Turn Lane,Daylight,No Defects,"Two-way, Not Divided",Wet,Cloudy,Eleven o'clock,Passenger Car,Disabling,N,Making Left Turn,2015-03-20 16:50,29,39.3600839,-76.77521825
N,Apparently Normal,No Misuse,N,No Injury,2ab114a7-cb5e-4e6a-9321-8ea46d1273cb,D,AE37980007,Shoulder/Lap Belt(s),F,aeed2770-4fc3-4026-bd09-06fa531d9d52,Same Movement Angle,N,Intersection,Left Turn Lane,Daylight,No Defects,"Two-way, Divided, Positive Median Barrier",Wet,Raining,Twelve o'clock,Passenger Car,Disabling,N,Moving Constant Speed,2015-02-02 10:30,55,39.40539457,-76.59835339
N,Apparently Normal,No Misuse,Y,No Injury,aa7c2b70-fcbd-4119-8c74-96cc68e55d25,D,AE37980007,Shoulder/Lap Belt(s),M,97e6e9c9-ed53-4229-a027-fa479e0a9721,Same Movement Angle,N,Intersection,Left Turn Lane,Daylight,No Defects,"Two-way, Divided, Positive Median Barrier",Wet,Raining,Twelve o'clock,Passenger Car,Functional,N,Making U Turn,2015-02-02 10:30,24,39.40539457,-76.59835339
N,Apparently Normal,No Misuse,Y,No Injury,884e876d-31a6-4a60-afe1-df81d27d8480,D,AE38030004,Shoulder/Lap Belt(s),F,b3b8df3b-8b26-48f9-b395-41bb3529bceb,Same Movement Angle,N,Intersection,Right Turn Lane,Daylight,No Defects,"Two-way, Divided, Positive Median Barrier",Dry,Clear,Twelve o'clock,(Sport) Utility Vehicle,Disabling,N,Moving Constant Speed,2015-01-17 11:00,20,39.45558008,-76.64206266
N,Apparently Normal,No Misuse,Y,Non-incapacitating Injury,6234e326-f4e6-48b9-93fb-2980ebd098d8,D,AE38030004,Shoulder/Lap Belt(s),F,db224c2b-a801-42e1-8cc1-fe6d8324098e,Same Movement Angle,N,Intersection,Right Turn Lane,Daylight,No Defects,"Two-way, Divided, Positive Median Barrier",Dry,Clear,Two o'clock,(Sport) Utility Vehicle,Disabling,N,Making Left Turn,2015-01-17 11:00,49,39.45558008,-76.64206266
N,Apparently Normal,No Misuse,Y,No Injury,ffe6ded7-6a27-4d76-92b0-bb584dec99c2,D,AE38030007,Shoulder/Lap Belt(s),F,c7119d00-13b8-497e-8d3b-4aa70d56cc83,Head On Left Turn,N,Commercial Driveway,Right Turn Lane,Daylight,No Defects,"Two-way, Not Divided",Dry,Cloudy,Four o'clock,(Sport) Utility Vehicle,Disabling,N,Making Left Turn,2015-02-04 8:09,27,39.42046396,-76.6170001
N,Apparently Normal,No Misuse,N,No Injury,668d301a-ce75-4ddc-b4bd-252e9bae5b06,D,AE38030007,Shoulder/Lap Belt(s),M,c8cd0110-a3a6-48f9-9a80-b91298e8dddd,Head On Left Turn,N,Commercial Driveway,Right Turn Lane,Daylight,No Defects,"Two-way, Not Divided",Dry,Cloudy,One o'clock,Passenger Car,Functional,N,Moving Constant Speed,2015-02-04 8:09,64,39.42046396,-76.6170001
N,Apparently Normal,No Misuse,N,No Injury,b754a25e-3d29-4d8f-8ad2-ec3d894d26ef,D,AE3803000F,Shoulder/Lap Belt(s),F,66531f06-1c2a-4c7a-b018-50c575295fce,Head On Left Turn,N,Intersection,Right Turn Lane,Daylight,No Defects,"Two-way, Not Divided",Dry,Clear,Twelve o'clock,Passenger Car,Disabling,N,Moving Constant Speed,2015-03-16 17:00,41,39.43304416,-76.62927389