CDL_FLAG,CONDITION_CODE,EQUIP_PROB_CODE,FAULT_FLAG,INJ_SEVER_CODE,PERSON_ID,PERSON_TYPE,REPORT_NO,SAF_EQUIP_CODE,SEX_CODE,VEHICLE_ID,COLLISION_TYPE_CODE,C_M_ZONE_FLAG,JUNCTION_CODE,LANE_CODE,LIGHT_CODE,RD_COND_CODE,RD_DIV_CODE,SURF_COND_CODE,WEATHER_CODE,AREA_DAMAGED_CODE_MAIN,BODY_TYPE_CODE,DAMAGE_CODE,HIT_AND_RUN_FLAG,MOVEMENT_CODE,TIME,AGE,LATITUDE,LONGITUDE
N,Apparently Normal,No Misuse,Y,No Injury,c1ec1085-bbc1-4abb-bd08-9431cd598676,D,AE4381000K,Shoulder/Lap Belt(s),F,65efde4a-ea15-49a1-801b-7a92ee3c3c0e,Single Vehicle ,N,Non Intersection,Right Turn Lane,Daylight,Loose Surface Material,"Two-way, Divided, Unprotected (painted >4 feet) Median",Slush,Sleet,Twelve o'clock,Pickup Truck,Disabling,N,Slowing or Stopping,2015-03-01 14:28,19,39.42543664,-76.38374448
N,Apparently Normal,No Misuse,N,No Injury,a453cd31-6a91-4301-8b93-1f7341d5fbd3,D,AE44240004,Shoulder/Lap Belt(s),F,136984b5-c39b-4832-b9eb-332fb1f07a5c,Head On Left Turn,N,Intersection,Left Turn Lane,Daylight,No Defects,"Two-way, Not Divided",Dry,Clear,Twelve o'clock,Passenger Car,Disabling,N,Moving Constant Speed,2015-01-19 13:12,20,39.38123365,-76.82320833
N,Apparently Normal,No Misuse,Y,No Injury,d3949c1b-ce3f-4219-807a-9f89785de4a4,D,AE44240004,Shoulder/Lap Belt(s),M,c45e2a56-134c-4ab2-b33b-00f07c516230,Head On Left Turn,N,Intersection,Left Turn Lane,Daylight,No Defects,"Two-way, Not Divided",Dry,Clear,Four o'clock,Truck Tractor,Superficial,N,Making Left Turn,2015-01-19 13:12,43,39.38123365,-76.82320833
N,Apparently Normal,No Misuse,Y,No Injury,f53f879a-9cf4-48fa-bd12-ba4b7afa79ae,D,AE44240006,Shoulder/Lap Belt(s),F,e9c521f4-456d-4ccb-ad04-1f6255b50642,Same Direction Right Turn,N,Non Intersection,Acceleration Lane,Dark Lights On,No Defects,"Two-way, Divided, Positive Median Barrier",Wet,Wintry Mix,Two o'clock,(Sport) Utility Vehicle,Superficial,N,Moving Constant Speed,2015-01-29 18:30,47,39.27369334,-76.72426701
N,Apparently Normal,No Misuse,Y,No Injury,03940a52-a343-445f-9350-b027be3cef02,D,AE44240008,Shoulder/Lap Belt(s),F,6b07da9e-15a6-4b73-a9c9-c1d66b637649,Same Movement Angle,N,Non Intersection,Right Turn Lane,Daylight,No Defects,"Two-way, Not Divided",Dry,Clear,Eleven o'clock,Passenger Car,Disabling,N,Making Left Turn,2015-02-12 7:48,40,39.33725157,-76.7517972
N,Apparently Normal,No Misuse,N,No Injury,09501a7c-b4cb-4ee6-8456-67d11264749f,D,AE4424000C,Shoulder/Lap Belt(s),F,5111558a-a396-4a95-b3f2-2932c5d67c3f,Head On Left Turn,N,Non Intersection,Right Turn Lane,Daylight,No Defects,"Two-way, Not Divided",Dry,Clear,Twelve o'clock,(Sport) Utility Vehicle,Disabling,N,Moving Constant Speed,2015-02-18 15:35,18,39.37562751,-76.83054686
N,Apparently Normal,No Misuse,Y,No Injury,211e6618-1c39-4e12-be78-d57c922419b7,D,AE4424000C,Shoulder/Lap Belt(s),M,518e70ca-7e22-468a-8c39-b1ddf04156dd,Head On Left Turn,N,Non Intersection,Right Turn Lane,Daylight,No Defects,"Two-way, Not Divided",Dry,Clear,One o'clock,Van,Disabling,N,Making Left Turn,2015-02-18 15:35,81,39.37562751,-76.83054686
N,Apparently Normal,No Misuse,N,No Injury,3633dd09-249a-4ea9-b921-6d45667f5947,D,AE4424000D,Shoulder/Lap Belt(s),F,c2292784-3c9c-4bbc-972f-bfd0db25ee2f,Same Direction Rear End,N,Non Intersection,Right Turn Lane,Daylight,No Defects,"Two-way, Not Divided",Dry,Clear,Twelve o'clock,Passenger Car,Functional,N,Stopped in Traffic Lane,2015-02-19 16:09,34,39.35366306,-76.76754713
N,Apparently Normal,No Misuse,N,No Injury,eec9b19a-bc7c-436b-85da-d5f1834df23d,D,AE4424000F,Shoulder/Lap Belt(s),F,f2ea143d-7f60-4f38-aaee-f2d7f64e170e,Same Movement Angle,N,Intersection,Right Turn Lane,Dark Lights On,No Defects,"Two-way, Not Divided",Dry,Clear,Twelve o'clock,Van,Disabling,N,Starting From Lane,2015-02-19 18:33,45,39.37070104,-76.78670883
N,Apparently Normal,No Misuse,Y,No Injury,5452d078-984e-4a3a-bc65-53f7b7f3433c,D,AE4424000F,Shoulder/Lap Belt(s),M,7df83e58-bb2f-47cb-be57-eb3b31ac1edb,Same Movement Angle,N,Intersection,Right Turn Lane,Dark Lights On,No Defects,"Two-way, Not Divided",Dry,Clear,Twelve o'clock,(Sport) Utility Vehicle,Disabling,N,Moving Constant Speed,2015-02-19 18:33,51,39.37070104,-76.78670883
N,Apparently Normal,No Misuse,Y,No Injury,0c624d6e-c994-4dc3-be27-a91f204c0d70,D,AE4424000K,Shoulder/Lap Belt(s),F,0e51e911-cc38-4ab1-87b0-a96a78bf221b,Opposite Direction Sideswipe,N,Non Intersection,Right Turn Lane,Daylight,"Holes, Ruts, Etc.","Two-way, Not Divided",Snow,Snow,Eight o'clock,Passenger Car,Disabling,N,Moving Constant Speed,2015-02-26 6:45,44,39.33089503,-76.78226709
N,Apparently Normal,No Misuse,Y,No Injury,0bf02efa-58cf-4af4-8bfd-805640fdabca,D,AE4424000K,Shoulder/Lap Belt(s),M,b6a0ce55-3737-462c-945e-4d7ef2122ecc,Opposite Direction Sideswipe,N,Non Intersection,Right Turn Lane,Daylight,"Holes, Ruts, Etc.","Two-way, Not Divided",Snow,Snow,Ten o'clock,"Medium/Heavy Truck 2 axles (10,000 lbs (4,536 kg) or less)",Superficial,N,Moving Constant Speed,2015-02-26 6:45,37,39.33089503,-76.78226709
N,Apparently Normal,No Misuse,N,No Injury,099cb309-cc9e-4d9f-acf6-dd5948e81548,D,AE45020015,Shoulder/Lap Belt(s),F,89f72c33-a730-413b-b8b4-29566cd8f692,Same Direction Right Turn,N,Intersection Related,Left Turn Lane,Daylight,No Defects,"Two-way, Not Divided",Dry,Cloudy,Eleven o'clock,Passenger Car,Superficial,N,Slowing or Stopping,2015-02-04 12:03,24,39.494964,-76.659088
N,Apparently Normal,No Misuse,N,No Injury,2a5ce9b8-fef8-4019-b380-a4ba78924544,D,AE4519000D,Shoulder/Lap Belt(s),F,b389843d-0ddd-4b37-af5f-0c9b30f2254d,Same Direction Sideswipe,N,Intersection,Right Turn Lane,Daylight,No Defects,"Two-way, Not Divided",Dry,Clear,Five o'clock,(Sport) Utility Vehicle,Superficial,N,Moving Constant Speed,2015-01-08 8:50,53,39.27270913,-76.46915674
N,Apparently Normal,No Misuse,Y,No Injury,9bb51a4c-6997-4844-ae3d-a60d8d8416b3,D,AE4519000D,Shoulder/Lap Belt(s),M,4b55761d-fa25-49f0-80d8-6c41b32b688f,Same Direction Sideswipe,N,Intersection,Right Turn Lane,Daylight,No Defects,"Two-way, Not Divided",Dry,Clear,Eleven o'clock,Passenger Car,Superficial,N,Making Left Turn,2015-01-08 8:50,55,39.27270913,-76.46915674
N,Apparently Normal,No Misuse,Y,No Injury,5769e3cd-ecca-4572-b04e-daae496a0860,D,AE4519000M,Shoulder/Lap Belt(s),F,f6f90a3e-cc25-40a8-8550-9acacb238b2a,Same Direction Rear End,N,Non Intersection,Left Turn Lane,Daylight,No Defects,"Two-way, Divided, Positive Median Barrier",Dry,Clear,Twelve o'clock,Passenger Car,Disabling,N,Moving Constant Speed,2015-03-03 7:54,25,39.28972117,-76.52550459
N,Apparently Normal,No Misuse,N,No Injury,2dc833cf-79a0-45e0-96bd-77dc9bc0e760,D,AE4519000M,Shoulder/Lap Belt(s),M,a5d96f8a-8d4c-42e2-8693-e02a4e2aa897,Same Direction Rear End,N,Non Intersection,Left Turn Lane,Daylight,No Defects,"Two-way, Divided, Positive Median Barrier",Dry,Clear,Six o'clock,(Sport) Utility Vehicle,Superficial,N,Stopped in Traffic Lane,2015-03-03 7:54,46,39.28972117,-76.52550459
N,Apparently Normal,No Misuse,N,No Injury,86a830d9-428e-4b3f-8e23-498c21369ead,D,AE4519000M,Shoulder/Lap Belt(s),M,56d81aa1-d42f-420f-8b75-a0871b461f44,Same Direction Rear End,N,Non Intersection,Left Turn Lane,Daylight,No Defects,"Two-way, Divided, Positive Median Barrier",Dry,Clear,Six o'clock,(Sport) Utility Vehicle,Superficial,N,Stopped in Traffic Lane,2015-03-03 7:54,38,39.28972117,-76.52550459
N,Apparently Normal,No Misuse,N,No Injury,e71e1f0d-0dcd-4aeb-aaef-44553cf08284,D,AE4519000N,Shoulder/Lap Belt(s),F,ce0c81fe-b4d1-4a6b-b15b-24204f711e49,Same Direction Left Turn,N,Non Intersection,Right Turn Lane,Daylight,No Defects,"Two-way, Not Divided",Dry,Clear,One o'clock,Station Wagon,Disabling,N,Moving Constant Speed,2015-03-15 12:35,48,39.24282945,-76.4570868
N,Apparently Normal,No Misuse,Y,No Injury,8b114d11-0da2-4b30-b88c-c965cc7cc9f9,D,AE4519000N,Shoulder/Lap Belt(s),M,5b1ec595-b779-4d4d-88bb-bba2d309d6fc,Same Direction Left Turn,N,Non Intersection,Right Turn Lane,Daylight,No Defects,"Two-way, Not Divided",Dry,Clear,Nine o'clock,Passenger Car,Disabling,N,Making U Turn,2015-03-15 12:35,18,39.24282945,-76.4570868
N,Apparently Normal,No Misuse,Y,No Injury,0424cdf0-6e36-4490-be83-94e35f739b74,D,AE45220005,Shoulder/Lap Belt(s),F,484c9dc3-a05d-4e6e-9b1d-cc76b24e6598,Single Vehicle ,N,Intersection Related,Right Turn Lane,Dark Lights On,No Defects,"Two-way, Not Divided",Ice,Clear,Four o'clock,(Sport) Utility Vehicle,Functional,N,Slowing or Stopping,2015-03-03 0:49,52,39.35301597,-76.43626213
N,Apparently Normal,No Misuse,Y,No Injury,4e8f49f4-57c7-4460-abda-ecf88560a076,D,AE45220008,Shoulder/Lap Belt(s),F,4daaff02-871d-41b0-8b5d-84704d7e4a5a,Single Vehicle ,N,Non Intersection,Right Turn Lane,Dark Lights On,No Defects,"Two-way, Divided, Positive Median Barrier",Dry,Clear,One o'clock,Passenger Car,Destroyed,N,Moving Constant Speed,2015-03-18 2:08,21,39.39733633,-76.40544891
N,Apparently Normal,No Misuse,Y,No Injury,32926ce7-d710-4580-9252-458ebf63c177,D,AE4535000B,Shoulder Belt Only,F,2e78645d-14a1-4179-95c9-87145f9926db,Same Direction Left Turn,N,Non Intersection,Right Turn Lane,Dark Lights On,No Defects,"Two-way, Not Divided",Wet,Snow,Twelve o'clock,Passenger Car,Functional,N,Slowing or Stopping,2015-02-01 23:25,27,39.41459574,-76.77329779
N,Apparently Normal,No Misuse,Y,No Injury,3ee58e69-943e-4dbc-8c99-f271efe390fa,D,AE4535000B,Shoulder/Lap Belt(s),F,9b491047-8b3d-4cb3-8c6a-c883c5da560c,Same Direction Left Turn,N,Non Intersection,Right Turn Lane,Dark Lights On,No Defects,"Two-way, Not Divided",Wet,Snow,Ten o'clock,Passenger Car,Disabling,N,Slowing or Stopping,2015-02-01 23:25,28,39.41459574,-76.77329779
N,Apparently Normal,No Misuse,Y,No Injury,2443a054-8d10-40e7-9c98-6ae614ca5a84,D,AE4535000C,Shoulder/Lap Belt(s),F,64173b75-658c-4086-95f5-797e4af54a4c,Same Direction Rear End,N,Intersection,Right Turn Lane,Dark Lights On,No Defects,"Two-way, Divided, Positive Median Barrier",Snow,Snow,Twelve o'clock,(Sport) Utility Vehicle,Functional,N,Slowing or Stopping,2015-02-14 23:50,22,39.414919,-76.77396297
N,Apparently Normal,No Misuse,Y,No Injury,b43402f1-dda5-43ee-a736-ecfdf72dfc82,D,AE4535000C,Shoulder/Lap Belt(s),M,cd0995ca-f553-48f1-b0e4-5d0fb036526f,Same Direction Rear End,N,Intersection,Right Turn Lane,Dark Lights On,No Defects,"Two-way, Divided, Positive Median Barrier",Snow,Snow,Six o'clock,Passenger Car,Disabling,N,Slowing or Stopping,2015-02-14 23:50,24,39.414919,-76.77396297
N,Apparently Normal,No Misuse,N,No Injury,7a5f565f-6dc6-4a9c-99fe-91bdf9017d61,D,AE45380008,Shoulder/Lap Belt(s),F,3c108f5e-065a-4aba-b57b-322c7bba93ee,Angle Meets Right Turn,N,Intersection Related,Right Turn Lane,Daylight,No Defects,"Two-way, Not Divided",Dry,Clear,Five o'clock,Passenger Car,Superficial,N,Stopped in Traffic Lane,2015-01-02 12:07,51,39.25713017,-76.66405678
N,Apparently Normal,No Misuse,Y,No Injury,78183476-ab74-4401-b2e2-563baa709990,D,AE45380008,Shoulder/Lap Belt(s),M,ab5abda1-e84d-4e02-b9af-f3ae9984a66c,Angle Meets Right Turn,N,Intersection Related,Right Turn Lane,Daylight,No Defects,"Two-way, Not Divided",Dry,Clear,Twelve o'clock,Passenger Car,Superficial,Y,Making Right Turn,2015-01-02 12:07,54,39.25713017,-76.66405678
N,Apparently Normal,No Misuse,N,No Injury,fdd1499d-8cdc-45cb-93fb-b74b2c41be04,D,AE45380009,Shoulder/Lap Belt(s),F,00c2e4fa-47fc-4be1-8948-47a4c94c1d3b,Same Direction Sideswipe,Y,Non Intersection,Right Turn Lane,Daylight,No Defects,"Two-way, Not Divided",Dry,Clear,Eleven o'clock,Passenger Car,Superficial,N,Moving Constant Speed,2015-02-12 15:48,26,39.23770457,-76.66008711
N,Apparently Normal,No Misuse,Y,No Injury,5c68631d-6385-4d6a-bc64-5dd2c9cf811f,D,AE45380009,Shoulder/Lap Belt(s),F,31aae625-5118-4ebe-b612-d4707651e9f3,Same Direction Sideswipe,Y,Non Intersection,Right Turn Lane,Daylight,No Defects,"Two-way, Not Divided",Dry,Clear,Three o'clock,Passenger Car,Superficial,N,Moving Constant Speed,2015-02-12 15:48,25,39.23770457,-76.66008711
Y,Apparently Normal,No Misuse,N,No Injury,4decf1a1-ec5e-4900-ac2d-56b6e2432b48,D,AE4546000V,Shoulder/Lap Belt(s),F,88fead5e-3844-4801-b273-2d526ece01c1,Same Direction Rear End Left Turn,N,Intersection,Right Turn Lane,Daylight,No Defects,"Two-way, Not Divided",Wet,Raining,Six o'clock,School Bus,Superficial,N,Stopped in Traffic Lane,2015-03-10 15:57,74,39.46820363,-76.82973146
N,Apparently Normal,No Misuse,N,Possible Incapacitating Injury,9ad233fc-0887-4f77-821f-bf2aaa87c364,D,AE4546000V,Shoulder/Lap Belt(s),F,707b9a28-bfb0-44a4-8b1a-c55e6c1a9103,Same Direction Rear End Left Turn,N,Intersection,Right Turn Lane,Daylight,No Defects,"Two-way, Not Divided",Wet,Raining,Six o'clock,Passenger Car,Functional,N,Stopped in Traffic Lane,2015-03-10 15:57,33,39.46820363,-76.82973146
N,Apparently Normal,No Misuse,Y,No Injury,f5c09095-925d-47c3-a8dc-4c812924f04b,D,AE4546000V,Shoulder/Lap Belt(s),M,44295047-65e6-4a64-be7b-4afe0b423b3a,Same Direction Rear End Left Turn,N,Intersection,Right Turn Lane,Daylight,No Defects,"Two-way, Not Divided",Wet,Raining,Twelve o'clock,Pickup Truck,Superficial,N,Slowing or Stopping,2015-03-10 15:57,73,39.46820363,-76.82973146
N,Apparently Normal,No Misuse,N,No Injury,329bd02d-2491-4ec4-9fe7-842a2788e414,D,AE4546000W,Shoulder/Lap Belt(s),F,0e967662-7b4c-45f3-b186-9c3780336dcc,Same Movement Angle,N,Intersection,Right Turn Lane,Dark Lights On,No Defects,"Two-way, Not Divided",Dry,Clear,Twelve o'clock,(Sport) Utility Vehicle,Disabling,N,Moving Constant Speed,2015-03-12 21:08,75,39.42530404,-76.69085741
N,Apparently Normal,No Misuse,Y,No Injury,65c5222e-8d52-4fe7-aacf-a7ae2c9a0ea4,D,AE4546000W,Shoulder/Lap Belt(s),F,66008405-d6f8-45fc-94cc-a43cb76fbcdb,Same Movement Angle,N,Intersection,Right Turn Lane,Dark Lights On,No Defects,"Two-way, Not Divided",Dry,Clear,Two o'clock,Passenger Car,Disabling,N,Moving Constant Speed,2015-03-12 21:08,55,39.42530404,-76.69085741
N,Apparently Normal,No Misuse,Y,No Injury,326e5f6a-85b3-4ab9-8820-4dc8fedfeda7,D,AE4546000Y,Shoulder/Lap Belt(s),F,e87110fa-5705-4ad6-bc5e-93011c477b38,Same Movement Angle,N,Intersection,Right Turn Lane,Daylight,No Defects,"Two-way, Not Divided",Dry,Clear,Nine o'clock,Passenger Car,Disabling,N,Making Left Turn,2015-03-19 7:38,62,39.45476825,-76.82398081
N,Apparently Normal,No Misuse,N,Possible Incapacitating Injury,95aba483-7ab4-49c1-9517-e79d3b636dc6,D,AE4546000Y,Shoulder/Lap Belt(s),M,ca525c32-a730-4c60-a2ec-529f92603bb6,Same Movement Angle,N,Intersection,Right Turn Lane,Daylight,No Defects,"Two-way, Not Divided",Dry,Clear,Twelve o'clock,Passenger Car,Disabling,N,Moving Constant Speed,2015-03-19 7:38,20,39.45476825,-76.82398081
N,Apparently Normal,No Misuse,Y,No Injury,d2fc2328-4389-47f2-92c5-3377a2a17bb0,D,AE4561000Q,Shoulder/Lap Belt(s),F,638e0a69-5f6b-4389-b2f1-3bdf30dbefef,Same Movement Angle,N,Intersection,Right Turn Lane,Dark No Lights,No Defects,"Two-way, Not Divided",Dry,Clear,Eleven o'clock,Passenger Car,Disabling,N,Starting From Lane,2015-01-09 18:02,58,39.41650836,-76.7159126
N,Apparently Normal,No Misuse,Y,No Injury,bf39c6d0-d7fa-4ddb-be8d-5dfdb6600d22,D,AE4561000Q,Shoulder/Lap Belt(s),M,5d85d018-6c80-45b3-a143-c5bbd517401f,Same Movement Angle,N,Intersection,Right Turn Lane,Dark No Lights,No Defects,"Two-way, Not Divided",Dry,Clear,Twelve o'clock,Passenger Car,Disabling,N,Moving Constant Speed,2015-01-09 18:02,64,39.41650836,-76.7159126
N,Apparently Normal,No Misuse,N,No Injury,2015d5a4-eb24-41b4-bc59-8e587f16561d,D,AE4561000S,Shoulder/Lap Belt(s),F,1c4f35e0-f5fa-4ddb-bbaa-5c15f1bfca94,Head On Left Turn,N,Intersection,Left Turn Lane,Daylight,No Defects,"Two-way, Not Divided",Wet,Raining,One o'clock,Passenger Car,Superficial,N,Moving Constant Speed,2015-01-20 14:57,77,39.37838606,-76.72672056
N,Apparently Normal,No Misuse,Y,No Injury,b2119e8c-e9d0-4311-9f29-fe32256ac62a,D,AE4569000J,Shoulder/Lap Belt(s),F,d86875f2-842a-4d89-9874-86326217254d,Same Movement Angle,N,Intersection,Right Turn Lane,Daylight,No Defects,"Two-way, Not Divided",Dry,Clear,Twelve o'clock,Passenger Car,Destroyed,N,Accelerating,2015-02-27 12:59,32,39.452283,-76.81033373
N,Apparently Normal,No Misuse,Y,No Injury,0a3a449e-d3a9-4725-9830-85dd36be9e06,D,AE46260005,Shoulder/Lap Belt(s),F,df7ea962-8b27-426b-a9bb-89cce6e8c2bd,Single Vehicle ,N,Non Intersection,Right Turn Lane,Dark Lights On,No Defects,"Two-way, Not Divided",Ice,Clear,Two o'clock,Passenger Car,Superficial,N,Moving Constant Speed,2015-01-18 22:38,25,39.41729784,-76.54155493
N,Apparently Normal,No Misuse,Y,No Injury,9ae5440a-c3e4-4c21-8cc3-46d7cea1186e,D,AE46260007,Shoulder/Lap Belt(s),F,eebc539b-aad6-4d1f-a4d5-a6a986f8c138,Same Direction Sideswipe,N,Non Intersection,Right Turn Lane,Dark Lights On,No Defects,"Two-way, Not Divided",Wet,Raining,One o'clock,Passenger Car,Disabling,N,Moving Constant Speed,2015-03-10 23:43,31,39.40789807,-76.53823972
N,Apparently Normal,No Misuse,N,No Injury,36024472-60ca-4d5a-bfb4-fede2901d583,D,AE4652000C,Shoulder/Lap Belt(s),F,7ed7edcb-b916-4d3b-bebd-1210b78c1a23,Same Direction Sideswipe,N,Non Intersection,Right Turn Lane,Daylight,No Defects,"Two-way, Not Divided",Dry,Clear,One o'clock,Pickup Truck,Superficial,Y,Moving Constant Speed,2015-01-30 15:11,42,39.3958564,-76.52248979
N,Apparently Normal,No Misuse,Y,No Injury,a0ff932c-d1c0-4b8d-abf7-f1ee3fb4cde7,D,AE4652000C,Shoulder/Lap Belt(s),M,d48c274f-af6a-4926-bd8b-20e2eadd03d2,Same Direction Sideswipe,N,Non Intersection,Right Turn Lane,Daylight,No Defects,"Two-way, Not Divided",Dry,Clear,Seven o'clock,Passenger Car,Superficial,Y,Changing Lanes,2015-01-30 15:11,71,39.3958564,-76.52248979
N,Apparently Normal,No Misuse,Y,No Injury,b89eae2c-9108-477a-bf94-7d107360e81e,D,AE46530005,Shoulder/Lap Belt(s),F,4e78d3da-be94-4627-b956-fdfd958820e3,Same Direction Rear End,N,Intersection Related,Left Turn Lane,Dark Lights On,No Defects,"Two-way, Divided, Positive Median Barrier",Dry,Cloudy,Twelve o'clock,Passenger Car,Disabling,N,Slowing or Stopping,2015-03-08 0:20,25,39.41600482,-76.62954211
N,Apparently Normal,No Misuse,N,No Injury,20e66724-181e-4067-82bd-9a6cddfdbcb2,D,AE46530005,Shoulder/Lap Belt(s),M,109b9d92-e1fb-452e-8eb4-9a7fba5718ae,Same Direction Rear End,N,Intersection Related,Left Turn Lane,Dark Lights On,No Defects,"Two-way, Divided, Positive Median Barrier",Dry,Cloudy,Six o'clock,Passenger Car,Superficial,N,Stopped in Traffic Lane,2015-03-08 0:20,19,39.41600482,-76.62954211
N,Apparently Normal,No Misuse,Y,No Injury,c9d773bb-2baa-4a57-a566-716e8d2cc8e6,D,AE46610003,Shoulder/Lap Belt(s),F,5de2c3b5-9e99-409c-b903-34949d0be527,Same Direction Rear End,N,Non Intersection,Right Turn Lane,Daylight,No Defects,"Two-way, Not Divided",Ice,Wintry Mix,Ten o'clock,Passenger Car,Functional,N,Parked  ,2015-01-18 8:50,54,39.49761656,-76.6845274
N,Apparently Normal,No Misuse,N,Possible Incapacitating Injury,436a3187-595c-47d0-95fc-17491e77c94c,D,AE46610003,Shoulder/Lap Belt(s),M,d5ed14cb-398d-4322-86a0-fa54542bc196,Same Direction Rear End,N,Non Intersection,Right Turn Lane,Daylight,No Defects,"Two-way, Not Divided",Ice,Wintry Mix,Six o'clock,Police Vehicle/Emergency,Disabling,N,Stopped in Traffic Lane,2015-01-18 8:50,32,39.49761656,-76.6845274
N,Apparently Normal,No Misuse,Y,No Injury,d2fcd621-296a-4bf0-a978-5fc5a145ea32,D,AE4696000R,Shoulder/Lap Belt(s),F,0e16eed4-8155-42dc-b972-49623b520fc4,Same Movement Angle,N,Intersection,Left Turn Lane,Dark Lights On,No Defects,"Two-way, Divided, Unprotected (painted >4 feet) Median",Dry,Clear,Eight o'clock,(Sport) Utility Vehicle,Disabling,N,Moving Constant Speed,2015-01-14 16:40,35,39.37935946,-76.45999432
N,Apparently Normal,No Misuse,Y,No Injury,bed6ee73-3af9-4c84-8001-392c9ecf01ec,D,AE4696000R,Shoulder/Lap Belt(s),M,fe481852-004d-4f43-90a5-b7d10bc0e39e,Same Movement Angle,N,Intersection,Left Turn Lane,Dark Lights On,No Defects,"Two-way, Divided, Unprotected (painted >4 feet) Median",Dry,Clear,Two o'clock,Ambulance/Emergency,Functional,N,Accelerating,2015-01-14 16:40,49,39.37935946,-76.45999432
N,Apparently Normal,No Misuse,N,No Injury,26b8c605-ea18-4703-bfe4-8b1784d7e9aa,D,AE4696000Y,Shoulder/Lap Belt(s),F,97be77ce-998b-4819-8962-46066eafa3fd,Single Vehicle ,N,Non Intersection,Right Turn Lane,Daylight,No Defects,"Two-way, Not Divided",Dry,Clear,Twelve o'clock,Passenger Car,Functional,N,Moving Constant Speed,2015-03-19 17:30,25,39.25821013,-76.51582718
N,Apparently Normal,No Misuse,N,No Injury,86c46cd4-d422-4bb1-b7f4-35c2ba663cf5,D,AE47220007,Shoulder/Lap Belt(s),F,a5cbed5c-fc50-462f-a06d-08db6f32076c,Same Direction Rear End,N,Intersection,Right Turn Lane,Daylight,No Defects,"Two-way, Divided, Positive Median Barrier",Dry,Clear,Twelve o'clock,Passenger Car,Functional,N,Stopped in Traffic Lane,2015-01-30 8:06,42,39.40096763,-76.62888765
N,Apparently Normal,No Misuse,Y,No Injury,5d33f970-54a2-4587-9b20-d7e516a1291b,D,AE47220007,Shoulder/Lap Belt(s),F,4f096c60-3737-4b0c-a286-440b937a3aaf,Same Direction Rear End,N,Intersection,Right Turn Lane,Daylight,No Defects,"Two-way, Divided, Positive Median Barrier",Dry,Clear,Twelve o'clock,Passenger Car,Functional,N,Slowing or Stopping,2015-01-30 8:06,24,39.40096763,-76.62888765
N,Apparently Normal,No Misuse,Y,No Injury,90d81cd7-75f3-4af5-8955-6acee975b36a,D,AE47220007,Shoulder/Lap Belt(s),M,8bded000-72aa-4800-8a31-c73b5b9fc104,Same Direction Rear End,N,Intersection,Right Turn Lane,Daylight,No Defects,"Two-way, Divided, Positive Median Barrier",Dry,Clear,Twelve o'clock,Passenger Car,Functional,N,Slowing or Stopping,2015-01-30 8:06,40,39.40096763,-76.62888765
N,Apparently Normal,No Misuse,N,No Injury,931742ab-9496-4e5c-a130-ab9091184c35,D,AE4722000B,Shoulder/Lap Belt(s),F,4f11257d-3ac9-4439-9500-eea43b26daa1,Same Movement Angle,N,Intersection,Right Turn Lane,Daylight,No Defects,"Two-way, Not Divided",Snow,Snow,Eleven o'clock,Passenger Car,Disabling,N,Moving Constant Speed,2015-02-21 16:30,41,39.38562867,-76.6853857
N,Apparently Normal,No Misuse,Y,No Injury,cfdf130e-29c3-4e1e-ab7d-a4d1bdff492f,D,AE47270015,Shoulder/Lap Belt(s),F,bad20575-750b-455d-8214-2bef6821a191,Same Direction Left Turn,N,Non Intersection,Right Turn Lane,Daylight,No Defects,"Two-way, Not Divided",Dry,Clear,Eleven o'clock,Passenger Car,Functional,N,Starting From Parked,2015-01-05 12:55,65,39.38170633,-76.53610468
N,Apparently Normal,No Misuse,N,Possible Incapacitating Injury,bcdd1eec-c358-4559-a9b1-cf1ca3257b59,D,AE47270015,Shoulder/Lap Belt(s),M,a2b7cac5-af04-41c4-87c4-3272dd5ad585,Same Direction Left Turn,N,Non Intersection,Right Turn Lane,Daylight,No Defects,"Two-way, Not Divided",Dry,Clear,Three o'clock,Passenger Car,Disabling,N,Moving Constant Speed,2015-01-05 12:55,58,39.38170633,-76.53610468
N,Apparently Normal,No Misuse,Y,No Injury,45bac3db-b28e-4099-ad9c-f6634e4e19d8,D,AE47270016,Shoulder/Lap Belt(s),F,409f9f00-cb41-43da-8abf-4ba4e3e5a87e,Single Vehicle ,N,Non Intersection,Right Turn Lane,Daylight,No Defects,"Two-way, Divided, Positive Median Barrier",Snow,Snow,Eleven o'clock,Passenger Car,Superficial,N,Moving Constant Speed,2015-01-06 10:30,21,39.43128738,-76.43909454
N,Apparently Normal,No Misuse,N,No Injury,6e6cb4e2-9486-4624-a924-c3bfd06bfd1e,D,AE4727001J,Shoulder/Lap Belt(s),F,6f4e6689-69f7-4e2d-99c4-68419df9a7f5,Same Direction Rear End,N,Non Intersection,Left Turn Lane,Dark Lights On,No Defects,"Two-way, Divided, Positive Median Barrier",Dry,Clear,Six o'clock,Passenger Car,Functional,N,Stopped in Traffic Lane,2015-01-20 18:55,23,39.38487407,-76.55400038
N,Apparently Normal,No Misuse,N,Possible Incapacitating Injury,40f63de4-6b02-4c03-a85c-c3f4a02421aa,D,AE4727001J,Shoulder/Lap Belt(s),M,f1e8d91d-822c-459d-acd9-6760ecf3f6ac,Same Direction Rear End,N,Non Intersection,Left Turn Lane,Dark Lights On,No Defects,"Two-way, Divided, Positive Median Barrier",Dry,Clear,Six o'clock,Passenger Car,Disabling,N,Stopped in Traffic Lane,2015-01-20 18:55,67,39.38487407,-76.55400038