CDL_FLAG,CONDITION_CODE,EQUIP_PROB_CODE,FAULT_FLAG,INJ_SEVER_CODE,PERSON_ID,PERSON_TYPE,REPORT_NO,SAF_EQUIP_CODE,SEX_CODE,VEHICLE_ID,COLLISION_TYPE_CODE,C_M_ZONE_FLAG,JUNCTION_CODE,LANE_CODE,LIGHT_CODE,RD_COND_CODE,RD_DIV_CODE,SURF_COND_CODE,WEATHER_CODE,AREA_DAMAGED_CODE_MAIN,BODY_TYPE_CODE,DAMAGE_CODE,HIT_AND_RUN_FLAG,MOVEMENT_CODE,TIME,AGE,LATITUDE,LONGITUDE
N,Had Been Drinking,No Misuse,Y,No Injury,2138d1b1-b816-477d-aee0-0cbc32f2cf12,D,AE4727001J,Shoulder/Lap Belt(s),M,10eb5672-314f-448b-a6bb-8b76d7bf1eeb,Same Direction Rear End,N,Non Intersection,Left Turn Lane,Dark Lights On,No Defects,"Two-way, Divided, Positive Median Barrier",Dry,Clear,Twelve o'clock,Pickup Truck,Destroyed,N,Moving Constant Speed,2015-01-20 18:55,51,39.38487407,-76.55400038
N,Apparently Normal,No Misuse,Y,No Injury,798b02b5-5183-4d78-bda5-b3351a6e2799,D,AE4727001M,Shoulder/Lap Belt(s),F,725590bf-643f-4d0c-99e6-9673ba088aff,Single Vehicle ,N,Non Intersection,Right Turn Lane,Daylight,No Defects,"Two-way, Not Divided",Dry,Clear,One o'clock,Passenger Car,Disabling,N,Moving Constant Speed,2015-01-28 14:45,37,39.40247647,-76.54436588
N,Apparently Normal,No Misuse,N,No Injury,11aba4f5-b8dd-49fb-86ab-cf7d5df1038e,D,AE4727001N,Shoulder/Lap Belt(s),F,5ebb9017-2ed4-4f90-83fd-a8d6e8169d95,Same Direction Rear End,N,Non Intersection,Left Turn Lane,Dark Lights On,No Defects,"Two-way, Not Divided",Dry,Clear,Six o'clock,Passenger Car,Functional,N,Slowing or Stopping,2015-01-28 19:10,58,39.36751607,-76.51582718
N,Apparently Normal,No Misuse,Y,No Injury,5f7ccf99-cfdd-44be-a3f0-34505da757e2,D,AE4727001N,Shoulder/Lap Belt(s),F,84ea7c4e-a86d-46d6-845e-2d9d1b7db2ed,Same Direction Rear End,N,Non Intersection,Left Turn Lane,Dark Lights On,No Defects,"Two-way, Not Divided",Dry,Clear,Twelve o'clock,Pickup Truck,Disabling,N,Moving Constant Speed,2015-01-28 19:10,67,39.36751607,-76.51582718
N,Apparently Normal,No Misuse,N,No Injury,53c37538-d1a4-420d-8279-9d4cd3a794fb,D,AE4727001N,Shoulder/Lap Belt(s),M,e53fb2a8-7a03-4473-850a-e407ac1bb691,Same Direction Rear End,N,Non Intersection,Left Turn Lane,Dark Lights On,No Defects,"Two-way, Not Divided",Dry,Clear,Six o'clock,Passenger Car,Disabling,N,Slowing or Stopping,2015-01-28 19:10,37,39.36751607,-76.51582718
N,Apparently Normal,No Misuse,Y,No Injury,8918c200-d614-4aec-8075-5064ea4f1082,D,AE4727001Q,Shoulder/Lap Belt(s),F,0f91a31a-c0c7-4f53-b3ed-ce01acccfe1d,Same Direction Rear End,N,Intersection Related,Right Turn Lane,Daylight,No Defects,"Two-way, Not Divided",Dry,Clear,Twelve o'clock,Passenger Car,Disabling,N,Moving Constant Speed,2015-02-06 12:29,24,39.35845801,-76.52640581
N,Apparently Normal,No Misuse,N,Possible Incapacitating Injury,eb51611c-b321-499c-a5ac-0272c554bd5b,D,AE4727001Q,Shoulder/Lap Belt(s),F,0b3b0517-7251-4245-b852-2b7c00543723,Same Direction Rear End,N,Intersection Related,Right Turn Lane,Daylight,No Defects,"Two-way, Not Divided",Dry,Clear,Six o'clock,Passenger Car,Functional,N,Stopped in Traffic Lane,2015-02-06 12:29,61,39.35845801,-76.52640581
N,Apparently Normal,No Misuse,Y,No Injury,37094910-0728-43d7-9473-c2efe8ad166d,D,AE4727001S,Shoulder/Lap Belt(s),F,09895b2b-9fe4-45b3-ba94-ed8eee94c302,Same Direction Rear End,N,Non Intersection,Left Turn Lane,Daylight,No Defects,"Two-way, Divided, Positive Median Barrier",Dry,Clear,Twelve o'clock,Passenger Car,Destroyed,N,Slowing or Stopping,2015-02-12 7:56,23,39.37167973,-76.51149273
N,Apparently Normal,No Misuse,N,Possible Incapacitating Injury,c469e251-9818-4915-a1e1-ce1288566e15,D,AE4727001S,Shoulder/Lap Belt(s),M,af905ca2-5d93-410a-9da9-98d62fcd046f,Same Direction Rear End,N,Non Intersection,Left Turn Lane,Daylight,No Defects,"Two-way, Divided, Positive Median Barrier",Dry,Clear,Six o'clock,(Sport) Utility Vehicle,Functional,N,Slowing or Stopping,2015-02-12 7:56,68,39.37167973,-76.51149273
N,Apparently Normal,No Misuse,N,No Injury,5ecce1d6-81eb-437e-b24f-ea644f69b5e1,D,AE4727001X,Shoulder/Lap Belt(s),F,1b2a8914-7073-47e1-88ec-f9f152bee22c,Head On Left Turn,N,Intersection Related,Right Turn Lane,Daylight,No Defects,"Two-way, Not Divided",Dry,Cloudy,Twelve o'clock,Passenger Car,Disabling,N,Moving Constant Speed,2015-02-26 15:11,27,39.37973264,-76.55500889
N,Apparently Normal,No Misuse,Y,No Injury,50ccaa3b-92cf-4d03-a8ee-7ee8f767b4c6,D,AE4727001X,Shoulder/Lap Belt(s),M,e3b5eea6-95b7-4a74-989c-53ca9e691f7d,Head On Left Turn,N,Intersection Related,Right Turn Lane,Daylight,No Defects,"Two-way, Not Divided",Dry,Cloudy,One o'clock,Passenger Car,Functional,N,Making Left Turn,2015-02-26 15:11,80,39.37973264,-76.55500889
N,Apparently Normal,No Misuse,N,No Injury,00128cde-c171-4ab6-a725-c0ad2b0bb9a3,D,AE47270021,Shoulder/Lap Belt(s),F,009f8667-652b-4292-9d4f-617af9845db4,Same Direction Rear End,N,Non Intersection,Right Turn Lane,Daylight,No Defects,"Two-way, Not Divided",Wet,Clear,Six o'clock,(Sport) Utility Vehicle,Functional,N,Stopped in Traffic Lane,2015-03-06 11:24,50,39.38981613,-76.52902365
N,Apparently Normal,No Misuse,N,No Injury,d12b35af-73e8-463e-8172-88d039e23e08,D,AE47270021,Shoulder/Lap Belt(s),F,156fca5a-3bef-4d16-96e3-a3ffdfa0de08,Same Direction Rear End,N,Non Intersection,Right Turn Lane,Daylight,No Defects,"Two-way, Not Divided",Wet,Clear,Twelve o'clock,Passenger Car,Disabling,N,Stopped in Traffic Lane,2015-03-06 11:24,26,39.38981613,-76.52902365
N,Apparently Normal,No Misuse,Y,No Injury,be89561e-a5e4-49a3-9e54-5d1337c7d5fc,D,AE47270021,Shoulder/Lap Belt(s),M,f353619a-57b3-45b5-8cc0-4f492c50f721,Same Direction Rear End,N,Non Intersection,Right Turn Lane,Daylight,No Defects,"Two-way, Not Divided",Wet,Clear,Eleven o'clock,Passenger Car,Disabling,N,Moving Constant Speed,2015-03-06 11:24,27,39.38981613,-76.52902365
N,Apparently Normal,No Misuse,N,No Injury,e8a9ba1c-51e2-4f24-afc8-b81122ab33a9,D,AE47270022,Shoulder/Lap Belt(s),F,306b10ad-1fa8-411e-a78b-c017feedfc80,Same Direction Rear End,N,Non Intersection,Right Turn Lane,Daylight,No Defects,"Two-way, Not Divided",Wet,Clear,Six o'clock,(Sport) Utility Vehicle,Functional,N,Slowing or Stopping,2015-03-09 7:37,25,39.39681401,-76.52186751
N,Apparently Normal,No Misuse,N,No Injury,be9dd68f-167e-4bd6-aecf-d65b17e53103,D,AE47270022,Shoulder/Lap Belt(s),M,5ba1adb6-245f-411c-bf58-e3fb035f1cb6,Same Direction Rear End,N,Non Intersection,Right Turn Lane,Daylight,No Defects,"Two-way, Not Divided",Wet,Clear,Six o'clock,Passenger Car,Functional,N,Slowing or Stopping,2015-03-09 7:37,22,39.39681401,-76.52186751
N,Apparently Normal,No Misuse,Y,Possible Incapacitating Injury,a0f487e7-bf61-417b-b300-832528b70b9c,D,AE47270022,Shoulder/Lap Belt(s),M,8afd0280-b13e-4e96-8c46-18df06a3e270,Same Direction Rear End,N,Non Intersection,Right Turn Lane,Daylight,No Defects,"Two-way, Not Divided",Wet,Clear,Twelve o'clock,Passenger Car,Disabling,N,Moving Constant Speed,2015-03-09 7:37,52,39.39681401,-76.52186751
N,Apparently Normal,No Misuse,N,No Injury,78e2250f-5376-4e52-882d-bd02bf6b8ba0,D,AE47270025,Shoulder/Lap Belt(s),F,b0ac6b42-2f8e-4668-b64e-2981e8795cb4,Same Direction Rear End,N,Non Intersection,Left Turn Lane,Daylight,No Defects,"Two-way, Divided, Positive Median Barrier",Dry,Clear,Six o'clock,Passenger Car,Functional,N,Stopped in Traffic Lane,2015-03-18 17:37,25,39.38183901,-76.55574918
N,Apparently Normal,No Misuse,Y,No Injury,ff607d5c-c508-4007-9e16-e44c55e42330,D,AE47270025,Shoulder/Lap Belt(s),F,cd5cd800-b9ff-4d99-9391-b80ef9499a23,Same Direction Rear End,N,Non Intersection,Left Turn Lane,Daylight,No Defects,"Two-way, Divided, Positive Median Barrier",Dry,Clear,Twelve o'clock,Passenger Car,Disabling,N,Moving Constant Speed,2015-03-18 17:37,27,39.38183901,-76.55574918
N,Apparently Normal,No Misuse,N,No Injury,b8c11ab9-1954-4e8a-882d-e932d6836d4e,D,AE47270027,Shoulder/Lap Belt(s),F,e76a9d6c-b7ac-47f0-afd2-6f29e83508e3,Same Movement Angle,N,Non Intersection,Left Turn Lane,Daylight,No Defects,"Two-way, Not Divided",Dry,Clear,Twelve o'clock,Passenger Car,Destroyed,N,Moving Constant Speed,2015-03-23 17:52,26,39.37242618,-76.56745434
N,Apparently Normal,No Misuse,Y,No Injury,78c2c754-15c9-44a8-9e08-4ef504fbbe7b,D,AE47270027,Shoulder/Lap Belt(s),M,0f7f48d8-c288-4e3c-bb24-7e9ae1222300,Same Movement Angle,N,Non Intersection,Left Turn Lane,Daylight,No Defects,"Two-way, Not Divided",Dry,Clear,Four o'clock,Passenger Car,Disabling,N,Starting From Lane,2015-03-23 17:52,27,39.37242618,-76.56745434
N,Apparently Normal,No Misuse,N,No Injury,90960f9f-b7e7-4437-bd54-5fc48aa905c1,D,AE47350002,Shoulder/Lap Belt(s),M,e575719b-2601-4f61-bf67-4698cf81ac9b,Same Movement Angle,N,Intersection,Right Turn Lane,Dark Lights On,No Defects,"Two-way, Not Divided",Ice,Clear,Two o'clock,Passenger Car,Disabling,N,Moving Constant Speed,2015-01-24 20:44,52,39.34369881,-76.82574034
N,Apparently Normal,No Misuse,N,No Injury,2c784423-d9be-4239-aedc-ebcaf6a6f62c,D,AE4742000B,Shoulder/Lap Belt(s),F,57dc400d-9dab-41fe-9891-f2561d9e5b52,Same Direction Rear End,N,Intersection,Left Turn Lane,Daylight,No Defects,"Two-way, Not Divided",Dry,Clear,Six o'clock,Passenger Car,Superficial,N,Slowing or Stopping,2015-02-28 14:20,56,39.33997534,-76.48560673
N,Apparently Normal,No Misuse,Y,No Injury,f05c8b1f-f797-42c9-a9bf-6f9fcdcd0905,D,AE4742000B,Shoulder/Lap Belt(s),M,4063fdd7-1d56-43b6-b3d1-f0bb1d714aa5,Same Direction Rear End,N,Intersection,Left Turn Lane,Daylight,No Defects,"Two-way, Not Divided",Dry,Clear,Twelve o'clock,Passenger Car,Superficial,N,Accelerating,2015-02-28 14:20,33,39.33997534,-76.48560673
N,Apparently Normal,No Misuse,Y,No Injury,63babb36-0ec7-41f8-b15a-11f9ba09fa23,D,AE47780005,Shoulder/Lap Belt(s),F,5ace98dc-c492-47ce-ba6c-c6c335fae3a5,Same Direction Rear End,N,Intersection Related,Acceleration Lane,Daylight,No Defects,"Two-way, Divided, Positive Median Barrier",Dry,Clear,Twelve o'clock,Passenger Car,Disabling,N,Moving Constant Speed,2015-01-02 13:15,45,39.31195474,-76.74078941
N,Apparently Normal,No Misuse,N,No Injury,6c1a5be6-2f8c-45be-a5f2-05d143323239,D,AE47780005,Shoulder/Lap Belt(s),M,cc771f5d-046e-44e2-ade3-e99afe3f0997,Same Direction Rear End,N,Intersection Related,Acceleration Lane,Daylight,No Defects,"Two-way, Divided, Positive Median Barrier",Dry,Clear,Six o'clock,Passenger Car,Functional,N,Stopped in Traffic Lane,2015-01-02 13:15,27,39.31195474,-76.74078941
N,Apparently Normal,No Misuse,N,No Injury,3cdaa97e-4d97-4f47-8fe2-ad92e2428558,D,AE47820005,Shoulder/Lap Belt(s),F,8a9ad807-ea31-4808-b18e-f6212084d45d,Same Direction Rear End,N,Intersection Related,Shoulder Area,Dark Lights On,No Defects,"Two-way, Divided, Positive Median Barrier",Dry,Clear,Six o'clock,Van,Superficial,N,Stopped in Traffic Lane,2015-02-05 22:30,59,39.3289033,-76.44053221
N,Apparently Normal,No Misuse,Y,No Injury,349c305e-2695-4cc0-9ba3-e0179e903a2b,D,AE47870003,Shoulder/Lap Belt(s),F,3b2f8d7f-5341-47ce-9f04-ac43062eea56,Single Vehicle ,N,Non Intersection,Acceleration Lane,Daylight,No Defects,"Two-way, Divided, Positive Median Barrier",Dry,Clear,Twelve o'clock,(Sport) Utility Vehicle,Functional,N,Slowing or Stopping,2015-03-19 14:23,60,39.40109198,-76.60840631
N,Apparently Normal,No Misuse,N,No Injury,a6e6730c-fddb-41d5-b5ae-553ed8dba19d,D,AE47920007,Shoulder/Lap Belt(s),F,53199d4a-a311-4f47-9a1d-a722b121f3e0,Single Vehicle ,N,Non Intersection,Right Turn Lane,Daylight,No Defects,"Two-way, Not Divided",Ice,Sleet,Two o'clock,Passenger Car,Disabling,N,Moving Constant Speed,2015-01-18 12:00,21,39.46293581,-76.4687705
N,Apparently Normal,No Misuse,N,No Injury,e86e74d8-fe3e-4fd8-b47a-c4d5fb9a2a55,D,AE4805000C,Shoulder/Lap Belt(s),F,265010da-7f7a-4198-9f96-8d998b5b6c95,Same Direction Rear End,N,Intersection,Right Turn Lane,Daylight,No Defects,"Two-way, Not Divided",Snow,Snow,Six o'clock,(Sport) Utility Vehicle,Functional,N,Slowing or Stopping,2015-02-21 14:12,26,39.35023671,-76.74895406
N,Apparently Normal,No Misuse,Y,No Injury,cd5f4537-11ba-4d28-8b05-cdae6e7a22b0,D,AE4805000C,Shoulder/Lap Belt(s),M,fff7d388-0210-4946-b9df-05b4ea1b9b12,Same Direction Rear End,N,Intersection,Right Turn Lane,Daylight,No Defects,"Two-way, Not Divided",Snow,Snow,Twelve o'clock,Passenger Car,Functional,N,Slowing or Stopping,2015-02-21 14:12,51,39.35023671,-76.74895406
N,Apparently Normal,No Misuse,N,No Injury,34d69ac4-4ec5-4a66-80b6-45ccff7c9f03,D,AE4805000D,Shoulder/Lap Belt(s),F,b7dce13c-9878-4e77-80ea-dfcf6781cefe,Same Direction Rear End,N,Intersection,Right Turn Lane,Dark Lights On,No Defects,"Two-way, Not Divided",Wet,Clear,Six o'clock,Passenger Car,Superficial,N,Stopped in Traffic Lane,2015-03-07 21:30,32,39.47860557,-76.9317627
N,Apparently Normal,No Misuse,N,No Injury,18c7fb08-bb51-4ac9-bce5-bb4779f4c6ac,D,AE4807000B,Shoulder/Lap Belt(s),F,cfaa5118-33b2-4609-8bf1-4d6557252e49,Same Direction Rear End,N,Intersection Related,Left Turn Lane,Daylight,No Defects,"Two-way, Divided, Positive Median Barrier",Dry,Clear,Six o'clock,Passenger Car,Superficial,N,Stopped in Traffic Lane,2015-03-23 8:00,59,39.33818094,-76.48044348
N,Apparently Normal,No Misuse,N,No Injury,1d974445-0809-4a4e-bfee-8249cfa34445,D,AE48080005,Shoulder/Lap Belt(s),F,912303b1-edea-4562-b70d-b48478568d4f,Head On Left Turn,N,Intersection,Right Turn Lane,Dark Lights On,No Defects,"Two-way, Divided, Positive Median Barrier",Dry,Clear,Five o'clock,Passenger Car,Disabling,N,Making Left Turn,2015-02-11 5:59,76,39.39947534,-76.54631853
N,Apparently Normal,No Misuse,N,No Injury,85ef8b79-b193-42fa-ab6c-1cc97822e69b,D,AE48270008,Shoulder/Lap Belt(s),F,b0ab3641-a5fc-41e1-b030-101d99d7f375,Same Direction Rear End,N,Intersection,Right Turn Lane,Daylight,No Defects,"Two-way, Not Divided",Wet,Raining,Six o'clock,Passenger Car,Superficial,N,Stopped in Traffic Lane,2015-01-18 9:56,41,39.38463359,-76.58004999
N,Apparently Normal,No Misuse,N,No Injury,cfb69693-44b2-4a28-ad3b-0eb39e33a205,D,AE4839000D,Shoulder/Lap Belt(s),F,1e7807a4-e3aa-4a78-b104-d2103d22a68e,Same Direction Sideswipe,N,Non Intersection,Left Turn Lane,Dark Lights On,No Defects,"Two-way, Divided, Positive Median Barrier",Dry,Clear,Nine o'clock,Passenger Car,Functional,N,Moving Constant Speed,2015-03-06 23:15,60,39.3868725,-76.52734995
N,Apparently Normal,No Misuse,N,No Injury,a1869c38-ae6f-4fd7-9bfc-5038074b8004,D,AE4839000F,Shoulder/Lap Belt(s),F,d215c8ab-8fec-404a-9a93-83287999bd99,Same Direction Rear End,N,Intersection Related,Right Turn Lane,Daylight,No Defects,"Two-way, Divided, Positive Median Barrier",Dry,Clear,Six o'clock,Passenger Car,Functional,N,Moving Constant Speed,2015-03-09 12:35,46,39.33155893,-76.4372921
N,Apparently Normal,No Misuse,Y,No Injury,ac3b8276-b611-4fbe-b803-14c404602f05,D,AE4839000F,Shoulder/Lap Belt(s),M,a3aa2445-853e-4372-a0cc-7b32faec6b31,Same Direction Rear End,N,Intersection Related,Right Turn Lane,Daylight,No Defects,"Two-way, Divided, Positive Median Barrier",Dry,Clear,Twelve o'clock,Pickup Truck,Superficial,Y,Moving Constant Speed,2015-03-09 12:35,23,39.33155893,-76.4372921
N,Apparently Normal,No Misuse,Y,No Injury,4758ca82-173e-40c5-bece-8f585d319f63,D,AE4839000G,Shoulder/Lap Belt(s),F,4299cc8d-c9f7-44b2-b105-ac565d64ee74,Same Movement Angle,N,Intersection,Left Turn Lane,Daylight,No Defects,"Two-way, Divided, Unprotected (painted >4 feet) Median",Wet,Raining,Eleven o'clock,Passenger Car,Functional,N,Making Left Turn,2015-03-14 13:22,27,39.35291641,-76.45357847
N,Apparently Normal,No Misuse,N,No Injury,27902f6b-9a60-495e-9a1a-8e524ca3ea5c,D,AE4839000G,Shoulder/Lap Belt(s),M,ddea6734-eecb-4194-a862-56e4fa9cc7a8,Same Movement Angle,N,Intersection,Left Turn Lane,Daylight,No Defects,"Two-way, Divided, Unprotected (painted >4 feet) Median",Wet,Raining,One o'clock,Pickup Truck,Functional,N,Slowing or Stopping,2015-03-14 13:22,52,39.35291641,-76.45357847
N,Apparently Normal,No Misuse,Y,No Injury,1447dfec-8a1a-4846-9714-42f4e5867331,D,AE48470005,Shoulder/Lap Belt(s),F,b25539eb-b104-46df-8c6e-207754064014,Same Direction Sideswipe,N,Non Intersection,Right Turn Lane,Daylight,No Defects,"Two-way, Not Divided",Dry,Clear,One o'clock,Station Wagon,Disabling,N,Accelerating,2015-02-17 14:03,79,39.26085182,-76.4916873
N,Apparently Normal,No Misuse,Y,No Injury,a46fe5bc-1eea-40cc-910e-1e61f47e3179,D,AE4852000M,Shoulder/Lap Belt(s),F,7777ddd4-58f4-46f0-99d6-d287ab7eef5a,Same Direction Right Turn,N,Intersection,Left Turn Lane,Daylight,No Defects,"Two-way, Not Divided",Dry,Clear,Two o'clock,Ambulance/Emergency,Superficial,N,Slowing or Stopping,2015-03-24 8:48,35,39.35042753,-76.74920082
N,Apparently Normal,No Misuse,Y,No Injury,8c52b66c-e153-43cb-864b-388fe44531c9,D,AE4860000D,Shoulder/Lap Belt(s),F,8edbd3d8-d0ff-415f-9dc1-4b21564aa805,Single Vehicle ,N,Non Intersection,Right Turn Lane,Daylight,No Defects,"Two-way, Not Divided",Slush,Snow,Twelve o'clock,Passenger Car,Disabling,N,Moving Constant Speed,2015-01-06 13:06,27,39.45788297,-76.40584588
N,Apparently Normal,No Misuse,N,No Injury,c0287696-215c-440a-b03d-5266149bcee0,D,AE48800044,Shoulder/Lap Belt(s),F,e3279502-c976-4cbf-8fbf-27b5146a11ae,Same Movement Angle,N,Intersection,Right Turn Lane,Daylight,No Defects,"Two-way, Divided, Positive Median Barrier",Dry,Clear,Twelve o'clock,Passenger Car,Functional,N,Moving Constant Speed,2015-01-07 8:15,25,39.402576,-76.446143
N,Apparently Normal,No Misuse,Y,No Injury,9c192253-11b3-4152-a5b6-6353a07d603b,D,AE48800044,Shoulder/Lap Belt(s),M,3ece005b-43be-46f8-950c-54ca15a62b50,Same Movement Angle,N,Intersection,Right Turn Lane,Daylight,No Defects,"Two-way, Divided, Positive Median Barrier",Dry,Clear,Eight o'clock,Passenger Car,Functional,N,Accelerating,2015-01-07 8:15,57,39.402576,-76.446143
N,Apparently Normal,No Misuse,Y,No Injury,f44b5ec4-d6b8-4e6d-8447-9f40e514c465,D,AE48800046,Shoulder/Lap Belt(s),F,cfefaf5e-c632-4daa-830f-071fd944c667,Same Direction Rear End,N,Intersection Related,Right Turn Lane,Daylight,No Defects,"Two-way, Not Divided",Dry,Clear,Twelve o'clock,(Sport) Utility Vehicle,Disabling,N,Moving Constant Speed,2015-01-08 9:43,28,39.338051,-76.505844
N,Apparently Normal,No Misuse,N,No Injury,dce0ff6e-74ab-4774-9a4c-4b339be346c5,D,AE48800046,Shoulder/Lap Belt(s),M,3cbf4fe6-aa1e-4a15-b927-cf3bc956720b,Same Direction Rear End,N,Intersection Related,Right Turn Lane,Daylight,No Defects,"Two-way, Not Divided",Dry,Clear,Six o'clock,Pickup Truck,Superficial,N,Stopped in Traffic Lane,2015-01-08 9:43,50,39.338051,-76.505844
N,Apparently Normal,No Misuse,N,No Injury,4e58a6cf-7cd8-404b-bc83-f4ac0384da34,D,AE48800047,Shoulder/Lap Belt(s),F,f17d09ee-1bc8-47b5-81c8-aa8b1b848b86,Same Direction Rear End,N,Intersection,Acceleration Lane,Daylight,No Defects,"Two-way, Divided, Positive Median Barrier",Dry,Clear,Six o'clock,Pickup Truck,No Damage,N,Making Right Turn,2015-01-09 11:04,37,39.371823,-76.511275
N,Apparently Normal,No Misuse,Y,No Injury,c754d2a8-9a9c-4282-85af-927a40ade6db,D,AE48800047,Shoulder/Lap Belt(s),F,59122c1a-3c1b-48fc-b96b-05ee5878a0fd,Same Direction Rear End,N,Intersection,Acceleration Lane,Daylight,No Defects,"Two-way, Divided, Positive Median Barrier",Dry,Clear,Twelve o'clock,(Sport) Utility Vehicle,Disabling,N,Slowing or Stopping,2015-01-09 11:04,77,39.371823,-76.511275
N,Apparently Normal,No Misuse,N,Non-incapacitating Injury,c986f53a-70cd-4a88-a36e-66b7ca3ce692,D,AE48800047,Shoulder/Lap Belt(s),M,95a45a23-5412-4315-93a2-119fa95f9855,Same Direction Rear End,N,Intersection,Acceleration Lane,Daylight,No Defects,"Two-way, Divided, Positive Median Barrier",Dry,Clear,Six o'clock,Passenger Car,Superficial,N,Slowing or Stopping,2015-01-09 11:04,29,39.371823,-76.511275
N,Apparently Normal,No Misuse,N,No Injury,67785072-1714-4e98-b771-727b0c024600,D,AE48800048,Shoulder/Lap Belt(s),F,eae0fa95-565a-417e-b497-27a1e15ca146,Head On Left Turn,N,Intersection,Right Turn Lane,Daylight,No Defects,"Two-way, Not Divided",Wet,Raining,Twelve o'clock,Passenger Car,Functional,N,Moving Constant Speed,2015-01-12 10:58,26,39.331605,-76.526913
N,Apparently Normal,No Misuse,Y,No Injury,b0fa4d4c-5d39-4ac4-9f9f-bb8c9221c33e,D,AE48800048,Shoulder/Lap Belt(s),F,258e1997-2a9a-4f61-8b3c-3feaa0d073b0,Head On Left Turn,N,Intersection,Right Turn Lane,Daylight,No Defects,"Two-way, Not Divided",Wet,Raining,Two o'clock,Passenger Car,Disabling,N,Making Left Turn,2015-01-12 10:58,61,39.331605,-76.526913
N,Apparently Normal,No Misuse,N,No Injury,1820bbb1-99fa-479b-a016-acfc711dc574,D,AE4880004B,Shoulder/Lap Belt(s),F,6475a8a4-4b51-4f7f-97b5-5b57209deea7,Same Movement Angle,N,Intersection,Right Turn Lane,Daylight,No Defects,"Two-way, Not Divided",Dry,Clear,Twelve o'clock,(Sport) Utility Vehicle,Functional,N,Accelerating,2015-01-15 10:49,77,39.412844,-76.463904
N,Apparently Normal,No Misuse,Y,No Injury,84cab804-2a97-47e3-99c6-38bafcd2e14b,D,AE4880004B,Shoulder/Lap Belt(s),F,1898fbfa-75a9-4c4c-9e54-b45770f714a0,Same Movement Angle,N,Intersection,Right Turn Lane,Daylight,No Defects,"Two-way, Not Divided",Dry,Clear,Four o'clock,(Sport) Utility Vehicle,Superficial,N,Moving Constant Speed,2015-01-15 10:49,49,39.412844,-76.463904
N,Apparently Normal,No Misuse,Y,No Injury,dd8a1cc5-7c6c-4d18-b266-8725096f8a22,D,AE4880004C,Shoulder/Lap Belt(s),F,0797cb45-2521-4383-b30f-69b56cc3ddef,Same Direction Rear End,N,Non Intersection,Right Turn Lane,Daylight,No Defects,"Two-way, Not Divided",Dry,Clear,Twelve o'clock,Passenger Car,Functional,N,Moving Constant Speed,2015-01-16 8:08,60,39.346955,-76.507807
N,Apparently Normal,No Misuse,N,No Injury,bd52924a-6086-42c1-923a-8ea96ccc6c5c,D,AE4880004C,Shoulder/Lap Belt(s),M,f881154a-d189-4ea4-a874-abe7383824b5,Same Direction Rear End,N,Non Intersection,Right Turn Lane,Daylight,No Defects,"Two-way, Not Divided",Dry,Clear,Six o'clock,Passenger Car,Superficial,N,Stopped in Traffic Lane,2015-01-16 8:08,49,39.346955,-76.507807
N,Apparently Normal,No Misuse,N,No Injury,0b1fb01b-3d93-4105-b9eb-dc4fcff3a728,D,AE4880004G,Shoulder/Lap Belt(s),F,48b84425-a47c-462d-b08b-b644c560c50d,Head On Left Turn,N,Intersection,Right Turn Lane,Dark Lights On,No Defects,"Two-way, Divided, Positive Median Barrier",Wet,Clear,Twelve o'clock,Passenger Car,Functional,N,Moving Constant Speed,2015-01-20 18:38,53,39.368408,-76.451894
N,Apparently Normal,No Misuse,Y,No Injury,86d25fbd-d06c-4443-82e2-5a7e50005b34,D,AE4880004G,Shoulder/Lap Belt(s),F,e14fcad0-0fa0-4d14-a9b1-766249410d80,Head On Left Turn,N,Intersection,Right Turn Lane,Dark Lights On,No Defects,"Two-way, Divided, Positive Median Barrier",Wet,Clear,Four o'clock,Passenger Car,Functional,N,Making Left Turn,2015-01-20 18:38,36,39.368408,-76.451894
N,Apparently Normal,No Misuse,N,No Injury,6193e8f8-f48f-472f-a2de-00d128260e9b,D,AE4880004J,Shoulder/Lap Belt(s),F,70d62cd0-abcf-4ada-895e-484046de406f,Same Movement Angle,N,Intersection,Right Turn Lane,Daylight,No Defects,"Two-way, Not Divided",Dry,Clear,Twelve o'clock,(Sport) Utility Vehicle,Superficial,N,Moving Constant Speed,2015-01-22 16:43,23,39.335544,-76.49912
N,Apparently Normal,No Misuse,Y,No Injury,91a588b9-69db-4fe2-a460-e87637a4114e,D,AE4880004J,Shoulder/Lap Belt(s),F,077f6758-ec84-44d8-9a3e-e3b6afe12755,Same Movement Angle,N,Intersection,Right Turn Lane,Daylight,No Defects,"Two-way, Not Divided",Dry,Clear,Eight o'clock,Passenger Car,Functional,N,Making Left Turn,2015-01-22 16:43,31,39.335544,-76.49912
N,Apparently Normal,No Misuse,Y,No Injury,46f04d4c-9d66-4bd8-8d81-01bafe08fca2,D,AE4880004M,Shoulder/Lap Belt(s),F,e863ed43-e5e2-48e3-bbf2-8fdc2bb7192f,Same Movement Angle,N,Intersection,Right Turn Lane,Daylight,No Defects,"Two-way, Not Divided",Wet,Snow,Twelve o'clock,Passenger Car,Disabling,N,Making Left Turn,2015-01-26 13:30,37,39.372654,-76.457334
N,Apparently Normal,No Misuse,N,No Injury,29214f73-8b8e-43af-9550-cedb34a97f40,D,AE4880004M,Shoulder/Lap Belt(s),M,222359b7-ee4e-4d27-ac29-bf55e3b9490e,Same Movement Angle,N,Intersection,Right Turn Lane,Daylight,No Defects,"Two-way, Not Divided",Wet,Snow,Two o'clock,Passenger Car,Superficial,N,Moving Constant Speed,2015-01-26 13:30,50,39.372654,-76.457334