CDL_FLAG,CONDITION_CODE,EQUIP_PROB_CODE,FAULT_FLAG,INJ_SEVER_CODE,PERSON_ID,PERSON_TYPE,REPORT_NO,SAF_EQUIP_CODE,SEX_CODE,VEHICLE_ID,COLLISION_TYPE_CODE,C_M_ZONE_FLAG,JUNCTION_CODE,LANE_CODE,LIGHT_CODE,RD_COND_CODE,RD_DIV_CODE,SURF_COND_CODE,WEATHER_CODE,AREA_DAMAGED_CODE_MAIN,BODY_TYPE_CODE,DAMAGE_CODE,HIT_AND_RUN_FLAG,MOVEMENT_CODE,TIME,AGE,LATITUDE,LONGITUDE
N,Apparently Normal,No Misuse,N,No Injury,8fe9d679-fff2-4763-8b18-1d8807b358b2,D,AE4880004N,Shoulder/Lap Belt(s),F,aff9f069-a935-451d-975f-eda7665b0d62,Same Direction Rear End,N,Intersection Related,Left Turn Lane,Daylight,No Defects,"Two-way, Divided, Positive Median Barrier",Dry,Cloudy,Six o'clock,Passenger Car,Functional,N,Stopped in Traffic Lane,2015-01-27 8:36,23,39.314365,-76.521795
N,Apparently Normal,No Misuse,Y,No Injury,fda59f23-ebf7-4730-9ed7-96bd5bbfe33c,D,AE4880004N,Shoulder/Lap Belt(s),F,2c8c2acf-0490-41a3-92b2-2125649cbfbc,Same Direction Rear End,N,Intersection Related,Left Turn Lane,Daylight,No Defects,"Two-way, Divided, Positive Median Barrier",Dry,Cloudy,Twelve o'clock,Passenger Car,Functional,N,Moving Constant Speed,2015-01-27 8:36,39,39.314365,-76.521795
N,Apparently Normal,No Misuse,N,No Injury,162ed61b-7520-4ca9-b64e-e5ff3dcfa85f,D,AE4880004Q,Shoulder/Lap Belt(s),F,108ec51a-a0cc-48ba-aa92-840c5d2e15c6,Same Direction Right Turn,N,Intersection Related,Right Turn Lane,Daylight,No Defects,"Two-way, Divided, Positive Median Barrier",Dry,Clear,Two o'clock,Van,Superficial,N,Making Right Turn,2015-01-29 8:08,52,39.382207,-76.471162
N,Apparently Normal,No Misuse,Y,No Injury,b3d9e130-3e58-402f-8c59-31ff89f74f88,D,AE4880004Q,Shoulder/Lap Belt(s),M,bb593537-c813-442f-b9f5-98b2c20309a5,Same Direction Right Turn,N,Intersection Related,Right Turn Lane,Daylight,No Defects,"Two-way, Divided, Positive Median Barrier",Dry,Clear,Eleven o'clock,Passenger Car,Functional,N,Passing,2015-01-29 8:08,35,39.382207,-76.471162
N,Apparently Normal,No Misuse,N,No Injury,9240bc00-30df-4269-bbd6-ab2c4f02815c,D,AE4880004V,Shoulder/Lap Belt(s),F,ab97fa2d-94c3-4ce2-ac46-bd0f1da64dd5,Same Direction Rear End,N,Intersection Related,Right Turn Lane,Daylight,No Defects,"Two-way, Not Divided",Dry,Clear,Twelve o'clock,(Sport) Utility Vehicle,Functional,N,Stopped in Traffic Lane,2015-02-04 10:23,68,39.360905,-76.453734
N,Apparently Normal,No Misuse,N,No Injury,2a8d0c04-01e7-423f-a643-79820a2ddcf6,D,AE4880004V,Shoulder/Lap Belt(s),F,722bf376-f0fd-404c-9f3e-dae976e0f8ef,Same Direction Rear End,N,Intersection Related,Right Turn Lane,Daylight,No Defects,"Two-way, Not Divided",Dry,Clear,Six o'clock,Pickup Truck,Superficial,N,Stopped in Traffic Lane,2015-02-04 10:23,34,39.360905,-76.453734
N,Apparently Normal,No Misuse,Y,No Injury,a7ee8080-259c-49c9-ab44-4e8ee0c19be8,D,AE4880004V,Shoulder/Lap Belt(s),F,a4173b1e-063e-4d77-b908-29f03731d5c6,Same Direction Rear End,N,Intersection Related,Right Turn Lane,Daylight,No Defects,"Two-way, Not Divided",Dry,Clear,Twelve o'clock,Passenger Car,Disabling,N,Slowing or Stopping,2015-02-04 10:23,31,39.360905,-76.453734
N,Apparently Normal,No Misuse,N,No Injury,52febb4b-c9a1-4ef2-8adf-b0c0cfb7a849,D,AE4880004W,Shoulder/Lap Belt(s),F,92b90588-227e-4895-9ed7-c48b3f39606f,Same Movement Angle,N,Intersection,Left Turn Lane,Daylight,No Defects,"Two-way, Not Divided",Dry,Cloudy,Twelve o'clock,Passenger Car,Disabling,N,Moving Constant Speed,2015-02-05 7:40,45,39.41169,-76.44783
N,Apparently Normal,No Misuse,N,Non-incapacitating Injury,139c9e71-f5a5-4074-b16b-6109ec725bcc,D,AE4880004W,Shoulder/Lap Belt(s),M,0abc355c-d3f8-4b3c-8965-ba57d08e6956,Same Movement Angle,N,Intersection,Left Turn Lane,Daylight,No Defects,"Two-way, Not Divided",Dry,Cloudy,Eleven o'clock,Truck Tractor,Destroyed,N,Moving Constant Speed,2015-02-05 7:40,62,39.41169,-76.44783
N,Apparently Normal,No Misuse,Y,Possible Incapacitating Injury,207a5054-9843-4146-b3c5-8ec28afec127,D,AE4880004W,Shoulder/Lap Belt(s),M,24604249-cdad-4d86-9c72-f9182de2e6fb,Same Movement Angle,N,Intersection,Left Turn Lane,Daylight,No Defects,"Two-way, Not Divided",Dry,Cloudy,One o'clock,Passenger Car,Destroyed,N,Accelerating,2015-02-05 7:40,51,39.41169,-76.44783
N,Apparently Normal,No Misuse,Y,No Injury,137b91e3-1dc1-4207-9733-258735056ed7,D,AE48800050,Shoulder/Lap Belt(s),F,67d5f4de-1433-4c5b-a4e3-a1323c03a667,Same Direction Left Turn,N,Non Intersection,Left Turn Lane,Daylight,No Defects,"Two-way, Not Divided",Dry,Clear,Eleven o'clock,Passenger Car,Superficial,N,Slowing or Stopping,2015-02-12 17:15,56,39.336669,-76.491121
N,Apparently Normal,No Misuse,N,No Injury,5c1fc787-aed9-4537-9fcc-180f12aeee92,D,AE48800050,Shoulder/Lap Belt(s),M,bbffadf9-6720-4c00-9888-ac494568807b,Same Direction Left Turn,N,Non Intersection,Left Turn Lane,Daylight,No Defects,"Two-way, Not Divided",Dry,Clear,Three o'clock,Passenger Car,Superficial,N,Moving Constant Speed,2015-02-12 17:15,28,39.336669,-76.491121
N,Apparently Normal,No Misuse,Y,No Injury,8e2b582e-f672-4bb5-8987-b4840bf31700,D,AE48800051,Shoulder/Lap Belt(s),F,5e2ec57b-a2ab-4f5d-8660-4a69c75a10af,Same Direction Left Turn,N,Non Intersection,Right Turn Lane,Daylight,No Defects,"Two-way, Not Divided",Dry,Clear,Nine o'clock,Passenger Car,Functional,N,Changing Lanes,2015-02-13 14:56,41,39.340193,-76.485422
N,Apparently Normal,No Misuse,N,No Injury,b75a22da-ce97-4fb3-bbe2-da40eff79f10,D,AE48800051,Shoulder/Lap Belt(s),M,21791afc-1eb1-4acf-a45b-40b0b48418a6,Same Direction Left Turn,N,Non Intersection,Right Turn Lane,Daylight,No Defects,"Two-way, Not Divided",Dry,Clear,One o'clock,Passenger Car,Functional,N,Moving Constant Speed,2015-02-13 14:56,62,39.340193,-76.485422
N,Apparently Normal,No Misuse,Y,No Injury,56aa438b-9c89-45ee-a3ad-88117c37deed,D,AE48800054,Shoulder/Lap Belt(s),F,a859ae2c-eae6-4ed3-b960-34b171d5a1c6,Same Direction Rear End,N,Intersection Related,Right Turn Lane,Daylight,No Defects,"Two-way, Not Divided",Dry,Clear,Twelve o'clock,Passenger Car,Disabling,N,Moving Constant Speed,2015-02-18 7:43,18,39.332725,-76.493287
N,Apparently Normal,No Misuse,N,No Injury,99561075-f412-4dd7-b017-1ddc069176cf,D,AE48800054,Shoulder/Lap Belt(s),M,88a8ac49-f986-47d1-8ab3-96f8e68e54b3,Same Direction Rear End,N,Intersection Related,Right Turn Lane,Daylight,No Defects,"Two-way, Not Divided",Dry,Clear,Six o'clock,Passenger Car,Superficial,N,Stopped in Traffic Lane,2015-02-18 7:43,29,39.332725,-76.493287
N,Apparently Normal,No Misuse,N,No Injury,47a2ae00-b682-42c4-9d54-4b546909c95b,D,AE48800056,Shoulder/Lap Belt(s),F,7f18d574-7a13-461e-9124-1cd755705996,Same Direction Left Turn,N,Non Intersection,Right Turn Lane,Daylight,No Defects,"Two-way, Not Divided",Dry,Cloudy,Two o'clock,Passenger Car,Disabling,N,Moving Constant Speed,2015-02-20 11:06,72,39.351904,-76.476007
N,Apparently Normal,No Misuse,Y,No Injury,99c0c7d0-cdcb-400c-a43f-9152febfda8a,D,AE48800056,Shoulder/Lap Belt(s),M,2d2ed6f6-c0b1-4a97-ae7c-37ce34e315e1,Same Direction Left Turn,N,Non Intersection,Right Turn Lane,Daylight,No Defects,"Two-way, Not Divided",Dry,Cloudy,Eleven o'clock,Passenger Car,Disabling,N,Starting From Parked,2015-02-20 11:06,25,39.351904,-76.476007
N,Apparently Normal,No Misuse,N,No Injury,80de8445-1b7f-4cab-b741-8404253a363a,D,AE4880005D,Shoulder/Lap Belt(s),F,2a942fc0-da9b-41dc-9e74-ec85ac341b1b,Same Direction Sideswipe,N,Non Intersection,Left Turn Lane,Daylight,No Defects,"Two-way, Divided, Positive Median Barrier",Dry,Cloudy,Two o'clock,(Sport) Utility Vehicle,Superficial,N,Moving Constant Speed,2015-02-27 8:30,36,39.312509,-76.453283
N,Apparently Normal,No Misuse,N,No Injury,79420bef-6a3e-4010-ad4b-1d3469838aed,D,AE4880005F,Shoulder/Lap Belt(s),F,8e0ad274-dd17-458a-9c69-caa22b1e74ea,Same Direction Rear End,N,Intersection Related,Right Turn Lane,Daylight,No Defects,"Two-way, Divided, Positive Median Barrier",Dry,Clear,Six o'clock,Passenger Car,Functional,N,Stopped in Traffic Lane,2015-02-27 11:33,34,39.333998,-76.485642
N,Apparently Normal,No Misuse,Y,No Injury,ae5dd8a1-410e-47a2-b5b5-dec403f0395c,D,AE4880005F,Shoulder/Lap Belt(s),M,a696e8b7-012b-42bf-bf4c-f0a2ee3c2d0c,Same Direction Rear End,N,Intersection Related,Right Turn Lane,Daylight,No Defects,"Two-way, Divided, Positive Median Barrier",Dry,Clear,Twelve o'clock,Van,Functional,N,Moving Constant Speed,2015-02-27 11:33,36,39.333998,-76.485642
N,Apparently Normal,No Misuse,N,No Injury,de57a805-51c2-4b25-88b6-dd7787f1050f,D,AE4880005J,Shoulder/Lap Belt(s),F,7e8dc6bc-f587-4c77-86d3-0f954dbdbaba,Same Direction Rear End,N,Intersection Related,Right Turn Lane,Dark - Unknown Lighting,No Defects,"Two-way, Not Divided",Dry,Clear,Six o'clock,Passenger Car,Functional,N,Slowing or Stopping,2015-03-02 20:50,25,39.40308,-76.416465
N,Apparently Normal,No Misuse,N,No Injury,bd0759e1-4c52-4ab8-98d1-329438a9c704,D,AE4880005N,Shoulder/Lap Belt(s),F,89613088-df85-4bf6-ae0d-ad9ed9c2912e,Same Direction Rear End,N,Intersection Related,Left Turn Lane,Daylight,No Defects,"Two-way, Divided, Positive Median Barrier",Wet,Raining,Six o'clock,Passenger Car,Superficial,N,Stopped in Traffic Lane,2015-03-04 15:06,61,39.379851,-76.471353
N,Apparently Normal,No Misuse,N,No Injury,2c5b460c-9166-4aa8-8df9-0b0ff2adfc67,D,AE4880005N,Shoulder/Lap Belt(s),F,8f498b1c-3033-4f90-9765-c6687c820112,Same Direction Rear End,N,Intersection Related,Left Turn Lane,Daylight,No Defects,"Two-way, Divided, Positive Median Barrier",Wet,Raining,Six o'clock,Passenger Car,Superficial,N,Stopped in Traffic Lane,2015-03-04 15:06,22,39.379851,-76.471353
N,Apparently Normal,No Misuse,Y,No Injury,c1cacf1c-fbe3-40bb-9642-064d73226ead,D,AE4880005S,Shoulder/Lap Belt(s),F,e788e9cc-1cdc-4845-9499-f674f5bc0004,Same Movement Angle,N,Intersection,Left Turn Lane,Daylight,No Defects,"Two-way, Divided, Positive Median Barrier",Dry,Clear,Twelve o'clock,Passenger Car,Functional,N,Making Left Turn,2015-03-06 14:40,60,39.325983,-76.49767
N,Apparently Normal,No Misuse,N,No Injury,b88d4cef-9390-43ee-876e-50ff18766824,D,AE4880005S,Shoulder/Lap Belt(s),M,77203848-a89f-4a25-b00f-1a975aaa1839,Same Movement Angle,N,Intersection,Left Turn Lane,Daylight,No Defects,"Two-way, Divided, Positive Median Barrier",Dry,Clear,Three o'clock,Passenger Car,Functional,N,Moving Constant Speed,2015-03-06 14:40,42,39.325983,-76.49767
N,Apparently Normal,No Misuse,Y,No Injury,885fee33-b5d1-48e2-8859-93bb9567946d,D,AE4880005X,Shoulder/Lap Belt(s),F,8b12ab8e-2923-4592-9145-e4863db1a10a,Head On Left Turn,N,Intersection,Right Turn Lane,Daylight,No Defects,"Two-way, Not Divided",Dry,Clear,Four o'clock,Passenger Car,Disabling,N,Making Left Turn,2015-03-09 11:21,19,39.366855,-76.449239
N,Apparently Normal,No Misuse,N,No Injury,01012f48-39f1-41e3-8959-dd7a1833dc2a,D,AE4880005X,Shoulder/Lap Belt(s),M,28209947-77b6-4f6f-a0d2-cae1e9c5c743,Head On Left Turn,N,Intersection,Right Turn Lane,Daylight,No Defects,"Two-way, Not Divided",Dry,Clear,Twelve o'clock,Pickup Truck,Disabling,N,Moving Constant Speed,2015-03-09 11:21,61,39.366855,-76.449239
N,Apparently Normal,No Misuse,N,No Injury,a623651f-731f-4db7-94d5-da42f4ac9641,D,AE4880005Z,Shoulder/Lap Belt(s),F,7bffc968-83f1-4258-b11a-32a8247d294f,Same Direction Right Turn,N,Intersection,Left Turn Lane,Daylight,No Defects,"Two-way, Divided, Positive Median Barrier",Dry,Clear,Eleven o'clock,Passenger Car,Superficial,N,Making Right Turn,2015-03-11 11:40,44,39.350598,-76.485148
N,Apparently Normal,No Misuse,N,No Injury,24de9be9-04cf-4f74-86e8-477c74e9faa6,D,AE4880006B,Shoulder/Lap Belt(s),F,43af6e83-8a03-4f57-9f01-c4fbe9189191,Head On Left Turn,N,Commercial Driveway,Left Turn Lane,Daylight,No Defects,"Two-way, Divided, Positive Median Barrier",Wet,Snow,Twelve o'clock,Passenger Car,Functional,N,Moving Constant Speed,2015-03-20 12:31,84,39.336713,-76.479958
N,Apparently Normal,No Misuse,Y,No Injury,8b6a5a5f-8e57-411e-8263-98892a5688bc,D,AE4880006B,Shoulder/Lap Belt(s),F,fe816d22-027c-4543-89eb-c6e2db2f0835,Head On Left Turn,N,Commercial Driveway,Left Turn Lane,Daylight,No Defects,"Two-way, Divided, Positive Median Barrier",Wet,Snow,Four o'clock,Passenger Car,Functional,N,Making Left Turn,2015-03-20 12:31,34,39.336713,-76.479958
N,Apparently Normal,No Misuse,N,No Injury,cff1754b-81c2-4a44-8486-b3a95c3c4b59,D,AE4880006C,Shoulder/Lap Belt(s),F,e9c29346-853c-486d-a309-d7e7fcf35231,Same Direction Rear End,N,Non Intersection,Acceleration Lane,Daylight,No Defects,"Two-way, Divided, Positive Median Barrier",Dry,Clear,Six o'clock,Passenger Car,Superficial,N,Slowing or Stopping,2015-03-23 17:22,27,39.338475,-76.479344
N,Apparently Normal,No Misuse,N,No Injury,1550b5d7-c25e-4e82-bc3d-dd6c25254c38,D,AE4880006L,Shoulder/Lap Belt(s),F,7e3cf382-a764-42ba-ba33-d1a24732c8a6,Same Direction Rear End,N,Intersection Related,Right Turn Lane,Daylight,No Defects,"Two-way, Not Divided",Dry,Cloudy,Six o'clock,Van,Superficial,N,Stopped in Traffic Lane,2015-03-31 8:13,37,39.335393,-76.492795
N,Apparently Normal,No Misuse,Y,No Injury,d0c96810-beac-438d-b524-b820ba3e7059,D,AE4880006L,Shoulder/Lap Belt(s),M,02a3cac2-d61c-41e5-a69a-9c3a7527a9fe,Same Direction Rear End,N,Intersection Related,Right Turn Lane,Daylight,No Defects,"Two-way, Not Divided",Dry,Cloudy,Twelve o'clock,Passenger Car,Superficial,N,Slowing or Stopping,2015-03-31 8:13,28,39.335393,-76.492795
N,Apparently Normal,No Misuse,N,Non-incapacitating Injury,cacfcfa4-104c-40cc-ab1e-8a5c3be9ac6a,D,AE4880006L,Shoulder/Lap Belt(s),M,a7241bca-9479-4378-a787-d2b943d4c034,Same Direction Rear End,N,Intersection Related,Right Turn Lane,Daylight,No Defects,"Two-way, Not Divided",Dry,Cloudy,Six o'clock,Passenger Car,Superficial,N,Stopped in Traffic Lane,2015-03-31 8:13,38,39.335393,-76.492795
N,Apparently Normal,No Misuse,N,No Injury,3cf2dc37-a0ef-4181-8b79-f382a872640e,D,AE48920015,Shoulder/Lap Belt(s),F,a467fe3e-fcfd-40d2-8dc0-c8bf93142f09,Same Direction Rear End,N,Intersection,Right Turn Lane,Dark Lights On,No Defects,"Two-way, Not Divided",Wet,Cloudy,Six o'clock,(Sport) Utility Vehicle,Functional,N,Stopped in Traffic Lane,2015-02-05 18:10,35,39.532661,-76.646268
N,Apparently Normal,No Misuse,N,Non-incapacitating Injury,05564e98-e477-4a43-a983-f15250ebfe50,D,AE48920015,Shoulder/Lap Belt(s),F,dcfefbc6-3880-426d-adeb-b777929c6832,Same Direction Rear End,N,Intersection,Right Turn Lane,Dark Lights On,No Defects,"Two-way, Not Divided",Wet,Cloudy,Six o'clock,(Sport) Utility Vehicle,Disabling,N,Stopped in Traffic Lane,2015-02-05 18:10,42,39.532661,-76.646268
N,Apparently Normal,No Misuse,Y,No Injury,a39dcece-c26b-48e1-8ee8-3b31a4c3551d,D,AE48920015,Shoulder/Lap Belt(s),M,d7ff3937-aa71-4bf2-8988-bbd42e7ef3af,Same Direction Rear End,N,Intersection,Right Turn Lane,Dark Lights On,No Defects,"Two-way, Not Divided",Wet,Cloudy,Twelve o'clock,Pickup Truck,Disabling,N,Moving Constant Speed,2015-02-05 18:10,40,39.532661,-76.646268
N,Apparently Normal,No Misuse,Y,No Injury,449809ab-f339-41d4-a7b6-95f960866cd3,D,AE4892001H,Shoulder/Lap Belt(s),F,1455ca4e-fc94-4a71-a522-e664272c7b90,Same Direction Rear End,N,Non Intersection,Left Turn Lane,Daylight,No Defects,"Two-way, Not Divided",Dry,Clear,Twelve o'clock,Passenger Car,Functional,N,Moving Constant Speed,2015-03-13 13:14,62,39.439561,-76.625653
N,Apparently Normal,No Misuse,N,No Injury,202f3f80-53e2-4532-ae73-6b50604ae307,D,AE4892001H,Shoulder/Lap Belt(s),M,33cf8394-7f09-4e8d-a16e-51b8c60b0d37,Same Direction Rear End,N,Non Intersection,Left Turn Lane,Daylight,No Defects,"Two-way, Not Divided",Dry,Clear,Six o'clock,Pickup Truck,Functional,N,Slowing or Stopping,2015-03-13 13:14,77,39.439561,-76.625653
N,Apparently Normal,No Misuse,Y,No Injury,a6d829bf-b232-44f2-8377-4ea5ff91c66d,D,AE49220004,Shoulder/Lap Belt(s),F,a39fc894-7fac-4d3f-862a-eea5c371d1bf,Single Vehicle ,N,Non Intersection,Acceleration Lane,Dark Lights On,No Defects,"Two-way, Divided, Positive Median Barrier",Snow,Snow,Twelve o'clock,Passenger Car,Disabling,N,Moving Constant Speed,2015-02-14 20:57,37,39.30715661,-76.44937277
N,Apparently Normal,No Misuse,N,No Injury,633e656a-f9be-4985-8286-3856a3d74725,D,AE49220005,Shoulder/Lap Belt(s),F,c0758b5d-5435-4d40-815d-8e162045ca40,Opposite Direction Sideswipe,N,Intersection,Right Turn Lane,Dark Lights On,No Defects,"Two-way, Not Divided",Dry,Clear,Eight o'clock,Passenger Car,Superficial,N,Moving Constant Speed,2015-03-02 21:25,55,39.30584495,-76.44160509
N,Apparently Normal,No Misuse,Y,No Injury,36d936f6-dece-4801-96c2-0589fa0ba184,D,AE49220005,Shoulder/Lap Belt(s),F,3286130b-6dc7-4b12-b2e3-5b68566fbe21,Opposite Direction Sideswipe,N,Intersection,Right Turn Lane,Dark Lights On,No Defects,"Two-way, Not Divided",Dry,Clear,Twelve o'clock,Passenger Car,Superficial,Y,Accelerating,2015-03-02 21:25,32,39.30584495,-76.44160509
N,Apparently Normal,No Misuse,N,No Injury,b50e0708-557a-466d-8b02-a82684bad5c0,D,AE4926000C,Shoulder/Lap Belt(s),F,c33638be-ac95-45d2-bd9c-371a470c3364,Same Direction Rear End,N,Intersection Related,Acceleration Lane,Daylight,No Defects,"Two-way, Divided, Positive Median Barrier",Ice,Wintry Mix,Six o'clock,Passenger Car,Superficial,N,Stopped in Traffic Lane,2015-01-18 8:56,38,39.40192931,-76.78333998
N,Apparently Normal,No Misuse,Y,No Injury,26a53679-a217-461f-822d-dc6741d2826a,D,AE4926000C,Shoulder/Lap Belt(s),M,35911032-18b2-41b9-a947-5f245668ddc3,Same Direction Rear End,N,Intersection Related,Acceleration Lane,Daylight,No Defects,"Two-way, Divided, Positive Median Barrier",Ice,Wintry Mix,Eleven o'clock,Passenger Car,Disabling,N,Moving Constant Speed,2015-01-18 8:56,35,39.40192931,-76.78333998
N,Apparently Normal,No Misuse,Y,No Injury,c766eae6-0203-48fa-a6ad-b57829fce3f5,D,AE49270006,Shoulder/Lap Belt(s),F,950bbd9b-6e2e-47cb-8e37-3d656edab90c,Same Direction Sideswipe,N,Non Intersection,Right Turn Lane,Daylight,No Defects,"Two-way, Not Divided",Wet,Raining,Twelve o'clock,Passenger Car,Disabling,N,Moving Constant Speed,2015-01-24 10:50,21,39.37430885,-76.53236032
N,Apparently Normal,No Misuse,Y,No Injury,4daac96f-ce3a-441b-85a0-a6ef62e88756,D,AE49330004,Shoulder/Lap Belt(s),F,b32b8caa-a0c1-4226-abbe-f5c219d44897,Single Vehicle ,N,Non Intersection,Right Turn Lane,Dark Lights On,No Defects,"Two-way, Divided, Positive Median Barrier",Dry,Clear,Twelve o'clock,Passenger Car,Disabling,N,Moving Constant Speed,2015-01-01 2:29,46,39.41376686,-76.45082116
N,Apparently Normal,No Misuse,Y,No Injury,ec1b2e6d-6996-4bc9-9592-554bc3f9b540,D,AE49650004,Shoulder/Lap Belt(s),F,981b76d2-6cee-4569-bc72-35b0eb606067,Same Direction Right Turn,N,Non Intersection,Shoulder Area,Dark Lights On,No Defects,"Two-way, Not Divided",Snow,Blowing Snow,Two o'clock,Passenger Car,Functional,N,Changing Lanes,2015-03-05 20:43,24,39.26751584,-76.49741113
N,Apparently Normal,No Misuse,N,No Injury,5b88018d-1de1-4c48-aa76-f474bdcea4f4,D,AE49650004,Shoulder/Lap Belt(s),M,84885a92-c6ba-4300-ba8f-6b6f9373d0c4,Same Direction Right Turn,N,Non Intersection,Shoulder Area,Dark Lights On,No Defects,"Two-way, Not Divided",Snow,Blowing Snow,Twelve o'clock,Pickup Truck,Superficial,N,Moving Constant Speed,2015-03-05 20:43,23,39.26751584,-76.49741113
N,Apparently Normal,No Misuse,N,No Injury,87cb611b-1d60-4969-9ce7-53ad3cfb2ddc,D,AE49810003,Shoulder/Lap Belt(s),F,33fb5c88-c95d-4102-9f1e-217b22cf347f,Head On,N,Intersection Related,Right Turn Lane,Daylight,No Defects,"Two-way, Not Divided",Dry,Clear,Twelve o'clock,Passenger Car,Superficial,N,Slowing or Stopping,2015-01-29 14:22,55,39.28810194,-76.52851939
N,Apparently Normal,No Misuse,N,No Injury,bd58fb44-480c-46cc-9f31-4f3bf357ab8c,D,AE49980022,Shoulder/Lap Belt(s),F,ca52cd7c-5e7c-47e2-b908-7c17c37622a5,Same Direction Rear End Right Turn,N,Intersection,Right Turn Lane,Dark Lights On,No Defects,"Two-way, Not Divided",Dry,Clear,Four o'clock,Passenger Car,Functional,N,Making Right Turn,2015-02-20 19:19,23,39.37488939,-76.56830192
N,Apparently Normal,No Misuse,N,No Injury,9cd763c7-58b8-4413-b4c6-01ee11f93c1e,D,AE49980027,Shoulder/Lap Belt(s),F,066b30e3-b599-4631-82b8-5ec1cde2888a,Same Direction Rear End,N,Intersection,Right Turn Lane,Daylight,No Defects,"Two-way, Not Divided",Dry,Cloudy,Six o'clock,School Bus,Superficial,N,Stopped in Traffic Lane,2015-03-30 8:02,56,39.38265169,-76.57094121
N,Apparently Normal,No Misuse,Y,No Injury,d1290d10-23eb-444e-8deb-5c41118d7b1f,D,AE50090006,Shoulder/Lap Belt(s),F,3344a699-9e09-4963-bb47-495c415f53e5,Single Vehicle ,N,Intersection,Left Turn Lane,Dark Lights On,No Defects,"Two-way, Divided, Positive Median Barrier",Ice,Clear,Twelve o'clock,Passenger Car,Disabling,N,Moving Constant Speed,2015-01-23 1:14,63,39.25643234,-76.46220446
N,Apparently Normal,No Misuse,N,No Injury,e59bfedf-7d74-4ea6-beb1-7231ac29aab6,D,AE50140007,Shoulder/Lap Belt(s),F,96c721b6-26da-42d3-a68d-c4359593aa85,Same Direction Rear End,N,Non Intersection,Right Turn Lane,Dark Lights On,No Defects,"Two-way, Not Divided",Dry,Clear,Six o'clock,Passenger Car,Disabling,N,Slowing or Stopping,2015-02-07 1:20,29,39.3124777,-76.7131412
N,Apparently Normal,No Misuse,Y,No Injury,d775c988-e07c-4a0e-bd3f-dfade5b6f6e4,D,AE50140007,Shoulder/Lap Belt(s),M,2ee22a17-4fcd-4d4a-885a-937b76c29e26,Same Direction Rear End,N,Non Intersection,Right Turn Lane,Dark Lights On,No Defects,"Two-way, Not Divided",Dry,Clear,Twelve o'clock,(Sport) Utility Vehicle,Disabling,N,Moving Constant Speed,2015-02-07 1:20,50,39.3124777,-76.7131412
N,Apparently Normal,No Misuse,Y,No Injury,ebe39a74-f44a-4476-bae5-0312918aa938,D,AE50230007,Shoulder/Lap Belt(s),F,527bfea6-33c8-4649-94de-2736975b2efe,Same Direction Sideswipe,N,Non Intersection,Right Turn Lane,Dark Lights On,No Defects,One-way Trafficway,Dry,Clear,One o'clock,Van,Disabling,Y,Moving Constant Speed,2015-02-08 2:31,34,39.35819255,-76.52784348
N,Apparently Normal,No Misuse,N,No Injury,8b07fbef-fe37-4eba-8654-ff1d12b49ac1,D,AE50690001,Shoulder/Lap Belt(s),F,bdc0507a-eeeb-44d8-89ed-b75d8b14ec7b,Same Direction Sideswipe,N,Non Intersection,Left Turn Lane,Daylight,No Defects,"Two-way, Divided, Positive Median Barrier",Dry,Clear,Eleven o'clock,Passenger Car,Superficial,N,Moving Constant Speed,2015-02-19 15:20,48,39.40656965,-76.79667056
N,Apparently Normal,No Misuse,N,No Injury,61187373-72c9-45d3-9e42-b336c401fa52,D,AE5070000D,Shoulder/Lap Belt(s),F,f23f4f20-355b-4689-bd87-2095a8c95260,Head On Left Turn,N,Intersection,Acceleration Lane,Dark Lights On,No Defects,"Two-way, Not Divided",Dry,Clear,Twelve o'clock,Passenger Car,Superficial,N,Moving Constant Speed,2015-02-12 20:59,50,39.35052709,-76.48513198
N,Apparently Normal,No Misuse,Y,No Injury,52f61762-9ae0-41fc-99d4-c12be083cf28,D,AE5070000D,Shoulder/Lap Belt(s),F,f28aac8c-b3e9-461b-b997-bf1bb9aa45fb,Head On Left Turn,N,Intersection,Acceleration Lane,Dark Lights On,No Defects,"Two-way, Not Divided",Dry,Clear,One o'clock,Passenger Car,Disabling,N,Making Left Turn,2015-02-12 20:59,47,39.35052709,-76.48513198
N,Apparently Normal,No Misuse,N,No Injury,b1cfabdc-9d66-42e8-bae4-a0e97b69d7e7,D,AE51040006,Shoulder/Lap Belt(s),F,900618af-ef20-4cb9-879a-3f72abb10467,Same Direction Rear End,N,Intersection Related,Right Turn Lane,Dark Lights On,No Defects,"Two-way, Not Divided",Dry,Clear,Six o'clock,(Sport) Utility Vehicle,Superficial,N,Stopped in Traffic Lane,2015-02-28 21:18,54,39.30700718,-76.47937059
N,Apparently Normal,No Misuse,N,No Injury,3bfcfd90-20d1-4967-84b3-d65e8d4509f9,D,AE5138000T,Shoulder/Lap Belt(s),F,50fb32fa-62e2-428a-bf6c-b005facd4aad,Same Movement Angle,N,Intersection,Left Turn Lane,Daylight,No Defects,"Two-way, Divided, Positive Median Barrier",Dry,Clear,Seven o'clock,Police Vehicle/Emergency,Functional,N,Slowing or Stopping,2015-03-27 16:15,25,39.31303801,-76.46413296