CDL_FLAG,CONDITION_CODE,EQUIP_PROB_CODE,FAULT_FLAG,INJ_SEVER_CODE,PERSON_ID,PERSON_TYPE,REPORT_NO,SAF_EQUIP_CODE,SEX_CODE,VEHICLE_ID,COLLISION_TYPE_CODE,C_M_ZONE_FLAG,JUNCTION_CODE,LANE_CODE,LIGHT_CODE,RD_COND_CODE,RD_DIV_CODE,SURF_COND_CODE,WEATHER_CODE,AREA_DAMAGED_CODE_MAIN,BODY_TYPE_CODE,DAMAGE_CODE,HIT_AND_RUN_FLAG,MOVEMENT_CODE,TIME,AGE,LATITUDE,LONGITUDE
N,Apparently Normal,No Misuse,Y,No Injury,7cf95d46-cedf-41dc-b89a-2816a939eb1d,D,AE5138000T,Shoulder/Lap Belt(s),M,380cf501-913a-428f-8faf-eb6876152958,Same Movement Angle,N,Intersection,Left Turn Lane,Daylight,No Defects,"Two-way, Divided, Positive Median Barrier",Dry,Clear,Twelve o'clock,(Sport) Utility Vehicle,Functional,N,Changing Lanes,2015-03-27 16:15,27,39.31303801,-76.46413296
N,Apparently Normal,No Misuse,N,No Injury,13d24aa5-59c4-40b4-8fe6-b78b373483bf,D,AE51480006,Shoulder/Lap Belt(s),F,483d3e2e-f3b1-430e-bb49-04ffb9db0b69,Same Direction Rear End,N,Non Intersection,Right Turn Lane,Daylight,No Defects,"Two-way, Not Divided",Wet,Raining,Six o'clock,Passenger Car,Functional,N,Parked  ,2015-01-03 15:07,28,39.4394577,-76.80454016
N,Apparently Normal,No Misuse,Y,No Injury,82049f62-e832-4c44-8f5c-812e382e94ab,D,AE51480006,Shoulder/Lap Belt(s),M,ec5d44a3-71c4-4165-8007-de70cd87233d,Same Direction Rear End,N,Non Intersection,Right Turn Lane,Daylight,No Defects,"Two-way, Not Divided",Wet,Raining,Twelve o'clock,Pickup Truck,Functional,N,Slowing or Stopping,2015-01-03 15:07,77,39.4394577,-76.80454016
N,Apparently Normal,No Misuse,Y,No Injury,50637998-a5bd-429c-afed-ff855dba2c22,D,AE51480008,Shoulder/Lap Belt(s),F,ddc621ab-f25f-4b6b-84b9-d230e9b7c783,Single Vehicle ,N,Non Intersection,Right Turn Lane,Daylight,No Defects,"Two-way, Not Divided",Ice,Raining,Underside,(Sport) Utility Vehicle,Superficial,N,Moving Constant Speed,2015-01-12 8:54,25,39.54427743,-76.80297375
N,Apparently Normal,No Misuse,N,No Injury,7170fb48-f3e6-400d-aeb4-ea1fb886cb94,D,AE51550006,Shoulder/Lap Belt(s),F,7504e0a3-138b-45df-a73f-5bb68630f151,Same Movement Angle,N,Intersection,Right Turn Lane,Dark Lights On,No Defects,"Two-way, Not Divided",Dry,Clear,Four o'clock,Passenger Car,Functional,N,Making Left Turn,2015-02-11 18:25,28,39.30374458,-76.44276381
N,Apparently Normal,No Misuse,Y,No Injury,e61c239a-8fb3-4fb1-8859-0780d2b02cfb,D,AE5156000C,Shoulder/Lap Belt(s),M,b1af7688-0efd-43a6-a801-6bd71e117c55,Same Direction Rear End,N,Non Intersection,Acceleration Lane,Daylight,No Defects,"Two-way, Divided, Unprotected (painted >4 feet) Median",Dry,Clear,Six o'clock,Station Wagon,Functional,N,Slowing or Stopping,2015-01-31 14:22,58,39.37971605,-76.47388816
N,Apparently Normal,No Misuse,N,No Injury,7730c997-be70-43a8-ad7a-79731b78ee43,D,AE51580007,Shoulder/Lap Belt(s),F,ef1d2bdc-3641-41a5-9f5f-76afc0538883,Same Movement Angle,N,Intersection,Right Turn Lane,Daylight,No Defects,"Two-way, Not Divided",Wet,Cloudy,Twelve o'clock,(Sport) Utility Vehicle,Superficial,N,Moving Constant Speed,2015-03-11 7:58,56,39.26223909,-76.70715451
N,Apparently Normal,No Misuse,Y,No Injury,53fe2c0b-8e85-485f-9a99-c149ea77f98a,D,AE51580007,Shoulder/Lap Belt(s),M,0407c7aa-4452-4994-8a2b-aad17cda4862,Same Movement Angle,N,Intersection,Right Turn Lane,Daylight,No Defects,"Two-way, Not Divided",Wet,Cloudy,Two o'clock,Van,Disabling,N,Making Left Turn,2015-03-11 7:58,69,39.26223909,-76.70715451
N,Apparently Normal,No Misuse,N,No Injury,d4412ec3-23d2-4883-89c7-38b465baa84f,D,AE5193000P,Shoulder/Lap Belt(s),F,8ba3efd1-8a11-446e-bdf7-ded1e0e01282,Same Movement Angle,N,Intersection,Right Turn Lane,Dark Lights On,No Defects,"Two-way, Not Divided",Dry,Clear,Four o'clock,Passenger Car,Superficial,N,Moving Constant Speed,2015-01-02 22:30,28,39.46111352,-76.81426048
N,Apparently Normal,No Misuse,N,No Injury,60afead9-c572-49a5-aabf-de0d4f527ce1,D,AE52090009,Shoulder/Lap Belt(s),F,daa40d44-021b-4b6d-b8ae-cf2b3da200ae,Same Direction Sideswipe,N,Intersection,Right Turn Lane,Daylight,No Defects,"Two-way, Not Divided",Dry,Cloudy,Four o'clock,Passenger Car,Functional,N,Stopped in Traffic Lane,2015-01-14 10:24,52,39.31296746,-76.74996257
N,Apparently Normal,No Misuse,Y,No Injury,d3c71f43-fa73-405f-8444-dfe726ec83c4,D,AE52140004,Shoulder/Lap Belt(s),F,11e22e33-3653-48a0-991d-5db725bc6d1a,Single Vehicle ,N,Non Intersection,Right Turn Lane,Dark No Lights,No Defects,"Two-way, Not Divided",Wet,Snow,Twelve o'clock,(Sport) Utility Vehicle,Disabling,N,Moving Constant Speed,2015-01-06 5:28,45,39.33256306,-76.52193189
N,Apparently Normal,No Misuse,N,No Injury,7990952d-6d7b-4938-975b-812a206e5b60,D,AE52150005,Shoulder/Lap Belt(s),F,a096e921-cf48-4925-93d5-545ce83d7485,Same Direction Rear End,N,Intersection,Right Turn Lane,Dark No Lights,No Defects,"Two-way, Not Divided",Dry,Clear,Five o'clock,Passenger Car,Superficial,N,Starting From Lane,2015-02-04 18:00,21,39.3408694,-76.39815331
N,Apparently Normal,No Misuse,N,No Injury,93985f48-04c0-4a09-989f-4eff48ac08a5,D,AE5230000C,Shoulder/Lap Belt(s),F,b2ddeb36-83ec-4e66-b1a0-a6893c592262,Same Direction Rear End,N,Intersection Related,Right Turn Lane,Dark No Lights,No Defects,"Two-way, Divided, Positive Median Barrier",Dry,Clear,Six o'clock,Passenger Car,Superficial,N,Accelerating,2015-01-15 18:11,52,39.27354384,-76.75426483
N,Apparently Normal,No Misuse,Y,No Injury,fe09eddb-e9b6-405c-b783-ec78b49505c5,D,AE5230000C,Shoulder/Lap Belt(s),F,22e5480a-c337-413a-960b-b49302785e05,Same Direction Rear End,N,Intersection Related,Right Turn Lane,Dark No Lights,No Defects,"Two-way, Divided, Positive Median Barrier",Dry,Clear,Twelve o'clock,Passenger Car,Disabling,N,Moving Constant Speed,2015-01-15 18:11,25,39.27354384,-76.75426483
N,Apparently Normal,No Misuse,N,No Injury,fdaf3bd9-f98d-496c-a65d-13e9be46de12,D,AE5230000C,Shoulder/Lap Belt(s),M,058e9d19-398a-4fce-86d9-7663b1de44b5,Same Direction Rear End,N,Intersection Related,Right Turn Lane,Dark No Lights,No Defects,"Two-way, Divided, Positive Median Barrier",Dry,Clear,Six o'clock,Passenger Car,Functional,N,Accelerating,2015-01-15 18:11,57,39.27354384,-76.75426483
N,Apparently Normal,No Misuse,N,No Injury,da74f0e8-73c0-434f-a765-da0fab169581,D,AE5230000J,Shoulder/Lap Belt(s),F,3eadd776-aa42-4a21-bc01-79841b0e1ce1,Same Direction Rear End,N,Intersection Related,Acceleration Lane,Daylight,No Defects,"Two-way, Divided, Positive Median Barrier",Dry,Clear,Six o'clock,Passenger Car,Functional,N,Stopped in Traffic Lane,2015-03-25 11:51,69,39.2882265,-76.73109055
N,Apparently Normal,No Misuse,Y,No Injury,405de07a-7b87-4c78-9bc3-acf83aeaecc9,D,AE5230000J,Shoulder/Lap Belt(s),M,01730cde-09d9-443a-9679-689759e4b701,Same Direction Rear End,N,Intersection Related,Acceleration Lane,Daylight,No Defects,"Two-way, Divided, Positive Median Barrier",Dry,Clear,Twelve o'clock,Pickup Truck,Functional,N,Slowing or Stopping,2015-03-25 11:51,53,39.2882265,-76.73109055
N,Apparently Normal,No Misuse,Y,No Injury,df1f67ed-c757-48ab-83bf-9c287d94ac15,D,AE5243000C,Shoulder/Lap Belt(s),F,887ca34e-e863-41d6-8148-9bf0ec583839,Same Movement Angle,N,Intersection,Right Turn Lane,Daylight,No Defects,"Two-way, Not Divided",Dry,Clear,Four o'clock,Passenger Car,Disabling,N,Accelerating,2015-03-22 9:44,39,39.2618985,-76.73643351
N,Apparently Normal,No Misuse,N,No Injury,8609eeef-fbca-4a3a-adc0-2ae730cea011,D,AE5243000C,Shoulder/Lap Belt(s),M,4c8d6d89-5711-4702-a862-7647e0dc0309,Same Movement Angle,N,Intersection,Right Turn Lane,Daylight,No Defects,"Two-way, Not Divided",Dry,Clear,Twelve o'clock,(Sport) Utility Vehicle,Functional,N,Moving Constant Speed,2015-03-22 9:44,62,39.2618985,-76.73643351
N,Apparently Normal,No Misuse,N,No Injury,5e5ac5f7-c472-4bfb-842c-3793851171e9,D,AE52460006,Shoulder/Lap Belt(s),F,6bd49c61-eb8a-438a-a0c0-4ad1bbea6302,Same Direction Rear End,N,Non Intersection,Right Turn Lane,Daylight,No Defects,"Two-way, Divided, Unprotected (painted >4 feet) Median",Wet,Raining,Six o'clock,Passenger Car,Functional,N,Stopped in Traffic Lane,2015-01-04 11:30,45,39.45012076,-76.4175725
N,Apparently Normal,No Misuse,Y,No Injury,cd64f98a-c3eb-48e9-a9b0-df578e47f214,D,AE52460006,Shoulder/Lap Belt(s),F,6b9d824d-18d7-4256-94a7-a422ad0fd057,Same Direction Rear End,N,Non Intersection,Right Turn Lane,Daylight,No Defects,"Two-way, Divided, Unprotected (painted >4 feet) Median",Wet,Raining,Twelve o'clock,Passenger Car,Disabling,N,Slowing or Stopping,2015-01-04 11:30,19,39.45012076,-76.4175725
N,Apparently Normal,No Misuse,Y,No Injury,0ae0de44-f497-4469-afbd-e841fafe900e,D,AE52530005,Shoulder/Lap Belt(s),F,d1259dca-27a6-4b2f-a67b-bea93bc0682c,Single Vehicle ,N,Non Intersection,Right Turn Lane,Daylight,Foreign Material,"Two-way, Not Divided",Ice,Sleet,Twelve o'clock,(Sport) Utility Vehicle,Disabling,N,Slowing or Stopping,2015-01-03 9:21,49,39.43636287,-76.7908287
N,Apparently Normal,No Misuse,Y,No Injury,27c82ec7-e1aa-49df-9ba7-b55af452985e,D,AE52530008,Shoulder/Lap Belt(s),F,9d7a4424-0e7e-47bc-bf76-f465edd88ead,Single Vehicle ,N,Non Intersection,Right Turn Lane,Daylight,Loose Surface Material,One-way Trafficway,Wet,Wintry Mix,Twelve o'clock,Truck Tractor,Functional,N,Slowing or Stopping,2015-01-24 11:52,28,39.44181084,-76.82150245
N,Apparently Normal,No Misuse,N,No Injury,e44e2c8d-d371-457b-941f-05be4a5585dc,D,AE5254000G,Shoulder/Lap Belt(s),F,8e6dcc6d-f5d7-4d32-9750-497ccc30ebd7,Same Direction Rear End,N,Non Intersection,Left Turn Lane,Daylight,No Defects,"Two-way, Not Divided",Dry,Clear,Twelve o'clock,(Sport) Utility Vehicle,Superficial,N,Stopped in Traffic Lane,2015-02-07 15:04,38,39.46611643,-76.63686991
N,Apparently Normal,No Misuse,N,Possible Incapacitating Injury,d73b0fcd-7d97-4068-a172-4d950eddda77,D,AE5254000G,Shoulder/Lap Belt(s),F,59bafe60-8239-4c65-9c7b-5a8893655fc2,Same Direction Rear End,N,Non Intersection,Left Turn Lane,Daylight,No Defects,"Two-way, Not Divided",Dry,Clear,Six o'clock,Passenger Car,Functional,N,Stopped in Traffic Lane,2015-02-07 15:04,46,39.46611643,-76.63686991
N,Apparently Normal,No Misuse,N,No Injury,906eb212-6cf3-4ac2-b56a-577ed0cd6068,D,AE5254000V,Shoulder/Lap Belt(s),F,69202ada-2343-4371-bce6-989eff144a99,Same Direction Rear End,N,Non Intersection,Right Turn Lane,Daylight,No Defects,"Two-way, Not Divided",Dry,Clear,Six o'clock,Passenger Car,Superficial,N,Slowing or Stopping,2015-03-15 15:05,36,39.46079875,-76.6347456
N,Apparently Normal,No Misuse,N,No Injury,32105687-8ff3-4a56-9f72-fcda32a5f347,D,AE52670009,Shoulder/Lap Belt(s),F,fa7dd04a-d263-41cc-bb47-5fc7cc84f867,Same Direction Left Turn,N,Non Intersection,Left Turn Lane,Daylight,No Defects,"Two-way, Not Divided",Dry,Clear,Eleven o'clock,Passenger Car,Functional,N,Moving Constant Speed,2015-03-17 16:45,61,38.85254239,-76.93725586
N,Apparently Normal,No Misuse,N,No Injury,2548ff20-c42f-490b-8a4c-26cba782bec7,D,AE5273000S,Shoulder/Lap Belt(s),F,a9805e1f-9292-4d38-ba8e-56f5260f6a0f,Same Direction Rear End,N,Intersection Related,Right Turn Lane,Dark Lights On,No Defects,"Two-way, Divided, Positive Median Barrier",Dry,Clear,Six o'clock,Passenger Car,Superficial,N,Stopped in Traffic Lane,2015-03-23 22:00,27,39.33723498,-76.49011016
N,Apparently Normal,No Misuse,Y,No Injury,35d791ce-4d6c-4097-8b4c-5ef1c6dbec41,D,AE5276000F,Shoulder/Lap Belt(s),F,70e27e53-1377-485f-8a9d-8b2034cb4758,Single Vehicle ,N,Non Intersection,Left Turn Lane,Daylight,No Defects,"Two-way, Not Divided",Ice,Wintry Mix,Seven o'clock,(Sport) Utility Vehicle,Disabling,Y,Moving Constant Speed,2015-01-18 7:51,45,39.36348488,-76.42475009
N,Apparently Normal,No Misuse,Y,No Injury,dca73520-fb7e-4726-9118-4680edd6923c,D,AE5279000F,Shoulder/Lap Belt(s),F,2ed7a4c6-5ea5-4258-abdb-c5763dfb01dd,Same Direction Sideswipe,N,Intersection Related,Right Turn Lane,Daylight,No Defects,"Two-way, Not Divided",Dry,Clear,Four o'clock,"Cargo Van/Light Truck 2 axles (10,000 lbs (4,536 kg) or less)",Superficial,N,Making Left Turn,2015-01-21 8:49,25,39.33677029,-76.4802289
N,Apparently Normal,No Misuse,N,No Injury,df29aba5-1203-4837-ad2c-074fa3c48ea4,D,AE5279000F,Shoulder/Lap Belt(s),M,5192581a-9c38-4f6f-b233-888a7dde99fc,Same Direction Sideswipe,N,Intersection Related,Right Turn Lane,Daylight,No Defects,"Two-way, Not Divided",Dry,Clear,Eight o'clock,Passenger Car,Superficial,N,Stopped in Traffic Lane,2015-01-21 8:49,31,39.33677029,-76.4802289
N,Apparently Normal,No Misuse,N,No Injury,6d2264df-a75f-4ba2-9c93-85d57c00ec70,D,AE5282000F,Shoulder/Lap Belt(s),F,6540763a-c565-4477-8151-d75ea2da735b,Same Direction Sideswipe,N,Non Intersection,Right Turn Lane,Daylight,No Defects,"Two-way, Not Divided",Dry,Clear,Ten o'clock,Pickup Truck,Superficial,N,Parked  ,2015-02-18 7:44,56,39.37630757,-76.53831482
N,Apparently Normal,No Misuse,N,No Injury,5af01d01-0375-4823-b402-7c90dd5d7a32,D,AE52850006,Shoulder/Lap Belt(s),F,e6dbd1b0-80e1-4eec-9ef0-3d076a902b25,Head On Left Turn,N,Non Intersection,Right Turn Lane,Dark Lights On,No Defects,"Two-way, Not Divided",Dry,Clear,Eleven o'clock,Passenger Car,Disabling,N,Moving Constant Speed,2015-01-14 1:36,40,39.37065128,-76.68223143
N,Apparently Normal,No Misuse,N,No Injury,21b1a86d-ba61-4e55-8b78-d57d4b662fa6,D,AE52850006,Shoulder/Lap Belt(s),F,f43111fd-e1eb-4fba-a8be-2b79fa95e406,Head On Left Turn,N,Non Intersection,Right Turn Lane,Dark Lights On,No Defects,"Two-way, Not Divided",Dry,Clear,Eleven o'clock,Passenger Car,Disabling,N,Moving Constant Speed,2015-01-14 1:36,23,39.37065128,-76.68223143
N,Apparently Normal,No Misuse,Y,No Injury,dd707808-28fa-4253-b366-2e33e06fec83,D,AE5296000B,Shoulder/Lap Belt(s),F,5eef8568-b0a8-4bd2-a0a9-f97fa9da771b,Single Vehicle ,N,Intersection,Right Turn Lane,Daylight,No Defects,"Two-way, Not Divided",Ice,Raining,Twelve o'clock,Passenger Car,Disabling,N,Skidding,2015-01-18 9:00,34,39.42086179,-76.72851563
N,Apparently Normal,No Misuse,Y,No Injury,48aeeda1-ff90-461f-a8d6-07641dea37bd,D,AE5296000F,Shoulder/Lap Belt(s),F,bd0fabfc-4aa5-49c0-885f-e0ac17b21877,Same Movement Angle,N,Non Intersection,Right Turn Lane,Daylight,No Defects,"Two-way, Not Divided",Wet,Clear,Four o'clock,Passenger Car,Superficial,N,Making Left Turn,2015-02-27 15:15,26,39.42180662,-76.80709362
N,Apparently Normal,No Misuse,N,No Injury,12d10a3e-2c21-4431-8bc7-14841d9038cd,D,AE5296000F,Shoulder/Lap Belt(s),M,d2d1b799-1c5e-4967-97d2-eb6363bf6f13,Same Movement Angle,N,Non Intersection,Right Turn Lane,Daylight,No Defects,"Two-way, Not Divided",Wet,Clear,Ten o'clock,Passenger Car,Disabling,N,Moving Constant Speed,2015-02-27 15:15,57,39.42180662,-76.80709362
N,Apparently Normal,No Misuse,N,No Injury,0d8f03e8-ef41-4b93-a076-9cba1d5489e3,D,AE5296000G,Shoulder/Lap Belt(s),F,275e0153-0a31-4e81-9b7d-6091f953aab8,Same Movement Angle,N,Non Intersection,Right Turn Lane,Daylight,No Defects,"Two-way, Not Divided",Ice,Clear,One o'clock,Van,Disabling,N,Moving Constant Speed,2015-03-09 9:00,41,39.43673989,-76.73121929
N,Apparently Normal,No Misuse,Y,No Injury,c0721064-bdea-445b-8a35-32cddae23844,D,AE5296000G,Shoulder/Lap Belt(s),F,2c6fb977-a8f4-4ed9-87bb-e2bdc41b12bf,Same Movement Angle,N,Non Intersection,Right Turn Lane,Daylight,No Defects,"Two-way, Not Divided",Ice,Clear,Twelve o'clock,Van,Superficial,N,Slowing or Stopping,2015-03-09 9:00,61,39.43673989,-76.73121929
N,Apparently Normal,No Misuse,N,No Injury,43116585-e441-4285-9539-61fe809b1cc9,D,AE5299000F,Shoulder/Lap Belt(s),F,6dc384e8-6a1d-4a1f-9596-0989efa1bedb,Same Direction Rear End,N,Non Intersection,Right Turn Lane,Daylight,No Defects,"Two-way, Divided, Positive Median Barrier",Wet,Cloudy,Six o'clock,(Sport) Utility Vehicle,Functional,N,Stopped in Traffic Lane,2015-01-21 11:58,45,39.38085218,-76.51132107
N,Apparently Normal,No Misuse,N,No Injury,f051b0fa-84ef-4de7-91a9-2ebfdad9e2dc,D,AE5299000F,Shoulder/Lap Belt(s),M,45924f94-4aeb-404b-bde7-8225acda0f74,Same Direction Rear End,N,Non Intersection,Right Turn Lane,Daylight,No Defects,"Two-way, Divided, Positive Median Barrier",Wet,Cloudy,Twelve o'clock,Van,Functional,N,Stopped in Traffic Lane,2015-01-21 11:58,42,39.38085218,-76.51132107
N,Apparently Normal,No Misuse,N,No Injury,2c1b2e28-baae-4e93-9e08-28a2ec563867,D,AE5299000H,Shoulder/Lap Belt(s),F,a94b5310-c574-4d91-925f-5d1db10ab86a,Same Direction Rear End,N,Non Intersection,Right Turn Lane,Dark Lights On,No Defects,"Two-way, Divided, Positive Median Barrier",Snow,Blowing Snow,Twelve o'clock,Passenger Car,Functional,N,Moving Constant Speed,2015-02-14 19:25,24,39.37406833,-76.5624547
N,Apparently Normal,No Misuse,Y,No Injury,4a04d50d-b901-4ff9-9fdf-3508f1cb02f5,D,AE53010008,Shoulder/Lap Belt(s),F,4d46290e-40b5-43bf-b107-90e8ed270f01,Head On Left Turn,N,Commercial Driveway,Right Turn Lane,Daylight,No Defects,"Two-way, Not Divided",Dry,Clear,Ten o'clock,(Sport) Utility Vehicle,Functional,N,Making Left Turn,2015-01-09 15:21,18,39.4041345,-76.75804138
N,Apparently Normal,No Misuse,N,No Injury,ce32b753-699b-4967-94bc-62edc7213945,D,AE53010008,Shoulder/Lap Belt(s),M,c8636702-55aa-4c42-a586-c4353ab7beaf,Head On Left Turn,N,Commercial Driveway,Right Turn Lane,Daylight,No Defects,"Two-way, Not Divided",Dry,Clear,Twelve o'clock,(Sport) Utility Vehicle,Functional,N,Moving Constant Speed,2015-01-09 15:21,50,39.4041345,-76.75804138
N,Apparently Normal,No Misuse,N,No Injury,041d86af-8828-4985-b68c-929a3e28da89,D,AE53010009,Shoulder/Lap Belt(s),F,db7bd381-0647-4e3f-903c-aac90bb4e101,Same Movement Angle,N,Intersection,Right Turn Lane,Daylight,Foreign Material,"Two-way, Not Divided",Slush,Wintry Mix,Ten o'clock,(Sport) Utility Vehicle,Disabling,N,Moving Constant Speed,2015-03-01 10:46,57,39.40571787,-76.76442504
N,Apparently Normal,No Misuse,Y,No Injury,bd0ed850-097d-449f-843e-a1de8f1dffe1,D,AE53010009,Shoulder/Lap Belt(s),F,c5be4727-30bd-450c-8d6c-935a14fd80ea,Same Movement Angle,N,Intersection,Right Turn Lane,Daylight,Foreign Material,"Two-way, Not Divided",Slush,Wintry Mix,Twelve o'clock,Passenger Car,Functional,N,Skidding,2015-03-01 10:46,41,39.40571787,-76.76442504
N,Apparently Normal,No Misuse,Y,No Injury,708a9d66-648b-4d89-82a1-ce5bb00bdc46,D,AE53020005,Shoulder/Lap Belt(s),F,01a2eef0-3cc7-4fc4-9229-886df2610010,Same Direction Rear End,N,Non Intersection,Right Turn Lane,Dark Lights On,No Defects,"Two-way, Not Divided",Wet,Raining,Twelve o'clock,Passenger Car,Disabling,N,Moving Constant Speed,2015-01-04 0:34,27,39.23912553,-76.67936146
N,Apparently Normal,No Misuse,Y,No Injury,1a0032d1-61cc-4cdd-b382-5e198c9feea6,D,AE53040004,Shoulder/Lap Belt(s),F,713bb6c0-930d-4b2a-b618-923cec3d2a8c,Same Direction Sideswipe,N,Non Intersection,Right Turn Lane,Dark No Lights,No Defects,"Two-way, Not Divided",Dry,Clear,Twelve o'clock,Passenger Car,Disabling,N,Moving Constant Speed,2015-01-17 18:40,34,39.30344571,-76.48242831
N,Apparently Normal,No Misuse,Y,Possible Incapacitating Injury,25003657-3eef-49f9-a376-39e081101ad2,D,AE53050005,Shoulder/Lap Belt(s),F,26cfb461-7816-4674-a7e2-cc091a1bfa68,Same Direction Rear End,N,Intersection Related,Left Turn Lane,Daylight,No Defects,"Two-way, Divided, Positive Median Barrier",Dry,Clear,Twelve o'clock,Passenger Car,Disabling,N,Moving Constant Speed,2015-01-28 11:00,29,39.27562536,-76.50373846
N,Apparently Normal,No Misuse,Y,No Injury,ed048a9a-7db3-4c50-900e-8867b11d9e15,D,AE53400013,Shoulder/Lap Belt(s),F,9f154d50-b776-4b4a-a1cf-deb266bec1f4,Same Direction Rear End,N,Intersection,Left Turn Lane,Daylight,No Defects,"Two-way, Divided, Positive Median Barrier",Dry,Clear,Twelve o'clock,Passenger Car,Disabling,N,Slowing or Stopping,2015-02-19 12:19,58,39.33350079,-76.44424438
N,Apparently Normal,No Misuse,N,Possible Incapacitating Injury,34004d12-9fdd-463e-af2b-8e55428a83d9,D,AE53400013,Shoulder/Lap Belt(s),F,cb46da37-f53a-4194-8cf6-9738b23d11c1,Same Direction Rear End,N,Intersection,Left Turn Lane,Daylight,No Defects,"Two-way, Divided, Positive Median Barrier",Dry,Clear,Six o'clock,Passenger Car,Disabling,N,Stopped in Traffic Lane,2015-02-19 12:19,35,39.33350079,-76.44424438
N,Apparently Normal,No Misuse,N,No Injury,1bc208bb-78d5-4ca8-bf7b-ffd4a0a5bc3a,D,AE53400013,Shoulder/Lap Belt(s),M,9c3baaf3-f974-4aca-97fd-6113943e457c,Same Direction Rear End,N,Intersection,Left Turn Lane,Daylight,No Defects,"Two-way, Divided, Positive Median Barrier",Dry,Clear,Six o'clock,Passenger Car,No Damage,N,Stopped in Traffic Lane,2015-02-19 12:19,26,39.33350079,-76.44424438
N,Apparently Normal,No Misuse,N,No Injury,53ea2470-784c-4de6-a693-d0dcbdcf6c7c,D,AE5342000F,Shoulder/Lap Belt(s),F,4b7532fd-c012-4dd8-a50e-70d5715efce7,Same Direction Rear End,N,Intersection,Right Turn Lane,Daylight,No Defects,"Two-way, Not Divided",Dry,Clear,Six o'clock,Passenger Car,Disabling,N,Stopped in Traffic Lane,2015-02-20 16:45,23,39.38552916,-76.49627924
N,Apparently Normal,No Misuse,Y,No Injury,6232f24c-f52c-4187-9038-21303441adef,D,AE5342000F,Shoulder/Lap Belt(s),F,481bcdee-97e5-483b-bc08-662043ffd7aa,Same Direction Rear End,N,Intersection,Right Turn Lane,Daylight,No Defects,"Two-way, Not Divided",Dry,Clear,Twelve o'clock,Passenger Car,Disabling,N,Slowing or Stopping,2015-02-20 16:45,19,39.38552916,-76.49627924
N,Apparently Normal,No Misuse,Y,No Injury,a018ff4e-b4f2-40a4-9517-a58eae96e8a2,D,AE53500003,Shoulder/Lap Belt(s),F,dadd610d-5287-48fc-9b3f-f10a50abd24f,Same Direction Rear End,N,Non Intersection,Right Turn Lane,Dusk,No Defects,One-way Trafficway,Dry,Clear,Twelve o'clock,Passenger Car,Disabling,N,Moving Constant Speed,2015-01-31 16:37,29,39.28854204,-76.72900915
N,Apparently Normal,No Misuse,N,No Injury,a362c448-67c1-4728-b922-2be457e5bd37,D,AE53500003,Shoulder/Lap Belt(s),M,94ddc8a5-3920-48fd-9d51-1bfd1d5258ac,Same Direction Rear End,N,Non Intersection,Right Turn Lane,Dusk,No Defects,One-way Trafficway,Dry,Clear,Six o'clock,Passenger Car,Superficial,N,Slowing or Stopping,2015-01-31 16:37,74,39.28854204,-76.72900915
N,Apparently Normal,No Misuse,N,No Injury,b0cd490a-b96f-4ddd-a369-cdf1a8ef776a,D,AE53520005,Shoulder/Lap Belt(s),M,3d1da15d-ec2e-4aab-a156-00f8314c2d14,Head On,N,Non Intersection,Right Turn Lane,Dark Lights On,No Defects,"Two-way, Not Divided",Ice,Clear,Twelve o'clock,Passenger Car,Disabling,N,Moving Constant Speed,2015-01-18 23:43,56,39.31756598,-76.73121929
N,Apparently Normal,No Misuse,Y,No Injury,b0fefbf8-457c-48ae-b87b-57c4dd0b9e13,D,AE53530008,Shoulder/Lap Belt(s),F,734a5536-68b8-4572-8452-faeb49e06ec7,Single Vehicle ,N,Non Intersection,Right Turn Lane,Daylight,No Defects,One-way Trafficway,Ice,Sleet,Twelve o'clock,Passenger Car,Disabling,N,Moving Constant Speed,2015-02-10 9:30,32,39.37566069,-76.54204845
N,Apparently Normal,No Misuse,N,No Injury,29a74256-f6f5-4c0e-b57d-00637633eba1,D,AE5353000C,Shoulder/Lap Belt(s),F,51e7ee9a-092e-42b0-9dca-58aedddd9d95,Same Direction Rear End,N,Non Intersection,Left Turn Lane,Daylight,No Defects,"Two-way, Divided, Positive Median Barrier",Dry,Cloudy,Six o'clock,Passenger Car,Functional,N,Slowing or Stopping,2015-03-15 11:26,24,39.37209442,-76.51136398
N,Apparently Normal,No Misuse,Y,No Injury,5d5364ce-c9e1-4178-bc20-fd196a94023e,D,AE53600009,Shoulder/Lap Belt(s),F,508750dc-89ad-4a6c-a3f0-680ff8753c68,Same Direction Right Turn,N,Non Intersection,Left Turn Lane,Dark No Lights,No Defects,"Two-way, Divided, Positive Median Barrier",Snow,Snow,Three o'clock,Passenger Car,Functional,N,Moving Constant Speed,2015-02-14 20:25,30,39.40249305,-76.39828205
N,Apparently Normal,No Misuse,N,No Injury,fca076e2-0a6a-4c36-9334-bda7e0138ede,D,AE53600009,Shoulder/Lap Belt(s),M,8f92fcdc-c170-4e8f-8934-7b08e97d421d,Same Direction Right Turn,N,Non Intersection,Left Turn Lane,Dark No Lights,No Defects,"Two-way, Divided, Positive Median Barrier",Snow,Snow,Twelve o'clock,Police Vehicle/Non Emergency,Superficial,N,Moving Constant Speed,2015-02-14 20:25,47,39.40249305,-76.39828205