CDL_FLAG,CONDITION_CODE,EQUIP_PROB_CODE,FAULT_FLAG,INJ_SEVER_CODE,PERSON_ID,PERSON_TYPE,REPORT_NO,SAF_EQUIP_CODE,SEX_CODE,VEHICLE_ID,COLLISION_TYPE_CODE,C_M_ZONE_FLAG,JUNCTION_CODE,LANE_CODE,LIGHT_CODE,RD_COND_CODE,RD_DIV_CODE,SURF_COND_CODE,WEATHER_CODE,AREA_DAMAGED_CODE_MAIN,BODY_TYPE_CODE,DAMAGE_CODE,HIT_AND_RUN_FLAG,MOVEMENT_CODE,TIME,AGE,LATITUDE,LONGITUDE
N,Apparently Normal,No Misuse,N,No Injury,c67515cb-28e4-4c35-ba9c-92c9a1ade7a7,D,AE53650008,Shoulder/Lap Belt(s),F,8ca465ff-fbda-4a76-9e34-db574ea927a3,Same Direction Rear End,N,Intersection Related,Left Turn Lane,Dark Lights On,No Defects,"Two-way, Divided, Positive Median Barrier",Wet,Raining,Six o'clock,Passenger Car,Superficial,N,Stopped in Traffic Lane,2015-01-26 4:45,30,39.31225358,-76.74027443
N,Apparently Normal,No Misuse,Y,No Injury,6be7c305-8899-4e4c-a65b-78e923b5bea4,D,AE53650008,Shoulder/Lap Belt(s),M,6ab282ad-3183-4f2a-a8e9-f3605248b7c3,Same Direction Rear End,N,Intersection Related,Left Turn Lane,Dark Lights On,No Defects,"Two-way, Divided, Positive Median Barrier",Wet,Raining,Twelve o'clock,Passenger Car,Disabling,N,Slowing or Stopping,2015-01-26 4:45,40,39.31225358,-76.74027443
N,Apparently Normal,No Misuse,N,No Injury,8fb2ac0d-6ebe-4173-aeae-dc7d00866a3b,D,AE5371000D,Shoulder/Lap Belt(s),F,65759307-aca7-4f30-bee9-bbbb3564a178,Same Direction Rear End,N,Non Intersection,Right Turn Lane,Daylight,No Defects,"Two-way, Not Divided",Dry,Clear,Six o'clock,Passenger Car,Functional,N,Stopped in Traffic Lane,2015-01-05 11:30,25,39.33593218,-76.75060093
N,Apparently Normal,No Misuse,N,No Injury,5dec41f6-3d9e-4f5b-bb22-0676b8834141,D,AE53790008,Shoulder/Lap Belt(s),F,a286d196-2b87-40c0-9591-b0e8496275c1,Same Direction Rear End,N,Non Intersection,Left Turn Lane,Dark No Lights,No Defects,"Two-way, Divided, Positive Median Barrier",Wet,Clear,Six o'clock,Passenger Car,Functional,N,Moving Constant Speed,2015-01-17 23:24,22,39.29063456,-76.77265406
N,Apparently Normal,No Misuse,Y,No Injury,95aacbe1-1c94-4603-a682-6d943fc173d5,D,AE53790008,Shoulder/Lap Belt(s),M,67bb5c16-68f9-4b4f-a319-53a44873b5e0,Same Direction Rear End,N,Non Intersection,Left Turn Lane,Dark No Lights,No Defects,"Two-way, Divided, Positive Median Barrier",Wet,Clear,Twelve o'clock,Passenger Car,Disabling,N,Accelerating,2015-01-17 23:24,22,39.29063456,-76.77265406
N,Apparently Normal,No Misuse,N,No Injury,d213c6d4-1988-4c45-a34e-7177e3b17a29,D,AE53900004,Shoulder/Lap Belt(s),F,43e0da8f-350b-4933-8d44-47bdfd40bed3,Same Direction Rear End,N,Non Intersection,Left Turn Lane,Daylight,No Defects,"Two-way, Not Divided",Dry,Clear,Six o'clock,Passenger Car,Functional,N,Accelerating,2015-01-10 15:50,54,39.46798828,-76.62881792
N,Apparently Normal,No Misuse,Y,No Injury,8c1143c4-6e83-4e44-a274-3bedf8309e96,D,AE53900004,Shoulder/Lap Belt(s),F,8b9baf22-d172-4e33-80a5-052b5278fcaf,Same Direction Rear End,N,Non Intersection,Left Turn Lane,Daylight,No Defects,"Two-way, Not Divided",Dry,Clear,Twelve o'clock,Passenger Car,Disabling,N,Slowing or Stopping,2015-01-10 15:50,19,39.46798828,-76.62881792
N,Apparently Normal,No Misuse,N,No Injury,77f6eb17-2d70-4ca6-b719-d90127a668ee,D,AE53900006,Shoulder/Lap Belt(s),F,11d754ab-3df2-41f7-8a81-47859c967d13,Same Movement Angle,N,Intersection,Right Turn Lane,Dark Lights On,No Defects,"Two-way, Not Divided",Dry,Clear,One o'clock,(Sport) Utility Vehicle,Disabling,N,Moving Constant Speed,2015-01-16 18:07,59,39.44326908,-76.6228044
N,Apparently Normal,No Misuse,N,No Injury,995222cd-30d4-45a7-adb6-c0aefb9b288f,D,AE5390000D,Shoulder/Lap Belt(s),F,66d57f03-7913-41c3-a121-2b2d8628a570,Same Movement Angle,N,Intersection,Left Turn Lane,Daylight,No Defects,"Two-way, Not Divided",Wet,Raining,Twelve o'clock,Passenger Car,Disabling,N,Moving Constant Speed,2015-03-10 15:53,64,39.46450957,-76.60938263
N,Apparently Normal,No Misuse,N,No Injury,2742133f-9911-4cd3-8a2b-7970ee23c7f5,D,AE53920001,Shoulder/Lap Belt(s),F,13131392-1af0-4fe7-bf93-8622ff920129,Same Movement Angle,N,Intersection,Right Turn Lane,Daylight,No Defects,"Two-way, Not Divided",Slush,Raining,One o'clock,Passenger Car,Superficial,N,Moving Constant Speed,2015-02-02 9:15,51,39.43677303,-76.60496235
N,Apparently Normal,No Misuse,Y,No Injury,339293a2-b42a-4e1a-a36c-1650d8fcc659,D,AE53920001,Shoulder/Lap Belt(s),M,26b6f294-54ba-4b94-9375-1048c969169d,Same Movement Angle,N,Intersection,Right Turn Lane,Daylight,No Defects,"Two-way, Not Divided",Slush,Raining,Ten o'clock,Passenger Car,Disabling,N,Slowing or Stopping,2015-02-02 9:15,24,39.43677303,-76.60496235
N,Apparently Normal,No Misuse,Y,No Injury,d14098d2-a256-4e68-9eac-a6de9284a99d,D,AE5419001Y,Shoulder/Lap Belt(s),F,62163453-3f5b-4ac6-a157-1aead90a782c,Single Vehicle ,N,Non Intersection,Right Turn Lane,Daylight,No Defects,"Two-way, Not Divided",Ice,Clear,Eight o'clock,Passenger Car,Disabling,N,Skidding,2015-01-13 7:26,27,39.41441339,-76.51714683
N,Apparently Normal,No Misuse,Y,No Injury,ac7bcf12-5641-4d15-8c1a-6631e693f7d0,D,AE5419002L,Shoulder/Lap Belt(s),F,88b7795f-87d4-48f8-be7c-9d1ab5ef8c91,Single Vehicle ,N,Non Intersection,Right Turn Lane,Dark No Lights,No Defects,"Two-way, Not Divided",Ice,Clear,Nine o'clock,(Sport) Utility Vehicle,Functional,N,Passing,2015-03-09 6:23,26,39.44001285,-76.48194551
N,Apparently Normal,No Misuse,N,No Injury,6aa0b0b2-dbd1-4bd3-981c-a134ce5405dc,D,AE5419002M,Shoulder/Lap Belt(s),F,e28a076a-b28c-4461-9329-5972bbff0fa2,Head On,N,Non Intersection,Right Turn Lane,Daylight,No Defects,"Two-way, Not Divided",Ice,Clear,Twelve o'clock,(Sport) Utility Vehicle,Disabling,N,Moving Constant Speed,2015-03-09 7:28,49,39.46986837,-76.49030328
N,Apparently Normal,No Misuse,Y,No Injury,c170f7fc-a0cb-4bdd-a55b-56bca2d466ba,D,AE5419002M,Shoulder/Lap Belt(s),M,3b34cb6e-f58a-41b6-89aa-17f3f62eeecf,Head On,N,Non Intersection,Right Turn Lane,Daylight,No Defects,"Two-way, Not Divided",Ice,Clear,Six o'clock,(Sport) Utility Vehicle,Functional,N,Skidding,2015-03-09 7:28,71,39.46986837,-76.49030328
N,Apparently Normal,No Misuse,Y,No Injury,f47c7d7c-2056-4366-94f7-f386054595ee,D,AE5419002P,Shoulder/Lap Belt(s),F,ba4db38f-56f6-41c8-b945-968b64629712,Single Vehicle ,N,Non Intersection,Right Turn Lane,Daylight,No Defects,"Two-way, Divided, Positive Median Barrier",Wet,Clear,Underside,Passenger Car,Disabling,N,Changing Lanes,2015-03-11 7:34,58,39.36778149,-76.51591301
N,Apparently Normal,No Misuse,N,No Injury,a468ca08-6f49-4523-87cd-3198d3a102d6,D,AE5419002R,Shoulder/Lap Belt(s),F,00fc7600-b64c-47ed-9dd0-29e44fdb3f90,Same Direction Rear End,N,Intersection Related,Right Turn Lane,Daylight,No Defects,"Two-way, Not Divided",Wet,Clear,Six o'clock,Passenger Car,Functional,N,Stopped in Traffic Lane,2015-03-11 10:56,49,39.38176438,-76.53593302
N,Apparently Normal,No Misuse,Y,Possible Incapacitating Injury,3df6e524-4178-4576-a515-a24f6c36086b,D,AE5419002R,Shoulder/Lap Belt(s),F,39946be8-3175-4983-90d6-9f0af442323c,Same Direction Rear End,N,Intersection Related,Right Turn Lane,Daylight,No Defects,"Two-way, Not Divided",Wet,Clear,Twelve o'clock,Passenger Car,Disabling,N,Moving Constant Speed,2015-03-11 10:56,18,39.38176438,-76.53593302
N,Apparently Normal,No Misuse,Y,No Injury,e6f7f2ac-db41-46c3-b163-b186db356f6b,D,AE5419002T,Shoulder/Lap Belt(s),F,80737e2f-7a3a-458d-b834-6de8cb5aafa1,Single Vehicle ,N,Non Intersection,Right Turn Lane,Daylight,No Defects,"Two-way, Not Divided",Slush,Snow,Twelve o'clock,(Sport) Utility Vehicle,Functional,N,Skidding,2015-03-20 17:22,43,39.51127543,-76.50890708
N,Apparently Normal,No Misuse,Y,No Injury,abde3256-2c7d-49b0-84fc-673685aa6340,D,AE5420000C,Shoulder/Lap Belt(s),F,05bc8698-48cb-4d76-a18d-3acd42491856,Single Vehicle ,N,Intersection Related,Right Turn Lane,Daylight,No Defects,"Two-way, Not Divided",Dry,Clear,Twelve o'clock,Passenger Car,Superficial,Y,Making Right Turn,2015-02-10 16:00,17,39.41313275,-76.49119377
N,Apparently Normal,No Misuse,N,No Injury,6f636b08-44fe-4573-b482-dcdb6ff919e4,D,AE54310005,Shoulder/Lap Belt(s),F,127cb16d-773f-4228-82bf-a400ef3bb70c,Same Direction Rear End,N,Non Intersection,Right Turn Lane,Daylight,No Defects,"Two-way, Not Divided",Wet,Raining,Six o'clock,(Sport) Utility Vehicle,Functional,N,Slowing or Stopping,2015-01-18 8:54,43,39.41368397,-76.40744984
N,Apparently Normal,No Misuse,Y,No Injury,6f12a8ab-3a00-445c-bd7a-7fe972fa3997,D,AE54310005,Shoulder/Lap Belt(s),F,c3c99871-cd85-44d6-870a-b23bd65f9483,Same Direction Rear End,N,Non Intersection,Right Turn Lane,Daylight,No Defects,"Two-way, Not Divided",Wet,Raining,Twelve o'clock,(Sport) Utility Vehicle,Functional,N,Slowing or Stopping,2015-01-18 8:54,39,39.41368397,-76.40744984
N,Apparently Normal,No Misuse,N,No Injury,022ac61e-d4aa-4db4-a39d-68d1bfd76cb6,D,AE54310006,Shoulder/Lap Belt(s),F,ecddde2f-5d20-4436-9035-69cb028e105e,Same Direction Rear End,N,Non Intersection,Left Turn Lane,Daylight,"Holes, Ruts, Etc.","Two-way, Divided, Positive Median Barrier",Dry,Clear,Six o'clock,(Sport) Utility Vehicle,Functional,N,Slowing or Stopping,2015-01-26 15:52,24,39.33891115,-76.48974538
N,Apparently Normal,No Misuse,Y,No Injury,eb5412c4-5200-4ea4-9246-1a1a1731625a,D,AE54310006,Shoulder/Lap Belt(s),M,4d941077-c063-4b72-8d02-fc89eb4df749,Same Direction Rear End,N,Non Intersection,Left Turn Lane,Daylight,"Holes, Ruts, Etc.","Two-way, Divided, Positive Median Barrier",Dry,Clear,Twelve o'clock,(Sport) Utility Vehicle,Disabling,N,Moving Constant Speed,2015-01-26 15:52,25,39.33891115,-76.48974538
N,Apparently Normal,No Misuse,N,No Injury,93dbb124-e4e8-43cf-8c1a-f6347d9ede5d,D,AE54310007,Shoulder/Lap Belt(s),F,1b59f28a-bf1d-49e5-b088-42b985734290,Same Direction Rear End,N,Intersection,Left Turn Lane,Dark Lights On,No Defects,"Two-way, Not Divided with a Continuous Left Turn Lane",Dry,Clear,Six o'clock,Passenger Car,Functional,N,Moving Constant Speed,2015-01-26 20:41,45,39.33758349,-76.48062587
N,Apparently Normal,No Misuse,N,No Injury,61abd438-87a5-47b1-9253-0abda57b7a8b,D,AE54310009,Shoulder/Lap Belt(s),F,e0461900-9fce-421e-b5d7-7cda3be9f167,Head On,N,Intersection,Right Turn Lane,Dark - Unknown Lighting,No Defects,"Two-way, Not Divided",Ice,Snow,One o'clock,Passenger Car,Functional,N,Slowing or Stopping,2015-02-14 0:00,28,39.34616304,-76.47412419
N,Apparently Normal,No Misuse,Y,No Injury,2bd57007-000f-469d-9758-56def43caa7a,D,AE5439000P,Shoulder/Lap Belt(s),F,a583c6bc-5589-421c-9d16-507630e956cf,Same Direction Left Turn,N,Non Intersection,Right Turn Lane,Daylight,No Defects,"Two-way, Not Divided",Dry,Clear,Eight o'clock,Passenger Car,Superficial,N,Changing Lanes,2015-03-23 15:23,24,39.45456115,-76.64694428
Y,Apparently Normal,No Misuse,N,No Injury,eb619e93-9fb7-4c44-bf5d-b8cf0e4d2d43,D,AE5439000P,Shoulder/Lap Belt(s),M,f242da78-dc8f-440a-912c-159ea23e9e5e,Same Direction Left Turn,N,Non Intersection,Right Turn Lane,Daylight,No Defects,"Two-way, Not Divided",Dry,Clear,Three o'clock,"Other Light Trucks (10,000 lbs (4,536 kg))",No Damage,N,Moving Constant Speed,2015-03-23 15:23,54,39.45456115,-76.64694428
N,Apparently Normal,No Misuse,Y,No Injury,c31bc399-05d1-4486-adec-39576dd8b14e,D,AE54410007,Shoulder/Lap Belt(s),F,7591af0d-ffdf-4a4a-9390-568a93436ff7,Same Direction Rear End,N,Non Intersection,Right Turn Lane,Daylight,No Defects,"Two-way, Not Divided",Ice,Raining,Twelve o'clock,Passenger Car,Disabling,N,Moving Constant Speed,2015-01-18 9:59,41,39.32506907,-76.71986818
N,Apparently Normal,No Misuse,Y,No Injury,ec54c990-b7fd-4043-98fa-9d8841213855,D,AE5443000F,Shoulder/Lap Belt(s),F,2a95032b-511c-40e8-aae8-84995f91382b,Same Direction Sideswipe,N,Non Intersection,Right Turn Lane,Daylight,No Defects,One-way Trafficway,Dry,Clear,One o'clock,Passenger Car,Superficial,Y,Moving Constant Speed,2015-03-18 17:55,22,39.23510356,-76.50415421
N,Apparently Normal,No Misuse,N,No Injury,d74c37fc-f473-44d1-906d-71073875cb2d,D,AE54500006,Shoulder/Lap Belt(s),F,2b46f914-be9f-42bb-838f-50d4ab4878cc,Same Direction Rear End,N,Residential Driveway,Right Turn Lane,Daylight,No Defects,"Two-way, Not Divided",Dry,Clear,Six o'clock,Passenger Car,Functional,N,Slowing or Stopping,2015-01-02 12:00,44,39.27174982,-76.72837079
N,Apparently Normal,No Misuse,Y,No Injury,b105b585-ffda-48e8-9cd6-5578d8898438,D,AE54520005,Shoulder/Lap Belt(s),F,a6b4e56c-e3d2-4cc6-8d25-a0621e41dd74,Same Movement Angle,Y,Intersection,Left Turn Lane,Dawn,No Defects,"Two-way, Not Divided",Wet,Raining,Four o'clock,Passenger Car,Disabling,N,Making Left Turn,2015-01-12 17:44,21,39.38926058,-76.72182083
N,Apparently Normal,No Misuse,N,No Injury,723b9531-3c66-40f4-8893-2582a8b6f3f9,D,AE54520005,Shoulder/Lap Belt(s),M,e1fdcffb-0889-41f5-837e-18fd902f7509,Same Movement Angle,Y,Intersection,Left Turn Lane,Dawn,No Defects,"Two-way, Not Divided",Wet,Raining,Twelve o'clock,Passenger Car,Functional,N,Moving Constant Speed,2015-01-12 17:44,50,39.38926058,-76.72182083
N,Apparently Normal,No Misuse,N,No Injury,926bd209-07f9-47de-b0eb-ca0aabf09fb8,D,AE54520007,Shoulder/Lap Belt(s),F,ea1111ac-8a7f-43bb-b586-94cd414506e5,Same Direction Left Turn,N,Non Intersection,Right Turn Lane,Dark Lights On,No Defects,"Two-way, Divided, Positive Median Barrier",Dry,Cloudy,Two o'clock,Passenger Car,Superficial,N,Stopped in Traffic Lane,2015-03-31 22:30,27,39.39707931,-76.56323791
N,Apparently Normal,No Misuse,N,No Injury,145ab6e1-e252-414e-8159-a7d80722a4eb,D,AE54650006,Shoulder/Lap Belt(s),F,3588b220-30f9-4a6e-be92-bc4be04cd361,Same Direction Rear End,N,Non Intersection,Right Turn Lane,Dawn,No Defects,"Two-way, Not Divided",Dry,Clear,Eight o'clock,Passenger Car,Superficial,N,Parked  ,2015-02-09 4:42,53,39.27267175,-76.51677132
N,Apparently Normal,No Misuse,N,No Injury,1e07b2dc-7d6f-4e33-a7f6-1ffa50df5c52,D,AE5466000S,Shoulder/Lap Belt(s),F,a4adde34-5c01-4a26-ac58-7b45283bfa96,Head On,N,Intersection,Right Turn Lane,Daylight,No Defects,"Two-way, Not Divided",Dry,Clear,Twelve o'clock,(Sport) Utility Vehicle,Disabling,N,Stopped in Traffic Lane,2015-01-07 10:21,42,39.37192855,-76.82104111
N,Apparently Normal,No Misuse,Y,No Injury,67ee1a75-4c8d-4ee5-9af0-fd64944915ac,D,AE5466000V,Shoulder/Lap Belt(s),F,52222e4d-7139-46f0-8a7e-df17d6c66110,Same Direction Rear End,N,Non Intersection,Right Turn Lane,Daylight,No Defects,"Two-way, Not Divided",Wet,Raining,Two o'clock,Passenger Car,Superficial,N,Passing,2015-01-12 9:37,27,39.29241149,-76.72019005
N,Apparently Normal,No Misuse,N,No Injury,07033cc4-828a-4ec2-82e0-06efff9fffee,D,AE5466000Y,Shoulder/Lap Belt(s),F,8d724019-0354-4503-a806-8623660e3de9,Same Direction Rear End,N,Intersection,Right Turn Lane,Daylight,No Defects,"Two-way, Not Divided",Dry,Clear,Six o'clock,Passenger Car,Functional,N,Slowing or Stopping,2015-01-14 10:51,56,39.3133825,-76.75505877
N,Apparently Normal,No Misuse,Y,No Injury,dc2726c3-9620-40f9-a643-e1d04bd7cb9d,D,AE5466000Y,Shoulder/Lap Belt(s),M,078d4129-c1a6-4a62-a51e-f0613ef8a424,Same Direction Rear End,N,Intersection,Right Turn Lane,Daylight,No Defects,"Two-way, Not Divided",Dry,Clear,Twelve o'clock,(Sport) Utility Vehicle,Functional,N,Slowing or Stopping,2015-01-14 10:51,51,39.3133825,-76.75505877
N,Apparently Normal,No Misuse,Y,No Injury,3b20216e-f9c0-4032-8a57-766cee97b8ab,D,AE54660011,Shoulder/Lap Belt(s),F,bcfd60fa-4eed-4ae2-bfb8-3b0e36d78fce,Same Movement Angle,N,Intersection,Left Turn Lane,Daylight,No Defects,"Two-way, Not Divided",Dry,Clear,Ten o'clock,Passenger Car,Disabling,N,Making Left Turn,2015-01-30 8:45,23,39.32416443,-76.75913572
N,Apparently Normal,No Misuse,N,No Injury,f9d11b72-4566-49a0-b735-6a97bfc79523,D,AE54660011,Shoulder/Lap Belt(s),M,5ec7be4b-8c9e-4845-8d0e-6385a093d6ed,Same Movement Angle,N,Intersection,Left Turn Lane,Daylight,No Defects,"Two-way, Not Divided",Dry,Clear,Twelve o'clock,"Other Light Trucks (10,000 lbs (4,536 kg))",Disabling,N,Moving Constant Speed,2015-01-30 8:45,40,39.32416443,-76.75913572
N,Apparently Normal,No Misuse,N,No Injury,8e176cff-a76d-4a95-b951-6dcf09cdb125,D,AE54660012,Shoulder/Lap Belt(s),F,e64fd20d-db6e-4920-a0df-06e8c45e2591,Head On Left Turn,N,Intersection,Left Turn Lane,Daylight,No Defects,"Two-way, Divided, Positive Median Barrier",Dry,Clear,One o'clock,Passenger Car,Disabling,N,Making Left Turn,2015-02-06 8:02,58,39.31130726,-76.72569394
Y,Apparently Normal,No Misuse,Y,No Injury,6f3623ff-9590-4f77-858b-b0dda74a8511,D,AE54660012,Shoulder/Lap Belt(s),M,f9bc8b61-4e4d-4a22-82c8-8b64f6f418be,Head On Left Turn,N,Intersection,Left Turn Lane,Daylight,No Defects,"Two-way, Divided, Positive Median Barrier",Dry,Clear,Twelve o'clock,Passenger Car,Disabling,N,Slowing or Stopping,2015-02-06 8:02,30,39.31130726,-76.72569394
N,Apparently Normal,No Misuse,N,No Injury,580b5883-0058-489e-ad6b-6122ce3a9dd1,D,AE5466001B,Shoulder/Lap Belt(s),F,567ce899-603c-427a-8a92-4f9566c0d98c,Same Direction Rear End,N,Intersection Related,Right Turn Lane,Daylight,No Defects,"Two-way, Not Divided",Dry,Clear,Twelve o'clock,Passenger Car,Functional,N,Stopped in Traffic Lane,2015-02-25 12:51,28,39.37438349,-76.81026936
Y,Apparently Normal,No Misuse,Y,No Injury,8a0cf3d8-4427-4283-9f06-04550fcf8174,D,AE5466001B,Shoulder/Lap Belt(s),M,731e0e8b-b708-45a1-9bc0-d6944c5945f0,Same Direction Rear End,N,Intersection Related,Right Turn Lane,Daylight,No Defects,"Two-way, Not Divided",Dry,Clear,Six o'clock,Passenger Car,Superficial,N,Backing,2015-02-25 12:51,69,39.37438349,-76.81026936
N,Apparently Normal,No Misuse,N,No Injury,24b5e9bf-9665-480c-b0e3-8a787d42131b,D,AE5466001H,Shoulder/Lap Belt(s),F,4ba526be-0b99-4508-892d-b9d7f641f626,Same Direction Rear End,N,Intersection Related,Right Turn Lane,Daylight,No Defects,"Two-way, Divided, Positive Median Barrier",Wet,Raining,Six o'clock,(Sport) Utility Vehicle,Functional,N,Stopped in Traffic Lane,2015-03-04 15:50,38,39.31265202,-76.74675465
N,Apparently Normal,No Misuse,Y,No Injury,3c528143-0e32-43e8-9b67-c666766343f5,D,AE5466001R,Shoulder/Lap Belt(s),F,df5f9e42-7760-45a1-87ed-231d90ccbde6,Same Movement Angle,N,Intersection,Right Turn Lane,Daylight,No Defects,"Two-way, Not Divided",Dry,Clear,Twelve o'clock,Van,Disabling,N,Moving Constant Speed,2015-03-24 16:17,20,39.37416682,-76.81038871
N,Apparently Normal,No Misuse,N,No Injury,1fa0e49c-a78d-4a33-b5df-274a3ee63488,D,AE5466001R,Shoulder/Lap Belt(s),M,76449a08-8111-40a5-b379-dd468ec13003,Same Movement Angle,N,Intersection,Right Turn Lane,Daylight,No Defects,"Two-way, Not Divided",Dry,Clear,Nine o'clock,Van,Disabling,N,Moving Constant Speed,2015-03-24 16:17,56,39.37416682,-76.81038871
N,Apparently Normal,No Misuse,Y,No Injury,512f7741-34e0-46a1-af46-4424ae0232f0,D,AE5472000B,Shoulder/Lap Belt(s),F,d6023ffc-8f1b-47ae-98a1-ecd62fe3cf43,Single Vehicle ,N,Non Intersection,Right Turn Lane,Daylight,No Defects,"Two-way, Not Divided",Ice,Clear,Twelve o'clock,Passenger Car,Disabling,N,Moving Constant Speed,2015-02-18 8:26,23,39.3986,-76.6369
N,Apparently Normal,No Misuse,Y,No Injury,5630af1c-af2a-46ca-8a13-bed2990b9b5a,D,AE5472000F,Shoulder/Lap Belt(s),F,efdf45e5-130f-428f-a8e6-828e2f8b90a5,Single Vehicle ,N,Intersection,Right Turn Lane,Daylight,No Defects,"Two-way, Not Divided",Snow,Snow,Twelve o'clock,(Sport) Utility Vehicle,Disabling,N,Skidding,2015-03-01 9:36,21,39.41375028,-76.62674189
N,Apparently Normal,No Misuse,Y,No Injury,4bf062e1-30bd-43ac-a630-90a2517ee8bf,D,AE5477000J,Shoulder/Lap Belt(s),F,0ef4747a-6406-4a32-8948-b4cdb79faa36,Same Direction Right Turn,N,Non Intersection,Right Turn Lane,Dark Lights On,No Defects,"Two-way, Not Divided",Dry,Clear,Two o'clock,Passenger Car,Superficial,N,Passing,2015-03-21 22:10,37,39.26006265,-76.49151564
N,Apparently Normal,No Misuse,N,No Injury,bbac9436-9ebe-4839-9995-e7cbb2e97902,D,AE54780003,Shoulder/Lap Belt(s),M,4f4ed9f3-f809-43ce-9397-2b275fe9f476,Same Direction Rear End,N,Non Intersection,Right Turn Lane,Daylight,No Defects,"Two-way, Divided, Positive Median Barrier",Dry,Clear,Six o'clock,Passenger Car,Superficial,N,Slowing or Stopping,2015-01-05 8:51,65,39.29954367,-76.49480939
N,Apparently Normal,No Misuse,N,No Injury,c137d715-f6aa-48da-b1f3-af0d21bf22de,D,AE54780007,Shoulder/Lap Belt(s),M,f3f36ad1-3ba3-4f8e-9794-f1fbd3d2235d,Same Movement Angle,N,Intersection Related,Right Turn Lane,Daylight,No Defects,"Two-way, Not Divided",Dry,Clear,Twelve o'clock,Passenger Car,Superficial,N,Moving Constant Speed,2015-03-08 12:14,82,39.27996373,-76.48471355
N,Apparently Normal,No Misuse,N,No Injury,212ada4e-7336-4668-8629-557a7bcc66ad,D,AE54790008,Shoulder/Lap Belt(s),F,de316e67-e366-4023-9694-ceb24c35675c,Same Direction Right Turn,N,Intersection,Right Turn Lane,Daylight,No Defects,"Two-way, Divided, Positive Median Barrier",Dry,Clear,Twelve o'clock,(Sport) Utility Vehicle,Superficial,N,Accelerating,2015-02-12 16:15,30,39.31297576,-76.46418929
N,Apparently Normal,No Misuse,Y,No Injury,5f1ec149-1b92-4964-b785-f2503b3962d5,D,AE5486000G,Shoulder/Lap Belt(s),F,faf02700-9539-41c2-85c4-5668d21bada8,Single Vehicle ,N,Non Intersection,Right Turn Lane,Daylight,No Defects,"Two-way, Not Divided",Ice,Raining,One o'clock,Passenger Car,Disabling,N,Moving Constant Speed,2015-01-18 11:25,26,39.40706911,-76.68532133
N,Apparently Normal,No Misuse,Y,No Injury,348ee4b6-0ea1-4c23-b1b3-b609c5a74eac,D,AE54920006,Shoulder/Lap Belt(s),M,932492d3-5123-45e0-8fec-b215d492c279,Same Direction Rear End Left Turn,N,Non Intersection,Right Turn Lane,Daylight,No Defects,"Two-way, Divided, Positive Median Barrier",Wet,Clear,Twelve o'clock,Passenger Car,Disabling,N,Slowing or Stopping,2015-01-04 13:39,25,39.37809062,-76.57959938
N,Apparently Normal,No Misuse,N,No Injury,89587ed3-170d-4c84-b3c8-76b4e7b80fcf,D,AE54930008,Shoulder/Lap Belt(s),M,85380061-dbce-46b2-a740-9aa70fe79026,Head On Left Turn,N,Intersection,Right Turn Lane,Dark Lights On,No Defects,"Two-way, Divided, Positive Median Barrier",Dry,Clear,Twelve o'clock,Pickup Truck,Disabling,N,Moving Constant Speed,2015-01-17 18:14,29,39.24551534,-76.67325139
N,Apparently Normal,No Misuse,N,No Injury,2dfcec07-17a3-4ff4-b272-7a508e91a500,D,AE55120009,Shoulder/Lap Belt(s),F,64a575e5-7cd3-4147-8594-daf17b73a9a5,Head On Left Turn,N,Intersection,Right Turn Lane,Dark Lights On,No Defects,"Two-way, Divided, Unprotected (painted >4 feet) Median",Dry,Clear,Twelve o'clock,Passenger Car,Disabling,N,Moving Constant Speed,2015-02-03 17:30,28,39.26910024,-76.51745796
N,Apparently Normal,No Misuse,Y,No Injury,b03f5749-e20f-43a7-83e9-ff543bf613f0,D,AE55120009,Shoulder/Lap Belt(s),M,52fef536-cbdf-4531-8ae7-3f8650f1fbff,Head On Left Turn,N,Intersection,Right Turn Lane,Dark Lights On,No Defects,"Two-way, Divided, Unprotected (painted >4 feet) Median",Dry,Clear,Twelve o'clock,(Sport) Utility Vehicle,Functional,N,Making Left Turn,2015-02-03 17:30,81,39.26910024,-76.51745796
N,Apparently Normal,No Misuse,Y,No Injury,f16ed6d9-eb5d-4e42-b6e4-e000a6c43bef,D,AE55160004,Shoulder/Lap Belt(s),F,4bf692ab-bded-4f6d-9cda-76d57254dd0e,Same Movement Angle,N,Intersection,Left Turn Lane,Daylight,No Defects,"Two-way, Divided, Positive Median Barrier",Wet,Raining,Eleven o'clock,Passenger Car,Disabling,N,Making Right Turn,2015-01-03 13:09,23,39.28366757,-76.75167918
N,Apparently Normal,No Misuse,N,No Injury,3246bc12-58fe-4fd2-a875-af323d6b49f7,D,AE55160004,Shoulder/Lap Belt(s),M,d6da827c-6dca-4e60-8163-232e11797322,Same Movement Angle,N,Intersection,Left Turn Lane,Daylight,No Defects,"Two-way, Divided, Positive Median Barrier",Wet,Raining,Twelve o'clock,(Sport) Utility Vehicle,Disabling,N,Moving Constant Speed,2015-01-03 13:09,64,39.28366757,-76.75167918
N,Apparently Normal,No Misuse,Y,No Injury,5725de9e-4408-4c93-b292-860919c12b0c,D,AE5516000F,Shoulder/Lap Belt(s),F,87706c80-5d74-4e16-871d-99ab9db683d4,Same Movement Angle,N,Intersection,Left Turn Lane,Dark Lights On,No Defects,"Two-way, Not Divided",Dry,Clear,Five o'clock,Passenger Car,Disabling,N,Making Left Turn,2015-03-24 6:14,30,39.26272919,-76.70541644