CDL_FLAG,CONDITION_CODE,EQUIP_PROB_CODE,FAULT_FLAG,INJ_SEVER_CODE,PERSON_ID,PERSON_TYPE,REPORT_NO,SAF_EQUIP_CODE,SEX_CODE,VEHICLE_ID,COLLISION_TYPE_CODE,C_M_ZONE_FLAG,JUNCTION_CODE,LANE_CODE,LIGHT_CODE,RD_COND_CODE,RD_DIV_CODE,SURF_COND_CODE,WEATHER_CODE,AREA_DAMAGED_CODE_MAIN,BODY_TYPE_CODE,DAMAGE_CODE,HIT_AND_RUN_FLAG,MOVEMENT_CODE,TIME,AGE,LATITUDE,LONGITUDE
N,Apparently Normal,No Misuse,N,No Injury,507e5fda-638f-425f-b8fc-05544dfdd29a,D,AE5729000Z,Shoulder/Lap Belt(s),F,c483d679-4d79-4b75-8109-664b4c5095c5,Same Direction Rear End,N,Intersection Related,Right Turn Lane,Daylight,No Defects,"Two-way, Divided, Positive Median Barrier",Dry,Clear,Six o'clock,Passenger Car,Superficial,N,Slowing or Stopping,2015-03-21 12:25,24,39.3379652,-76.48018599
N,Apparently Normal,No Misuse,N,No Injury,d8aa129d-0ad2-4b2a-b443-570885a3400a,D,AE57370007,Shoulder/Lap Belt(s),F,0c368685-7509-4ba1-8527-068a4a6b728a,Same Direction Rear End,N,Non Intersection,Right Turn Lane,Daylight,No Defects,"Two-way, Not Divided",Dry,Clear,Six o'clock,Passenger Car,Superficial,N,Slowing or Stopping,2015-02-03 15:10,40,39.4141067,-76.60034895
N,Apparently Normal,No Misuse,Y,No Injury,e1cde5aa-73da-442e-b9a5-0f515cae6b54,D,AE57370009,Shoulder/Lap Belt(s),F,0d25e168-8332-425b-912e-f6c9f7e2a5aa,Same Direction Rear End,N,Non Intersection,Right Turn Lane,Daylight,No Defects,"Two-way, Not Divided",Dry,Clear,Twelve o'clock,Passenger Car,Disabling,N,Moving Constant Speed,2015-02-10 15:57,22,39.39447593,-76.59170151
N,Apparently Normal,No Misuse,N,No Injury,d2cf39fe-dd22-4317-bf39-a80977100365,D,AE57370009,Shoulder/Lap Belt(s),M,adb4eb30-533a-4df2-a219-fe385b23053a,Same Direction Rear End,N,Non Intersection,Right Turn Lane,Daylight,No Defects,"Two-way, Not Divided",Dry,Clear,Six o'clock,Passenger Car,Disabling,N,Slowing or Stopping,2015-02-10 15:57,36,39.39447593,-76.59170151
N,Apparently Normal,No Misuse,N,No Injury,0a820852-fef7-4377-9436-3644ac49cb6c,D,AE5737000D,Shoulder/Lap Belt(s),F,e6bf0cf5-cf4e-44d7-bc55-01076f80b11f,Same Movement Angle,N,Intersection,Right Turn Lane,Daylight,No Defects,"Two-way, Not Divided",Dry,Clear,Twelve o'clock,Passenger Car,Functional,N,Accelerating,2015-03-06 16:00,30,39.40023807,-76.59989297
N,Apparently Normal,No Misuse,N,No Injury,7667dfa9-8e59-485d-930e-c13964850ab7,D,AE5737000F,Shoulder/Lap Belt(s),F,acdbb1ff-7062-4d0f-a489-5f745266c43c,Same Direction Rear End,N,Non Intersection,Left Turn Lane,Daylight,No Defects,"Two-way, Divided, Positive Median Barrier",Wet,Clear,Four o'clock,Passenger Car,Disabling,N,Stopped in Traffic Lane,2015-03-09 16:06,67,39.39606782,-76.62681699
N,Apparently Normal,No Misuse,N,No Injury,0316f39f-22d0-4929-9186-a218e800fa06,D,AE5737000F,Shoulder/Lap Belt(s),M,4ea5db2a-e65b-434e-acbf-2c0c6aca6ca3,Same Direction Rear End,N,Non Intersection,Left Turn Lane,Daylight,No Defects,"Two-way, Divided, Positive Median Barrier",Wet,Clear,Eight o'clock,Passenger Car,Disabling,N,Stopped in Traffic Lane,2015-03-09 16:06,65,39.39606782,-76.62681699
N,Apparently Normal,No Misuse,N,No Injury,ab296451-8adf-4d02-977e-242addaec1bc,D,AE57380005,Shoulder/Lap Belt(s),F,9152b477-8318-432d-886d-311f75836f1a,Same Direction Rear End,N,Intersection,Right Turn Lane,Dark No Lights,No Defects,One-way Trafficway,Dry,Clear,Six o'clock,Passenger Car,Superficial,N,Stopped in Traffic Lane,2015-02-05 18:17,62,39.37333849,-76.56809807
N,Apparently Normal,No Misuse,Y,No Injury,a59afbdd-86bf-4cc7-a9b5-c3f8940f3500,D,AE5739000F,Shoulder/Lap Belt(s),F,326121c9-37df-49ea-871b-3ae48510b9c0,Same Movement Angle,N,Commercial Driveway,Right Turn Lane,Daylight,No Defects,"Two-way, Divided, Unprotected (painted >4 feet) Median",Dry,Clear,Ten o'clock,Passenger Car,Disabling,N,Accelerating,2015-01-01 11:10,27,39.36269686,-76.78223491
N,Apparently Normal,No Misuse,N,No Injury,03ba2ac5-e45d-41c1-b142-709c8234db30,D,AE5739000F,Shoulder/Lap Belt(s),M,183da3e3-d947-44cf-b347-8ee1ae1fad8c,Same Movement Angle,N,Commercial Driveway,Right Turn Lane,Daylight,No Defects,"Two-way, Divided, Unprotected (painted >4 feet) Median",Dry,Clear,Twelve o'clock,Passenger Car,Superficial,N,Moving Constant Speed,2015-01-01 11:10,34,39.36269686,-76.78223491
N,Apparently Normal,No Misuse,Y,No Injury,a8918b64-1c18-4f41-bc0a-f51b6919b317,D,AE57480009,Shoulder/Lap Belt(s),F,ab489d57-27eb-4c31-8191-35205fd24c59,Same Movement Angle,N,Intersection,Right Turn Lane,Daylight,No Defects,"Two-way, Divided, Unprotected (painted >4 feet) Median",Dry,Clear,Twelve o'clock,Passenger Car,Functional,N,Moving Constant Speed,2015-01-23 11:45,31,39.34379838,-76.8257618
N,Apparently Normal,No Misuse,N,No Injury,515c9f9e-3b24-4412-84e0-d18cbdbb3fe4,D,AE57480009,Shoulder/Lap Belt(s),M,08a7c199-61bd-446b-ae59-008158d709e8,Same Movement Angle,N,Intersection,Right Turn Lane,Daylight,No Defects,"Two-way, Divided, Unprotected (painted >4 feet) Median",Dry,Clear,Eleven o'clock,Passenger Car,Disabling,N,Making Left Turn,2015-01-23 11:45,23,39.34379838,-76.8257618
N,Apparently Normal,No Misuse,N,No Injury,332442df-f69c-4d55-a5f0-6d402b885b77,D,AE5748000B,Shoulder/Lap Belt(s),F,52f9d7cd-abe6-4f53-ab6c-e155d1faf919,Head On,N,Non Intersection,Right Turn Lane,Daylight,No Defects,"Two-way, Divided, Unprotected (painted >4 feet) Median",Ice,Sleet,Twelve o'clock,Passenger Car,Disabling,N,Moving Constant Speed,2015-03-05 12:36,60,39.32091923,-76.72520041
N,Apparently Normal,No Misuse,Y,No Injury,7aaafe12-ad50-4db3-8972-4e537d40b64e,D,AE5748000B,Shoulder/Lap Belt(s),M,3acda62c-83a3-48bb-82f6-59f9f04a5b3e,Head On,N,Non Intersection,Right Turn Lane,Daylight,No Defects,"Two-way, Divided, Unprotected (painted >4 feet) Median",Ice,Sleet,Twelve o'clock,(Sport) Utility Vehicle,Functional,N,Moving Constant Speed,2015-03-05 12:36,31,39.32091923,-76.72520041
N,Apparently Normal,No Misuse,Y,No Injury,0b77bf81-fa00-48f8-acdb-2636f0fb62c1,D,AE57670009,Shoulder/Lap Belt(s),F,be4c8650-776e-43e5-8783-3ae0a8bd2e65,Single Vehicle ,N,Non Intersection,Right Turn Lane,Dark Lights On,No Defects,"Two-way, Divided, Positive Median Barrier",Snow,Snow,Two o'clock,Passenger Car,Disabling,N,Moving Constant Speed,2015-01-06 7:13,40,39.28732968,-76.73141241
N,Apparently Normal,No Misuse,Y,No Injury,ab8d2d29-2225-4839-9908-794c48570fa0,D,AE5768000B,Shoulder/Lap Belt(s),F,3d8780ec-1e91-4153-86ab-9cba92d91c57,Same Direction Rear End,N,Non Intersection,Right Turn Lane,Daylight,No Defects,"Two-way, Not Divided",Dry,Clear,Twelve o'clock,Passenger Car,Disabling,N,Slowing or Stopping,2015-03-02 10:10,28,39.27097738,-76.73624039
N,Apparently Normal,No Misuse,N,No Injury,de346b9a-99ee-49e2-bb37-8b63d47fe8e0,D,AE57720006,Shoulder/Lap Belt(s),F,6578bdbd-97fd-426c-b729-faf3c3a2901a,Head On,N,Non Intersection,Right Turn Lane,Daylight,No Defects,"Two-way, Not Divided",Dry,Clear,Ten o'clock,(Sport) Utility Vehicle,Superficial,N,Moving Constant Speed,2015-01-08 8:54,67,39.27085279,-76.52894855
N,Apparently Normal,No Misuse,N,No Injury,cd62af01-0ac3-4698-b932-efd8ebb34160,D,AE57800007,Shoulder/Lap Belt(s),F,89b422d5-fcaf-4735-a29f-f374e5bb57a1,Same Direction Left Turn,Y,Non Intersection,Left Turn Lane,Daylight,No Defects,"Two-way, Not Divided",Dry,Clear,Seven o'clock,Passenger Car,Superficial,N,Moving Constant Speed,2015-01-15 8:57,25,39.3598226,-76.74551547
Y,Apparently Normal,No Misuse,Y,No Injury,9c8c37ea-3a72-47cd-b220-6d5c92eafff2,D,AE57800007,Shoulder/Lap Belt(s),M,780a3440-57ea-4548-8f73-5f998277d9d4,Same Direction Left Turn,Y,Non Intersection,Left Turn Lane,Daylight,No Defects,"Two-way, Not Divided",Dry,Clear,One o'clock,"Medium/Heavy Truck 2 axles (10,000 lbs (4,536 kg) or less)",No Damage,N,Moving Constant Speed,2015-01-15 8:57,61,39.3598226,-76.74551547
N,Apparently Normal,No Misuse,Y,No Injury,0e413b2d-e24c-4b28-9ad6-c008876ad712,D,AE57820008,Shoulder/Lap Belt(s),M,4cab7ba1-297f-46db-9d83-c0786c913a7d,Same Movement Angle,N,Intersection,Right Turn Lane,Daylight,No Defects,"Two-way, Divided, Positive Median Barrier",Snow,Severe Winds,One o'clock,Van,Disabling,N,Making Left Turn,2015-02-15 10:26,34,39.36070812,-76.44553185
N,Apparently Normal,No Misuse,Y,No Injury,74ccfa4b-bcaa-4d69-a7f8-bb54311ecdf7,D,AE57820009,Shoulder/Lap Belt(s),F,76e5d501-f6f6-4bab-b4ae-20b9b4e1009c,Single Vehicle ,N,Non Intersection,Right Turn Lane,Daylight,No Defects,"Two-way, Not Divided",Snow,Severe Winds,One o'clock,Passenger Car,Superficial,N,Skidding,2015-02-15 11:35,50,39.34364073,-76.42935276
N,Apparently Normal,No Misuse,Y,Possible Incapacitating Injury,755971ee-8980-47bf-aa2b-5daf6a574bf1,D,AE57910007,Shoulder/Lap Belt(s),F,1812a55b-e4aa-487f-89b5-38a008f046c9,Same Direction Rear End Left Turn,N,Intersection,Right Turn Lane,Daylight,No Defects,"Two-way, Divided, Unprotected (painted >4 feet) Median",Dry,Clear,Twelve o'clock,Pickup Truck,Functional,N,Moving Constant Speed,2015-01-21 13:48,67,39.30954741,-76.478405
N,Apparently Normal,No Misuse,N,No Injury,6d3af646-f28c-4155-b45e-c545e96d191c,D,AE5794000K,Shoulder/Lap Belt(s),F,1dbec888-26b5-467e-b267-7f97abcd0129,Same Movement Angle,N,Intersection,Right Turn Lane,Daylight,No Defects,"Two-way, Not Divided",Dry,Clear,Twelve o'clock,Passenger Car,Disabling,N,Accelerating,2015-03-25 13:05,63,39.38193023,-76.77937031
N,Apparently Normal,No Misuse,N,No Injury,e1e1ab17-7543-495c-a450-c9251f9e044b,D,AE5797000L,Shoulder/Lap Belt(s),F,90097ec8-805d-4fbe-be02-6f939256b718,Same Direction Rear End,N,Intersection,Right Turn Lane,Daylight,No Defects,"Two-way, Not Divided",Dry,Clear,Seven o'clock,Passenger Car,Functional,Y,Starting From Lane,2015-03-19 8:15,26,39.39738608,-76.56299114
N,Apparently Normal,No Misuse,N,No Injury,6eb52b5a-5e36-43cf-a18f-1a1875afed84,D,AJ01090002,Shoulder/Lap Belt(s),F,558f8a2d-d8c4-4faf-a40f-cda4a5f898c0,Same Movement Angle,N,Non Intersection,Right Turn Lane,Daylight,Loose Surface Material,"Two-way, Not Divided",Ice,Raining,Twelve o'clock,(Sport) Utility Vehicle,Functional,N,Moving Constant Speed,2015-01-18 8:02,55,39.53221382,-76.325562
N,Apparently Normal,No Misuse,Y,No Injury,abe65d0e-c0da-4c48-a471-c4cf4d1b8570,D,AJ01090002,Shoulder/Lap Belt(s),F,22fde8cf-5e49-4402-aa8e-1c182d505606,Same Movement Angle,N,Non Intersection,Right Turn Lane,Daylight,Loose Surface Material,"Two-way, Not Divided",Ice,Raining,One o'clock,Passenger Car,Disabling,N,Slowing or Stopping,2015-01-18 8:02,47,39.53221382,-76.325562
N,Apparently Normal,No Misuse,N,No Injury,acfdfddd-7fa9-48a5-91e6-cf50d73b0182,D,AJ01090002,Shoulder/Lap Belt(s),M,da0fac68-699e-4730-bb12-dc760a0fe451,Same Movement Angle,N,Non Intersection,Right Turn Lane,Daylight,Loose Surface Material,"Two-way, Not Divided",Ice,Raining,Twelve o'clock,Passenger Car,Functional,N,Moving Constant Speed,2015-01-18 8:02,72,39.53221382,-76.325562
N,Apparently Normal,No Misuse,N,No Injury,35442bd5-e058-4f4b-b01f-3a4455d6b008,D,AJ01090002,Shoulder/Lap Belt(s),M,f825d924-5c5a-4679-9445-5abc149b78a0,Same Movement Angle,N,Non Intersection,Right Turn Lane,Daylight,Loose Surface Material,"Two-way, Not Divided",Ice,Raining,Twelve o'clock,(Sport) Utility Vehicle,Superficial,N,Moving Constant Speed,2015-01-18 8:02,57,39.53221382,-76.325562
N,Apparently Normal,No Misuse,Y,Non-incapacitating Injury,4cb1007e-ce98-44c1-a374-658020873b72,D,AJ01190005,Shoulder/Lap Belt(s),F,327443b5-b0e4-4b5e-85f2-155ac32643ac,Same Movement Angle,N,Intersection,Right Turn Lane,Dark Lights On,No Defects,"Two-way, Not Divided",Dry,Clear,Twelve o'clock,Passenger Car,Disabling,N,Making Left Turn,2015-03-29 20:26,48,39.53219727,-76.34884357
N,Apparently Normal,No Misuse,N,No Injury,fb5dd382-9526-4cba-b30d-ec09b031dbf9,D,AM0323000B,Shoulder/Lap Belt(s),F,195ac52e-e578-4b49-811b-a6907c8beecc,Same Direction Rear End,N,Intersection,Acceleration Lane,Dark Lights On,No Defects,"Two-way, Divided, Positive Median Barrier",Ice,Clear,Six o'clock,Passenger Car,Superficial,N,Slowing or Stopping,2015-02-23 19:04,24,38.9395046,-76.91799223
N,Apparently Normal,No Misuse,Y,No Injury,24c1ab20-a13a-4440-8421-327f571f852e,D,AM0323000F,Shoulder/Lap Belt(s),F,70920b90-be64-44f9-b721-97245ad84fe7,Same Direction Rear End,N,Non Intersection,Right Turn Lane,Daylight,No Defects,"Two-way, Not Divided",Dry,Clear,Twelve o'clock,(Sport) Utility Vehicle,Functional,N,Slowing or Stopping,2015-03-13 17:37,70,38.93945036,-76.93299651
N,Apparently Normal,No Misuse,Y,No Injury,090fa3a0-e96c-4ed4-885a-ae61dcbc2e14,D,AM0323000F,Shoulder/Lap Belt(s),F,4a102e94-4c3e-4963-a3e3-9ec97b98e6e5,Same Direction Rear End,N,Non Intersection,Right Turn Lane,Daylight,No Defects,"Two-way, Not Divided",Dry,Clear,Twelve o'clock,Passenger Car,Functional,N,Slowing or Stopping,2015-03-13 17:37,56,38.93945036,-76.93299651
N,Apparently Normal,No Misuse,Y,No Injury,ad360f7e-9e02-42e2-91c1-8d8e64ca09e9,D,AM0323000F,Shoulder/Lap Belt(s),F,8b62e7fe-ae87-42be-a52c-0f4e2e28371e,Same Direction Rear End,N,Non Intersection,Right Turn Lane,Daylight,No Defects,"Two-way, Not Divided",Dry,Clear,Twelve o'clock,(Sport) Utility Vehicle,Functional,N,Slowing or Stopping,2015-03-13 17:37,29,38.93945036,-76.93299651
N,Apparently Normal,No Misuse,N,No Injury,a47ceccd-8e11-41cd-ac8a-ecb3b7a67354,D,AM0323000F,Shoulder/Lap Belt(s),M,ddef9f2e-e8eb-480e-80c8-50955882afdd,Same Direction Rear End,N,Non Intersection,Right Turn Lane,Daylight,No Defects,"Two-way, Not Divided",Dry,Clear,Six o'clock,Passenger Car,Functional,N,Slowing or Stopping,2015-03-13 17:37,33,38.93945036,-76.93299651
N,Apparently Normal,No Misuse,Y,No Injury,da78e450-3dfa-49bb-8853-be80fd9f454f,D,AM0323000F,Shoulder/Lap Belt(s),M,8f0194a3-3715-432b-b6ec-8fe6e0223d73,Same Direction Rear End,N,Non Intersection,Right Turn Lane,Daylight,No Defects,"Two-way, Not Divided",Dry,Clear,Twelve o'clock,Passenger Car,Disabling,N,Moving Constant Speed,2015-03-13 17:37,60,38.93945036,-76.93299651
N,Apparently Normal,No Misuse,Y,Possible Incapacitating Injury,1391f54f-c17c-400b-a0ae-384477449811,D,AM03330005,Shoulder/Lap Belt(s),F,9e7ecebf-637e-4da9-b0cd-52130f083e7b,Head On Left Turn,N,Intersection,Right Turn Lane,Dawn,No Defects,"Two-way, Divided, Positive Median Barrier",Wet,Sleet,One o'clock,Passenger Car,Destroyed,N,Making Left Turn,2015-03-20 6:44,64,38.9395119,-76.91809282
N,Apparently Normal,No Misuse,Y,No Injury,9687ff90-d76a-4f26-ab15-376b381b3fc3,D,AP01270007,Shoulder/Lap Belt(s),F,4e4dc9f8-2bf0-44b1-b3ad-653f7137a853,Single Vehicle ,N,Intersection,Right Turn Lane,Daylight,No Defects,"Two-way, Not Divided",Snow,Snow,Twelve o'clock,Pickup Truck,Disabling,N,Slowing or Stopping,2015-03-05 11:26,64,39.31407976,-77.62648702
N,Apparently Normal,No Misuse,N,No Injury,6210d14c-5a9a-49a0-8e00-33a83012f1b6,D,AP01300006,Shoulder/Lap Belt(s),F,b2640977-0aee-4b17-806b-9f386d21ed94,Head On,N,Non Intersection,Right Turn Lane,Dark Lights On,No Defects,"Two-way, Not Divided",Dry,Clear,Eleven o'clock,Van,Superficial,N,Moving Constant Speed,2015-01-07 18:12,50,39.32157285,-77.61903852
N,Apparently Normal,No Misuse,N,No Injury,eb5c40ae-a5af-42ce-894c-53e6ff9cb374,D,AS01310004,Shoulder/Lap Belt(s),F,cc49ed60-6f19-45a9-b5df-131b219a3dab,Same Direction Rear End,N,Intersection Related,Left Turn Lane,Dark Lights On,No Defects,"Two-way, Divided, Positive Median Barrier",Dry,Cloudy,Six o'clock,Van,Disabling,N,Stopped in Traffic Lane,2015-03-22 20:04,54,38.56449218,-76.06568545
N,Apparently Normal,No Misuse,N,No Injury,7e02e0ee-3f9c-430b-a192-92032d49e69e,D,AS01310004,Shoulder/Lap Belt(s),M,616808a9-e62c-4a59-a3e0-8dc3520d28fa,Same Direction Rear End,N,Intersection Related,Left Turn Lane,Dark Lights On,No Defects,"Two-way, Divided, Positive Median Barrier",Dry,Cloudy,Six o'clock,Passenger Car,Superficial,N,Stopped in Traffic Lane,2015-03-22 20:04,70,38.56449218,-76.06568545
N,Had Been Drinking,No Misuse,Y,No Injury,23dfe7b7-5c59-4227-8439-3ebfc4c488d8,D,AS01310004,Shoulder/Lap Belt(s),M,a0e18739-b0a1-4a91-93f4-1ae26df48972,Same Direction Rear End,N,Intersection Related,Left Turn Lane,Dark Lights On,No Defects,"Two-way, Divided, Positive Median Barrier",Dry,Cloudy,Twelve o'clock,Pickup Truck,Functional,N,Moving Constant Speed,2015-03-22 20:04,50,38.56449218,-76.06568545
N,Apparently Normal,No Misuse,N,No Injury,7e0db1ca-fdc6-4eb9-bbc9-234ef9d49c35,D,AS01420004,Shoulder/Lap Belt(s),F,a93086e0-e9d0-479e-9594-12a0df3d1a9b,Head On Left Turn,N,Intersection,Right Turn Lane,Daylight,No Defects,"Two-way, Not Divided",Dry,Clear,One o'clock,Station Wagon,Disabling,N,Moving Constant Speed,2015-03-07 8:54,32,38.56326528,-76.07854664
N,Apparently Normal,No Misuse,Y,No Injury,5b6ced6a-ec84-420d-864b-5ae7fe490acc,D,AV10520001,Shoulder/Lap Belt(s),F,0ca6d34e-d86e-44ac-a048-9c215b957086,Same Direction Rear End,N,Intersection Related,Left Turn Lane,Daylight,No Defects,"Two-way, Not Divided",Dry,Clear,Twelve o'clock,Passenger Car,Disabling,N,Moving Constant Speed,2015-03-23 16:20,28,39.03368616,-76.07549429
N,Apparently Normal,No Misuse,N,No Injury,86fdc362-fb32-459c-928e-3839914573aa,D,AV10520001,Shoulder/Lap Belt(s),M,023771ee-3803-4d0b-82d6-715fb20cc8f0,Same Direction Rear End,N,Intersection Related,Left Turn Lane,Daylight,No Defects,"Two-way, Not Divided",Dry,Clear,Six o'clock,Pickup Truck,Superficial,N,Slowing or Stopping,2015-03-23 16:20,18,39.03368616,-76.07549429
N,Apparently Normal,No Misuse,N,No Injury,23a68b2a-afd0-4aac-8a6a-444724c0b31d,D,AZ1674000G,Shoulder/Lap Belt(s),F,977c3806-2031-4817-b84b-dffbf0c35d13,Same Direction Rear End,N,Intersection,Acceleration Lane,Dark Lights On,No Defects,"Two-way, Divided, Positive Median Barrier",Dry,Clear,Six o'clock,Passenger Car,Functional,N,Making Right Turn,2015-03-15 20:59,34,38.93542795,-76.91764355
N,Apparently Normal,No Misuse,N,No Injury,1930d67b-3722-4bdb-8419-4c0ba369ccbb,D,AZ16830009,Shoulder/Lap Belt(s),F,64056d0a-a31d-480a-86a0-a54cf0694425,Same Direction Rear End,N,Intersection Related,Right Turn Lane,Daylight,No Defects,"Two-way, Divided, Positive Median Barrier",Dry,Clear,Six o'clock,Passenger Car,Superficial,N,Stopped in Traffic Lane,2015-01-22 8:35,67,38.93429296,-76.91428542
N,Apparently Normal,No Misuse,Y,Non-incapacitating Injury,8a239116-3744-4ced-bbb4-c155cf437a1a,D,AZ16830009,Shoulder/Lap Belt(s),F,73e3bf09-caa3-45c9-8233-b6c7cc4970e2,Same Direction Rear End,N,Intersection Related,Right Turn Lane,Daylight,No Defects,"Two-way, Divided, Positive Median Barrier",Dry,Clear,Twelve o'clock,Passenger Car,Functional,N,Slowing or Stopping,2015-01-22 8:35,22,38.93429296,-76.91428542
N,Apparently Normal,No Misuse,N,Non-incapacitating Injury,790af77e-c78a-4703-93a7-45cc0dbb978b,D,AZ16830009,Shoulder/Lap Belt(s),M,6452178a-af9c-4611-860f-69ed4e979e14,Same Direction Rear End,N,Intersection Related,Right Turn Lane,Daylight,No Defects,"Two-way, Divided, Positive Median Barrier",Dry,Clear,Six o'clock,Passenger Car,Functional,N,Stopped in Traffic Lane,2015-01-22 8:35,48,38.93429296,-76.91428542
N,Apparently Normal,No Misuse,Y,No Injury,658009d4-7113-4e15-8cc8-ead6a78d2ba0,D,AZ1687000P,Shoulder/Lap Belt(s),F,c1f60c51-b489-4574-bb1a-6b0c90935bba,Same Direction Right Turn,N,Intersection,Acceleration Lane,Daylight,No Defects,"Two-way, Divided, Positive Median Barrier",Wet,Cloudy,One o'clock,Passenger Car,Disabling,N,Making Right Turn,2015-03-04 11:40,20,38.93634595,-76.91993952
N,Apparently Normal,No Misuse,N,Incapacitating/Disabled Injury,681c7cb2-a7af-4359-9a5b-f1cde7a304c6,D,AZ1687000P,Shoulder/Lap Belt(s),M,3c1f2f67-fe4f-43bc-a97c-1b4494acfd88,Same Direction Right Turn,N,Intersection,Acceleration Lane,Daylight,No Defects,"Two-way, Divided, Positive Median Barrier",Wet,Cloudy,Two o'clock,Passenger Car,Disabling,N,Moving Constant Speed,2015-03-04 11:40,23,38.93634595,-76.91993952
N,Apparently Normal,No Misuse,N,No Injury,26d77f44-775f-4c2f-88df-d36fb4748b50,D,AZ16910007,Shoulder/Lap Belt(s),F,b3985b23-9050-45ec-9d3e-678dd789eba2,Same Direction Rear End,N,Intersection Related,Left Turn Lane,Daylight,No Defects,"Two-way, Divided, Positive Median Barrier",Wet,Raining,Six o'clock,Passenger Car,Disabling,N,Slowing or Stopping,2015-01-24 13:47,26,38.93541126,-76.91742897
N,Apparently Normal,No Misuse,N,No Injury,4220c543-9bcd-4466-ad5f-fab5eccdf4b5,D,BD02050008,Shoulder/Lap Belt(s),F,c86d0b15-3cba-4b88-be3b-40c4d617944a,Same Direction Rear End,N,Non Intersection,Right Turn Lane,Daylight,No Defects,"Two-way, Not Divided",Dry,Clear,Six o'clock,(Sport) Utility Vehicle,Superficial,N,Stopped in Traffic Lane,2015-01-27 14:58,41,39.63293592,-78.76484871
N,Apparently Normal,No Misuse,N,No Injury,9126e64f-86fb-4c10-a90b-07c43996e017,D,BD02050009,Shoulder/Lap Belt(s),F,b0cdc6b0-3de9-40b1-80f9-38085a33718d,Same Movement Angle,N,Intersection,Right Turn Lane,Daylight,No Defects,"Two-way, Not Divided",Wet,Raining,Eleven o'clock,Passenger Car,Disabling,N,Moving Constant Speed,2015-03-05 9:04,24,39.63572455,-78.7588191
N,Apparently Normal,No Misuse,Y,No Injury,14aa373b-806d-49d6-adfa-ad541b20fcaa,D,BD02050009,Shoulder/Lap Belt(s),F,fd6503ae-e3af-4224-b185-e8f63b9713d0,Same Movement Angle,N,Intersection,Right Turn Lane,Daylight,No Defects,"Two-way, Not Divided",Wet,Raining,One o'clock,(Sport) Utility Vehicle,Disabling,N,Moving Constant Speed,2015-03-05 9:04,34,39.63572455,-78.7588191
N,Apparently Normal,No Misuse,Y,No Injury,e58ca36e-1de9-4c3b-876b-1da48bae1d44,D,BD02070006,Shoulder/Lap Belt(s),F,ba9529aa-f04c-425e-a0b4-44c5fdc9d132,Same Direction Rear End,N,Intersection,Right Turn Lane,Daylight,No Defects,"Two-way, Not Divided",Snow,Snow,Twelve o'clock,Passenger Car,Disabling,N,Slowing or Stopping,2015-02-14 15:00,21,39.64811298,-78.75725269
N,Apparently Normal,No Misuse,N,No Injury,cb33d06f-63f9-47a1-843d-b3d0652da939,D,BD02070006,Shoulder/Lap Belt(s),M,2b5b294d-4cf4-4e85-ad95-b6f9d2f53c4f,Same Direction Rear End,N,Intersection,Right Turn Lane,Daylight,No Defects,"Two-way, Not Divided",Snow,Snow,Six o'clock,Passenger Car,Functional,N,Slowing or Stopping,2015-02-14 15:00,60,39.64811298,-78.75725269
N,Apparently Normal,No Misuse,Y,No Injury,21ae6ac2-d1fe-41b1-a59b-c53b3f05bde0,D,BJ00820002,Shoulder/Lap Belt(s),F,9fef2d94-363a-4be6-af51-09c0b439634d,Same Movement Angle,N,Intersection,Right Turn Lane,Dusk,No Defects,"Two-way, Not Divided",Dry,Cloudy,Twelve o'clock,Passenger Car,Functional,N,Making Left Turn,2015-01-23 17:14,60,38.78056757,-76.07742548
N,Apparently Normal,No Misuse,N,No Injury,31e3d278-c761-4179-93ca-da8ae2eb4748,D,BJ00820002,Shoulder/Lap Belt(s),M,2ed5e249-cbfb-4287-bf4b-aa2e844c68c4,Same Movement Angle,N,Intersection,Right Turn Lane,Dusk,No Defects,"Two-way, Not Divided",Dry,Cloudy,One o'clock,Police Vehicle/Non Emergency,Disabling,N,Moving Constant Speed,2015-01-23 17:14,38,38.78056757,-76.07742548
N,Apparently Normal,No Misuse,N,No Injury,a0167a2f-4022-4cc3-a079-053664284260,D,BJ01550004,Shoulder/Lap Belt(s),F,61170ddc-617d-43ba-a477-4fd5369e2e51,Opposite Direction Both Left Turn,N,Non Intersection,Right Turn Lane,Dark Lights On,No Defects,"Two-way, Not Divided",Wet,Raining,Eleven o'clock,(Sport) Utility Vehicle,Disabling,N,Moving Constant Speed,2015-03-31 20:24,55,38.77081486,-76.0815239
N,Apparently Normal,No Misuse,N,No Injury,02bc2e05-22de-4942-8ebf-d6df0b0437d3,D,BJ0165000P,Shoulder/Lap Belt(s),F,f4b99b8b-d21c-4392-9f6f-897b4b942a90,Same Movement Angle,N,Intersection,Right Turn Lane,Dark Lights On,No Defects,"Two-way, Not Divided",Dry,Cloudy,Five o'clock,(Sport) Utility Vehicle,Disabling,N,Moving Constant Speed,2015-02-27 21:26,18,38.77571647,-76.07156754
N,Apparently Normal,No Misuse,Y,No Injury,c4e1befb-9d87-45b2-8f39-ff74a3fd46e4,D,BJ0165000P,Shoulder/Lap Belt(s),F,6b4532ab-4202-448c-a606-38af99d7516f,Same Movement Angle,N,Intersection,Right Turn Lane,Dark Lights On,No Defects,"Two-way, Not Divided",Dry,Cloudy,Twelve o'clock,Van,Functional,N,Moving Constant Speed,2015-02-27 21:26,58,38.77571647,-76.07156754