CDL_FLAG,CONDITION_CODE,EQUIP_PROB_CODE,FAULT_FLAG,INJ_SEVER_CODE,PERSON_ID,PERSON_TYPE,REPORT_NO,SAF_EQUIP_CODE,SEX_CODE,VEHICLE_ID,COLLISION_TYPE_CODE,C_M_ZONE_FLAG,JUNCTION_CODE,LANE_CODE,LIGHT_CODE,RD_COND_CODE,RD_DIV_CODE,SURF_COND_CODE,WEATHER_CODE,AREA_DAMAGED_CODE_MAIN,BODY_TYPE_CODE,DAMAGE_CODE,HIT_AND_RUN_FLAG,MOVEMENT_CODE,TIME,AGE,LATITUDE,LONGITUDE
N,Apparently Normal,No Misuse,Y,No Injury,03c5dc4c-a5cc-471a-9882-002f93151907,D,BJ0167000K,Shoulder/Lap Belt(s),F,c427412f-ae76-45f4-bade-ad19e8f738fe,Same Direction Rear End,N,Intersection Related,Right Turn Lane,Dusk,No Defects,"Two-way, Divided, Positive Median Barrier",Wet,Cloudy,Twelve o'clock,Passenger Car,Disabling,N,Moving Constant Speed,2015-01-04 16:24,21,38.74071192,-76.06882095
N,Apparently Normal,No Misuse,N,No Injury,bb92bc82-ac60-4a90-bce5-b6abe29c8efe,D,BJ0167000K,Shoulder/Lap Belt(s),M,9bdaf3b5-1806-414e-9780-2993f2be8f8c,Same Direction Rear End,N,Intersection Related,Right Turn Lane,Dusk,No Defects,"Two-way, Divided, Positive Median Barrier",Wet,Cloudy,Six o'clock,(Sport) Utility Vehicle,Superficial,N,Stopped in Traffic Lane,2015-01-04 16:24,48,38.74071192,-76.06882095
N,Apparently Normal,No Misuse,Y,No Injury,185057d1-3c07-4829-953c-df5b3d8fa51d,D,BJ0167000M,Shoulder/Lap Belt(s),F,741f7255-9322-401c-84d8-3e476093f0f8,Same Direction Rear End,N,Intersection Related,Acceleration Lane,Dark Lights On,No Defects,"Two-way, Not Divided",Dry,Clear,Twelve o'clock,Passenger Car,Functional,N,Slowing or Stopping,2015-02-04 19:20,57,38.78133702,-76.0827899
N,Apparently Normal,No Misuse,N,No Injury,0ceaf433-226b-45e4-a639-c3632a54df00,D,BJ0167000M,Shoulder/Lap Belt(s),M,3e4c60c0-e613-417e-91bd-a9723ac981a5,Same Direction Rear End,N,Intersection Related,Acceleration Lane,Dark Lights On,No Defects,"Two-way, Not Divided",Dry,Clear,Six o'clock,Pickup Truck,Superficial,N,Stopped in Traffic Lane,2015-02-04 19:20,58,38.78133702,-76.0827899
N,Apparently Normal,No Misuse,N,No Injury,a8ee860d-b37b-493c-b170-20df21d1eb73,D,BJ01700005,Shoulder/Lap Belt(s),F,478e67df-5ec8-4d6e-ab99-d4183326c027,Same Movement Angle,N,Intersection,Right Turn Lane,Daylight,No Defects,"Two-way, Not Divided",Dry,Clear,Twelve o'clock,(Sport) Utility Vehicle,Superficial,N,Stopped in Traffic Lane,2015-03-09 12:00,60,38.77603431,-76.07139587
N,Apparently Normal,No Misuse,Y,No Injury,acbbd597-a5c9-4b46-afef-b988ae1de8b2,D,BJ01700005,Shoulder/Lap Belt(s),F,bd2705c7-0a2b-4987-9cc9-ada82cc43211,Same Movement Angle,N,Intersection,Right Turn Lane,Daylight,No Defects,"Two-way, Not Divided",Dry,Clear,Two o'clock,Passenger Car,Disabling,N,Moving Constant Speed,2015-03-09 12:00,72,38.77603431,-76.07139587
N,Apparently Normal,No Misuse,N,Non-incapacitating Injury,7cbfbaac-b298-4a71-bde4-2ef2cfbeed24,D,BJ01700005,Shoulder/Lap Belt(s),F,f1e912d7-1b7f-40aa-9ef8-8586bbc2e752,Same Movement Angle,N,Intersection,Right Turn Lane,Daylight,No Defects,"Two-way, Not Divided",Dry,Clear,Twelve o'clock,Passenger Car,Disabling,N,Moving Constant Speed,2015-03-09 12:00,72,38.77603431,-76.07139587
N,Apparently Normal,No Misuse,N,No Injury,937c5b81-e99a-4c9a-ab43-6b2329d56d05,D,BJ01810005,Shoulder/Lap Belt(s),F,23814fb1-32ba-4740-bbe8-839ed45a4d23,Same Direction Rear End,N,Intersection Related,Left Turn Lane,Dark Lights On,No Defects,"Two-way, Divided, Positive Median Barrier",Dry,Clear,Six o'clock,Passenger Car,Functional,N,Slowing or Stopping,2015-01-08 18:10,49,38.79287783,-76.0600394
N,Apparently Normal,No Misuse,Y,No Injury,b4851dcc-1107-4fa1-b779-55e5973d8b77,D,BJ01810005,Shoulder/Lap Belt(s),F,5206fb78-ac5d-4b33-8ff5-bfc31a8c0b5b,Same Direction Rear End,N,Intersection Related,Left Turn Lane,Dark Lights On,No Defects,"Two-way, Divided, Positive Median Barrier",Dry,Clear,Twelve o'clock,Passenger Car,Disabling,N,Moving Constant Speed,2015-01-08 18:10,36,38.79287783,-76.0600394
N,Apparently Normal,No Misuse,N,No Injury,eaace243-8216-4d64-8d62-7f5320cea2bd,D,BJ01810005,Shoulder/Lap Belt(s),M,d740683f-00cb-4f09-929d-52ceb88f30f1,Same Direction Rear End,N,Intersection Related,Left Turn Lane,Dark Lights On,No Defects,"Two-way, Divided, Positive Median Barrier",Dry,Clear,Six o'clock,Passenger Car,Disabling,N,Slowing or Stopping,2015-01-08 18:10,74,38.79287783,-76.0600394
N,Apparently Normal,No Misuse,Y,No Injury,cbb249c3-c465-4b31-ace1-f6fa177dcee8,D,BJ01810006,Shoulder/Lap Belt(s),F,6aa7e2d5-6cad-4129-8a42-fb53565829ed,Same Direction Rear End Right Turn,N,Commercial Driveway,Acceleration Lane,Daylight,No Defects,"Two-way, Divided, Positive Median Barrier",Dry,Clear,Twelve o'clock,Passenger Car,Superficial,N,Moving Constant Speed,2015-02-13 13:50,43,38.78254137,-76.06008768
N,Apparently Normal,No Misuse,N,No Injury,32d4e5d0-3750-4796-8ce8-2582e6cce2ba,D,BJ01810006,Shoulder/Lap Belt(s),M,e3786ad7-e662-444a-884b-0412d9f6aeb6,Same Direction Rear End Right Turn,N,Commercial Driveway,Acceleration Lane,Daylight,No Defects,"Two-way, Divided, Positive Median Barrier",Dry,Clear,Six o'clock,Passenger Car,Disabling,N,Making Right Turn,2015-02-13 13:50,54,38.78254137,-76.06008768
N,Apparently Normal,No Misuse,N,No Injury,9c342b74-578d-4f84-9ad8-31dbb4e623d0,D,BK02230008,Shoulder/Lap Belt(s),F,5dafaf87-fc9f-42aa-a5f2-ba89e459bd48,Same Direction Rear End,N,Non Intersection,Right Turn Lane,Dusk,No Defects,"Two-way, Divided, Positive Median Barrier",Dry,Cloudy,Six o'clock,Passenger Car,Functional,N,Slowing or Stopping,2015-01-23 16:36,37,39.60098465,-75.83036184
Y,Apparently Normal,No Misuse,N,Non-incapacitating Injury,bc73ae1c-2b5f-4874-9a47-531acd743f3e,D,BK02230008,Shoulder/Lap Belt(s),F,f913f8b7-a672-43b0-bf0c-5b3d814d91cd,Same Direction Rear End,N,Non Intersection,Right Turn Lane,Dusk,No Defects,"Two-way, Divided, Positive Median Barrier",Dry,Cloudy,Six o'clock,Passenger Car,Disabling,N,Slowing or Stopping,2015-01-23 16:36,31,39.60098465,-75.83036184
N,Had Been Drinking,No Misuse,Y,No Injury,12f59a5a-7cb3-4d82-888a-6be34bd0205d,D,BK02230008,Shoulder/Lap Belt(s),M,34371af0-40f8-4fe9-98c2-5742d56aa173,Same Direction Rear End,N,Non Intersection,Right Turn Lane,Dusk,No Defects,"Two-way, Divided, Positive Median Barrier",Dry,Cloudy,Twelve o'clock,Pickup Truck,Disabling,Y,Moving Constant Speed,2015-01-23 16:36,33,39.60098465,-75.83036184
N,Apparently Normal,No Misuse,N,No Injury,f4e4a71f-b1ff-43cf-a988-cb06b947e58b,D,BK02230009,Shoulder/Lap Belt(s),F,4ce1e5db-f094-400c-bc80-fa1bf895ff3d,Same Direction Rear End,N,Non Intersection,Left Turn Lane,Dark Lights On,No Defects,"Two-way, Divided, Positive Median Barrier",Dry,Clear,Six o'clock,(Sport) Utility Vehicle,Disabling,N,Slowing or Stopping,2015-01-28 18:13,47,39.60063745,-75.82917094
N,Apparently Normal,No Misuse,Y,No Injury,4f4f6710-f35e-4d15-981c-9e9962b25857,D,BK02230009,Shoulder/Lap Belt(s),F,eae4213c-d2ac-4d76-a4ed-4835f5a695c8,Same Direction Rear End,N,Non Intersection,Left Turn Lane,Dark Lights On,No Defects,"Two-way, Divided, Positive Median Barrier",Dry,Clear,Twelve o'clock,Passenger Car,Disabling,N,Slowing or Stopping,2015-01-28 18:13,19,39.60063745,-75.82917094
N,Apparently Normal,No Misuse,N,No Injury,c4fb83e5-dfdd-4172-b9fa-25e046a3b483,D,BK02230009,Shoulder/Lap Belt(s),M,06908c40-3471-4eef-a947-d7afdbca6a61,Same Direction Rear End,N,Non Intersection,Left Turn Lane,Dark Lights On,No Defects,"Two-way, Divided, Positive Median Barrier",Dry,Clear,Six o'clock,Passenger Car,Superficial,N,Slowing or Stopping,2015-01-28 18:13,29,39.60063745,-75.82917094
N,Apparently Normal,No Misuse,N,No Injury,aaab7df8-a24f-4733-8480-fe04d883dffb,D,BK0231000C,Shoulder/Lap Belt(s),F,0647b4b1-75bf-453c-b794-cdc6fdbd8450,Same Movement Angle,N,Intersection,Right Turn Lane,Dawn,No Defects,"Two-way, Not Divided",Dry,Clear,Eleven o'clock,Passenger Car,Functional,N,Moving Constant Speed,2015-01-05 6:41,20,39.60843245,-75.83437443
N,Apparently Normal,No Misuse,Y,No Injury,c157d41d-d41f-4113-8cbb-dd1d470f7d38,D,BK0231000C,Shoulder/Lap Belt(s),F,7201f3f8-8fdb-479f-a00f-10410153b3d1,Same Movement Angle,N,Intersection,Right Turn Lane,Dawn,No Defects,"Two-way, Not Divided",Dry,Clear,Twelve o'clock,School Bus,Superficial,N,Moving Constant Speed,2015-01-05 6:41,54,39.60843245,-75.83437443
N,Apparently Normal,No Misuse,N,No Injury,6de0aadf-3128-4958-992d-f08de2402c2a,D,BK0241000T,Shoulder/Lap Belt(s),F,f46c6759-4004-43b7-bb0f-92077a1fb94f,Same Movement Angle,N,Intersection,Right Turn Lane,Daylight,No Defects,"Two-way, Divided, Positive Median Barrier",Dry,Clear,Twelve o'clock,Passenger Car,Disabling,N,Starting From Lane,2015-03-12 14:42,25,39.59915357,-75.8242625
N,Apparently Normal,No Misuse,Y,Possible Incapacitating Injury,1f52d08d-7055-428b-b06d-f0c8a12f7500,D,BK0241000T,Shoulder/Lap Belt(s),F,5547f1f8-3249-4103-a2e2-4714c7edcc6e,Same Movement Angle,N,Intersection,Right Turn Lane,Daylight,No Defects,"Two-way, Divided, Positive Median Barrier",Dry,Clear,Four o'clock,Station Wagon,Destroyed,N,Accelerating,2015-03-12 14:42,87,39.59915357,-75.8242625
N,Apparently Normal,No Misuse,N,No Injury,f21e8227-0a47-408c-aea8-6a0557dc1a0b,D,BK0268000N,Shoulder/Lap Belt(s),F,6d6310e2-0b33-4803-97d6-1aaec202056b,Same Movement Angle,N,Intersection Related,Right Turn Lane,Dark Lights On,No Defects,"Two-way, Not Divided",Dry,Clear,Twelve o'clock,Passenger Car,Functional,N,Accelerating,2015-01-16 20:08,20,39.61884645,-75.83808661
N,Apparently Normal,No Misuse,Y,No Injury,687e34d8-e581-40de-b8dd-da59be42ee19,D,BK0268000N,Shoulder/Lap Belt(s),F,3d0ea00f-dc24-455f-b993-a4ef639e11d6,Same Movement Angle,N,Intersection Related,Right Turn Lane,Dark Lights On,No Defects,"Two-way, Not Divided",Dry,Clear,Eleven o'clock,Passenger Car,Disabling,N,Accelerating,2015-01-16 20:08,72,39.61884645,-75.83808661
N,Apparently Normal,No Misuse,N,No Injury,f6a9cf51-be84-4cf4-b0ad-12319ce74490,D,BS02730006,Shoulder/Lap Belt(s),F,f22f1bfa-574e-4aac-9dc6-377e924c0bb5,Same Direction Sideswipe,N,Intersection Related,Right Turn Lane,Daylight,No Defects,"Two-way, Divided, Positive Median Barrier",Dry,Clear,Seven o'clock,Passenger Car,Superficial,N,Stopped in Traffic Lane,2015-02-03 13:00,67,39.41762937,-77.4486351
N,Apparently Normal,No Misuse,Y,No Injury,702d483e-a289-40e6-8787-da80d0bfdf55,D,BS02730006,Shoulder/Lap Belt(s),M,9e1f4510-19a6-4c18-b18b-36a135f6b045,Same Direction Sideswipe,N,Intersection Related,Right Turn Lane,Daylight,No Defects,"Two-way, Divided, Positive Median Barrier",Dry,Clear,One o'clock,Passenger Car,Superficial,Y,Moving Constant Speed,2015-02-03 13:00,28,39.41762937,-77.4486351
N,Apparently Normal,No Misuse,N,No Injury,3cd3162e-27e9-430c-ae8e-7a3aa828d528,D,BS02850003,Shoulder/Lap Belt(s),F,e7283fc3-fe75-4f06-8f49-9a333c562e5a,Same Direction Rear End,N,Intersection Related,Left Turn Lane,Daylight,No Defects,"Two-way, Not Divided",Dry,Clear,Six o'clock,(Sport) Utility Vehicle,Superficial,N,Stopped in Traffic Lane,2015-02-25 12:58,34,39.41038491,-77.39397168
N,Apparently Normal,No Misuse,Y,No Injury,a1df8acf-c63c-4262-ae67-637c62e36ba7,D,BS02850003,Shoulder/Lap Belt(s),M,652ff5e0-7069-4fbe-91ec-4862ffc7d974,Same Direction Rear End,N,Intersection Related,Left Turn Lane,Daylight,No Defects,"Two-way, Not Divided",Dry,Clear,Twelve o'clock,(Sport) Utility Vehicle,Superficial,N,Slowing or Stopping,2015-02-25 12:58,30,39.41038491,-77.39397168
N,Apparently Normal,No Misuse,N,No Injury,bb8bf448-0393-48af-afb2-b1b69b770bba,D,BS04560006,Shoulder/Lap Belt(s),F,a81a64db-bf25-4f83-85aa-667317e8f7bb,Same Direction Rear End,N,Intersection Related,Right Turn Lane,Dark Lights On,No Defects,"Two-way, Not Divided",Snow,Clear,Twelve o'clock,Passenger Car,Functional,N,Stopped in Traffic Lane,2015-03-07 0:23,43,39.42275144,-77.40923882
Y,Apparently Normal,No Misuse,Y,No Injury,321cd0ae-3660-47fd-8247-d73c2d9d65f0,D,BS04560006,Shoulder/Lap Belt(s),M,2bb60038-59e4-4a4f-9a8b-2045bcf94abd,Same Direction Rear End,N,Intersection Related,Right Turn Lane,Dark Lights On,No Defects,"Two-way, Not Divided",Snow,Clear,Six o'clock,"Medium/Heavy Truck 2 axles (10,000 lbs (4,536 kg) or less)",No Damage,N,Starting From Parked,2015-03-07 0:23,51,39.42275144,-77.40923882
N,Apparently Normal,No Misuse,Y,No Injury,5f2db906-f3aa-4ce8-862c-3f1a42d8037a,D,BS04850004,Shoulder/Lap Belt(s),F,68e40818-2251-4d3d-a7ce-a743ec434d93,Same Direction Sideswipe,N,Non Intersection,Right Turn Lane,Daylight,No Defects,One-way Trafficway,Wet,Cloudy,Eleven o'clock,Passenger Car,Functional,Y,Moving Constant Speed,2015-03-14 13:00,24,39.417066,-77.410376
N,Apparently Normal,No Misuse,N,No Injury,15806461-de26-43cd-8b1b-9281294cd71a,D,BS04850004,Shoulder/Lap Belt(s),M,6a23d7dd-7527-410b-a78d-74341a141e57,Same Direction Sideswipe,N,Non Intersection,Right Turn Lane,Daylight,No Defects,One-way Trafficway,Wet,Cloudy,Two o'clock,Passenger Car,Functional,N,Moving Constant Speed,2015-03-14 13:00,45,39.417066,-77.410376
N,Apparently Normal,No Misuse,N,No Injury,65c2cda8-7faa-40db-a4e0-d57e5ed4e8b6,D,BW0101000G,Shoulder/Lap Belt(s),F,711c7065-edb4-47c1-8748-bf424ddbc6db,Same Direction Rear End,N,Intersection,Acceleration Lane,Daylight,No Defects,"Two-way, Divided, Positive Median Barrier",Dry,Clear,Six o'clock,Passenger Car,Superficial,N,Slowing or Stopping,2015-01-22 13:34,49,39.0006899,-76.8879458
N,Apparently Normal,No Misuse,Y,No Injury,46dd020a-2e83-47a1-8c57-4b39066a8ba6,D,BW0101000G,Shoulder/Lap Belt(s),F,09481cee-40cc-4fb9-9e4b-a905e1f3e3f4,Same Direction Rear End,N,Intersection,Acceleration Lane,Daylight,No Defects,"Two-way, Divided, Positive Median Barrier",Dry,Clear,Twelve o'clock,Passenger Car,Disabling,N,Moving Constant Speed,2015-01-22 13:34,63,39.0006899,-76.8879458
N,Apparently Normal,No Misuse,Y,No Injury,02b099ad-c782-4b5b-9623-4ed5507637e7,D,BW0116000X,Shoulder/Lap Belt(s),F,8c7ad931-076d-4cb9-ae99-a6a2440e4f63,Same Direction Rear End,N,Non Intersection,Right Turn Lane,Daylight,No Defects,"Two-way, Divided, Positive Median Barrier",Wet,Cloudy,Twelve o'clock,Passenger Car,Disabling,N,Slowing or Stopping,2015-01-14 10:11,24,38.994843,-76.881507
N,Apparently Normal,No Misuse,N,No Injury,726f63cc-cc3e-4297-87af-6a60fd0c1ba8,D,BW0116000X,Shoulder/Lap Belt(s),M,babb6127-3b30-430a-b087-af086e1d35a8,Same Direction Rear End,N,Non Intersection,Right Turn Lane,Daylight,No Defects,"Two-way, Divided, Positive Median Barrier",Wet,Cloudy,Six o'clock,"Medium/Heavy Truck 2 axles (10,000 lbs (4,536 kg) or less)",Superficial,N,Moving Constant Speed,2015-01-14 10:11,60,38.994843,-76.881507
N,Apparently Normal,No Misuse,N,No Injury,ca732430-9d50-44de-9742-9d73b4f63a4e,D,BW01160011,Shoulder/Lap Belt(s),F,a685c244-0491-477f-9f06-4135c5ed838b,Same Direction Right Turn,N,Intersection,Left Turn Lane,Daylight,No Defects,"Two-way, Not Divided",Dry,Clear,Ten o'clock,Passenger Car,Superficial,N,Stopped in Traffic Lane,2015-01-28 10:16,27,38.995836,-76.886614
N,Apparently Normal,No Misuse,Y,No Injury,eca57d1b-0d28-4328-af61-ca0e8210088f,D,BW01160012,Shoulder/Lap Belt(s),M,9d378eb0-1779-47b5-b966-70b7486a4831,Same Direction Rear End,N,Non Intersection,Acceleration Lane,Dusk,No Defects,"Two-way, Divided, Positive Median Barrier",Dry,Clear,Twelve o'clock,Pickup Truck,Superficial,N,Slowing or Stopping,2015-02-02 17:21,52,39.00561833,-76.893595
N,Apparently Normal,No Misuse,Y,No Injury,16d23f52-4d1d-4b20-a695-d6e7a68f6414,D,BW01160014,Shoulder/Lap Belt(s),M,59bab4e7-4160-413a-8ebc-d6e383122cb4,Same Direction Rear End,N,Intersection,Acceleration Lane,Daylight,No Defects,"Two-way, Divided, Positive Median Barrier",Dry,Clear,Twelve o'clock,Passenger Car,Disabling,N,Moving Constant Speed,2015-02-13 11:53,32,38.994211,-76.876294
N,Apparently Normal,No Misuse,Y,No Injury,620e6c68-d920-4ac1-aaec-59710fc0efe0,D,BW01160019,Shoulder/Lap Belt(s),F,4ab9cbc6-f6e1-45b5-ac90-045917680feb,Same Direction Rear End,N,Crossover Related,Shoulder Area,Daylight,No Defects,"Two-way, Divided, Positive Median Barrier",Snow,Snow,Twelve o'clock,(Sport) Utility Vehicle,Functional,N,Slowing or Stopping,2015-03-05 13:17,38,38.996298,-76.90009
N,Apparently Normal,No Misuse,N,Possible Incapacitating Injury,7bb2dede-b0bb-40c8-8aca-1316b2ee0959,D,BW01160019,Shoulder/Lap Belt(s),F,0ac310d3-401b-4b0f-a322-8a567c176ae0,Same Direction Rear End,N,Crossover Related,Shoulder Area,Daylight,No Defects,"Two-way, Divided, Positive Median Barrier",Snow,Snow,Six o'clock,Passenger Car,Disabling,N,Slowing or Stopping,2015-03-05 13:17,34,38.996298,-76.90009
N,Apparently Normal,No Misuse,Y,No Injury,9e663d35-da89-4e0d-93c6-b0144e51cfec,D,BW0128000H,Shoulder/Lap Belt(s),F,7530bcb9-9fdd-49fb-ba0e-c9455d4a40d4,Same Direction Rear End,N,Intersection,Acceleration Lane,Dark No Lights,No Defects,"Two-way, Divided, Positive Median Barrier",Dry,Clear,Twelve o'clock,(Sport) Utility Vehicle,Disabling,N,Moving Constant Speed,2015-01-14 23:30,47,38.9941612,-76.878324
N,Apparently Normal,No Misuse,N,Possible Incapacitating Injury,ccdf5f5f-b33c-48c6-a182-fd1f5d420ffd,D,BW0128000H,Shoulder/Lap Belt(s),F,e643282e-379f-4808-97bb-b51ea3139a68,Same Direction Rear End,N,Intersection,Acceleration Lane,Dark No Lights,No Defects,"Two-way, Divided, Positive Median Barrier",Dry,Clear,Six o'clock,Passenger Car,Disabling,N,Stopped in Traffic Lane,2015-01-14 23:30,55,38.9941612,-76.878324
N,Apparently Normal,No Misuse,N,No Injury,6b928971-7812-45d9-9d14-464dc4ae2dd5,D,BW0141000P,Shoulder/Lap Belt(s),F,f6d8ee3c-c7fc-46ef-9776-98dd26b91609,Same Direction Rear End,N,Non Intersection,Deceleration Lane,Daylight,No Defects,"Two-way, Divided, Positive Median Barrier",Dry,Cloudy,Six o'clock,(Sport) Utility Vehicle,Superficial,N,Stopped in Traffic Lane,2015-03-26 7:11,42,38.994845,-76.88054167
N,Apparently Normal,No Misuse,Y,No Injury,d467fdc5-9143-4480-9499-678aed8b3573,D,BW0141000P,Shoulder/Lap Belt(s),M,f06916f5-b252-4f2e-9384-82fccaac5cac,Same Direction Rear End,N,Non Intersection,Deceleration Lane,Daylight,No Defects,"Two-way, Divided, Positive Median Barrier",Dry,Cloudy,Twelve o'clock,Passenger Car,Disabling,N,Moving Constant Speed,2015-03-26 7:11,36,38.994845,-76.88054167
N,Apparently Normal,No Misuse,Y,No Injury,7146c5f3-949b-42b2-b3f5-b096eefb89a4,D,BW01550009,Shoulder/Lap Belt(s),F,28ea438d-40ff-4614-b12c-2501eb9c8cc9,Same Direction Rear End,N,Non Intersection,Deceleration Lane,Dusk,No Defects,"Two-way, Divided, Positive Median Barrier",Dry,Clear,Twelve o'clock,Passenger Car,Superficial,N,Slowing or Stopping,2015-01-05 16:56,30,38.9915374,-76.88610077
Y,Apparently Normal,No Misuse,N,Possible Incapacitating Injury,fa992982-199d-45c3-b492-e44db6177e01,D,BW01550009,Shoulder/Lap Belt(s),M,918c9cf4-4297-4811-baf0-2c034cef06d0,Same Direction Rear End,N,Non Intersection,Deceleration Lane,Dusk,No Defects,"Two-way, Divided, Positive Median Barrier",Dry,Clear,Six o'clock,Passenger Car,Superficial,N,Slowing or Stopping,2015-01-05 16:56,48,38.9915374,-76.88610077
N,Apparently Normal,No Misuse,Y,No Injury,3e41b096-1b35-4574-afe0-ef769715b482,D,BW0155000D,Shoulder/Lap Belt(s),F,bf5666c3-8732-4fe3-be78-b25307a92982,Same Direction Rear End,N,Intersection Related,Acceleration Lane,Dawn,No Defects,"Two-way, Not Divided",Dry,Clear,Twelve o'clock,Passenger Car,Disabling,N,Slowing or Stopping,2015-02-11 6:38,36,38.99418911,-76.87646627
N,Apparently Normal,No Misuse,N,No Injury,0909d5fe-1f9d-48c2-b545-3f08e0ab374a,D,BW0155000D,Shoulder/Lap Belt(s),M,aebda841-7c87-484c-8e79-6707c3eddd12,Same Direction Rear End,N,Intersection Related,Acceleration Lane,Dawn,No Defects,"Two-way, Not Divided",Dry,Clear,Six o'clock,Passenger Car,Superficial,N,Slowing or Stopping,2015-02-11 6:38,32,38.99418911,-76.87646627
N,Apparently Normal,No Misuse,Y,No Injury,cec934df-a040-4578-b4a0-40d5e50bc4e0,D,BX34630001,Shoulder/Lap Belt(s),F,ba66cd5f-8af3-4823-baac-48881873c327,Same Movement Angle,N,Intersection,Acceleration Lane,Daylight,No Defects,One-way Trafficway,Snow,Blowing Snow,Eleven o'clock,Passenger Car,Functional,N,Slowing or Stopping,2015-03-05 7:57,28,39.64522158,-77.72696257
N,Apparently Normal,No Misuse,N,No Injury,8453ff43-df84-4697-855c-1f192792c09a,D,BX34630001,Shoulder/Lap Belt(s),M,559fe0a7-9c36-4d1a-adb2-72499963c37d,Same Movement Angle,N,Intersection,Acceleration Lane,Daylight,No Defects,One-way Trafficway,Snow,Blowing Snow,Eight o'clock,Pickup Truck,Functional,N,Moving Constant Speed,2015-03-05 7:57,30,39.64522158,-77.72696257
N,Apparently Normal,No Misuse,N,No Injury,5222865d-36c2-4a81-b438-968267faa238,D,BX37190002,Shoulder/Lap Belt(s),F,6beaf7d4-a1ed-427d-8019-ab1ec54e355c,Same Movement Angle,N,Intersection,Right Turn Lane,Daylight,No Defects,One-way Trafficway,Dry,Clear,Twelve o'clock,Passenger Car,Disabling,N,Moving Constant Speed,2015-01-14 15:15,43,39.64312317,-77.72267103
N,Apparently Normal,No Misuse,Y,Non-incapacitating Injury,103673c9-4e36-4cfe-ac8c-46528920e3a2,D,BX37190002,Shoulder/Lap Belt(s),F,851a35d7-a321-430f-868d-e0b41be0df1f,Same Movement Angle,N,Intersection,Right Turn Lane,Daylight,No Defects,One-way Trafficway,Dry,Clear,Twelve o'clock,Passenger Car,Disabling,N,Moving Constant Speed,2015-01-14 15:15,76,39.64312317,-77.72267103
N,Apparently Normal,No Misuse,Y,No Injury,93581084-8da1-40ed-b298-fbd9a1e27de9,D,BX38410002,Shoulder/Lap Belt(s),F,41eeffbd-db5e-458a-b0e9-8a0c111f7712,Same Direction Sideswipe,N,Non Intersection,Right Turn Lane,Daylight,No Defects,One-way Trafficway,Dry,Clear,Two o'clock,Transit Bus,Superficial,N,Moving Constant Speed,2015-03-09 10:57,66,39.64703595,-77.7196046
Y,Apparently Normal,No Misuse,Y,No Injury,02068ab4-b9a4-4b79-957e-33323e2de36d,D,BX39080002,Lap Belt Only,F,77127f3c-4af6-4983-b0aa-43c0359d7f86,Same Direction Sideswipe,N,Non Intersection,Right Turn Lane,Daylight,No Defects,"Two-way, Not Divided",Dry,Clear,Two o'clock,School Bus,Superficial,N,Moving Constant Speed,2015-02-03 12:19,55,39.64256139,-77.71260738
N,Apparently Normal,No Misuse,Y,No Injury,5ce1db13-4279-44ac-a62b-ce22e1ac3c01,D,BX39340002,Shoulder/Lap Belt(s),F,71ec63c1-9796-42c9-a4d0-0681ab02d37c,Same Direction Left Turn,N,Intersection,Right Turn Lane,Dark Lights On,No Defects,One-way Trafficway,Dry,Cloudy,Ten o'clock,(Sport) Utility Vehicle,Superficial,N,Making Left Turn,2015-02-08 18:14,52,39.63958094,-77.71897092
N,Apparently Normal,No Misuse,Y,No Injury,9cd49ac2-f8ef-4b96-9132-c062bc7ffe82,D,BX39910005,Shoulder/Lap Belt(s),F,e0f34a00-3a56-4c5f-a19a-f2b6bf149281,Single Vehicle ,N,Non Intersection,Right Turn Lane,Daylight,No Defects,"Two-way, Not Divided",Dry,Clear,Twelve o'clock,Passenger Car,Functional,N,Moving Constant Speed,2015-03-09 12:14,30,39.63544776,-77.71996737
N,Apparently Normal,No Misuse,N,No Injury,96c7dbea-22d7-4042-b501-c26ba9bdb714,D,BX50120003,Shoulder/Lap Belt(s),F,81ccca83-13f0-4fd4-9a84-6c21e2336dba,Same Direction Rear End,N,Intersection Related,Left Turn Lane,Daylight,No Defects,"Two-way, Divided, Positive Median Barrier",Dry,Clear,Six o'clock,Passenger Car,Disabling,N,Slowing or Stopping,2015-01-20 8:37,27,39.62830035,-77.69947529
N,Apparently Normal,No Misuse,Y,No Injury,eb6748ab-3ed7-49dc-ad5c-578263c8c2f9,D,BX50120003,Shoulder/Lap Belt(s),F,b65e107e-b520-49c0-9f4e-7d23c8a43906,Same Direction Rear End,N,Intersection Related,Left Turn Lane,Daylight,No Defects,"Two-way, Divided, Positive Median Barrier",Dry,Clear,Twelve o'clock,Passenger Car,Disabling,N,Slowing or Stopping,2015-01-20 8:37,56,39.62830035,-77.69947529
N,Apparently Normal,No Misuse,Y,No Injury,b1dff463-3365-4268-aef9-08be467f78dd,D,BX50680003,Shoulder/Lap Belt(s),F,fd68b238-fbf2-4d12-9e52-1449e5a21837,Same Movement Angle,N,Intersection,Right Turn Lane,Daylight,No Defects,"Two-way, Not Divided",Dry,Clear,Twelve o'clock,Passenger Car,Disabling,N,Making Left Turn,2015-02-20 14:45,25,39.65984255,-77.71846533