CDL_FLAG,CONDITION_CODE,EQUIP_PROB_CODE,FAULT_FLAG,INJ_SEVER_CODE,PERSON_ID,PERSON_TYPE,REPORT_NO,SAF_EQUIP_CODE,SEX_CODE,VEHICLE_ID,COLLISION_TYPE_CODE,C_M_ZONE_FLAG,JUNCTION_CODE,LANE_CODE,LIGHT_CODE,RD_COND_CODE,RD_DIV_CODE,SURF_COND_CODE,WEATHER_CODE,AREA_DAMAGED_CODE_MAIN,BODY_TYPE_CODE,DAMAGE_CODE,HIT_AND_RUN_FLAG,MOVEMENT_CODE,TIME,AGE,LATITUDE,LONGITUDE
N,Apparently Normal,No Misuse,N,No Injury,15331ae6-8686-4058-b6c2-47ab0910ece8,D,CB5666000G,Shoulder/Lap Belt(s),M,047dd039-efa1-4b51-9eb9-30729b365d15,Same Direction Rear End,N,Non Intersection,Left Turn Lane,Daylight,No Defects,"Two-way, Divided, Unprotected (painted >4 feet) Median",Wet,Snow,Six o'clock,Passenger Car,Superficial,N,Stopped in Traffic Lane,2015-02-16 16:50,33,39.19328301,-76.80990458
N,Apparently Normal,No Misuse,Y,No Injury,db467b28-60a8-4fac-a844-4711e6af9cd0,D,CB56710009,Shoulder/Lap Belt(s),M,bfd131c5-01d4-43c9-8441-40c51ccc9049,Same Movement Angle,N,Intersection,Right Turn Lane,Daylight,No Defects,"Two-way, Not Divided",Dry,Cloudy,Twelve o'clock,Passenger Car,Disabling,N,Starting From Lane,2015-01-29 14:05,21,39.20678327,-76.72356695
N,Apparently Normal,No Misuse,N,No Injury,606c9283-4aad-4abf-8abe-00701e44f7fa,D,CB57130005,Shoulder/Lap Belt(s),F,804de443-873e-484b-9e1d-45bec99f413f,Same Direction Left Turn,N,Intersection Related,Right Turn Lane,Daylight,No Defects,"Two-way, Divided, Positive Median Barrier",Dry,Clear,One o'clock,Passenger Car,Functional,N,Moving Constant Speed,2015-03-17 18:52,32,39.14485613,-76.89804196
N,Apparently Normal,No Misuse,Y,No Injury,eabcd1c4-2c14-4d2e-97a3-df0df3912fba,D,CB57130005,Shoulder/Lap Belt(s),F,2d24555d-1d31-4bde-bdde-8b994c0b75cf,Same Direction Left Turn,N,Intersection Related,Right Turn Lane,Daylight,No Defects,"Two-way, Divided, Positive Median Barrier",Dry,Clear,Twelve o'clock,Passenger Car,Superficial,N,Changing Lanes,2015-03-17 18:52,19,39.14485613,-76.89804196
N,Apparently Normal,No Misuse,N,No Injury,f134a8ca-7f55-4ecf-a598-0ecace5b85f0,D,CB57140001,Shoulder/Lap Belt(s),F,573827c0-7773-44a1-b442-72b3a72e2f8f,Single Vehicle ,N,Non Intersection,Left Turn Lane,Dark - Unknown Lighting,No Defects,"Two-way, Divided, Positive Median Barrier",Dry,Clear,Ten o'clock,Passenger Car,Functional,N,Moving Constant Speed,2015-01-22 19:54,36,39.22166485,-76.88949108
N,Apparently Normal,No Misuse,Y,No Injury,3bd2ffd6-d907-4e6f-8cf5-0f944bb797ae,D,CB57330007,Shoulder/Lap Belt(s),F,d4fbceeb-0235-4488-b30e-d37893010cbe,Head On,N,Intersection,Right Turn Lane,Dark Lights On,No Defects,"Two-way, Not Divided",Ice,Clear,Twelve o'clock,Passenger Car,Superficial,N,Skidding,2015-01-30 6:25,62,39.28546128,-77.0290947
N,Apparently Normal,No Misuse,N,Possible Incapacitating Injury,9f7dee25-6036-4a1c-bf84-4f678fdbc178,D,CB57330007,Shoulder/Lap Belt(s),F,25d372b0-00e7-4747-9647-4a9518f33d64,Head On,N,Intersection,Right Turn Lane,Dark Lights On,No Defects,"Two-way, Not Divided",Ice,Clear,Twelve o'clock,Passenger Car,Disabling,N,Moving Constant Speed,2015-01-30 6:25,56,39.28546128,-77.0290947
N,Apparently Normal,No Misuse,N,No Injury,b4611946-f477-471f-a888-cc1e29eaae67,D,CB5773000D,Shoulder/Lap Belt(s),F,9477bc29-38c5-4465-b01c-00f42a5f7a3a,Opposite Direction Sideswipe,N,Non Intersection,Right Turn Lane,Dark Lights On,No Defects,"Two-way, Divided, Unprotected (painted >4 feet) Median",Dry,Clear,Four o'clock,Pickup Truck,Superficial,N,Moving Constant Speed,2015-02-06 19:20,56,39.15914145,-76.93250299
N,Apparently Normal,No Misuse,N,No Injury,462c6b6a-06cb-4a0e-b9f8-cfa36bba1dfa,D,CB5773000D,Shoulder/Lap Belt(s),M,a479c7bd-a35a-4783-a835-afead73b8645,Opposite Direction Sideswipe,N,Non Intersection,Right Turn Lane,Dark Lights On,No Defects,"Two-way, Divided, Unprotected (painted >4 feet) Median",Dry,Clear,Eight o'clock,Passenger Car,Disabling,N,Moving Constant Speed,2015-02-06 19:20,19,39.15914145,-76.93250299
N,Apparently Normal,No Misuse,Y,No Injury,51adc78d-6ca0-4db8-95b3-9d0328dcbdc7,D,CB5774000B,Shoulder/Lap Belt(s),F,74b634c3-e3b3-47e7-a1f9-8cb3efeafbdf,Single Vehicle ,N,Intersection,Right Turn Lane,Dark Lights On,No Defects,"Two-way, Not Divided",Dry,Clear,Twelve o'clock,Passenger Car,Superficial,N,Making Left Turn,2015-01-15 19:13,24,39.21134929,-76.85935378
N,Apparently Normal,No Misuse,N,No Injury,f4c40742-1e3f-4de6-b94a-07bbefbd2aea,D,CB5808000D,Shoulder/Lap Belt(s),F,bd5b0430-5096-41a0-90f6-6feb1cf5fb61,Same Direction Rear End,N,Intersection Related,Right Turn Lane,Daylight,No Defects,"Two-way, Divided, Positive Median Barrier",Slush,Clear,Six o'clock,Passenger Car,Functional,N,Slowing or Stopping,2015-01-27 11:04,32,39.20713452,-76.86663866
N,Apparently Normal,No Misuse,Y,No Injury,5be63069-e09f-4929-8d7e-577202c09e65,D,CB5808000D,Shoulder/Lap Belt(s),F,d238cac6-c634-4598-b810-22af3222831d,Same Direction Rear End,N,Intersection Related,Right Turn Lane,Daylight,No Defects,"Two-way, Divided, Positive Median Barrier",Slush,Clear,Twelve o'clock,Passenger Car,Disabling,N,Slowing or Stopping,2015-01-27 11:04,55,39.20713452,-76.86663866
N,Apparently Normal,No Misuse,Y,No Injury,7d5fa48f-e44a-4d34-b6e9-52c9f460ba64,D,CB5808000D,Shoulder/Lap Belt(s),M,54754417-c742-4667-81b1-18e79ca48f49,Same Direction Rear End,N,Intersection Related,Right Turn Lane,Daylight,No Defects,"Two-way, Divided, Positive Median Barrier",Slush,Clear,Twelve o'clock,Passenger Car,No Damage,N,Slowing or Stopping,2015-01-27 11:04,20,39.20713452,-76.86663866
N,Apparently Normal,No Misuse,N,No Injury,5a41a63c-2038-4c4e-ad9f-cb8e732fdae2,D,CB5812000D,Shoulder/Lap Belt(s),M,e1e4f0a6-02a4-4c3c-a542-eab339278187,Same Direction Rear End Left Turn,N,Non Intersection,Right Turn Lane,Daylight,No Defects,"Two-way, Divided, Positive Median Barrier",Snow,Snow,Twelve o'clock,Passenger Car,Functional,N,Slowing or Stopping,2015-03-05 13:50,24,39.16700255,-76.83888316
N,Apparently Normal,No Misuse,N,No Injury,afe0ec9a-751b-4aa3-befd-ee913763f075,D,CB5817000C,Shoulder/Lap Belt(s),F,7f69f365-1ffa-45e5-8b68-0dd10e406b6f,Same Direction Sideswipe,N,Non Intersection,Right Turn Lane,Dawn,No Defects,"Two-way, Divided, Positive Median Barrier",Wet,Raining,One o'clock,Passenger Car,Superficial,N,Moving Constant Speed,2015-02-02 6:59,32,39.11937331,-76.85258389
N,Apparently Normal,No Misuse,Y,No Injury,580d4f5b-e0b4-44ec-b648-0b08a481a672,D,CB5817000D,Shoulder/Lap Belt(s),F,0a2cc2e4-d00a-4e97-9752-4d8dec0d3e1a,Single Vehicle ,N,Non Intersection,Right Turn Lane,Daylight,No Defects,"Two-way, Divided, Positive Median Barrier",Wet,Cloudy,One o'clock,Passenger Car,Disabling,N,Negotiating a Curve,2015-02-02 11:32,29,39.13773319,-76.81637406
N,Apparently Normal,No Misuse,Y,No Injury,84fe5d7d-3952-4490-924f-96c6ea08e7ef,D,CB5821000D,Shoulder/Lap Belt(s),F,86d5dc15-ed93-49eb-b4ea-eb093098266d,Single Vehicle ,N,Non Intersection,Acceleration Lane,Dusk,No Defects,"Two-way, Divided, Positive Median Barrier",Wet,Severe Winds,Six o'clock,Passenger Car,Disabling,N,Moving Constant Speed,2015-02-15 9:31,28,39.21762525,-76.7952919
N,Apparently Normal,No Misuse,Y,No Injury,24a0590b-3707-492a-b8bc-bfa88704a9f0,D,CB58260008,Shoulder/Lap Belt(s),F,7666211e-bea1-4edd-9e58-fba8fc3983a2,Single Vehicle ,N,Non Intersection,Right Turn Lane,Daylight,No Defects,"Two-way, Divided, Unprotected (painted >4 feet) Median",Dry,Clear,Ten o'clock,Passenger Car,Disabling,N,Moving Constant Speed,2015-03-13 12:12,69,39.2959154,-76.78585052
N,Apparently Normal,No Misuse,N,No Injury,2c475b13-75fa-4ce8-8511-5aae18b45985,D,CB5843000B,Shoulder/Lap Belt(s),F,4d142a85-5858-46c6-940c-0fee67e12639,Same Movement Angle,N,Non Intersection,Right Turn Lane,Dark Lights On,No Defects,"Two-way, Not Divided",Dry,Clear,Twelve o'clock,Passenger Car,Superficial,N,Moving Constant Speed,2015-01-31 18:03,55,39.18847675,-76.7910862
N,Apparently Normal,No Misuse,N,No Injury,0b494069-babc-49f1-b168-e4c9f08b6e84,D,CBPD00310005,Shoulder/Lap Belt(s),F,0ab217fe-d40b-48d1-b59f-5f4fdd6bd748,Same Direction Sideswipe,N,Non Intersection,Right Turn Lane,Dawn,No Defects,One-way Trafficway,Wet,Clear,Seven o'clock,Passenger Car,Superficial,N,Moving Constant Speed,2015-03-11 19:00,50,38.94557532,-76.73479199
N,Apparently Normal,No Misuse,Y,No Injury,b6becbee-8cb0-44d3-87e1-420abc447699,D,CBPD0032000J,Shoulder/Lap Belt(s),F,f3222512-c59b-4049-a0dc-87b873b0b801,Head On,N,Non Intersection,Right Turn Lane,Daylight,No Defects,"Two-way, Divided, Unprotected (painted >4 feet) Median",Dry,Cloudy,One o'clock,Passenger Car,Disabling,N,Moving Constant Speed,2015-01-20 9:34,36,38.98706763,-76.74192667
N,Apparently Normal,Belt(s) Misused,Y,No Injury,33f3dfde-f60d-46b1-bacf-a0df179903d1,D,CBPD00360002,Shoulder/Lap Belt(s),F,9bad7414-7fc6-4581-a45f-f36e64f35fa1,Single Vehicle ,N,Non Intersection,Right Turn Lane,Dark - Unknown Lighting,No Defects,"Two-way, Not Divided",Dry,Clear,One o'clock,Passenger Car,Destroyed,N,Moving Constant Speed,2015-01-10 2:17,24,39.00296073,-76.77299738
N,Apparently Normal,No Misuse,N,No Injury,f43d9f44-182d-4f78-b1eb-7bc67f18ec63,D,CBPD0053000J,Shoulder/Lap Belt(s),F,b719dd00-e3d0-416a-9ab7-72eaa4940ef9,Same Movement Angle,N,Intersection,Deceleration Lane,Daylight,No Defects,"Two-way, Divided, Positive Median Barrier",Dry,Clear,Eleven o'clock,Passenger Car,Functional,N,Stopped in Traffic Lane,2015-02-18 8:50,43,38.94630753,-76.73375666
N,Apparently Normal,No Misuse,Y,Incapacitating/Disabled Injury,56d08166-e3fa-49fb-93d7-7963718cd902,D,CBPD0053000J,Shoulder/Lap Belt(s),F,8c44d1a2-cad0-4e67-b09b-846550836e6d,Same Movement Angle,N,Intersection,Deceleration Lane,Daylight,No Defects,"Two-way, Divided, Positive Median Barrier",Dry,Clear,Twelve o'clock,Passenger Car,Disabling,N,Moving Constant Speed,2015-02-18 8:50,28,38.94630753,-76.73375666
N,Apparently Normal,No Misuse,N,No Injury,c250cea6-f888-4f58-bafe-9f873bb8ae6a,D,CBPD0053000J,Shoulder/Lap Belt(s),M,877861a5-a3b4-44d2-8c08-632453773b6b,Same Movement Angle,N,Intersection,Deceleration Lane,Daylight,No Defects,"Two-way, Divided, Positive Median Barrier",Dry,Clear,One o'clock,Passenger Car,Disabling,N,Moving Constant Speed,2015-02-18 8:50,31,38.94630753,-76.73375666
Y,Apparently Normal,No Misuse,N,No Injury,f2f2ac95-bec6-470d-8d27-bae66363b3b4,D,CBPD00540003,Shoulder/Lap Belt(s),F,6bb7eae8-d889-4878-83aa-61b449bcafc8,Same Direction Rear End,N,Non Intersection,Acceleration Lane,Dark Lights On,No Defects,"Two-way, Divided, Positive Median Barrier",Dry,Clear,Six o'clock,Passenger Car,Functional,N,Stopped in Traffic Lane,2015-02-15 19:55,37,38.97222195,-76.77301884
N,Apparently Normal,No Misuse,Y,No Injury,cfcfafb8-ddce-4bb4-a6b5-1ee767ae20ac,D,CBPD00540003,Shoulder/Lap Belt(s),F,9f99e8c4-d7bd-4084-9566-ab2f9ea9f339,Same Direction Rear End,N,Non Intersection,Acceleration Lane,Dark Lights On,No Defects,"Two-way, Divided, Positive Median Barrier",Dry,Clear,Twelve o'clock,"Other Light Trucks (10,000 lbs (4,536 kg))",Functional,N,Moving Constant Speed,2015-02-15 19:55,60,38.97222195,-76.77301884
N,Apparently Normal,No Misuse,Y,No Injury,90df4ebe-1c97-432b-a800-a74492194aa6,D,CBPD0063000D,Shoulder/Lap Belt(s),F,9b37be03-b57f-4533-937d-c7700e21fa58,Same Direction Rear End,N,Intersection Related,Right Turn Lane,Dawn,No Defects,"Two-way, Divided, Positive Median Barrier",Snow,Wintry Mix,Twelve o'clock,(Sport) Utility Vehicle,Functional,N,Slowing or Stopping,2015-01-06 7:00,31,38.94449056,-76.72339797
N,Apparently Normal,No Misuse,N,No Injury,67350ada-5fd0-4df2-a45b-56cac87db95d,D,CBPD0063000D,Shoulder/Lap Belt(s),M,8d944f17-6dd4-4ef2-8e41-57f56e8caac9,Same Direction Rear End,N,Intersection Related,Right Turn Lane,Dawn,No Defects,"Two-way, Divided, Positive Median Barrier",Snow,Wintry Mix,Six o'clock,Pickup Truck,Superficial,N,Stopped in Traffic Lane,2015-01-06 7:00,44,38.94449056,-76.72339797
N,Apparently Normal,No Misuse,N,No Injury,9ab5944c-0bbb-4795-8f6e-60517d25e8f6,D,CBPD00720009,Shoulder/Lap Belt(s),F,c081f224-5c4a-4298-9ae6-37d0764a18aa,Same Direction Rear End,N,Intersection,Left Turn Lane,Dark Lights On,No Defects,"Two-way, Not Divided",Dry,Clear,Six o'clock,Passenger Car,Superficial,N,Stopped in Traffic Lane,2015-01-11 21:00,43,38.97401527,-76.75554156
N,Apparently Normal,No Misuse,N,No Injury,46f2f90a-8147-4973-8671-7c5a60e28615,D,CBPD0072000B,Shoulder/Lap Belt(s),F,222e31ad-26a5-401e-b02c-434f651db506,Same Direction Left Turn,N,Non Intersection,Left Turn Lane,Daylight,No Defects,"Two-way, Not Divided",Dry,Clear,One o'clock,Passenger Car,Disabling,N,Moving Constant Speed,2015-02-11 11:30,69,38.95123252,-76.71536207
N,Apparently Normal,No Misuse,Y,No Injury,d78fb089-0402-4022-a165-b0f850789889,D,CBPD0072000B,Shoulder/Lap Belt(s),F,8504d7f9-525b-467a-a064-b9d360adbdc8,Same Direction Left Turn,N,Non Intersection,Left Turn Lane,Daylight,No Defects,"Two-way, Not Divided",Dry,Clear,Ten o'clock,Passenger Car,Functional,N,Starting From Parked,2015-02-11 11:30,22,38.95123252,-76.71536207
N,Apparently Normal,No Misuse,N,No Injury,a3b6f812-0c1c-4fc4-af94-7be14bb19659,D,CBPD0073000M,Shoulder/Lap Belt(s),F,4bfbe1cc-7ed6-4b13-8518-39f0401bb048,Same Direction Rear End,N,Non Intersection,Right Turn Lane,Dark Lights On,No Defects,"Two-way, Not Divided",Dry,Clear,Twelve o'clock,Passenger Car,Disabling,N,Moving Constant Speed,2015-02-02 19:15,23,39.00407795,-76.77844763
N,Apparently Normal,No Misuse,Y,No Injury,ad1e8524-ae0e-4534-b676-571674e0b2e9,D,CBPD0073000M,Shoulder/Lap Belt(s),F,aecf5af4-ab9f-4a2b-aeef-e787bd2d02e9,Same Direction Rear End,N,Non Intersection,Right Turn Lane,Dark Lights On,No Defects,"Two-way, Not Divided",Dry,Clear,Six o'clock,(Sport) Utility Vehicle,Functional,N,Backing,2015-02-02 19:15,43,39.00407795,-76.77844763
N,Apparently Normal,No Misuse,N,No Injury,88c0200e-42d5-4d51-8e72-5ee897b143db,D,CBPD00830001,Shoulder/Lap Belt(s),F,cdfba4ec-9f8c-4ce2-aedc-313b1feba282,Same Direction Rear End,N,Non Intersection,Right Turn Lane,Daylight,No Defects,"Two-way, Not Divided",Dry,Clear,Six o'clock,Passenger Car,Disabling,N,Slowing or Stopping,2015-02-27 9:00,31,38.96801789,-76.75438285
N,Apparently Normal,No Misuse,Y,No Injury,e3e92c50-fa3c-466b-bd95-9ef4bb66e706,D,CBPD00830001,Shoulder/Lap Belt(s),F,21474e5a-3289-4eab-a8ed-a7d718f670cd,Same Direction Rear End,N,Non Intersection,Right Turn Lane,Daylight,No Defects,"Two-way, Not Divided",Dry,Clear,Twelve o'clock,Van,Disabling,N,Slowing or Stopping,2015-02-27 9:00,30,38.96801789,-76.75438285
N,Apparently Normal,No Misuse,N,No Injury,0395a09f-ee06-4278-988e-baa7b0a8ea1a,D,CBPD00830001,Shoulder/Lap Belt(s),M,0fc6bd0a-db3a-4429-baff-87f2a99759d7,Same Direction Rear End,N,Non Intersection,Right Turn Lane,Daylight,No Defects,"Two-way, Not Divided",Dry,Clear,Six o'clock,Passenger Car,Functional,N,Stopped in Traffic Lane,2015-02-27 9:00,36,38.96801789,-76.75438285
N,Apparently Normal,No Misuse,N,No Injury,99a1b015-8f4e-48e2-a420-c67ae5abb422,D,CBWR96740006,Shoulder/Lap Belt(s),F,b250fe6d-b612-4d32-aac0-0c0a2a221df7,Same Movement Angle,N,Non Intersection,Right Turn Lane,Daylight,No Defects,"Two-way, Divided, Unprotected (painted >4 feet) Median",Wet,Wintry Mix,Twelve o'clock,(Sport) Utility Vehicle,Disabling,N,Moving Constant Speed,2015-01-24 14:07,65,39.46232286,-76.58453465
N,Apparently Normal,No Misuse,Y,No Injury,3fed7741-7b60-4bef-a04c-3b9a6446d9ac,D,CBWR96740006,Shoulder/Lap Belt(s),F,e5f46bee-76ef-4f3c-b2e7-aa0b5661ca30,Same Movement Angle,N,Non Intersection,Right Turn Lane,Daylight,No Defects,"Two-way, Divided, Unprotected (painted >4 feet) Median",Wet,Wintry Mix,Eleven o'clock,Passenger Car,Disabling,N,Starting From Parked,2015-01-24 14:07,70,39.46232286,-76.58453465
N,Apparently Normal,No Misuse,Y,No Injury,69d806e9-ad84-4a98-ba81-de4c1f4357f7,D,CBWR96780003,Shoulder/Lap Belt(s),F,5d4043f2-70d4-43cf-bae1-9bc7d87d0bc7,Single Vehicle ,N,Non Intersection,Right Turn Lane,Dark No Lights,No Defects,"Two-way, Not Divided",Snow,Snow,Eleven o'clock,Passenger Car,Disabling,N,Moving Constant Speed,2015-01-07 20:34,25,39.48638944,-76.56826973
N,Apparently Normal,No Misuse,N,No Injury,d4921f30-a250-4054-a61f-4c12d763f99f,D,CC0219000G,Shoulder/Lap Belt(s),F,1f55cb35-0451-4195-9006-dd69ea09dc12,Same Direction Rear End,N,Intersection Related,Right Turn Lane,Daylight,No Defects,"Two-way, Divided, Unprotected (painted >4 feet) Median",Dry,Clear,Six o'clock,Passenger Car,Disabling,N,Stopped in Traffic Lane,2015-03-28 17:59,23,38.95881646,-76.93988442
N,Apparently Normal,No Misuse,Y,No Injury,7ca5e385-b0f1-40db-9a11-b5ace22cb2d5,D,CC0219000G,Shoulder/Lap Belt(s),F,8c346366-e6c3-439f-8453-e718123ebf04,Same Direction Rear End,N,Intersection Related,Right Turn Lane,Daylight,No Defects,"Two-way, Divided, Unprotected (painted >4 feet) Median",Dry,Clear,One o'clock,Passenger Car,Disabling,N,Moving Constant Speed,2015-03-28 17:59,30,38.95881646,-76.93988442
N,Apparently Normal,No Misuse,N,No Injury,98f7cf36-4344-4b43-a1aa-1f8c83db36b9,D,CC02380009,Shoulder/Lap Belt(s),F,e5420c78-dbd8-46e0-af9c-4a906a437f36,Same Direction Rear End,N,Non Intersection,Right Turn Lane,Daylight,No Defects,"Two-way, Divided, Positive Median Barrier",Dry,Clear,Six o'clock,Passenger Car,Superficial,N,Slowing or Stopping,2015-03-27 16:56,26,38.96600752,-76.9443047
N,Apparently Normal,No Misuse,N,Possible Incapacitating Injury,ac5b5bab-8ca3-4c2f-995f-14389922c94d,D,CC02380009,Shoulder/Lap Belt(s),F,aee1959d-e977-4b19-a843-49da70905055,Same Direction Rear End,N,Non Intersection,Right Turn Lane,Daylight,No Defects,"Two-way, Divided, Positive Median Barrier",Dry,Clear,Twelve o'clock,Passenger Car,Superficial,N,Slowing or Stopping,2015-03-27 16:56,21,38.96600752,-76.9443047
N,Apparently Normal,No Misuse,Y,Possible Incapacitating Injury,d66cb754-5fd6-4514-8e87-2bc2a0a71796,D,CC02380009,Shoulder/Lap Belt(s),M,bbd6d47a-514f-41c9-a516-06354bf3f832,Same Direction Rear End,N,Non Intersection,Right Turn Lane,Daylight,No Defects,"Two-way, Divided, Positive Median Barrier",Dry,Clear,Twelve o'clock,Passenger Car,Disabling,N,Moving Constant Speed,2015-03-27 16:56,45,38.96600752,-76.9443047
N,Apparently Normal,No Misuse,N,No Injury,b01d8667-2f7e-4b2e-90fa-91b1aa747541,D,CC02410009,Shoulder/Lap Belt(s),F,21140e52-3beb-4427-9ab9-a4a307823d0a,Same Direction Rear End,N,Non Intersection,Right Turn Lane,Dark Lights On,No Defects,"Two-way, Divided, Positive Median Barrier",Dry,Clear,Six o'clock,Passenger Car,Superficial,N,Slowing or Stopping,2015-02-01 18:34,44,38.96695849,-76.95427179
N,Apparently Normal,No Misuse,Y,No Injury,ffc513dd-5f1b-4544-92be-c01b3ed74e20,D,CC02410009,Shoulder/Lap Belt(s),F,1c9b077b-d367-4843-91d2-231eef6fdf6c,Same Direction Rear End,N,Non Intersection,Right Turn Lane,Dark Lights On,No Defects,"Two-way, Divided, Positive Median Barrier",Dry,Clear,Twelve o'clock,Passenger Car,Functional,N,Moving Constant Speed,2015-02-01 18:34,20,38.96695849,-76.95427179
N,Apparently Normal,No Misuse,N,Possible Incapacitating Injury,c745efb8-5a96-47bd-a147-a50a912ffda4,D,CC02410009,Shoulder/Lap Belt(s),M,9f22acc8-8da8-45d9-b7b8-315561942b7f,Same Direction Rear End,N,Non Intersection,Right Turn Lane,Dark Lights On,No Defects,"Two-way, Divided, Positive Median Barrier",Dry,Clear,Six o'clock,Passenger Car,Superficial,N,Slowing or Stopping,2015-02-01 18:34,29,38.96695849,-76.95427179
N,Apparently Normal,No Misuse,Y,No Injury,d9b27e63-80db-433c-a8e2-fdb7b652cf85,D,CC0241000B,Shoulder/Lap Belt(s),F,d6850e4d-4837-4a65-9a64-df5ffb4e5311,Same Direction Rear End,N,Non Intersection,Left Turn Lane,Daylight,No Defects,"Two-way, Divided, Unprotected (painted >4 feet) Median",Dry,Clear,Twelve o'clock,Passenger Car,Disabling,N,Moving Constant Speed,2015-02-03 14:54,66,38.95484521,-76.94031358
N,Apparently Normal,No Misuse,N,No Injury,a7852887-cd44-4b8c-9fc3-00fed8e22560,D,CC0241000D,Shoulder/Lap Belt(s),F,96a22ad4-b9f3-4350-ab5d-7d8751a5964f,Same Direction Rear End,N,Non Intersection,Right Turn Lane,Daylight,No Defects,"Two-way, Divided, Positive Median Barrier",Wet,Wintry Mix,Six o'clock,Passenger Car,Superficial,N,Moving Constant Speed,2015-03-20 16:00,76,38.94572552,-76.94135427
N,Apparently Normal,No Misuse,N,No Injury,d0d5c15b-14c4-42f4-b87e-7159878828b0,D,CC02430005,Shoulder/Lap Belt(s),F,2f5197e5-12d0-44ed-833c-ace0a5117599,Same Direction Rear End,N,Non Intersection,Right Turn Lane,Daylight,No Defects,"Two-way, Not Divided",Dry,Clear,Six o'clock,Passenger Car,Superficial,N,Slowing or Stopping,2015-02-13 13:30,30,38.95735647,-76.9400239
N,Apparently Normal,No Misuse,N,Non-incapacitating Injury,9a6e34c7-e4ce-47ad-845d-52385f59d57d,D,CC02430005,Shoulder/Lap Belt(s),F,b2a9fe4d-b115-4935-b33a-9015778ab3bb,Same Direction Rear End,N,Non Intersection,Right Turn Lane,Daylight,No Defects,"Two-way, Not Divided",Dry,Clear,Six o'clock,Passenger Car,Disabling,N,Slowing or Stopping,2015-02-13 13:30,43,38.95735647,-76.9400239
N,Apparently Normal,No Misuse,N,No Injury,4e8b0325-312c-49b7-b017-2cf6b9738360,D,CC02430005,Shoulder/Lap Belt(s),M,d1aaed8c-16e1-4bc6-aa77-9bde42fbd6c3,Same Direction Rear End,N,Non Intersection,Right Turn Lane,Daylight,No Defects,"Two-way, Not Divided",Dry,Clear,Six o'clock,Passenger Car,Functional,N,Slowing or Stopping,2015-02-13 13:30,37,38.95735647,-76.9400239
N,Apparently Normal,No Misuse,Y,No Injury,2ee9b002-c8d3-42f0-9452-7eaecc2bf79b,D,CC02430005,Shoulder/Lap Belt(s),M,c64894b3-f198-494c-88d6-910fe003959a,Same Direction Rear End,N,Non Intersection,Right Turn Lane,Daylight,No Defects,"Two-way, Not Divided",Dry,Clear,Twelve o'clock,Passenger Car,Disabling,N,Slowing or Stopping,2015-02-13 13:30,34,38.95735647,-76.9400239
N,Apparently Normal,No Misuse,N,No Injury,7eb6a0fa-6e46-4e1a-9ead-f5fc40c08e22,D,CD0612000G,Shoulder/Lap Belt(s),F,2276f253-69cf-4676-824c-56a40cfd32af,Same Movement Angle,N,Residential Driveway,Right Turn Lane,Daylight,No Defects,"Two-way, Not Divided",Dry,Cloudy,One o'clock,(Sport) Utility Vehicle,Functional,N,Moving Constant Speed,2015-03-03 9:07,32,38.53962302,-76.99125677
N,Apparently Normal,No Misuse,Y,No Injury,58263a21-021e-4e6a-8f82-98f631ffc156,D,CD0612000G,Shoulder/Lap Belt(s),F,655778db-5b1a-4019-b90f-1849ee1aba8f,Same Movement Angle,N,Residential Driveway,Right Turn Lane,Daylight,No Defects,"Two-way, Not Divided",Dry,Cloudy,One o'clock,Passenger Car,Functional,N,Moving Constant Speed,2015-03-03 9:07,36,38.53962302,-76.99125677
N,Apparently Normal,No Misuse,N,No Injury,3a21c643-1963-4ae5-b886-cf4fba2ac51e,D,CD0616000B,Shoulder/Lap Belt(s),F,0162733a-aa9c-4f50-b0fa-7460bba93c99,Head On Left Turn,N,Intersection,Left Turn Lane,Daylight,No Defects,"Two-way, Not Divided",Dry,Clear,Twelve o'clock,Station Wagon,Functional,N,Moving Constant Speed,2015-01-31 12:30,39,38.53960204,-76.98481143
N,Apparently Normal,No Misuse,Y,No Injury,0c175d39-09a1-44e3-9b0b-7c6c1d354f74,D,CD0616000B,Shoulder/Lap Belt(s),F,319cc3fc-d86d-477c-976d-7807dac65d1f,Head On Left Turn,N,Intersection,Left Turn Lane,Daylight,No Defects,"Two-way, Not Divided",Dry,Clear,One o'clock,(Sport) Utility Vehicle,Functional,N,Making Left Turn,2015-01-31 12:30,52,38.53960204,-76.98481143
N,Apparently Normal,No Misuse,N,No Injury,884e5690-f0af-4c26-b9ae-c8e6730a3caa,D,CD0616000F,Shoulder/Lap Belt(s),F,7bf630eb-28e9-4f13-b98a-2484fbb629eb,Same Movement Angle,N,Intersection,Right Turn Lane,Daylight,No Defects,"Two-way, Not Divided",Wet,Cloudy,Twelve o'clock,(Sport) Utility Vehicle,Functional,N,Moving Constant Speed,2015-02-23 7:25,67,38.5346213,-76.9549799
N,Apparently Normal,No Misuse,Y,No Injury,b1d65f7a-33c3-4296-b530-f0b9a93cca43,D,CD0616000F,Shoulder/Lap Belt(s),F,d54c9cbf-7c96-4ef5-add5-7bf5e6aa992d,Same Movement Angle,N,Intersection,Right Turn Lane,Daylight,No Defects,"Two-way, Not Divided",Wet,Cloudy,One o'clock,Passenger Car,Functional,N,Making Left Turn,2015-02-23 7:25,24,38.5346213,-76.9549799