CDL_FLAG,CONDITION_CODE,EQUIP_PROB_CODE,FAULT_FLAG,INJ_SEVER_CODE,PERSON_ID,PERSON_TYPE,REPORT_NO,SAF_EQUIP_CODE,SEX_CODE,VEHICLE_ID,COLLISION_TYPE_CODE,C_M_ZONE_FLAG,JUNCTION_CODE,LANE_CODE,LIGHT_CODE,RD_COND_CODE,RD_DIV_CODE,SURF_COND_CODE,WEATHER_CODE,AREA_DAMAGED_CODE_MAIN,BODY_TYPE_CODE,DAMAGE_CODE,HIT_AND_RUN_FLAG,MOVEMENT_CODE,TIME,AGE,LATITUDE,LONGITUDE
N,Apparently Normal,No Misuse,Y,No Injury,619f9181-3f80-4c42-94a6-62a7cbe4ff4b,D,CD0616000Q,Shoulder/Lap Belt(s),F,9fdcc9d8-881e-4a92-9e15-cbc7da77c434,Single Vehicle ,N,Intersection,Right Turn Lane,Dark No Lights,No Defects,"Two-way, Not Divided",Dry,Cloudy,Twelve o'clock,Pickup Truck,Superficial,Y,Making Left Turn,2015-03-17 9:30,44,38.53997548,-76.94107533
N,Apparently Normal,No Misuse,N,No Injury,359ea8a2-51de-4940-baf7-49655fa7f487,D,CD06230007,Shoulder/Lap Belt(s),F,2eba67df-7be5-4da3-a033-c8ff6c225c73,Same Movement Angle,N,Intersection Related,Right Turn Lane,Daylight,No Defects,"Two-way, Not Divided",Dry,Clear,Twelve o'clock,Passenger Car,Superficial,N,Moving Constant Speed,2015-02-24 12:13,53,38.53172586,-76.96857333
N,Apparently Normal,No Misuse,Y,Non-incapacitating Injury,8b5edf1f-5521-442b-a39a-2670928c66c0,D,CD06230007,Shoulder/Lap Belt(s),F,fbb7ea9c-b989-48cf-892d-235c2e17014b,Same Movement Angle,N,Intersection Related,Right Turn Lane,Daylight,No Defects,"Two-way, Not Divided",Dry,Clear,Eleven o'clock,Passenger Car,Disabling,N,Making Left Turn,2015-02-24 12:13,68,38.53172586,-76.96857333
N,Apparently Normal,No Misuse,N,No Injury,e5483cd7-2f8f-4329-b85a-3d94bce3b63d,D,CD0626000N,Shoulder/Lap Belt(s),F,2410f081-0a2f-4750-881b-e424c1746b5d,Single Vehicle ,N,Non Intersection,Right Turn Lane,Dark Lights On,No Defects,"Two-way, Not Divided",Dry,Clear,Eleven o'clock,Passenger Car,No Damage,Y,Moving Constant Speed,2015-01-27 18:37,21,38.54756128,-76.98394775
N,Apparently Normal,No Misuse,Y,No Injury,6c8b8105-fb27-4dd7-b2c8-058f1ed420d9,D,CD0626000R,Shoulder/Lap Belt(s),F,08d99b0a-fe23-4ad0-be5b-9bc742cfb0ee,Same Movement Angle,N,Intersection,Left Turn Lane,Daylight,No Defects,"Two-way, Divided, Unprotected (painted >4 feet) Median",Dry,Clear,Four o'clock,Pickup Truck,Superficial,N,Moving Constant Speed,2015-03-30 18:56,39,38.52877993,-76.9828105
N,Apparently Normal,No Misuse,N,No Injury,85073ba1-f32b-405e-b78d-9ace6415b0b0,D,CD0626000R,Shoulder/Lap Belt(s),M,bcde6a87-01f0-4ac5-9fb1-9c1ec2ea3cc7,Same Movement Angle,N,Intersection,Left Turn Lane,Daylight,No Defects,"Two-way, Divided, Unprotected (painted >4 feet) Median",Dry,Clear,Twelve o'clock,Passenger Car,Functional,N,Moving Constant Speed,2015-03-30 18:56,57,38.52877993,-76.9828105
N,Apparently Normal,No Misuse,N,No Injury,61cc6efb-44b0-4c5f-934e-f4517cbe5929,D,CD0626000R,Shoulder/Lap Belt(s),M,e65c39dd-6a74-4895-8365-1915795acabd,Same Movement Angle,N,Intersection,Left Turn Lane,Daylight,No Defects,"Two-way, Divided, Unprotected (painted >4 feet) Median",Dry,Clear,Twelve o'clock,"Other Light Trucks (10,000 lbs (4,536 kg))",Functional,N,Moving Constant Speed,2015-03-30 18:56,30,38.52877993,-76.9828105
N,Apparently Normal,No Misuse,N,No Injury,e203d21e-5d5d-440c-842c-5cc067d54caa,D,CD0632000J,Shoulder/Lap Belt(s),F,12cd7f9f-b129-4b39-9508-34dc53c12e7c,Same Direction Rear End,N,Intersection Related,Right Turn Lane,Daylight,No Defects,"Two-way, Not Divided",Wet,Snow,Six o'clock,Passenger Car,Functional,N,Stopped in Traffic Lane,2015-02-21 15:34,25,38.53972667,-76.986515
N,Apparently Normal,No Misuse,Y,No Injury,130594ff-2cd5-40ab-ba62-3519c0440bb5,D,CD0632000J,Shoulder/Lap Belt(s),M,e61d295f-3159-4574-ac1e-16d2a3ab1e33,Same Direction Rear End,N,Intersection Related,Right Turn Lane,Daylight,No Defects,"Two-way, Not Divided",Wet,Snow,Twelve o'clock,Passenger Car,Disabling,N,Accelerating,2015-02-21 15:34,21,38.53972667,-76.986515
N,Apparently Normal,No Misuse,N,No Injury,d5c6f8c3-31b4-4388-a060-015e3bbe042c,D,CE42340008,Shoulder/Lap Belt(s),F,7267d704-668f-4530-994d-90cfef1e80a0,Same Direction Rear End,N,Intersection,Right Turn Lane,Daylight,No Defects,One-way Trafficway,Wet,Clear,Six o'clock,Passenger Car,Superficial,N,Stopped in Traffic Lane,2015-03-02 12:20,35,39.09523852,-76.84250951
N,Apparently Normal,No Misuse,Y,No Injury,6114d5b3-11af-43d8-b7c1-b885288857d8,D,CE42340008,Shoulder/Lap Belt(s),M,10f031d0-3dbc-4f3d-b496-07fe106cc1ba,Same Direction Rear End,N,Intersection,Right Turn Lane,Daylight,No Defects,One-way Trafficway,Wet,Clear,Twelve o'clock,(Sport) Utility Vehicle,Superficial,N,Slowing or Stopping,2015-03-02 12:20,32,39.09523852,-76.84250951
N,Apparently Normal,No Misuse,N,No Injury,40143635-5804-48f7-ab4b-3068f00fa1f2,D,CE42340009,Shoulder/Lap Belt(s),F,7896b342-d289-4b74-9362-19d0f8962c23,Head On Left Turn,N,Intersection,Shoulder Area,Dark Lights On,No Defects,"Two-way, Divided, Positive Median Barrier",Wet,Raining,Two o'clock,Passenger Car,Destroyed,N,Making Left Turn,2015-03-10 21:24,24,39.09547999,-76.84206963
N,Apparently Normal,No Misuse,Y,No Injury,11d0cc88-87be-4c67-a400-3a67c926777b,D,CE42340009,Shoulder/Lap Belt(s),F,9223ce86-55d0-432e-9a8b-c5c5e2ab8038,Head On Left Turn,N,Intersection,Shoulder Area,Dark Lights On,No Defects,"Two-way, Divided, Positive Median Barrier",Wet,Raining,Twelve o'clock,Pickup Truck,Disabling,N,Moving Constant Speed,2015-03-10 21:24,40,39.09547999,-76.84206963
N,Apparently Normal,No Misuse,Y,No Injury,cf414c7b-a9d9-4348-bda5-5d83a450d533,D,CE42610002,Shoulder/Lap Belt(s),F,e3c783ad-e9c7-420c-b3a2-c55905bd82f4,Same Direction Right Turn,N,Non Intersection,Left Turn Lane,Daylight,No Defects,"Two-way, Not Divided",Dry,Clear,One o'clock,Passenger Car,Disabling,N,Changing Lanes,2015-01-09 12:18,27,39.08382178,-76.8625617
N,Apparently Normal,No Misuse,N,No Injury,3a798164-9db5-4a43-b60a-0b797119f78b,D,CE42610002,Shoulder/Lap Belt(s),M,8eed71b3-bb35-4d86-a464-ac3eb45655e4,Same Direction Right Turn,N,Non Intersection,Left Turn Lane,Daylight,No Defects,"Two-way, Not Divided",Dry,Clear,Eleven o'clock,Passenger Car,Functional,N,Moving Constant Speed,2015-01-09 12:18,46,39.08382178,-76.8625617
N,Apparently Normal,No Misuse,N,No Injury,129622f2-6958-4461-b331-52e5b79e126e,D,CE44470005,Shoulder/Lap Belt(s),F,b29ceea1-fb1c-42e3-8e9a-9261e66f52f0,Same Direction Left Turn,N,Non Intersection,Right Turn Lane,Dark Lights On,No Defects,One-way Trafficway,Dry,Clear,Twelve o'clock,Passenger Car,Disabling,N,Moving Constant Speed,2015-03-19 19:21,41,39.09767819,-76.85028791
N,Apparently Normal,No Misuse,Y,No Injury,82d8c7db-365f-4bf6-b7b5-aa9c20d77b9e,D,CE44470005,Shoulder/Lap Belt(s),M,54f47a0d-46cb-42c2-9115-703a2fc7c79f,Same Direction Left Turn,N,Non Intersection,Right Turn Lane,Dark Lights On,No Defects,One-way Trafficway,Dry,Clear,Seven o'clock,(Sport) Utility Vehicle,Functional,N,Making Left Turn,2015-03-19 19:21,29,39.09767819,-76.85028791
N,Apparently Normal,No Misuse,Y,No Injury,0948472d-2438-49be-a0b0-50cfb2689d41,D,CE44470006,Shoulder/Lap Belt(s),F,22544000-585d-4780-88c3-a617aa1641c7,Single Vehicle ,N,Intersection Related,Acceleration Lane,Daylight,No Defects,One-way Trafficway,Dry,Clear,Twelve o'clock,Passenger Car,Disabling,N,Moving Constant Speed,2015-03-29 7:34,85,39.1001927,-76.85304523
N,Apparently Normal,No Misuse,N,No Injury,138eea7e-84e5-4c77-a3f2-a68fcef3712b,D,CE44480006,Shoulder/Lap Belt(s),F,858f211a-50a4-427c-aa6c-be39c82deb21,Same Direction Left Turn,N,Non Intersection,Right Turn Lane,Daylight,No Defects,One-way Trafficway,Dry,Clear,One o'clock,(Sport) Utility Vehicle,Functional,N,Moving Constant Speed,2015-01-05 16:02,49,39.09438087,-76.85391426
N,Apparently Normal,No Misuse,N,No Injury,8e307d35-59da-4337-87b6-af98332f7e6a,D,CE45040004,Shoulder/Lap Belt(s),F,f5104039-ab6b-4cb7-b9a0-80f411fd2176,Single Vehicle ,N,Intersection,Left Turn Lane,Dark Lights On,No Defects,One-way Trafficway,Wet,Raining,Twelve o'clock,Passenger Car,Destroyed,N,Moving Constant Speed,2015-01-04 3:38,41,39.09765737,-76.84858203
N,Apparently Normal,No Misuse,Y,No Injury,36c91622-e273-470f-9d49-2e9329303dfc,D,CE45040005,Shoulder/Lap Belt(s),F,b40bdb53-476e-4c51-9e8c-3dfd48f6d205,Same Direction Left Turn,N,Non Intersection,Right Turn Lane,Daylight,No Defects,One-way Trafficway,Wet,Clear,Seven o'clock,Passenger Car,Disabling,N,Moving Constant Speed,2015-03-07 17:42,18,39.10220757,-76.85867786
N,Apparently Normal,No Misuse,N,No Injury,2101b529-b1e7-466e-9be8-f92e2494fe25,D,CE45040005,Shoulder/Lap Belt(s),M,55045b52-4b7a-4856-a9c8-07eaf71432cd,Same Direction Left Turn,N,Non Intersection,Right Turn Lane,Daylight,No Defects,One-way Trafficway,Wet,Clear,Twelve o'clock,Passenger Car,Disabling,N,Moving Constant Speed,2015-03-07 17:42,21,39.10220757,-76.85867786
N,Apparently Normal,No Misuse,N,No Injury,fa50a7eb-22b9-437f-8b33-0844a2e7bded,D,CE45070003,Shoulder/Lap Belt(s),F,458af65a-e898-4b28-8f9f-6dbfc7237d1f,Same Direction Rear End,N,Non Intersection,Acceleration Lane,Daylight,No Defects,One-way Trafficway,Dry,Clear,Six o'clock,Passenger Car,Functional,N,Slowing or Stopping,2015-01-23 7:56,42,39.09749501,-76.84687614
N,Apparently Normal,No Misuse,Y,No Injury,47d1c1d8-6145-49ba-8112-403f136f68b0,D,CE45070003,Shoulder/Lap Belt(s),M,c3605b9d-79ed-4996-a790-47ca5205f27d,Same Direction Rear End,N,Non Intersection,Acceleration Lane,Daylight,No Defects,One-way Trafficway,Dry,Clear,Twelve o'clock,Passenger Car,Disabling,N,Moving Constant Speed,2015-01-23 7:56,53,39.09749501,-76.84687614
N,Apparently Normal,No Misuse,Y,No Injury,13be28f3-09a6-42bd-8b40-3b2f61a9cf3c,D,CE45070004,Shoulder/Lap Belt(s),F,f5e023dc-16cf-43e5-b3ed-4aa6f01c39b9,Same Movement Angle,N,Intersection,Right Turn Lane,Dark Lights On,No Defects,One-way Trafficway,Dry,Clear,Twelve o'clock,Passenger Car,Disabling,N,Moving Constant Speed,2015-01-30 23:34,26,39.10290694,-76.85567379
N,Apparently Normal,No Misuse,N,No Injury,1a9ea9fb-8492-448e-9460-beab2d42da7b,D,CE45070004,Shoulder/Lap Belt(s),M,7b8ae854-8b6c-4064-88e8-51cf5976bb3e,Same Movement Angle,N,Intersection,Right Turn Lane,Dark Lights On,No Defects,One-way Trafficway,Dry,Clear,Three o'clock,Passenger Car,Disabling,N,Moving Constant Speed,2015-01-30 23:34,33,39.10290694,-76.85567379
N,Apparently Normal,No Misuse,Y,No Injury,f76b5002-2955-4ccf-84ca-a136a94754d9,D,CE45080003,Shoulder/Lap Belt(s),F,195f4d44-a53f-424f-9f9e-336cff18d398,Same Movement Angle,N,Intersection,Acceleration Lane,Dark Lights On,No Defects,One-way Trafficway,Wet,Clear,Ten o'clock,Passenger Car,Disabling,N,Slowing or Stopping,2015-02-25 21:00,58,39.09674771,-76.84981316
N,Apparently Normal,No Misuse,N,No Injury,e4bae0b7-710c-4c19-9a97-c4f37c1e862e,D,CE45080003,Shoulder/Lap Belt(s),M,01a08523-163c-4529-8860-147399558212,Same Movement Angle,N,Intersection,Acceleration Lane,Dark Lights On,No Defects,One-way Trafficway,Wet,Clear,One o'clock,Passenger Car,Disabling,N,Accelerating,2015-02-25 21:00,30,39.09674771,-76.84981316
N,Apparently Normal,No Misuse,N,No Injury,ca6efd28-eee2-4a8d-9e41-f70c4bcd4834,D,CE45150009,Shoulder/Lap Belt(s),F,d7144430-4f10-4b2f-add3-52d9ddac7479,Same Direction Rear End,N,Non Intersection,Right Turn Lane,Daylight,No Defects,"Two-way, Divided, Positive Median Barrier",Wet,Snow,Six o'clock,Passenger Car,Functional,N,Making Left Turn,2015-02-17 13:49,35,39.10164714,-76.85898095
N,Apparently Normal,No Misuse,N,No Injury,9339ffc7-cb56-451e-894c-41b1df4311ca,D,CE4517000C,Shoulder/Lap Belt(s),F,75233532-01a0-4e75-9b75-718c0f99f920,Same Direction Rear End,N,Intersection Related,Right Turn Lane,Daylight,No Defects,"Two-way, Not Divided",Wet,Raining,Six o'clock,(Sport) Utility Vehicle,Functional,N,Stopped in Traffic Lane,2015-03-31 17:06,61,39.08692597,-76.86059028
N,Apparently Normal,No Misuse,Y,No Injury,0c205642-46bb-4777-8c59-5f6a9fa93af9,D,CE4517000C,Shoulder/Lap Belt(s),F,bc8607a1-4899-4717-938d-4668acf41066,Same Direction Rear End,N,Intersection Related,Right Turn Lane,Daylight,No Defects,"Two-way, Not Divided",Wet,Raining,Twelve o'clock,Passenger Car,Disabling,N,Slowing or Stopping,2015-03-31 17:06,23,39.08692597,-76.86059028
N,Apparently Normal,No Misuse,Y,No Injury,2b0df3a6-df5b-47c5-9794-71bcaaeed50a,D,CE45780006,Shoulder/Lap Belt(s),F,1c3ba0e9-4773-4b71-8e9a-2a45f43538ab,Same Direction Rear End,N,Non Intersection,Right Turn Lane,Dark Lights On,No Defects,"Two-way, Divided, Positive Median Barrier",Dry,Clear,Twelve o'clock,Passenger Car,Superficial,N,Moving Constant Speed,2015-02-02 22:41,40,39.09552995,-76.83864713
N,Apparently Normal,No Misuse,N,Non-incapacitating Injury,f4d0a693-865d-4d9d-ad80-d18a1f2a49f9,D,CE45780006,Shoulder/Lap Belt(s),F,a7ce20cf-e77f-46c9-b0ee-dac304bb7d08,Same Direction Rear End,N,Non Intersection,Right Turn Lane,Dark Lights On,No Defects,"Two-way, Divided, Positive Median Barrier",Dry,Clear,Six o'clock,Passenger Car,Superficial,N,Moving Constant Speed,2015-02-02 22:41,25,39.09552995,-76.83864713
N,Apparently Normal,No Misuse,N,No Injury,b1c98e4b-a78a-47cc-935b-2f638805cc30,D,CE45780007,Shoulder/Lap Belt(s),F,d4982b03-cc8c-4a88-9ba7-fd97d7b5bd22,Same Direction Left Turn,N,Non Intersection,Right Turn Lane,Daylight,No Defects,"Two-way, Not Divided",Dry,Clear,One o'clock,Passenger Car,Superficial,N,Moving Constant Speed,2015-02-11 14:45,52,39.10795215,-76.85631752
N,Apparently Normal,No Misuse,Y,Non-incapacitating Injury,e9dfc61d-93ea-4955-820b-252e711693b8,D,CE45780007,Shoulder/Lap Belt(s),F,a8f2697c-d65a-49ea-9f82-ee23f84d7eab,Same Direction Left Turn,N,Non Intersection,Right Turn Lane,Daylight,No Defects,"Two-way, Not Divided",Dry,Clear,Eleven o'clock,Passenger Car,Superficial,N,Starting From Parked,2015-02-11 14:45,60,39.10795215,-76.85631752
N,Apparently Normal,No Misuse,N,No Injury,54e054bb-1f79-4fe2-80a8-0aaf9414fa3e,D,CE4578000F,Shoulder/Lap Belt(s),F,45f9717e-bb11-49c3-8632-667682b3a170,Same Direction Rear End,N,Non Intersection,Left Turn Lane,Daylight,No Defects,"Two-way, Not Divided",Dry,Clear,Six o'clock,Passenger Car,Superficial,N,Stopped in Traffic Lane,2015-03-17 7:51,34,39.10332322,-76.87112331
N,Apparently Normal,No Misuse,Y,No Injury,22497b05-4b38-450c-b0c1-b5be3a057ad9,D,CE4578000F,Shoulder/Lap Belt(s),F,dd4c0bfe-ef81-4026-9589-377f832b371e,Same Direction Rear End,N,Non Intersection,Left Turn Lane,Daylight,No Defects,"Two-way, Not Divided",Dry,Clear,Twelve o'clock,Passenger Car,Superficial,N,Slowing or Stopping,2015-03-17 7:51,26,39.10332322,-76.87112331
N,Apparently Normal,No Misuse,Y,No Injury,755cb26f-ccb4-4447-b016-307facc71a25,D,CE4578000G,Shoulder/Lap Belt(s),F,658c61ad-bff1-4f0f-95e9-3826319c98af,Same Direction Left Turn,N,Intersection,Left Turn Lane,Daylight,No Defects,One-way Trafficway,Dry,Clear,Twelve o'clock,Passenger Car,Superficial,N,Slowing or Stopping,2015-03-23 18:35,32,39.10029261,-76.84593201
Y,Apparently Normal,No Misuse,N,No Injury,9e9eaadd-007a-402f-b992-7e5bd4bfd363,D,CE4578000G,Shoulder/Lap Belt(s),M,5ff286e3-86fc-473d-8a6f-db47c85c2319,Same Direction Left Turn,N,Intersection,Left Turn Lane,Daylight,No Defects,One-way Trafficway,Dry,Clear,Four o'clock,School Bus,Superficial,N,Moving Constant Speed,2015-03-23 18:35,62,39.10029261,-76.84593201
N,Apparently Normal,No Misuse,N,No Injury,bb669614-d24f-4721-9057-316cc43f8a7c,D,CNC31500005,Shoulder/Lap Belt(s),M,7dc1edb4-a600-4752-944d-4150cb93343c,Same Movement Angle,N,Intersection,Left Turn Lane,Daylight,No Defects,"Two-way, Divided, Positive Median Barrier",Wet,Clear,One o'clock,Station Wagon,Disabling,N,Moving Constant Speed,2015-01-27 11:08,52,38.95388574,-76.87650919
Y,Apparently Normal,No Misuse,Y,No Injury,2cc4a8b5-3c37-4579-b6df-cb1c900947ce,D,CT82740014,Shoulder/Lap Belt(s),F,c1e4151e-5dc8-471f-84f3-df7479a69260,Single Vehicle ,N,Non Intersection,Acceleration Lane,Dark Lights On,No Defects,One-way Trafficway,Dry,Clear,One o'clock,Other Bus,Superficial,N,Moving Constant Speed,2015-01-15 18:31,65,38.33450317,-75.08455753
N,Apparently Normal,No Misuse,Y,No Injury,604527a7-9bf1-4241-b333-fae38695e2ae,D,CTX3060024,Shoulder/Lap Belt(s),F,9421e27a-9478-46f9-b239-916f6bd64291,Same Direction Rear End,N,Intersection,Left Turn Lane,Dark Lights On,No Defects,"Two-way, Divided, Positive Median Barrier",Wet,Raining,Twelve o'clock,Passenger Car,Superficial,N,Starting From Lane,2015-02-21 18:45,18,38.35886683,-75.07407546
N,Apparently Normal,No Misuse,N,No Injury,c7ea538d-f0d9-41e3-97cd-1b01bd6c0e85,D,CTX3060024,Shoulder/Lap Belt(s),M,431242c2-0ee4-4356-b9b0-26edef0b5f8c,Same Direction Rear End,N,Intersection,Left Turn Lane,Dark Lights On,No Defects,"Two-way, Divided, Positive Median Barrier",Wet,Raining,Six o'clock,Police Vehicle/Non Emergency,Superficial,N,Starting From Lane,2015-02-21 18:45,55,38.35886683,-75.07407546
N,Apparently Normal,No Misuse,Y,No Injury,a31f2a4e-ebb5-493b-9199-c61c90a19bb3,D,CW00210005,Shoulder/Lap Belt(s),F,3f8409f3-8bda-4886-b066-129eeca22aea,Same Direction Rear End,N,Non Intersection,Right Turn Lane,Daylight,No Defects,"Two-way, Not Divided",Dry,Clear,Twelve o'clock,Van,Superficial,N,Slowing or Stopping,2015-03-25 16:47,17,39.56818331,-76.07040882
N,Apparently Normal,No Misuse,N,Possible Incapacitating Injury,1eb7f96b-e634-44f3-8a75-886845d33186,D,CW00210005,Shoulder/Lap Belt(s),M,7f69c501-2e0f-458d-8052-b56a67a7668d,Same Direction Rear End,N,Non Intersection,Right Turn Lane,Daylight,No Defects,"Two-way, Not Divided",Dry,Clear,Six o'clock,(Sport) Utility Vehicle,No Damage,N,Slowing or Stopping,2015-03-25 16:47,33,39.56818331,-76.07040882
N,Apparently Normal,No Misuse,N,No Injury,fe863682-3dba-4866-ab3f-9546c9456810,D,CW00230003,Shoulder/Lap Belt(s),F,16ca891b-af5b-4aae-902c-a6683de9cc38,Single Vehicle ,N,Non Intersection,Right Turn Lane,Daylight,No Defects,"Two-way, Not Divided",Dry,Clear,Twelve o'clock,Passenger Car,Functional,N,Moving Constant Speed,2015-02-06 17:15,44,39.56454419,-76.0618794
N,Apparently Normal,No Misuse,Y,No Injury,0c3e6173-57b3-4a06-b191-00780188ba7e,D,CW00240004,Shoulder/Lap Belt(s),F,5afb18cf-9744-41a4-be3a-e2c0a9d5f376,Single Vehicle ,N,Non Intersection,Right Turn Lane,Daylight,No Defects,"Two-way, Not Divided",Snow,Snow,Eleven o'clock,Passenger Car,Disabling,N,Moving Constant Speed,2015-02-21 13:41,22,39.56922539,-76.07836962
N,Apparently Normal,No Misuse,N,No Injury,4eca927b-c0c0-44db-8da2-ad2f9a721b38,D,CX01100003,Shoulder/Lap Belt(s),M,a06e3393-150b-48d8-a270-a39e62bbb23f,Same Movement Angle,N,Non Intersection,Right Turn Lane,Daylight,No Defects,"Two-way, Divided, Positive Median Barrier",Dry,Clear,Twelve o'clock,Pickup Truck,Disabling,N,Moving Constant Speed,2015-02-16 7:47,37,38.05398816,-75.54353714
N,Apparently Normal,No Misuse,N,No Injury,8b50c99f-029b-4e9a-924c-f591bafd49ef,D,DA18690003,Shoulder/Lap Belt(s),F,e9efc5d3-1316-41cb-9147-e0abc6f99ba8,Same Direction Rear End,N,Intersection Related,Left Turn Lane,Daylight,No Defects,"Two-way, Divided, Positive Median Barrier",Dry,Clear,Six o'clock,Passenger Car,Superficial,N,Stopped in Traffic Lane,2015-01-28 17:05,44,38.84640939,-76.92684889
N,Apparently Normal,No Misuse,Y,No Injury,3aa00112-b558-4005-b3b6-0f7b2c3319f9,D,DA23050002,Shoulder/Lap Belt(s),M,6728f646-1826-42a7-bfab-28a6b473c560,Same Direction Rear End,N,Non Intersection,Right Turn Lane,Daylight,No Defects,"Two-way, Not Divided",Ice,Cloudy,One o'clock,Police Vehicle/Non Emergency,Functional,N,Slowing or Stopping,2015-01-07 14:35,30,39.08128586,-76.85400546
N,Apparently Normal,No Misuse,N,No Injury,48ba3a66-8a7a-42cc-8991-bf932d1a00cd,D,DA24040002,Shoulder/Lap Belt(s),F,29d8ff90-87ed-499a-8543-459888206e41,Same Direction Rear End,N,Intersection,Right Turn Lane,Daylight,No Defects,"Two-way, Not Divided",Dry,Clear,Six o'clock,Passenger Car,Superficial,N,Slowing or Stopping,2015-02-18 13:21,44,38.80921574,-76.76615238
N,Apparently Normal,No Misuse,Y,No Injury,fc46012e-223f-4356-ba1f-021a15019923,D,DA24040002,Shoulder Belt Only,F,3209270c-d14d-46d6-8014-9688e6c9cd01,Same Direction Rear End,N,Intersection,Right Turn Lane,Daylight,No Defects,"Two-way, Not Divided",Dry,Clear,Twelve o'clock,Police Vehicle/Emergency,Superficial,N,Slowing or Stopping,2015-02-18 13:21,29,38.80921574,-76.76615238
N,Apparently Normal,No Misuse,Y,No Injury,21a607aa-45fa-4864-bd50-edeaaa4d6cf3,D,DA26600002,Shoulder/Lap Belt(s),F,9863df70-714e-4d6a-89a1-d9febfda7537,Head On,N,Non Intersection,Acceleration Lane,Daylight,Foreign Material,"Two-way, Divided, Positive Median Barrier",Ice,Clear,Twelve o'clock,Passenger Car,Disabling,N,Changing Lanes,2015-02-24 10:34,32,38.93935022,-76.91697836
N,Apparently Normal,No Misuse,N,No Injury,72a03efb-97f0-4a94-b26b-d2d6be59736c,D,DA26600002,Shoulder/Lap Belt(s),M,142258a8-a8d9-41d8-8d2f-3e98b25406cb,Head On,N,Non Intersection,Acceleration Lane,Daylight,Foreign Material,"Two-way, Divided, Positive Median Barrier",Ice,Clear,Twelve o'clock,Passenger Car,Disabling,N,Moving Constant Speed,2015-02-24 10:34,43,38.93935022,-76.91697836
N,Apparently Normal,No Misuse,Y,No Injury,26d448de-dd23-4853-957c-7507f3d92e3e,D,DA27790002,Shoulder/Lap Belt(s),F,f3d477ca-a2ac-443f-baf7-0555fbf0d136,Single Vehicle ,N,Commercial Driveway,Right Turn Lane,Dark No Lights,Shoulder Defect,"Two-way, Not Divided",Dry,Clear,Twelve o'clock,Passenger Car,Functional,N,Moving Constant Speed,2015-03-12 1:08,38,38.7372055,-76.83180213
N,Apparently Normal,No Misuse,Y,No Injury,f7b247ae-5ca4-413a-ba57-cceb8aa9e5bb,D,DA28090003,Shoulder/Lap Belt(s),F,8918fff5-cff3-4236-b0de-b2e90847d14b,Same Direction Rear End,N,Intersection,Left Turn Lane,Daylight,No Defects,"Two-way, Not Divided",Dry,Clear,Six o'clock,Passenger Car,Superficial,N,Backing,2015-01-20 8:35,27,38.94262973,-76.93431884
N,Apparently Normal,No Misuse,N,No Injury,d0948159-80d1-469a-8402-908961c9a6ba,D,DA2810000K,Shoulder/Lap Belt(s),F,b03e424d-857c-4076-a88f-e214438116c1,Head On Left Turn,N,Non Intersection,Right Turn Lane,Daylight,No Defects,"Two-way, Divided, Unprotected (painted >4 feet) Median",Snow,Snow,Twelve o'clock,Passenger Car,Functional,N,Accelerating,2015-02-21 11:58,28,38.952434,-76.855717
N,Apparently Normal,No Misuse,Y,No Injury,533b593a-880a-4f59-a695-d6a75db21511,D,DA2810000K,Shoulder/Lap Belt(s),M,022c3016-26ee-462c-82a9-2145a8b1a513,Head On Left Turn,N,Non Intersection,Right Turn Lane,Daylight,No Defects,"Two-way, Divided, Unprotected (painted >4 feet) Median",Snow,Snow,Twelve o'clock,Passenger Car,Disabling,N,Moving Constant Speed,2015-02-21 11:58,21,38.952434,-76.855717
N,Apparently Normal,No Misuse,N,No Injury,0d6e9659-cb30-4743-9678-7461d699af42,D,DA2810000M,Shoulder/Lap Belt(s),F,627bd318-44af-4eb6-b4b8-51f44ff70105,Head On Left Turn,N,Intersection,Acceleration Lane,Daylight,No Defects,"Two-way, Divided, Positive Median Barrier",Dry,Clear,Twelve o'clock,Passenger Car,Functional,N,Moving Constant Speed,2015-03-26 13:30,52,38.95538752,-76.82928085
N,Apparently Normal,No Misuse,Y,No Injury,36262b13-c708-4193-98bf-362231e72ce3,D,DA2810000M,Shoulder/Lap Belt(s),F,38b8d0e3-fa0e-4fa4-b54c-b1861cbad111,Head On Left Turn,N,Intersection,Acceleration Lane,Daylight,No Defects,"Two-way, Divided, Positive Median Barrier",Dry,Clear,One o'clock,Passenger Car,Disabling,N,Making Left Turn,2015-03-26 13:30,44,38.95538752,-76.82928085
N,Apparently Normal,No Misuse,Y,No Injury,40a33680-b6e5-4295-b3d9-2df635411193,D,DA28180001,Shoulder/Lap Belt(s),F,d4d3a5dc-a5d6-426b-b60d-6415786252cf,Single Vehicle ,N,Non Intersection,Right Turn Lane,Dark Lights On,No Defects,One-way Trafficway,Ice,Raining,Seven o'clock,Passenger Car,Superficial,N,Slowing or Stopping,2015-02-10 2:55,31,38.95401923,-76.71609163