CDL_FLAG,CONDITION_CODE,EQUIP_PROB_CODE,FAULT_FLAG,INJ_SEVER_CODE,PERSON_ID,PERSON_TYPE,REPORT_NO,SAF_EQUIP_CODE,SEX_CODE,VEHICLE_ID,COLLISION_TYPE_CODE,C_M_ZONE_FLAG,JUNCTION_CODE,LANE_CODE,LIGHT_CODE,RD_COND_CODE,RD_DIV_CODE,SURF_COND_CODE,WEATHER_CODE,AREA_DAMAGED_CODE_MAIN,BODY_TYPE_CODE,DAMAGE_CODE,HIT_AND_RUN_FLAG,MOVEMENT_CODE,TIME,AGE,LATITUDE,LONGITUDE
N,Apparently Normal,No Misuse,Y,No Injury,13ff1209-64d1-4f60-bef3-c2fada72ef88,D,DA28780005,Shoulder/Lap Belt(s),F,078213a6-a1be-4d81-bfdd-79503dc70ad0,Same Direction Rear End Right Turn,N,Intersection,Left Turn Lane,Daylight,No Defects,"Two-way, Divided, Unprotected (painted >4 feet) Median",Wet,Raining,Twelve o'clock,Passenger Car,Functional,N,Slowing or Stopping,2015-03-14 11:59,34,38.86986065,-76.92016482
N,Apparently Normal,No Misuse,N,No Injury,f8576dbe-eef6-48dd-85e5-f829771cce33,D,DA28780005,Shoulder/Lap Belt(s),M,76032649-aaa6-42b6-a835-9edf4fe9fdc0,Same Direction Rear End Right Turn,N,Intersection,Left Turn Lane,Daylight,No Defects,"Two-way, Divided, Unprotected (painted >4 feet) Median",Wet,Raining,Six o'clock,Passenger Car,Functional,N,Making Right Turn,2015-03-14 11:59,29,38.86986065,-76.92016482
N,Apparently Normal,No Misuse,Y,No Injury,a1cdb9f7-aad9-4705-8ac6-7d9e8d828f81,D,DA29100008,Shoulder/Lap Belt(s),F,219ba71f-5fbb-4404-88e0-6e807647ba2d,Same Movement Angle,N,Intersection,Left Turn Lane,Daylight,No Defects,"Two-way, Divided, Unprotected (painted >4 feet) Median",Wet,Raining,Twelve o'clock,Passenger Car,Superficial,N,Making Left Turn,2015-01-03 11:35,28,38.87219115,-76.92528248
N,Apparently Normal,No Misuse,N,Non-incapacitating Injury,9907110e-4394-4a28-8285-8f0b8c03e884,D,DA29100008,Shoulder/Lap Belt(s),F,1570a1f2-a266-428a-99d7-d3925319d06f,Same Movement Angle,N,Intersection,Left Turn Lane,Daylight,No Defects,"Two-way, Divided, Unprotected (painted >4 feet) Median",Wet,Raining,One o'clock,Passenger Car,Superficial,N,Moving Constant Speed,2015-01-03 11:35,52,38.87219115,-76.92528248
N,Apparently Normal,No Misuse,N,No Injury,722e3aea-bea8-4f8b-9029-081a966b6a51,D,DA29450003,Shoulder/Lap Belt(s),F,ffcd47bd-60c4-467a-ba00-f5e2e1b1c9b8,Same Direction Rear End,N,Intersection Related,Left Turn Lane,Daylight,No Defects,"Two-way, Divided, Positive Median Barrier",Dry,Clear,Six o'clock,Passenger Car,Functional,N,Stopped in Traffic Lane,2015-02-25 17:33,21,38.93748091,-76.8591392
N,Apparently Normal,No Misuse,Y,No Injury,ccf3281e-6d02-4c6f-8637-12c8fc863cbb,D,DA29450003,Shoulder/Lap Belt(s),F,921f1fc5-987d-409c-9ba5-79a95a398a0a,Same Direction Rear End,N,Intersection Related,Left Turn Lane,Daylight,No Defects,"Two-way, Divided, Positive Median Barrier",Dry,Clear,Twelve o'clock,(Sport) Utility Vehicle,Disabling,N,Slowing or Stopping,2015-02-25 17:33,21,38.93748091,-76.8591392
N,Apparently Normal,No Misuse,N,No Injury,28d9be0e-fc5b-4350-995c-f26071d91ff9,D,DA29450003,Shoulder/Lap Belt(s),M,e80bc7f4-451c-42aa-bae7-6d8c15e6aa2b,Same Direction Rear End,N,Intersection Related,Left Turn Lane,Daylight,No Defects,"Two-way, Divided, Positive Median Barrier",Dry,Clear,Six o'clock,Passenger Car,Functional,N,Slowing or Stopping,2015-02-25 17:33,47,38.93748091,-76.8591392
N,Apparently Normal,No Misuse,N,No Injury,34179f62-2ea9-4b9e-aa72-0b5467c08d04,D,DA29630002,Shoulder/Lap Belt(s),F,f01081d4-7c8d-464b-ad77-e4f8ebb6c622,Same Direction Right Turn,N,Intersection,Left Turn Lane,Dark Lights On,No Defects,"Two-way, Not Divided",Dry,Clear,Ten o'clock,Passenger Car,Superficial,N,Accelerating,2015-02-13 19:55,62,38.93925842,-76.93796396
N,Apparently Normal,No Misuse,Y,No Injury,17927db1-2b58-47f7-823d-0264087aa5ff,D,DA29630002,Shoulder/Lap Belt(s),M,5dea14ee-f42b-475b-90d5-5016690ca223,Same Direction Right Turn,N,Intersection,Left Turn Lane,Dark Lights On,No Defects,"Two-way, Not Divided",Dry,Clear,One o'clock,Police Vehicle/Emergency,Superficial,N,Making Right Turn,2015-02-13 19:55,27,38.93925842,-76.93796396
N,Apparently Normal,No Misuse,N,Non-incapacitating Injury,cb8ddc63-f3e8-4052-b8a7-45cf45b6dccf,D,DA3020000D,Shoulder/Lap Belt(s),F,f764ed69-784d-4e0d-a22c-2d54669a4428,Same Movement Angle,N,Intersection,Right Turn Lane,Daylight,No Defects,"Two-way, Not Divided",Dry,Clear,Eight o'clock,Passenger Car,Destroyed,N,Moving Constant Speed,2015-02-24 14:35,22,38.6498996,-76.77099109
N,Apparently Normal,No Misuse,N,No Injury,db3b3f11-001b-4516-864e-6e74aa059fe8,D,DA30210002,Shoulder/Lap Belt(s),F,19721ef8-d633-4736-9e72-140a0c5e24ae,Same Direction Rear End,N,Non Intersection,Right Turn Lane,Dusk,No Defects,"Two-way, Divided, Unprotected (painted >4 feet) Median",Dry,Clear,Six o'clock,(Sport) Utility Vehicle,Functional,N,Stopped in Traffic Lane,2015-02-06 17:30,41,38.95221706,-76.7989397
N,Apparently Normal,No Misuse,Y,No Injury,dfe20f00-f730-439c-8ac8-499840772e84,D,DA30210002,Shoulder/Lap Belt(s),M,42bde659-450a-4894-ad75-89568e5a9f02,Same Direction Rear End,N,Non Intersection,Right Turn Lane,Dusk,No Defects,"Two-way, Divided, Unprotected (painted >4 feet) Median",Dry,Clear,Twelve o'clock,(Sport) Utility Vehicle,Disabling,N,Moving Constant Speed,2015-02-06 17:30,53,38.95221706,-76.7989397
N,Apparently Normal,No Misuse,Y,No Injury,17027047-8802-44ce-b889-987ab149dbd2,D,DA3108000B,Shoulder/Lap Belt(s),F,0265b83c-764c-44ba-af44-0c228bc2e505,Same Direction Rear End,N,Non Intersection,Left Turn Lane,Dawn,No Defects,"Two-way, Not Divided",Dry,Clear,One o'clock,Passenger Car,Disabling,N,Changing Lanes,2015-02-11 7:45,37,38.75082016,-76.88169122
N,Apparently Normal,No Misuse,N,No Injury,b1779bb8-db1f-4aa1-9ad8-aa81d6dfec46,D,DA31110004,Shoulder/Lap Belt(s),F,bd9a54b1-79ad-4c8f-8272-437f5e16cb0c,Same Direction Rear End,N,Intersection Related,Left Turn Lane,Daylight,No Defects,"Two-way, Not Divided",Dry,Cloudy,Six o'clock,Passenger Car,No Damage,N,Starting From Lane,2015-03-25 16:30,31,38.97417375,-76.97770357
N,Apparently Normal,No Misuse,Y,No Injury,7df6fc3f-88de-4b7c-b4ab-648f0f546b82,D,DA31110004,Shoulder/Lap Belt(s),M,3d7eb842-eb19-4137-8f63-53357a4e249f,Same Direction Rear End,N,Intersection Related,Left Turn Lane,Daylight,No Defects,"Two-way, Not Divided",Dry,Cloudy,Twelve o'clock,Police Vehicle/Non Emergency,No Damage,N,Starting From Lane,2015-03-25 16:30,27,38.97417375,-76.97770357
N,Apparently Normal,No Misuse,N,No Injury,67fe4314-f2f6-4967-98b5-bbd37ddfc820,D,DA31400004,Shoulder/Lap Belt(s),F,0dbf5392-3a81-4288-924f-fa98d9c248cc,Same Direction Rear End Left Turn,N,Intersection Related,Right Turn Lane,Dusk,No Defects,"Two-way, Divided, Unprotected (painted >4 feet) Median",Dry,Clear,Six o'clock,Passenger Car,Superficial,N,Slowing or Stopping,2015-02-05 15:30,53,38.84279118,-76.87411666
N,Apparently Normal,No Misuse,N,No Injury,c8edd375-58e9-469c-b7f6-4855065835f4,D,DA31430003,Shoulder/Lap Belt(s),F,8e542b95-c880-4755-8550-6923633b737e,Same Direction Sideswipe,N,Intersection Related,Right Turn Lane,Dark Lights On,No Defects,"Two-way, Divided, Unprotected (painted >4 feet) Median",Dry,Clear,Three o'clock,Police Vehicle/Emergency,Functional,N,Passing,2015-01-18 1:12,30,38.89574246,-76.90603495
Y,Apparently Normal,No Misuse,Y,No Injury,fef62a68-344e-42e7-b445-9526b7716507,D,DA31430003,Shoulder/Lap Belt(s),M,dfc93b49-4faa-434f-a1c0-b34d38b08ad7,Same Direction Sideswipe,N,Intersection Related,Right Turn Lane,Dark Lights On,No Defects,"Two-way, Divided, Unprotected (painted >4 feet) Median",Dry,Clear,Eleven o'clock,"Cargo Van/Light Truck 2 axles (10,000 lbs (4,536 kg) or less)",Superficial,N,Making Left Turn,2015-01-18 1:12,48,38.89574246,-76.90603495
N,Apparently Normal,No Misuse,N,No Injury,0975e934-421c-4a93-bb7e-f5b22cead2b4,D,DA31460006,Shoulder/Lap Belt(s),F,6c99bed6-3dfa-47db-9bf4-d48c3bf7f623,Same Direction Rear End,N,Non Intersection,Acceleration Lane,Dark Lights On,No Defects,"Two-way, Divided, Positive Median Barrier",Ice,Blowing Snow,One o'clock,Passenger Car,Functional,N,Moving Constant Speed,2015-02-15 3:44,40,38.96888541,-76.99995518
N,Apparently Normal,No Misuse,N,No Injury,1b2f334c-45f9-4cc9-9059-b691c8058a87,D,DA31460006,Shoulder/Lap Belt(s),M,b138c55f-02d8-49a9-b2b9-63672cce511e,Same Direction Rear End,N,Non Intersection,Acceleration Lane,Dark Lights On,No Defects,"Two-way, Divided, Positive Median Barrier",Ice,Blowing Snow,Seven o'clock,Passenger Car,Functional,N,Moving Constant Speed,2015-02-15 3:44,41,38.96888541,-76.99995518
N,Apparently Normal,No Misuse,Y,No Injury,94b529f0-17ce-4081-8dda-3f7a7c8ad660,D,DA31550005,Shoulder/Lap Belt(s),F,6baaf7c5-2692-4406-8d5b-d5b913573ff6,Same Direction Rear End,N,Intersection,Right Turn Lane,Dark Lights On,No Defects,"Two-way, Not Divided",Snow,Blowing Snow,Twelve o'clock,Passenger Car,Superficial,N,Skidding,2015-02-14 20:16,21,38.87100503,-76.81198597
N,Apparently Normal,No Misuse,N,No Injury,1e669fdd-a394-4946-932b-fd67de4ddd5f,D,DA31670006,Shoulder/Lap Belt(s),F,b34c5ee4-5051-438c-9f63-7efe774ba495,Same Direction Rear End,N,Non Intersection,Left Turn Lane,Daylight,No Defects,"Two-way, Divided, Positive Median Barrier",Dry,Clear,Six o'clock,Passenger Car,Superficial,N,Stopped in Traffic Lane,2015-03-22 11:14,32,39.06319868,-76.83921576
N,Apparently Normal,No Misuse,Y,No Injury,3dfa8ae0-e74c-4900-be9e-6b589832666a,D,DA31670006,Shoulder/Lap Belt(s),M,39602729-ef31-42cc-9b99-670b7060bc1c,Same Direction Rear End,N,Non Intersection,Left Turn Lane,Daylight,No Defects,"Two-way, Divided, Positive Median Barrier",Dry,Clear,Twelve o'clock,Police Vehicle/Emergency,Superficial,N,Moving Constant Speed,2015-03-22 11:14,30,39.06319868,-76.83921576
N,Apparently Normal,No Misuse,Y,No Injury,2a2ae8fb-8819-42d5-97c5-8c0c365ab634,D,DA31810004,Shoulder/Lap Belt(s),F,6c60f475-62f4-4ef4-9ff8-7f948808b7f0,Same Direction Rear End,N,Non Intersection,Left Turn Lane,Dawn,No Defects,"Two-way, Divided, Unprotected (painted >4 feet) Median",Snow,Snow,Twelve o'clock,Passenger Car,No Damage,N,Slowing or Stopping,2015-01-06 7:00,24,39.076068,-76.86734676
N,Apparently Normal,No Misuse,Y,No Injury,50cc87e7-244e-4067-bc1d-52e4555f1c9e,D,DA32440006,Shoulder/Lap Belt(s),M,ef9ed35f-e23c-472e-ad92-921ca5cd77bc,Same Direction Rear End,N,Non Intersection,Right Turn Lane,Daylight,No Defects,"Two-way, Not Divided",Ice,Severe Winds,Twelve o'clock,Passenger Car,Functional,N,Slowing or Stopping,2015-02-19 17:30,19,39.01159788,-76.9654727
N,Apparently Normal,No Misuse,Y,No Injury,67d2cf70-7565-4db4-b740-fdc8e0427bc1,D,DA32890002,Shoulder/Lap Belt(s),F,04059bd8-c747-43a0-9994-689090692d38,Same Direction Left Turn,N,Intersection,Left Turn Lane,Dark Lights On,No Defects,"Two-way, Divided, Positive Median Barrier",Ice,Raining,Twelve o'clock,Passenger Car,Superficial,N,Moving Constant Speed,2015-01-23 20:05,28,38.96621607,-76.94849968
N,Apparently Normal,No Misuse,N,No Injury,b6d04317-c416-43d4-9fe2-3b42f4d17dbd,D,DA32890002,Shoulder/Lap Belt(s),M,048efa6b-9a16-41a1-8665-44fbe51b7e47,Same Direction Left Turn,N,Intersection,Left Turn Lane,Dark Lights On,No Defects,"Two-way, Divided, Positive Median Barrier",Ice,Raining,Ten o'clock,Police Vehicle/Non Emergency,Superficial,N,Moving Constant Speed,2015-01-23 20:05,28,38.96621607,-76.94849968
Y,Apparently Normal,No Misuse,N,No Injury,e1a0f11c-cb56-4fc8-977f-60a132a38350,D,DA33770007,Shoulder/Lap Belt(s),F,c77344f1-770e-424e-9c9c-bb4698932243,Same Direction Right Turn,N,Non Intersection,Left Turn Lane,Dark Lights On,No Defects,"Two-way, Divided, Positive Median Barrier",Dry,Clear,Five o'clock,Fire Vehicle/Emergency,No Damage,N,Changing Lanes,2015-02-10 0:00,40,38.98182195,-76.9789803
N,Apparently Normal,No Misuse,Y,No Injury,7b6187b4-552b-4a1b-8352-68d049620e22,D,DA33770007,Shoulder/Lap Belt(s),M,3fe0867e-30e7-4a8e-973c-fc4726c9a950,Same Direction Right Turn,N,Non Intersection,Left Turn Lane,Dark Lights On,No Defects,"Two-way, Divided, Positive Median Barrier",Dry,Clear,Ten o'clock,Passenger Car,Superficial,N,Stopped in Traffic Lane,2015-02-10 0:00,32,38.98182195,-76.9789803
N,Apparently Normal,No Misuse,Y,No Injury,cb6ab0e8-4b4f-41f4-8e03-54ca98e4562e,D,DA33790001,Shoulder/Lap Belt(s),M,7e8deba8-392b-467f-bfd2-f0c42de4558f,Same Direction Right Turn,N,Intersection,Right Turn Lane,Dark Lights On,No Defects,"Two-way, Not Divided",Dry,Clear,Ten o'clock,Passenger Car,Superficial,N,Moving Constant Speed,2015-03-08 19:09,37,38.89960013,-76.91194654
N,Apparently Normal,No Misuse,N,No Injury,e83447b5-3292-4a12-a909-15c578e16732,D,DA33820006,Shoulder/Lap Belt(s),F,6a270070-fc01-46fa-a7f8-0048d829c8a7,Same Direction Rear End,N,Intersection,Right Turn Lane,Daylight,No Defects,"Two-way, Not Divided",Wet,Raining,Twelve o'clock,Passenger Car,Superficial,N,Slowing or Stopping,2015-02-13 7:16,29,38.81140611,-76.98578238
Y,Apparently Normal,No Misuse,Y,No Injury,b2ff6d44-2d45-40c4-8755-d9109b22301a,D,DA33820006,Shoulder/Lap Belt(s),M,d6147ef7-b2b2-4424-b429-2103d60255f9,Same Direction Rear End,N,Intersection,Right Turn Lane,Daylight,No Defects,"Two-way, Not Divided",Wet,Raining,Six o'clock,Pickup Truck,Superficial,N,Backing,2015-02-13 7:16,42,38.81140611,-76.98578238
N,Apparently Normal,No Misuse,N,No Injury,5ad1f822-5974-4022-b820-d4f4b37fef74,D,DA33890007,Shoulder/Lap Belt(s),F,46632892-8825-42ba-bfdf-8b5dfe8e41c0,Same Direction Rear End,N,Commercial Driveway,Left Turn Lane,Daylight,No Defects,"Two-way, Divided, Unprotected (painted >4 feet) Median",Dry,Clear,Six o'clock,Passenger Car,Superficial,N,Stopped in Traffic Lane,2015-02-23 16:56,37,38.80510235,-76.99034214
N,Apparently Normal,No Misuse,N,No Injury,a2f1e36c-fd7d-4929-9cd2-5cc34dcc16e7,D,DA3405000H,Shoulder/Lap Belt(s),F,24deb0ad-96fd-4a5a-ac78-5b4264ddf87e,Same Direction Rear End,N,Non Intersection,Acceleration Lane,Dusk,No Defects,"Two-way, Divided, Positive Median Barrier",Wet,Raining,Six o'clock,Passenger Car,Superficial,N,Slowing or Stopping,2015-03-20 19:02,49,38.78040866,-76.99753046
N,Apparently Normal,No Misuse,Y,No Injury,3b427fe2-7c12-4770-a533-5d7b7c2b2daf,D,DA34110005,Shoulder/Lap Belt(s),F,30155da0-193d-4e0e-a4fc-cb27ed3023e5,Same Movement Angle,N,Intersection,Right Turn Lane,Daylight,No Defects,"Two-way, Divided, Positive Median Barrier",Dry,Clear,Twelve o'clock,(Sport) Utility Vehicle,Disabling,N,Moving Constant Speed,2015-02-26 11:12,45,38.92660624,-76.88687325
N,Apparently Normal,No Misuse,N,No Injury,99203b2d-0e47-4bab-a3b3-606d5f490e7e,D,DA34110005,Shoulder/Lap Belt(s),M,433b58b8-ffda-44fd-b94d-68d693363339,Same Movement Angle,N,Intersection,Right Turn Lane,Daylight,No Defects,"Two-way, Divided, Positive Median Barrier",Dry,Clear,Twelve o'clock,Passenger Car,Disabling,N,Moving Constant Speed,2015-02-26 11:12,27,38.92660624,-76.88687325
N,Apparently Normal,No Misuse,N,No Injury,4d499c58-6749-4ace-883e-7fa2014fd578,D,DA34280009,Shoulder/Lap Belt(s),F,4540226c-e6c3-449d-bd76-aacc05c5fd38,Same Direction Rear End,N,Non Intersection,Acceleration Lane,Daylight,No Defects,"Two-way, Divided, Positive Median Barrier",Dry,Clear,Six o'clock,(Sport) Utility Vehicle,Functional,N,Stopped in Traffic Lane,2015-02-27 13:10,37,38.93055,-76.99601
Y,Apparently Normal,No Misuse,Y,No Injury,51a358a0-2486-4354-ad13-04972f9b5152,D,DA3432000F,Shoulder/Lap Belt(s),F,31da0f01-d768-4b63-8e3b-6e6062411be6,Single Vehicle ,N,Commercial Driveway,Right Turn Lane,Dark Lights On,No Defects,"Two-way, Not Divided",Dry,Clear,Twelve o'clock,Passenger Car,Disabling,N,Moving Constant Speed,2015-01-20 5:00,50,38.7836077,-76.8460393
N,Apparently Normal,No Misuse,N,No Injury,72749e85-5f03-4914-bcfd-45b75c49be0d,D,DA34560009,Shoulder/Lap Belt(s),F,6342bc8e-f05e-4601-bb5a-17ec91b5606f,Same Direction Sideswipe,N,Non Intersection,Right Turn Lane,Dark Lights On,No Defects,"Two-way, Not Divided",Dry,Clear,Two o'clock,Passenger Car,Functional,N,Stopped in Traffic Lane,2015-03-01 1:23,34,38.97946586,-76.97081566
N,Apparently Normal,No Misuse,Y,No Injury,a90972a1-506b-4cc9-9d3f-2213124ea19c,D,DA3456000B,Shoulder/Lap Belt(s),F,9b6ee5af-9472-434b-865f-1d4f122cf74d,Head On Left Turn,N,Intersection Related,Left Turn Lane,Dark Lights On,No Defects,"Two-way, Divided, Positive Median Barrier",Wet,Raining,Twelve o'clock,Passenger Car,Disabling,N,Moving Constant Speed,2015-03-20 4:05,26,38.98538305,-76.98170543
Y,Apparently Normal,No Misuse,N,No Injury,d04e3917-1a4f-4d74-b269-7709828eae28,D,DA3456000B,Shoulder/Lap Belt(s),M,5566bf7f-bd12-403d-8dfe-4be5f4aa13f4,Head On Left Turn,N,Intersection Related,Left Turn Lane,Dark Lights On,No Defects,"Two-way, Divided, Positive Median Barrier",Wet,Raining,One o'clock,"Medium/Heavy Truck 2 axles (10,000 lbs (4,536 kg) or less)",Superficial,N,Making Left Turn,2015-03-20 4:05,36,38.98538305,-76.98170543
N,Apparently Normal,No Misuse,Y,No Injury,73bd8d10-b95f-4a21-a8d7-a11bedd4ada9,D,DA34930008,Shoulder/Lap Belt(s),F,93b9dc2c-42ea-4c79-a490-3f541eaa0b2e,Single Vehicle ,N,Non Intersection,Right Turn Lane,Daylight,No Defects,"Two-way, Not Divided",Wet,Raining,Twelve o'clock,Van,Superficial,N,Moving Constant Speed,2015-03-25 17:33,44,38.85313561,-76.90726876
N,Apparently Normal,No Misuse,N,No Injury,58173721-00fd-4e4e-9f4d-d388e910fa61,D,DA35020002,Shoulder/Lap Belt(s),F,0e8567ce-d2b8-4cfd-9871-05f86ca6256f,Head On Left Turn,N,Intersection,Right Turn Lane,Dark Lights On,No Defects,"Two-way, Not Divided",Wet,Raining,Twelve o'clock,Passenger Car,Disabling,N,Moving Constant Speed,2015-01-12 18:10,51,39.02529343,-76.91733241
N,Apparently Normal,No Misuse,Y,No Injury,84cedae7-9108-4f85-a401-e42fd1424fbf,D,DA35020002,Shoulder/Lap Belt(s),F,66b9759c-30a7-4acc-8724-76d7493488da,Head On Left Turn,N,Intersection,Right Turn Lane,Dark Lights On,No Defects,"Two-way, Not Divided",Wet,Raining,Three o'clock,Passenger Car,Disabling,N,Moving Constant Speed,2015-01-12 18:10,27,39.02529343,-76.91733241
N,Apparently Normal,No Misuse,N,No Injury,eb2786eb-0d75-4d40-8a1c-4efd692ffbb4,D,DA35490002,Shoulder/Lap Belt(s),F,fb267c7b-4353-4907-9e7e-e6e9b29aef6c,Same Direction Sideswipe,N,Commercial Driveway,Right Turn Lane,Dusk,No Defects,"Two-way, Divided, Unprotected (painted >4 feet) Median",Dry,Clear,Ten o'clock,Passenger Car,Superficial,N,Stopped in Traffic Lane,2015-02-13 17:52,31,39.09301528,-76.85574889
N,Apparently Normal,No Misuse,N,Non-incapacitating Injury,0f968cac-2d04-4b91-84af-04e90cf37fa9,D,DA35490002,Shoulder/Lap Belt(s),F,c98757e9-5f68-4f75-b260-10e6d8c46798,Same Direction Sideswipe,N,Commercial Driveway,Right Turn Lane,Dusk,No Defects,"Two-way, Divided, Unprotected (painted >4 feet) Median",Dry,Clear,Six o'clock,Passenger Car,Superficial,N,Stopped in Traffic Lane,2015-02-13 17:52,36,39.09301528,-76.85574889
N,Apparently Normal,No Misuse,Y,No Injury,41dc44ce-076c-4dc2-b476-4309fd73daa7,D,DA3566000K,Shoulder/Lap Belt(s),F,0996706e-6858-410c-b40d-d93b6363a380,Same Direction Rear End,N,Non Intersection,Right Turn Lane,Daylight,No Defects,"Two-way, Divided, Positive Median Barrier",Dry,Clear,Twelve o'clock,(Sport) Utility Vehicle,Disabling,N,Slowing or Stopping,2015-03-16 15:31,47,38.94688536,-76.88173413
N,Apparently Normal,No Misuse,Y,No Injury,95c7b07d-53c8-4aa7-a68c-84243306447b,D,DA3566000L,Shoulder/Lap Belt(s),F,5acc7329-bb7b-4290-8dbc-cd885b8b9839,Same Direction Rear End,N,Intersection Related,Acceleration Lane,Daylight,No Defects,"Two-way, Divided, Positive Median Barrier",Dry,Clear,Twelve o'clock,Passenger Car,Superficial,N,Slowing or Stopping,2015-03-16 18:22,35,38.95098221,-76.88576818
N,Apparently Normal,No Misuse,N,No Injury,68357e32-544e-4084-8e06-a6b44c6af090,D,DA3566000L,Shoulder/Lap Belt(s),M,550285b0-d397-49fb-8b25-af3178501fe2,Same Direction Rear End,N,Intersection Related,Acceleration Lane,Daylight,No Defects,"Two-way, Divided, Positive Median Barrier",Dry,Clear,Six o'clock,Passenger Car,Superficial,N,Slowing or Stopping,2015-03-16 18:22,29,38.95098221,-76.88576818
N,Apparently Normal,No Misuse,N,No Injury,f78422c4-061d-44ed-bb47-c63b020d3344,D,DA35780003,Shoulder/Lap Belt(s),F,cbbad78c-e263-4e5a-8f2b-4b5d0b72bf04,Same Direction Sideswipe,N,Non Intersection,Shoulder Area,Dawn,No Defects,"Two-way, Divided, Positive Median Barrier",Wet,Snow,Eleven o'clock,Passenger Car,Superficial,N,Moving Constant Speed,2015-01-26 6:43,39,38.84610022,-76.92702055
N,Apparently Normal,No Misuse,Y,No Injury,f09166c3-af60-407b-b0cc-868c047fe138,D,DA35780003,Shoulder/Lap Belt(s),F,e3c37858-dc50-4798-8565-69208cb3cb50,Same Direction Sideswipe,N,Non Intersection,Shoulder Area,Dawn,No Defects,"Two-way, Divided, Positive Median Barrier",Wet,Snow,Five o'clock,Passenger Car,Superficial,N,Moving Constant Speed,2015-01-26 6:43,29,38.84610022,-76.92702055
N,Apparently Normal,No Misuse,Y,No Injury,63a82838-c059-4658-8b0d-3404fe04dacb,D,DA35780009,Shoulder/Lap Belt(s),F,7af82f1e-54d3-45ee-8696-12c6eaadf6ed,Same Movement Angle,N,Intersection,Right Turn Lane,Dark Lights On,No Defects,"Two-way, Divided, Positive Median Barrier",Wet,Raining,Twelve o'clock,Passenger Car,Disabling,N,Accelerating,2015-03-10 18:54,28,38.85026138,-76.9054234
N,Apparently Normal,No Misuse,N,No Injury,d51c39cb-0a0c-4dd0-b937-36316f3cd038,D,DA35780009,Shoulder/Lap Belt(s),M,9be1fa8a-558a-4208-9422-75af5d893553,Same Movement Angle,N,Intersection,Right Turn Lane,Dark Lights On,No Defects,"Two-way, Divided, Positive Median Barrier",Wet,Raining,Two o'clock,Passenger Car,Superficial,N,Moving Constant Speed,2015-03-10 18:54,50,38.85026138,-76.9054234
N,Apparently Normal,No Misuse,N,No Injury,f1cb2730-9219-48d1-99ee-89fc2b0217e9,D,DA36010006,Shoulder/Lap Belt(s),F,d80dbc0e-8047-46d4-a969-5fd2b1c04972,Same Direction Rear End,N,Intersection,Right Turn Lane,Dark Lights On,No Defects,"Two-way, Divided, Positive Median Barrier",Ice,Snow,Six o'clock,Passenger Car,Disabling,N,Slowing or Stopping,2015-02-15 0:41,23,38.86250112,-76.90103531
N,Apparently Normal,No Misuse,Y,No Injury,bc1f89d8-0977-4749-ac38-002ba7d11218,D,DA36010006,Shoulder/Lap Belt(s),M,a4c0e9ad-20c2-4e58-b664-30acae717b02,Same Direction Rear End,N,Intersection,Right Turn Lane,Dark Lights On,No Defects,"Two-way, Divided, Positive Median Barrier",Ice,Snow,Twelve o'clock,(Sport) Utility Vehicle,Functional,N,Slowing or Stopping,2015-02-15 0:41,57,38.86250112,-76.90103531
N,Apparently Normal,No Misuse,Y,No Injury,c7707f92-3fd3-47ad-b26c-959b6ff8cdd3,D,DA36010007,Shoulder/Lap Belt(s),F,a35e65d4-5e70-4034-b69c-8d4f2d6994d3,Same Direction Rear End,N,Non Intersection,Right Turn Lane,Dark Lights On,No Defects,"Two-way, Divided, Positive Median Barrier",Dry,Clear,Twelve o'clock,Van,Disabling,N,Moving Constant Speed,2015-02-20 23:30,18,38.85035329,-76.9053483
N,Apparently Normal,No Misuse,N,No Injury,36ad01d3-1b22-4e2f-8571-70c187518ece,D,DA36110006,Shoulder/Lap Belt(s),F,c3c9c1c9-dc35-4690-a976-920bc22a5b63,Same Direction Rear End,N,Intersection Related,Left Turn Lane,Daylight,No Defects,"Two-way, Divided, Positive Median Barrier",Dry,Clear,Six o'clock,Passenger Car,Functional,N,Slowing or Stopping,2015-01-20 8:15,44,38.9625539,-76.92905903
N,Apparently Normal,No Misuse,Y,No Injury,ca1b386b-b0bd-494d-8ecd-023e775585a2,D,DA36110006,Shoulder/Lap Belt(s),F,40c7cdb7-7ffe-4029-b909-7980fa021ecd,Same Direction Rear End,N,Intersection Related,Left Turn Lane,Daylight,No Defects,"Two-way, Divided, Positive Median Barrier",Dry,Clear,Twelve o'clock,Van,Disabling,N,Moving Constant Speed,2015-01-20 8:15,35,38.9625539,-76.92905903
N,Apparently Normal,No Misuse,Y,No Injury,c5287c08-5ec9-4a0d-aa09-9d145ddfbecd,D,DA36170007,Shoulder/Lap Belt(s),F,f0795cee-c451-4fc5-b425-f0116344f484,Single Vehicle ,N,Non Intersection,Right Turn Lane,Dark Lights On,No Defects,"Two-way, Not Divided",Wet,Raining,One o'clock,(Sport) Utility Vehicle,Disabling,N,Moving Constant Speed,2015-01-03 20:13,21,38.79825662,-76.94259346