CDL_FLAG,CONDITION_CODE,EQUIP_PROB_CODE,FAULT_FLAG,INJ_SEVER_CODE,PERSON_ID,PERSON_TYPE,REPORT_NO,SAF_EQUIP_CODE,SEX_CODE,VEHICLE_ID,COLLISION_TYPE_CODE,C_M_ZONE_FLAG,JUNCTION_CODE,LANE_CODE,LIGHT_CODE,RD_COND_CODE,RD_DIV_CODE,SURF_COND_CODE,WEATHER_CODE,AREA_DAMAGED_CODE_MAIN,BODY_TYPE_CODE,DAMAGE_CODE,HIT_AND_RUN_FLAG,MOVEMENT_CODE,TIME,AGE,LATITUDE,LONGITUDE
N,Apparently Normal,No Misuse,N,No Injury,816e1a31-0916-414a-aed1-fc1c2ecd029c,D,DA36170008,Shoulder/Lap Belt(s),F,f23b2a44-9ad9-4f0b-87bd-5f4182bcd75e,Same Direction Rear End,N,Non Intersection,Right Turn Lane,Daylight,No Defects,"Two-way, Divided, Unprotected (painted >4 feet) Median",Dry,Cloudy,Six o'clock,(Sport) Utility Vehicle,Functional,N,Moving Constant Speed,2015-01-10 14:14,52,38.84508496,-76.95101559
N,Apparently Normal,No Misuse,Y,No Injury,06b44294-77f7-44df-9541-23f11d808526,D,DA36170008,Shoulder/Lap Belt(s),F,136a1b2e-0e23-4f12-bd3f-1063623c2e10,Same Direction Rear End,N,Non Intersection,Right Turn Lane,Daylight,No Defects,"Two-way, Divided, Unprotected (painted >4 feet) Median",Dry,Cloudy,Twelve o'clock,Passenger Car,Disabling,N,Slowing or Stopping,2015-01-10 14:14,28,38.84508496,-76.95101559
N,Apparently Normal,No Misuse,N,No Injury,4a0d1c63-3830-4890-975a-febf96c72019,D,DA36190009,Shoulder/Lap Belt(s),F,8fac763b-a577-4718-98f0-edd72c43a90a,Same Movement Angle,N,Intersection Related,Left Turn Lane,Daylight,No Defects,"Two-way, Divided, Positive Median Barrier",Dry,Clear,Eleven o'clock,(Sport) Utility Vehicle,Functional,N,Making Left Turn,2015-01-05 7:50,58,38.95029803,-76.88631535
N,Apparently Normal,No Misuse,N,No Injury,3d1c5a34-2dc1-480f-ad64-fb73b515287f,D,DA36190009,Shoulder/Lap Belt(s),M,0f2b0bf6-2830-470f-bc1f-3ebc2ee1b63f,Same Movement Angle,N,Intersection Related,Left Turn Lane,Daylight,No Defects,"Two-way, Divided, Positive Median Barrier",Dry,Clear,Twelve o'clock,(Sport) Utility Vehicle,Disabling,N,Making Left Turn,2015-01-05 7:50,33,38.95029803,-76.88631535
N,Apparently Normal,No Misuse,Y,No Injury,d279c17c-7d54-4d14-9344-48bedcb3862b,D,DA36190009,Shoulder/Lap Belt(s),M,187b4172-dd53-4d3d-9141-c5dfc18809b3,Same Movement Angle,N,Intersection Related,Left Turn Lane,Daylight,No Defects,"Two-way, Divided, Positive Median Barrier",Dry,Clear,Twelve o'clock,(Sport) Utility Vehicle,Functional,N,Moving Constant Speed,2015-01-05 7:50,31,38.95029803,-76.88631535
N,Apparently Normal,No Misuse,N,No Injury,eadd4052-e705-45e7-b8f3-349ebf7b81ba,D,DA3624000C,Shoulder/Lap Belt(s),F,6338c3ea-a5d9-4b62-8445-1722cc5b717e,Same Direction Rear End,N,Intersection Related,Left Turn Lane,Dark Lights On,No Defects,"Two-way, Not Divided",Dry,Clear,Six o'clock,Passenger Car,Functional,N,Stopped in Traffic Lane,2015-02-25 19:59,51,38.96109399,-76.90867424
N,Apparently Normal,No Misuse,Y,No Injury,37dda256-b90f-47af-9b48-aa95bede2dc0,D,DA3624000C,Shoulder/Lap Belt(s),M,9fa1b459-1ce2-41c1-a780-104a9af67334,Same Direction Rear End,N,Intersection Related,Left Turn Lane,Dark Lights On,No Defects,"Two-way, Not Divided",Dry,Clear,Twelve o'clock,Pickup Truck,Disabling,N,Moving Constant Speed,2015-02-25 19:59,50,38.96109399,-76.90867424
N,Apparently Normal,No Misuse,N,No Injury,83e9c0ee-a009-41f0-88db-ba982411d373,D,DA3625000G,Shoulder/Lap Belt(s),M,670fba8c-c1c8-4d17-bee1-09e15b15f5bf,Same Direction Rear End,N,Non Intersection,Left Turn Lane,Daylight,No Defects,"Two-way, Not Divided",Dry,Clear,Twelve o'clock,Passenger Car,Functional,N,Slowing or Stopping,2015-03-22 17:18,31,38.97535815,-76.91976786
N,Apparently Normal,No Misuse,Y,No Injury,0db2ae49-3045-4484-ab80-943f94cbcecf,D,DA3625000G,Shoulder/Lap Belt(s),M,228e31ba-0997-49be-8793-425912a24af8,Same Direction Rear End,N,Non Intersection,Left Turn Lane,Daylight,No Defects,"Two-way, Not Divided",Dry,Clear,Six o'clock,Passenger Car,Functional,N,Stopped in Traffic Lane,2015-03-22 17:18,67,38.97535815,-76.91976786
N,Apparently Normal,No Misuse,Y,No Injury,edd7a735-4e6c-49e5-8b3c-e7ee8b21f1e9,D,DA3636000B,Shoulder/Lap Belt(s),F,5e7ac95d-604e-490c-8d98-e27e1a3754d3,Single Vehicle ,N,Non Intersection,Right Turn Lane,Daylight,No Defects,"Two-way, Divided, Unprotected (painted >4 feet) Median",Wet,Cloudy,Eleven o'clock,Passenger Car,Disabling,N,Moving Constant Speed,2015-01-04 13:26,53,38.73016703,-76.89550996
N,Apparently Normal,No Misuse,N,No Injury,a55cc6cd-dc50-45af-987b-44fb5ad72072,D,DA3636000C,Shoulder/Lap Belt(s),F,8fb035c7-8e9f-4c3c-aca2-212487c92afc,Same Direction Rear End,N,Intersection,Right Turn Lane,Daylight,No Defects,"Two-way, Divided, Unprotected (painted >4 feet) Median",Dry,Clear,Six o'clock,Passenger Car,Superficial,N,Stopped in Traffic Lane,2015-01-05 8:06,59,38.79414051,-76.83604002
N,Apparently Normal,No Misuse,Y,No Injury,f83ac8cf-3ec8-4f48-aa9e-887f772396da,D,DA3636000C,Shoulder/Lap Belt(s),M,3fe6026e-2d1b-4d05-9d37-039950bbafe6,Same Direction Rear End,N,Intersection,Right Turn Lane,Daylight,No Defects,"Two-way, Divided, Unprotected (painted >4 feet) Median",Dry,Clear,Twelve o'clock,Passenger Car,Superficial,N,Starting From Lane,2015-01-05 8:06,59,38.79414051,-76.83604002
N,Apparently Normal,No Misuse,Y,No Injury,14b96c4e-1ee4-41ec-ad43-a8c90d55abb0,D,DA3641000C,Shoulder Belt Only,F,1d9a3302-218d-4280-bd85-872896a0300a,Head On Left Turn,N,Intersection,Right Turn Lane,Daylight,No Defects,"Two-way, Not Divided",Dry,Clear,Twelve o'clock,(Sport) Utility Vehicle,Disabling,N,Making Left Turn,2015-02-04 14:21,55,39.062249,-76.92129135
N,Apparently Normal,No Misuse,Y,No Injury,f6928b2c-ac02-4cf9-9839-d917a64a8465,D,DA3641000C,Shoulder Belt Only,M,0237ced9-461d-449b-9b76-aad4817363b0,Head On Left Turn,N,Intersection,Right Turn Lane,Daylight,No Defects,"Two-way, Not Divided",Dry,Clear,Twelve o'clock,Passenger Car,Disabling,N,Moving Constant Speed,2015-02-04 14:21,72,39.062249,-76.92129135
N,Apparently Normal,No Misuse,N,No Injury,f2b4c1e0-7e3a-428f-a3e0-b3be3d0513a0,D,DA3648000B,Shoulder/Lap Belt(s),F,1345d7c0-e8cc-4abd-8e98-8f84dc27775e,Same Direction Rear End,N,Intersection Related,Right Turn Lane,Daylight,No Defects,"Two-way, Divided, Positive Median Barrier",Dry,Clear,Six o'clock,Passenger Car,Superficial,N,Slowing or Stopping,2015-02-14 13:16,67,38.99147903,-76.98726296
N,Apparently Normal,No Misuse,Y,No Injury,835afa50-ece7-4a0a-acbd-bcb8bc11d4ab,D,DA3648000B,Shoulder/Lap Belt(s),F,52726459-dde3-4a94-b9ca-c4626eb3a2b9,Same Direction Rear End,N,Intersection Related,Right Turn Lane,Daylight,No Defects,"Two-way, Divided, Positive Median Barrier",Dry,Clear,Twelve o'clock,Passenger Car,Superficial,N,Moving Constant Speed,2015-02-14 13:16,30,38.99147903,-76.98726296
N,Apparently Normal,No Misuse,N,No Injury,8f4380ed-cfb1-43aa-9afb-b1f485ea2abc,D,DA3648000B,Shoulder/Lap Belt(s),M,d9fca41f-dd6b-48c2-95bb-ff0bba7dbf81,Same Direction Rear End,N,Intersection Related,Right Turn Lane,Daylight,No Defects,"Two-way, Divided, Positive Median Barrier",Dry,Clear,Six o'clock,Passenger Car,Superficial,N,Slowing or Stopping,2015-02-14 13:16,43,38.99147903,-76.98726296
N,Apparently Normal,No Misuse,N,No Injury,cf06481d-838e-480b-a26c-af1cf18eea5c,D,DA3648000F,Shoulder/Lap Belt(s),F,a9ae7382-1ef7-4fd0-a833-c3c8e5342d6e,Same Direction Rear End,N,Non Intersection,Left Turn Lane,Daylight,No Defects,"Two-way, Divided, Positive Median Barrier",Dry,Clear,Ten o'clock,Passenger Car,Superficial,N,Stopped in Traffic Lane,2015-03-02 12:40,43,38.99075146,-76.98945835
N,Apparently Normal,No Misuse,N,No Injury,b56fd539-e82d-43a1-b3db-a1ee37bfe757,D,DA3648000F,Shoulder/Lap Belt(s),F,303794e9-9b25-41d3-ad1d-496090836d5f,Same Direction Rear End,N,Non Intersection,Left Turn Lane,Daylight,No Defects,"Two-way, Divided, Positive Median Barrier",Dry,Clear,Six o'clock,Passenger Car,Superficial,N,Stopped in Traffic Lane,2015-03-02 12:40,22,38.99075146,-76.98945835
N,Apparently Normal,No Misuse,N,No Injury,2e025cf5-ab36-41ab-9e6f-164f36c05f93,D,DA3648000F,Shoulder/Lap Belt(s),M,235014a8-9966-4370-9b90-828cbfc312ea,Same Direction Rear End,N,Non Intersection,Left Turn Lane,Daylight,No Defects,"Two-way, Divided, Positive Median Barrier",Dry,Clear,Six o'clock,(Sport) Utility Vehicle,Superficial,N,Stopped in Traffic Lane,2015-03-02 12:40,75,38.99075146,-76.98945835
N,Apparently Normal,No Misuse,N,No Injury,f55d2f51-cbdc-48ba-8686-0bf4cad88035,D,DA3648000F,Shoulder/Lap Belt(s),M,a48208d6-db71-4d80-bd6e-8a88dc12febe,Same Direction Rear End,N,Non Intersection,Left Turn Lane,Daylight,No Defects,"Two-way, Divided, Positive Median Barrier",Dry,Clear,Two o'clock,Pickup Truck,Superficial,N,Stopped in Traffic Lane,2015-03-02 12:40,44,38.99075146,-76.98945835
N,Apparently Normal,No Misuse,Y,Non-incapacitating Injury,090811df-e3ee-4c9d-91fd-c7a178b278a1,D,DA3648000F,Shoulder/Lap Belt(s),M,b57f6efb-bc0f-4168-a509-d38642cc0927,Same Direction Rear End,N,Non Intersection,Left Turn Lane,Daylight,No Defects,"Two-way, Divided, Positive Median Barrier",Dry,Clear,Twelve o'clock,Passenger Car,Disabling,N,Slowing or Stopping,2015-03-02 12:40,72,38.99075146,-76.98945835
N,Apparently Normal,No Misuse,Y,No Injury,4bdea552-3ebf-4a7b-b18a-9f45b053cbf9,D,DA36490004,Shoulder/Lap Belt(s),F,bc53b695-4a7e-4931-9e4d-c215c113a9a1,Same Direction Rear End,N,Non Intersection,Right Turn Lane,Daylight,No Defects,"Two-way, Divided, Unprotected (painted >4 feet) Median",Snow,Snow,Twelve o'clock,Passenger Car,Disabling,N,Moving Constant Speed,2015-02-26 7:15,34,38.81617118,-76.80496931
N,Apparently Normal,No Misuse,N,No Injury,4b1daf8a-c936-49f3-b23b-488ebd7d1052,D,DA36490004,Shoulder/Lap Belt(s),M,05e81746-7431-4597-b552-a5e0d655ea35,Same Direction Rear End,N,Non Intersection,Right Turn Lane,Daylight,No Defects,"Two-way, Divided, Unprotected (painted >4 feet) Median",Snow,Snow,Six o'clock,Transit Bus,Functional,N,Parked  ,2015-02-26 7:15,55,38.81617118,-76.80496931
N,Apparently Normal,No Misuse,N,No Injury,d7534010-af1d-4f68-9577-515675898202,D,DA36730003,Shoulder/Lap Belt(s),F,b4fc8c61-32e0-478d-a0d6-e0be7dc1bb43,Same Direction Rear End,N,Non Intersection,Right Turn Lane,Daylight,No Defects,"Two-way, Divided, Positive Median Barrier",Dry,Clear,Six o'clock,Passenger Car,Superficial,N,Stopped in Traffic Lane,2015-01-30 11:56,69,38.83290491,-76.94071054
N,Had Been Drinking,No Misuse,Y,No Injury,b79b4306-8ca7-48a7-9a82-767dba98fb88,D,DA36730003,Shoulder/Lap Belt(s),M,5273ec52-1b27-48c5-920a-aedd9c5312ad,Same Direction Rear End,N,Non Intersection,Right Turn Lane,Daylight,No Defects,"Two-way, Divided, Positive Median Barrier",Dry,Clear,Twelve o'clock,Passenger Car,Superficial,N,Moving Constant Speed,2015-01-30 11:56,33,38.83290491,-76.94071054
N,Apparently Normal,No Misuse,Y,No Injury,f2a84bf1-6c39-42e9-ac0e-063ce3351280,D,DA36760002,Shoulder/Lap Belt(s),F,f905be19-b6b3-4e13-b5ad-9ebaffa987e0,Same Direction Rear End,N,Intersection Related,Left Turn Lane,Dark Lights On,No Defects,"Two-way, Divided, Positive Median Barrier",Dry,Clear,Twelve o'clock,(Sport) Utility Vehicle,Superficial,N,Slowing or Stopping,2015-01-08 19:03,48,38.65511951,-76.99896812
N,Apparently Normal,No Misuse,N,Non-incapacitating Injury,d8b4951d-1eb0-46ef-987f-e2fe5fad67c0,D,DA36760002,Shoulder/Lap Belt(s),M,328cf4f0-d213-46ef-93b0-aaccd20cad40,Same Direction Rear End,N,Intersection Related,Left Turn Lane,Dark Lights On,No Defects,"Two-way, Divided, Positive Median Barrier",Dry,Clear,Six o'clock,(Sport) Utility Vehicle,Superficial,N,Slowing or Stopping,2015-01-08 19:03,58,38.65511951,-76.99896812
N,Apparently Normal,No Misuse,N,No Injury,c7a908ea-36a8-4b3a-b813-30f58515f4ed,D,DA36760003,Shoulder/Lap Belt(s),F,2a96262e-c769-4050-a4da-6a82f4d72f8a,Same Direction Rear End,N,Intersection Related,Acceleration Lane,Dark Lights On,No Defects,"Two-way, Divided, Positive Median Barrier",Dry,Clear,Six o'clock,(Sport) Utility Vehicle,Superficial,N,Slowing or Stopping,2015-01-07 22:06,46,38.77998211,-76.99725151
N,Apparently Normal,No Misuse,N,No Injury,3c947a51-140d-4cd8-90ab-0cf92aca9fc8,D,DA36760003,Shoulder/Lap Belt(s),M,a89e6648-d045-419b-b53b-ec9fb714fcbb,Same Direction Rear End,N,Intersection Related,Acceleration Lane,Dark Lights On,No Defects,"Two-way, Divided, Positive Median Barrier",Dry,Clear,Six o'clock,Passenger Car,Disabling,N,Slowing or Stopping,2015-01-07 22:06,57,38.77998211,-76.99725151
N,Apparently Normal,No Misuse,Y,No Injury,5eab59e9-37a4-4589-90dd-3b0168aaa7d6,D,DA36760003,Shoulder/Lap Belt(s),M,59cd83c4-6e93-4ff6-9d35-6747a86913fd,Same Direction Rear End,N,Intersection Related,Acceleration Lane,Dark Lights On,No Defects,"Two-way, Divided, Positive Median Barrier",Dry,Clear,Twelve o'clock,(Sport) Utility Vehicle,Disabling,N,Slowing or Stopping,2015-01-07 22:06,51,38.77998211,-76.99725151
N,Apparently Normal,No Misuse,Y,No Injury,c25680c4-7e19-48cf-a914-ca09bbe476ec,D,DA3687000B,Shoulder/Lap Belt(s),F,b5eb69b4-b5fe-4bff-8b61-187d94ba1e80,Single Vehicle ,N,Non Intersection,Right Turn Lane,Dark No Lights,No Defects,"Two-way, Not Divided",Dry,Clear,One o'clock,Passenger Car,Disabling,N,Moving Constant Speed,2015-01-03 2:41,27,38.92431091,-76.76668882
N,Apparently Normal,No Misuse,Y,No Injury,2fb6a277-ac2b-4a60-a16f-03abd341b4d4,D,DA3687000F,Shoulder/Lap Belt(s),F,4699d0cf-b1bf-4d37-beb8-c05e4fc1c39d,Single Vehicle ,N,Non Intersection,Right Turn Lane,Dark Lights On,No Defects,"Two-way, Not Divided",Dry,Clear,One o'clock,Passenger Car,Disabling,N,Moving Constant Speed,2015-01-03 2:41,29,38.92467816,-76.76956415
N,Apparently Normal,No Misuse,N,No Injury,63d69c12-2309-4166-b81e-f7e17f046a93,D,DA3689000P,Shoulder/Lap Belt(s),F,984bcd58-c517-4b02-93ba-d641edcaa54c,Same Direction Rear End,N,Intersection,Right Turn Lane,Daylight,No Defects,"Two-way, Divided, Unprotected (painted >4 feet) Median",Dry,Clear,Six o'clock,School Bus,Superficial,N,Stopped in Traffic Lane,2015-03-19 8:00,38,38.95124921,-76.96671724
N,Apparently Normal,No Misuse,Y,No Injury,09606acc-0c26-47fc-8cc5-dac013f6cdc4,D,DA3689000P,Shoulder/Lap Belt(s),F,ca56049d-3fb0-4125-b110-98347acb20cc,Same Direction Rear End,N,Intersection,Right Turn Lane,Daylight,No Defects,"Two-way, Divided, Unprotected (painted >4 feet) Median",Dry,Clear,Twelve o'clock,Passenger Car,Superficial,N,Slowing or Stopping,2015-03-19 8:00,30,38.95124921,-76.96671724
Y,Apparently Normal,No Misuse,Y,No Injury,aca23e43-2dc6-4817-bcd2-31f64c23a1ad,D,DA36900006,Shoulder/Lap Belt(s),F,91aee48a-c21d-4658-9646-939bad8c7158,Single Vehicle ,N,Non Intersection,Right Turn Lane,Dawn,No Defects,"Two-way, Divided, Unprotected (painted >4 feet) Median",Dry,Clear,Six o'clock,School Bus,Superficial,N,Backing,2015-01-23 7:08,56,38.7716848,-76.92649484
N,Apparently Normal,No Misuse,N,No Injury,0c1541ad-ae36-4df4-8607-dc9e29f01724,D,DA3700000B,Shoulder/Lap Belt(s),F,5d7005c2-b388-4f34-8628-78201eeba2a2,Same Direction Left Turn,N,Non Intersection,Left Turn Lane,Daylight,No Defects,"Two-way, Divided, Positive Median Barrier",Dry,Clear,One o'clock,Van,Superficial,N,Moving Constant Speed,2015-02-23 14:53,27,38.94877111,-76.8875277
N,Apparently Normal,No Misuse,Y,No Injury,df69ff51-27a5-4e61-a24e-ba2a68d98cef,D,DA3700000B,Shoulder/Lap Belt(s),M,cb90b09d-39b8-4c70-b189-87d74b828f05,Same Direction Left Turn,N,Non Intersection,Left Turn Lane,Daylight,No Defects,"Two-way, Divided, Positive Median Barrier",Dry,Clear,Seven o'clock,(Sport) Utility Vehicle,Superficial,N,Changing Lanes,2015-02-23 14:53,26,38.94877111,-76.8875277
N,Apparently Normal,No Misuse,N,No Injury,e009df6c-a824-43db-bd58-ddae3d18d8da,D,DA3700000D,Shoulder/Lap Belt(s),F,bdf1f908-6f1f-451a-b752-9e8d9ba021f7,Same Direction Rear End,N,Intersection Related,Left Turn Lane,Dark Lights On,No Defects,"Two-way, Divided, Unprotected (painted >4 feet) Median",Wet,Clear,Six o'clock,Passenger Car,Superficial,N,Stopped in Traffic Lane,2015-03-14 21:00,42,38.96096051,-76.91091657
N,Apparently Normal,No Misuse,N,No Injury,5e07df5e-410c-448b-b1cd-59095f29e9a5,D,DA3700000D,Shoulder/Lap Belt(s),F,2e634f25-b367-4ee6-abc2-3541836237b3,Same Direction Rear End,N,Intersection Related,Left Turn Lane,Dark Lights On,No Defects,"Two-way, Divided, Unprotected (painted >4 feet) Median",Wet,Clear,Six o'clock,(Sport) Utility Vehicle,Superficial,N,Stopped in Traffic Lane,2015-03-14 21:00,39,38.96096051,-76.91091657
N,Had Been Drinking,No Misuse,Y,No Injury,df8bd6b6-49d9-44c7-97d4-a4ad322d0701,D,DA3700000D,Shoulder/Lap Belt(s),M,ea66ba51-27ee-4979-b6ea-503a252b5313,Same Direction Rear End,N,Intersection Related,Left Turn Lane,Dark Lights On,No Defects,"Two-way, Divided, Unprotected (painted >4 feet) Median",Wet,Clear,Twelve o'clock,Pickup Truck,Superficial,N,Slowing or Stopping,2015-03-14 21:00,34,38.96096051,-76.91091657
N,Apparently Normal,No Misuse,Y,No Injury,f5dcfe75-5f8f-48d3-8918-2a855bc76ee5,D,DA37020006,Shoulder/Lap Belt(s),F,080961ee-603f-4f24-86d7-6e267345ff24,Single Vehicle ,N,Non Intersection,Right Turn Lane,Dark Lights On,No Defects,"Two-way, Not Divided",Wet,Cloudy,Twelve o'clock,Passenger Car,Disabling,N,Moving Constant Speed,2015-03-04 5:34,61,38.79245971,-76.97326183
N,Apparently Normal,No Misuse,N,No Injury,def75fa6-bc95-479f-b4e4-e3b2e2d3d7f8,D,DA3711000B,Shoulder/Lap Belt(s),F,45204ac0-1c53-47bd-bfcf-34644e2449d4,Same Direction Sideswipe,N,Intersection,Right Turn Lane,Daylight,No Defects,"Two-way, Divided, Unprotected (painted >4 feet) Median",Dry,Clear,Four o'clock,(Sport) Utility Vehicle,Superficial,N,Stopped in Traffic Lane,2015-02-02 13:09,30,38.82339341,-76.9500339
N,Apparently Normal,No Misuse,Y,No Injury,38e4d263-8e93-4d4f-8ba5-2d1b8b03c965,D,DA37130008,Shoulder/Lap Belt(s),F,12a0a0d4-867b-4c74-b38d-e68b919385ab,Same Direction Rear End,N,Intersection,Acceleration Lane,Daylight,No Defects,"Two-way, Divided, Positive Median Barrier",Dry,Clear,Twelve o'clock,Passenger Car,Disabling,N,Starting From Lane,2015-03-29 8:30,59,38.96526509,-76.84598565
N,Apparently Normal,No Misuse,N,No Injury,7e2398f5-0e53-4d9b-b92e-8e929cdbcdab,D,DA37140007,Shoulder/Lap Belt(s),F,6814472b-5bdc-4962-ab49-624b2a7efd41,Same Direction Rear End,N,Non Intersection,Left Turn Lane,Daylight,No Defects,"Two-way, Divided, Positive Median Barrier",Dry,Clear,Six o'clock,Passenger Car,Superficial,N,Stopped in Traffic Lane,2015-03-31 7:44,35,38.84040122,-76.94322109
N,Apparently Normal,No Misuse,Y,No Injury,1cdbd2c2-8894-4646-a5ad-749424ebeac3,D,DA37140007,Shoulder/Lap Belt(s),F,0faf1c05-4469-4d2e-bf6d-dcc8c4c0cd01,Same Direction Rear End,N,Non Intersection,Left Turn Lane,Daylight,No Defects,"Two-way, Divided, Positive Median Barrier",Dry,Clear,Twelve o'clock,Other Bus,Superficial,N,Slowing or Stopping,2015-03-31 7:44,61,38.84040122,-76.94322109
N,Apparently Normal,No Misuse,N,No Injury,5fa4086a-4a9e-4c7d-9632-9d0079cb0ac4,D,DA37340003,Shoulder/Lap Belt(s),F,6a7f709b-4459-4244-a7e8-104bde58420f,Single Vehicle ,N,Non Intersection,Right Turn Lane,Daylight,No Defects,"Two-way, Not Divided",Wet,Raining,Twelve o'clock,Passenger Car,No Damage,N,Slowing or Stopping,2015-01-03 13:38,44,38.96426405,-76.89532757
N,Apparently Normal,No Misuse,Y,No Injury,9ce9d339-0200-4b26-87a5-10cc42ef0da0,D,DA37360001,Shoulder/Lap Belt(s),F,c0d01847-1901-4fa1-93dd-7fa30682b5ac,Head On Left Turn,N,Non Intersection,Right Turn Lane,Daylight,No Defects,"Two-way, Not Divided",Wet,Clear,Twelve o'clock,Passenger Car,Superficial,N,Moving Constant Speed,2015-02-17 14:30,21,38.81112186,-76.819067
N,Apparently Normal,No Misuse,N,No Injury,f3fd4513-b64a-4006-83f6-9e70567d45c5,D,DA37360001,Shoulder/Lap Belt(s),M,bd4c2304-643f-43b5-bd46-7dea69184419,Head On Left Turn,N,Non Intersection,Right Turn Lane,Daylight,No Defects,"Two-way, Not Divided",Wet,Clear,Seven o'clock,Passenger Car,Superficial,N,Moving Constant Speed,2015-02-17 14:30,30,38.81112186,-76.819067
N,Apparently Normal,No Misuse,N,No Injury,bc51a685-3926-4c8d-911d-f060630df7fe,D,DA37470009,Shoulder/Lap Belt(s),F,dc131cac-4cd3-47b5-a481-ea55892a6f4b,Same Direction Sideswipe,N,Non Intersection,Left Turn Lane,Dark Lights On,No Defects,"Two-way, Not Divided",Dry,Clear,Six o'clock,Passenger Car,Functional,N,Moving Constant Speed,2015-01-16 20:37,35,38.99272151,-76.93309307
N,Had Been Drinking,No Misuse,Y,No Injury,b04a21f1-fc9b-41e1-a72c-9106a564467f,D,DA37470009,Shoulder/Lap Belt(s),F,af4d0f00-1fd7-4a1a-b218-950ed25fd522,Same Direction Sideswipe,N,Non Intersection,Left Turn Lane,Dark Lights On,No Defects,"Two-way, Not Divided",Dry,Clear,Twelve o'clock,Passenger Car,Functional,N,Moving Constant Speed,2015-01-16 20:37,39,38.99272151,-76.93309307
N,Apparently Normal,No Misuse,Y,No Injury,36244efd-4a89-498f-8416-0fbd8949d900,D,DA37490006,Shoulder/Lap Belt(s),F,2d037d8b-55c7-427a-a689-66d070a0f44b,Same Direction Rear End,N,Non Intersection,Right Turn Lane,Daylight,No Defects,"Two-way, Divided, Unprotected (painted >4 feet) Median",Snow,Blowing Snow,Twelve o'clock,Passenger Car,Disabling,N,Moving Constant Speed,2015-02-26 7:20,54,38.9065509,-76.82029009
N,Apparently Normal,No Misuse,N,No Injury,2987018f-afa9-4f69-9e25-0fc252bd8e85,D,DA3751000C,Shoulder/Lap Belt(s),F,3061d197-b369-49e0-a1cd-5fcb94b4320d,Same Direction Sideswipe,N,Intersection,Left Turn Lane,Daylight,No Defects,"Two-way, Divided, Positive Median Barrier",Dry,Clear,Ten o'clock,Passenger Car,Functional,N,Moving Constant Speed,2015-01-11 16:04,29,39.07647611,-76.86775446
N,Apparently Normal,No Misuse,Y,No Injury,bfd3aa04-bec0-486f-9f25-8241f1e5d45b,D,DA37560005,Shoulder/Lap Belt(s),F,5670d5bc-d8b0-4738-ab30-305acf550111,Same Movement Angle,N,Intersection,Left Turn Lane,Daylight,No Defects,"Two-way, Divided, Positive Median Barrier",Dry,Clear,Twelve o'clock,Passenger Car,Disabling,N,Moving Constant Speed,2015-01-17 13:43,44,38.98819344,-76.817801
N,Apparently Normal,No Misuse,N,No Injury,25d6d1e6-091d-41cb-b1ea-8674376b40bf,D,DA37560007,Shoulder/Lap Belt(s),F,da476a9c-3198-47b6-97f0-52bd48cb5996,Same Direction Rear End,N,Non Intersection,Right Turn Lane,Daylight,No Defects,"Two-way, Not Divided",Wet,Cloudy,Six o'clock,(Sport) Utility Vehicle,Functional,N,Moving Constant Speed,2015-02-10 14:45,38,38.93926677,-76.82412028
N,Apparently Normal,No Misuse,Y,No Injury,a7c2897e-e212-493a-a1f3-70f92f8cc7ef,D,DA3756000B,Shoulder/Lap Belt(s),F,3fd9337e-29c2-4093-abc6-ddcf1ee7cb52,Same Movement Angle,N,Intersection,Left Turn Lane,Dark Lights On,No Defects,"Two-way, Divided, Unprotected (painted >4 feet) Median",Dry,Clear,Twelve o'clock,Pickup Truck,Disabling,N,Making Left Turn,2015-03-29 22:28,27,38.9368717,-76.8490541
N,Apparently Normal,No Misuse,N,Possible Incapacitating Injury,ec0cc830-2308-408d-8eee-5bc3f25464e6,D,DA3756000B,Shoulder/Lap Belt(s),M,9808acfa-4abe-4246-b57a-6efe3df6d646,Same Movement Angle,N,Intersection,Left Turn Lane,Dark Lights On,No Defects,"Two-way, Divided, Unprotected (painted >4 feet) Median",Dry,Clear,Ten o'clock,Passenger Car,Disabling,N,Moving Constant Speed,2015-03-29 22:28,31,38.9368717,-76.8490541
N,Apparently Normal,No Misuse,Y,No Injury,6787ef6f-ac17-4fcd-9eca-041300f83ac9,D,DA37590008,Shoulder/Lap Belt(s),F,a2b9e3f3-9c17-4bc7-8682-16ab6dfa928f,Single Vehicle ,N,Intersection,Left Turn Lane,Daylight,No Defects,"Two-way, Divided, Positive Median Barrier",Ice,Snow,Twelve o'clock,Passenger Car,Disabling,N,Moving Constant Speed,2015-02-15 11:00,42,38.97,-76.77
N,Apparently Normal,No Misuse,Y,No Injury,ef7854d7-5663-4568-84ac-0dbc0d378580,D,DA37620006,Shoulder/Lap Belt(s),F,203dce92-5bf7-4f77-978c-0ba39e95190d,Single Vehicle ,N,Non Intersection,Left Turn Lane,Dawn,No Defects,"Two-way, Divided, Unprotected (painted >4 feet) Median",Slush,Sleet,Twelve o'clock,Passenger Car,Disabling,N,Moving Constant Speed,2015-03-01 16:47,49,38.96469784,-76.84895754
Y,Apparently Normal,No Misuse,N,No Injury,893498f8-a1e3-4c78-818e-fd21525465cb,D,DA37710003,Shoulder/Lap Belt(s),F,1c86a2fb-e78b-4845-8223-53409b68d3ce,Same Direction Left Turn,N,Non Intersection,Left Turn Lane,Daylight,No Defects,"Two-way, Divided, Positive Median Barrier",Dry,Clear,One o'clock,Passenger Car,Superficial,N,Moving Constant Speed,2015-02-12 7:34,55,39.04745243,-76.93706274