CDL_FLAG,CONDITION_CODE,EQUIP_PROB_CODE,FAULT_FLAG,INJ_SEVER_CODE,PERSON_ID,PERSON_TYPE,REPORT_NO,SAF_EQUIP_CODE,SEX_CODE,VEHICLE_ID,COLLISION_TYPE_CODE,C_M_ZONE_FLAG,JUNCTION_CODE,LANE_CODE,LIGHT_CODE,RD_COND_CODE,RD_DIV_CODE,SURF_COND_CODE,WEATHER_CODE,AREA_DAMAGED_CODE_MAIN,BODY_TYPE_CODE,DAMAGE_CODE,HIT_AND_RUN_FLAG,MOVEMENT_CODE,TIME,AGE,LATITUDE,LONGITUDE
N,Apparently Normal,No Misuse,Y,No Injury,0c50f9cd-434c-4d78-b163-c3bc8d6348b2,D,DA3776000B,Shoulder/Lap Belt(s),F,10bcf4d5-02fa-4809-bae8-f8ebe6f79302,Same Direction Rear End,N,Intersection Related,Acceleration Lane,Dusk,No Defects,"Two-way, Divided, Positive Median Barrier",Dry,Clear,Twelve o'clock,Passenger Car,Disabling,N,Moving Constant Speed,2015-02-05 17:00,22,38.99092032,-76.8323493
N,Apparently Normal,No Misuse,Y,No Injury,e1f9494f-535a-4bfc-bc39-3a09c1a7ad6a,D,DA37810008,Shoulder/Lap Belt(s),F,7a5f02ed-dec9-4a2b-92c2-a06c2236b70f,Same Direction Rear End,N,Intersection,Left Turn Lane,Daylight,No Defects,"Two-way, Divided, Unprotected (painted >4 feet) Median",Dry,Clear,Twelve o'clock,Passenger Car,Superficial,N,Slowing or Stopping,2015-03-09 11:59,33,39.03939466,-76.94774866
N,Apparently Normal,No Misuse,N,No Injury,53c517ac-6f52-4320-9f92-a442b1b52764,D,DA37810008,Shoulder/Lap Belt(s),M,d1aa2392-e40f-4dc3-8c0e-e36c098d8168,Same Direction Rear End,N,Intersection,Left Turn Lane,Daylight,No Defects,"Two-way, Divided, Unprotected (painted >4 feet) Median",Dry,Clear,Six o'clock,Passenger Car,Superficial,N,Stopped in Traffic Lane,2015-03-09 11:59,38,39.03939466,-76.94774866
N,Apparently Normal,No Misuse,N,No Injury,b330c41a-f04f-49e7-b413-45247385ee31,D,DA37920005,Shoulder/Lap Belt(s),F,09d8cfbc-888c-4476-9321-ac20d8a3e12d,Head On Left Turn,N,Intersection,Left Turn Lane,Daylight,No Defects,"Two-way, Divided, Positive Median Barrier",Dry,Clear,Twelve o'clock,Passenger Car,Disabling,N,Moving Constant Speed,2015-03-17 14:30,79,38.94323054,-76.88076854
N,Apparently Normal,No Misuse,Y,No Injury,b770e153-7c6c-4315-897e-73f53f94bd94,D,DA37920005,Shoulder/Lap Belt(s),M,7c7ee405-fd68-4285-ba57-efc176995675,Head On Left Turn,N,Intersection,Left Turn Lane,Daylight,No Defects,"Two-way, Divided, Positive Median Barrier",Dry,Clear,Three o'clock,Passenger Car,Disabling,N,Starting From Lane,2015-03-17 14:30,52,38.94323054,-76.88076854
N,Apparently Normal,No Misuse,Y,No Injury,b8bae90b-db28-4f1b-a3c4-d9781230e53c,D,DA3793000B,Shoulder/Lap Belt(s),M,7d427364-16d5-4674-a664-cf08c4f6da2d,Same Movement Angle,N,Intersection Related,Right Turn Lane,Daylight,No Defects,"Two-way, Not Divided",Dry,Clear,Eleven o'clock,Passenger Car,Superficial,N,Making Left Turn,2015-01-16 8:24,33,38.99606943,-76.92765355
N,Apparently Normal,No Misuse,N,No Injury,e9a46742-b5dc-4ad0-a8cb-37d51957c1c5,D,DA3793000C,Shoulder/Lap Belt(s),F,b3d75b3b-bab0-42a0-8f24-75ea662e27e8,Same Direction Rear End,N,Non Intersection,Left Turn Lane,Daylight,No Defects,"Two-way, Not Divided",Dry,Clear,Six o'clock,Passenger Car,Superficial,N,Stopped in Traffic Lane,2015-01-30 13:45,33,38.96108565,-76.90748334
N,Apparently Normal,No Misuse,Y,No Injury,79070226-81f4-4013-a905-2d02df5a278e,D,DA3793000C,Shoulder/Lap Belt(s),F,227bdd30-1f26-4698-b116-64eca926bd14,Same Direction Rear End,N,Non Intersection,Left Turn Lane,Daylight,No Defects,"Two-way, Not Divided",Dry,Clear,Twelve o'clock,Passenger Car,Functional,N,Moving Constant Speed,2015-01-30 13:45,51,38.96108565,-76.90748334
N,Apparently Normal,No Misuse,N,No Injury,d00ffb11-4471-45a7-beb9-e0aa93e0b558,D,DA3793000C,Shoulder/Lap Belt(s),M,3222040b-3aa1-4037-9425-408b57d44214,Same Direction Rear End,N,Non Intersection,Left Turn Lane,Daylight,No Defects,"Two-way, Not Divided",Dry,Clear,Six o'clock,Passenger Car,Superficial,N,Stopped in Traffic Lane,2015-01-30 13:45,60,38.96108565,-76.90748334
N,Apparently Normal,No Misuse,N,No Injury,ad9f82cd-b237-4923-8d32-56791872327c,D,DA38010008,Shoulder/Lap Belt(s),F,dc23e340-7021-4442-8f77-418ba4b941d7,Same Direction Rear End Right Turn,N,Intersection Related,Acceleration Lane,Dark Lights On,No Defects,"Two-way, Divided, Positive Median Barrier",Dry,Cloudy,Six o'clock,Pickup Truck,No Damage,N,Accelerating,2015-01-14 16:59,37,38.97435725,-76.97914124
N,Apparently Normal,No Misuse,Y,No Injury,64745ca9-219d-4047-bc1c-9e4a2d7c8754,D,DA38010008,Shoulder/Lap Belt(s),M,2b9dfb2c-98ff-44b2-98b6-608139d92e3e,Same Direction Rear End Right Turn,N,Intersection Related,Acceleration Lane,Dark Lights On,No Defects,"Two-way, Divided, Positive Median Barrier",Dry,Cloudy,Twelve o'clock,Passenger Car,Superficial,N,Accelerating,2015-01-14 16:59,42,38.97435725,-76.97914124
N,Apparently Normal,No Misuse,N,No Injury,58028942-c9f3-419d-aedb-f679a2dd6548,D,DA3804000F,Shoulder/Lap Belt(s),F,9a0cc491-ff1f-4379-ab1e-0249f438848c,Angle Meets Left Turn,N,Non Intersection,Right Turn Lane,Daylight,No Defects,"Two-way, Not Divided",Ice,Clear,Six o'clock,Passenger Car,Functional,N,Moving Constant Speed,2015-02-18 7:55,22,39.03032752,-76.9139421
N,Apparently Normal,No Misuse,N,No Injury,e8ed6e40-4d87-4b01-a11e-43531efbf5d3,D,DA3804000F,Shoulder/Lap Belt(s),M,4b261eea-ed9f-48f6-9089-20cf4f26512c,Angle Meets Left Turn,N,Non Intersection,Right Turn Lane,Daylight,No Defects,"Two-way, Not Divided",Ice,Clear,Twelve o'clock,Pickup Truck,Superficial,N,Moving Constant Speed,2015-02-18 7:55,57,39.03032752,-76.9139421
N,Apparently Normal,No Misuse,Y,No Injury,5db44280-6650-40fe-a5ac-b6d436d615e5,D,DA3810000D,Shoulder/Lap Belt(s),F,76e57547-a225-49f0-b500-5627b90bb29f,Single Vehicle ,N,Non Intersection,Right Turn Lane,Dark No Lights,No Defects,"Two-way, Not Divided",Wet,Raining,Twelve o'clock,Passenger Car,Disabling,N,Moving Constant Speed,2015-01-04 2:34,22,38.9188519,-76.75758004
N,Apparently Normal,No Misuse,Y,No Injury,2a82a13b-9c10-4d2b-a814-cf9a26f6127b,D,DA3810000H,Shoulder/Lap Belt(s),F,978116f4-63ff-42be-9629-9234a0cf480b,Same Direction Rear End,N,Non Intersection,Right Turn Lane,Daylight,No Defects,"Two-way, Not Divided",Dry,Clear,One o'clock,Passenger Car,Disabling,N,Moving Constant Speed,2015-03-18 14:48,45,38.85294344,-76.80255532
N,Apparently Normal,No Misuse,N,No Injury,8d5ec735-e693-446d-ad64-a0cc5b586d5b,D,DA3810000H,Shoulder/Lap Belt(s),M,49fb8335-4966-42a1-959c-9030ccc0a6da,Same Direction Rear End,N,Non Intersection,Right Turn Lane,Daylight,No Defects,"Two-way, Not Divided",Dry,Clear,Seven o'clock,(Sport) Utility Vehicle,Disabling,N,Stopped in Traffic Lane,2015-03-18 14:48,53,38.85294344,-76.80255532
N,Apparently Normal,No Misuse,N,No Injury,9d0c751e-f180-4a30-9827-0992d4a5c1cf,D,DA38140002,Shoulder/Lap Belt(s),F,367dfad2-c72e-4dfe-bc06-d64daa2ea697,Same Movement Angle,N,Intersection,Right Turn Lane,Daylight,No Defects,"Two-way, Not Divided",Dry,Clear,Eleven o'clock,Passenger Car,Superficial,N,Moving Constant Speed,2015-02-18 8:50,35,38.9874012,-76.79618239
Y,Apparently Normal,No Misuse,Y,No Injury,05bf99bd-a58a-490e-8a2f-4ed53e207f4a,D,DA38140002,Shoulder/Lap Belt(s),F,1c46fb4b-2a3c-40ca-b4c9-d05008cf24b8,Same Movement Angle,N,Intersection,Right Turn Lane,Daylight,No Defects,"Two-way, Not Divided",Dry,Clear,One o'clock,School Bus,Superficial,N,Making Left Turn,2015-02-18 8:50,38,38.9874012,-76.79618239
N,Apparently Normal,No Misuse,N,No Injury,dce3e4fb-07f8-41a5-a96a-ad6a4c301d08,D,DA38210003,Shoulder/Lap Belt(s),F,1277ded9-56f9-4d4e-8ea3-c060ff9adaf5,Head On Left Turn,N,Intersection,Right Turn Lane,Dark Lights On,No Defects,"Two-way, Divided, Positive Median Barrier",Snow,Snow,Eleven o'clock,Passenger Car,Disabling,N,Moving Constant Speed,2015-01-06 5:30,48,38.95597154,-76.82303667
Y,Apparently Normal,No Misuse,Y,No Injury,28d59671-66cf-4e47-b281-c51549459d23,D,DA38210003,Shoulder/Lap Belt(s),M,1388e18e-e953-4646-b0b7-68fd1eee40c9,Head On Left Turn,N,Intersection,Right Turn Lane,Dark Lights On,No Defects,"Two-way, Divided, Positive Median Barrier",Snow,Snow,One o'clock,"Cargo Van/Light Truck 2 axles (10,000 lbs (4,536 kg) or less)",Superficial,N,Making Left Turn,2015-01-06 5:30,38,38.95597154,-76.82303667
N,Apparently Normal,No Misuse,N,No Injury,91ab43d8-b9f9-40b7-a01b-e201f99867d7,D,DA3823000B,Shoulder/Lap Belt(s),F,69461bfe-d4eb-4bdf-a33f-c67cbedcd2d6,Same Movement Angle,N,Non Intersection,Left Turn Lane,Dark Lights On,No Defects,"Two-way, Divided, Positive Median Barrier",Dry,Clear,Twelve o'clock,Passenger Car,Disabling,N,Moving Constant Speed,2015-03-21 1:03,30,38.85110528,-76.92193508
N,Apparently Normal,No Misuse,Y,No Injury,c6ec9ce5-1ea2-4639-aca4-086ad9bffc9e,D,DA3823000B,Shoulder/Lap Belt(s),M,05eeb225-f183-42f1-9394-2e8a656d9800,Same Movement Angle,N,Non Intersection,Left Turn Lane,Dark Lights On,No Defects,"Two-way, Divided, Positive Median Barrier",Dry,Clear,Eleven o'clock,Passenger Car,Disabling,N,Making Right Turn,2015-03-21 1:03,58,38.85110528,-76.92193508
N,Apparently Normal,No Misuse,Y,No Injury,e22ad684-ae7e-45b0-94ef-6f6b241ddae4,D,DA3823000C,Shoulder/Lap Belt(s),F,2338c0dc-1974-4665-ab4a-51d6526b6c1b,Single Vehicle ,N,Non Intersection,Left Turn Lane,Dark Lights On,No Defects,"Two-way, Not Divided",Dry,Clear,Twelve o'clock,Passenger Car,Disabling,N,Moving Constant Speed,2015-03-22 1:56,25,38.84148757,-76.90958619
N,Apparently Normal,No Misuse,Y,No Injury,aea21fb5-c5dc-464a-b8c7-efd443465360,D,DA38300007,Shoulder/Lap Belt(s),F,65bb0f9c-db42-4f0f-909e-3e2e1b34ae6c,Head On Left Turn,N,Non Intersection,Left Turn Lane,Daylight,No Defects,"Two-way, Divided, Unprotected (painted >4 feet) Median",Dry,Clear,Twelve o'clock,(Sport) Utility Vehicle,Functional,N,Making Left Turn,2015-02-26 14:43,52,38.92686498,-76.88678741
N,Apparently Normal,No Misuse,N,Possible Incapacitating Injury,21923954-7eb6-4553-89d6-fa5c22354851,D,DA38300007,Shoulder/Lap Belt(s),M,0d920ffc-4060-4925-b794-567e3fe69a91,Head On Left Turn,N,Non Intersection,Left Turn Lane,Daylight,No Defects,"Two-way, Divided, Unprotected (painted >4 feet) Median",Dry,Clear,Twelve o'clock,Van,Functional,N,Slowing or Stopping,2015-02-26 14:43,24,38.92686498,-76.88678741
Y,Apparently Normal,No Misuse,N,No Injury,652ee620-89c1-40f1-8c96-3d47854b5c9c,D,DA38410009,Shoulder/Lap Belt(s),F,2ab78f7e-7417-4dab-a37e-230ba38871fc,Same Direction Rear End,N,Non Intersection,Right Turn Lane,Daylight,No Defects,"Two-way, Divided, Unprotected (painted >4 feet) Median",Wet,Raining,Six o'clock,Other Bus,Superficial,N,Slowing or Stopping,2015-03-03 17:20,44,38.83857109,-76.87581182
N,Apparently Normal,No Misuse,Y,No Injury,f2088b7d-ca26-4cec-bd32-0ca0f8e5938d,D,DA38440002,Shoulder/Lap Belt(s),F,1f53e9db-8e8e-46dd-831e-80bc8cb46ca1,Head On,N,Intersection,Right Turn Lane,Daylight,No Defects,"Two-way, Divided, Unprotected (painted >4 feet) Median",Dry,Clear,Twelve o'clock,(Sport) Utility Vehicle,Functional,N,Parked  ,2015-01-28 16:54,27,38.98539973,-76.98172152
N,Apparently Normal,No Misuse,N,No Injury,57bd24ef-ec58-4b9c-8dbc-2318d85efb2e,D,DA38460004,Shoulder/Lap Belt(s),F,71df4473-f97d-463a-82f9-e5f5f61d0cc6,Same Direction Rear End,N,Non Intersection,Right Turn Lane,Daylight,Foreign Material,"Two-way, Divided, Positive Median Barrier",Ice,Cloudy,Six o'clock,Passenger Car,Disabling,N,Slowing or Stopping,2015-01-09 8:30,49,38.88775928,-76.90607786
N,Apparently Normal,No Misuse,Y,No Injury,00238796-b6e1-40e5-a6e7-930ee5d77785,D,DA38460004,Shoulder/Lap Belt(s),F,102832f8-92de-48f2-9e91-4fc578974133,Same Direction Rear End,N,Non Intersection,Right Turn Lane,Daylight,Foreign Material,"Two-way, Divided, Positive Median Barrier",Ice,Cloudy,Twelve o'clock,Passenger Car,Disabling,N,Slowing or Stopping,2015-01-09 8:30,28,38.88775928,-76.90607786
N,Apparently Normal,No Misuse,N,No Injury,495d29cc-a299-4325-80eb-290715cfc921,D,DA38500005,Shoulder/Lap Belt(s),F,d5bb0241-1781-4459-9d86-03bb2fa736ee,Same Movement Angle,N,Intersection,Left Turn Lane,Daylight,No Defects,"Two-way, Divided, Positive Median Barrier",Dry,Clear,Eleven o'clock,(Sport) Utility Vehicle,Disabling,N,Moving Constant Speed,2015-01-23 14:34,37,38.94339743,-76.8808651
N,Apparently Normal,No Misuse,Y,No Injury,f96e7df7-03a4-4e5c-b0c3-0d8ca909ab7d,D,DA38500005,Shoulder/Lap Belt(s),M,dfcfc18d-758e-4e03-a035-bdc3b2376127,Same Movement Angle,N,Intersection,Left Turn Lane,Daylight,No Defects,"Two-way, Divided, Positive Median Barrier",Dry,Clear,One o'clock,Passenger Car,Functional,N,Making Left Turn,2015-01-23 14:34,54,38.94339743,-76.8808651
Y,Apparently Normal,No Misuse,N,No Injury,a03e2aa3-780c-46ed-bae4-2067ef57679a,D,DA38510009,Shoulder/Lap Belt(s),F,1ebbbcd4-e490-443e-aac8-182b95a699ef,Single Vehicle ,N,Non Intersection,Right Turn Lane,Daylight,No Defects,One-way Trafficway,Dry,Clear,Two o'clock,(Sport) Utility Vehicle,No Damage,N,Moving Constant Speed,2015-01-15 14:28,60,38.97202176,-76.96181417
N,Apparently Normal,No Misuse,Y,No Injury,8fd01ff3-2cde-4462-a196-5d145ce8a9bd,D,DA3851000B,Shoulder/Lap Belt(s),F,1ee917db-c663-4885-abb6-bd87324fb1e1,Head On Left Turn,N,Intersection,Left Turn Lane,Daylight,No Defects,"Two-way, Divided, Positive Median Barrier",Wet,Raining,One o'clock,Van,Functional,N,Making Left Turn,2015-01-24 12:23,29,38.94970562,-76.96745753
N,Apparently Normal,No Misuse,N,No Injury,258c4a9d-b3a2-46c1-bce4-a376e1e87378,D,DA3851000B,Shoulder/Lap Belt(s),M,304a3a6c-52f4-41d8-89b6-80f9fb5c6bf7,Head On Left Turn,N,Intersection,Left Turn Lane,Daylight,No Defects,"Two-way, Divided, Positive Median Barrier",Wet,Raining,Twelve o'clock,(Sport) Utility Vehicle,Superficial,N,Moving Constant Speed,2015-01-24 12:23,60,38.94970562,-76.96745753
N,Apparently Normal,No Misuse,N,No Injury,44b75c00-ef4f-4d94-884b-a7bc5954e094,D,DA3851000C,Shoulder/Lap Belt(s),F,198746d4-f96b-4325-932b-3b8a97bdd40a,Same Direction Left Turn,N,Non Intersection,Left Turn Lane,Dark Lights On,No Defects,"Two-way, Divided, Positive Median Barrier",Dry,Clear,Nine o'clock,(Sport) Utility Vehicle,Superficial,N,Moving Constant Speed,2015-03-01 3:44,41,38.98934425,-76.98754191
N,Apparently Normal,No Misuse,N,No Injury,91a8f8c6-3047-4985-83fc-b259653b5b1a,D,DA3851000F,Shoulder/Lap Belt(s),F,c8ca9983-0fb0-4779-8227-fc29c176c675,Head On,N,Non Intersection,Right Turn Lane,Daylight,No Defects,"Two-way, Not Divided",Dry,Clear,Ten o'clock,Passenger Car,Superficial,N,Slowing or Stopping,2015-03-26 15:45,43,38.98719272,-76.98107243
N,Apparently Normal,No Misuse,N,No Injury,920d36e4-c097-4b1d-a596-e80e54934b75,D,DA38540005,Shoulder/Lap Belt(s),F,6826ad95-5cd1-4a6e-b162-804af557f281,Same Direction Left Turn,N,Interchange Related,Left Turn Lane,Dark Lights On,No Defects,"Two-way, Divided, Positive Median Barrier",Dry,Clear,Two o'clock,Passenger Car,Disabling,N,Moving Constant Speed,2015-03-21 6:00,28,38.91692362,-76.93215966
N,Had Been Drinking,No Misuse,Y,Possible Incapacitating Injury,4d96722d-4014-45b3-8aa5-00aedcdaf41e,D,DA38540005,Shoulder/Lap Belt(s),M,8c1f3420-4d59-45d7-bd23-52e3de3aa75b,Same Direction Left Turn,N,Interchange Related,Left Turn Lane,Dark Lights On,No Defects,"Two-way, Divided, Positive Median Barrier",Dry,Clear,Eleven o'clock,Passenger Car,Functional,N,Accelerating,2015-03-21 6:00,52,38.91692362,-76.93215966
N,Apparently Normal,No Misuse,N,No Injury,cea9ba64-c305-4d11-b952-57303cfac037,D,DA38550007,Shoulder/Lap Belt(s),F,d7ff9f01-491f-4c0e-a0e8-c1c547a83415,Head On Left Turn,N,Intersection,Right Turn Lane,Daylight,No Defects,"Two-way, Divided, Unprotected (painted >4 feet) Median",Dry,Clear,Ten o'clock,Passenger Car,Superficial,N,Making Left Turn,2015-01-09 15:40,46,39.00019262,-76.90205455
Y,Apparently Normal,No Misuse,Y,No Injury,00239e39-dda2-4a1a-bff8-e97695172bdd,D,DA38550007,Shoulder/Lap Belt(s),M,0079ed68-ab3f-405d-840a-a15d65b3aa83,Head On Left Turn,N,Intersection,Right Turn Lane,Daylight,No Defects,"Two-way, Divided, Unprotected (painted >4 feet) Median",Dry,Clear,Seven o'clock,School Bus,No Damage,N,Backing,2015-01-09 15:40,46,39.00019262,-76.90205455
N,Apparently Normal,No Misuse,Y,No Injury,47e77aab-4faf-4ff8-a56d-7f33febd646f,D,DA3855000D,Shoulder/Lap Belt(s),F,5e70bd30-dc84-4f98-a796-7ca4c1e06af9,Single Vehicle ,N,Non Intersection,Right Turn Lane,Daylight,No Defects,"Two-way, Divided, Positive Median Barrier",Wet,Clear,Two o'clock,Passenger Car,Disabling,N,Moving Constant Speed,2015-02-16 7:56,26,39.0010264,-76.92939162
N,Apparently Normal,No Misuse,N,No Injury,5a05cb00-6680-4d40-9409-9bc39ba89fc4,D,DA3855000G,Shoulder/Lap Belt(s),F,601a2ed5-d8d8-4f1c-a7ed-9c07c86ba15c,Same Direction Rear End,N,Intersection,Left Turn Lane,Daylight,No Defects,"Two-way, Divided, Unprotected (painted >4 feet) Median",Dry,Clear,Six o'clock,Passenger Car,Superficial,N,Stopped in Traffic Lane,2015-03-12 14:35,54,39.01449892,-76.92796469
N,Apparently Normal,No Misuse,Y,No Injury,27c02f5f-e8e8-4203-bf98-8f6a56155ca2,D,DA38560008,Shoulder/Lap Belt(s),F,bb6d611b-65cf-4fe6-aa0a-fec80b4ae9bd,Same Movement Angle,N,Commercial Driveway,Right Turn Lane,Dark Lights On,No Defects,"Two-way, Not Divided",Wet,Foggy,Eleven o'clock,Passenger Car,Functional,N,Making Left Turn,2015-01-18 18:30,24,38.66398746,-76.87603176
N,Apparently Normal,No Misuse,N,No Injury,06dbe116-455d-4106-8b18-34ccefef2dce,D,DA38560008,Shoulder/Lap Belt(s),M,ed42cebd-e1f3-4fb7-b017-03523c3903e7,Same Movement Angle,N,Commercial Driveway,Right Turn Lane,Dark Lights On,No Defects,"Two-way, Not Divided",Wet,Foggy,Twelve o'clock,Passenger Car,Functional,N,Moving Constant Speed,2015-01-18 18:30,43,38.66398746,-76.87603176
N,Apparently Normal,No Misuse,Y,No Injury,523ef946-c2b5-4008-95d2-11209d671ff3,D,DA38560009,Shoulder/Lap Belt(s),F,9c646b3c-1222-4ba3-a4de-ec752977761a,Single Vehicle ,N,Non Intersection,Right Turn Lane,Daylight,No Defects,"Two-way, Not Divided",Wet,Cloudy,Twelve o'clock,Passenger Car,Disabling,N,Moving Constant Speed,2015-01-24 13:25,26,38.67055079,-76.88904047
N,Apparently Normal,No Misuse,N,No Injury,aa2fe7da-bcb3-4e3d-937c-4cadd6ed3925,D,DA3856000C,Shoulder/Lap Belt(s),F,6a7311a1-4f1b-4cc0-a434-9911260f5473,Same Movement Angle,N,Commercial Driveway,Left Turn Lane,Daylight,No Defects,"Two-way, Not Divided",Dry,Clear,Twelve o'clock,Passenger Car,Superficial,N,Making Right Turn,2015-03-27 18:12,24,38.79337956,-76.92605495
N,Apparently Normal,No Misuse,N,No Injury,4565bad2-5132-4961-9059-6e0a43b02758,D,DA3856000C,Shoulder/Lap Belt(s),M,7463cb69-b1e2-4a34-8262-9d1ac77dc3ee,Same Movement Angle,N,Commercial Driveway,Left Turn Lane,Daylight,No Defects,"Two-way, Not Divided",Dry,Clear,Twelve o'clock,Passenger Car,Disabling,N,Moving Constant Speed,2015-03-27 18:12,44,38.79337956,-76.92605495
N,Apparently Normal,No Misuse,Y,No Injury,69da04c2-8d10-4feb-8289-d743d6e98900,D,DA3856000C,Shoulder/Lap Belt(s),M,7ec1c69c-9204-4f38-963e-f656e74a1cb8,Same Movement Angle,N,Commercial Driveway,Left Turn Lane,Daylight,No Defects,"Two-way, Not Divided",Dry,Clear,Two o'clock,Passenger Car,Disabling,N,Making Left Turn,2015-03-27 18:12,35,38.79337956,-76.92605495
N,Apparently Normal,No Misuse,N,No Injury,3e2b00d8-6ddd-4e9e-9b16-ef4af782a157,D,DA38660003,Shoulder/Lap Belt(s),F,7e4932f8-81f5-41ad-b275-2261bee7e3d7,Same Movement Angle,N,Intersection,Right Turn Lane,Dark Lights On,No Defects,"Two-way, Divided, Positive Median Barrier",Dry,Clear,One o'clock,Passenger Car,Disabling,N,Making Left Turn,2015-01-01 23:55,33,38.76609695,-76.99425817
N,Apparently Normal,No Misuse,N,No Injury,7fab5923-10fe-41ef-a1e9-8455cc88093c,D,DA38660004,Shoulder/Lap Belt(s),F,19d51cc1-48e6-4632-8082-f980833cc198,Same Movement Angle,N,Intersection,Right Turn Lane,Daylight,No Defects,"Two-way, Not Divided",Dry,Clear,Eleven o'clock,Passenger Car,Functional,N,Making Left Turn,2015-01-08 11:50,63,38.65844565,-77.01366663
N,Apparently Normal,No Misuse,Y,No Injury,012fab7b-c797-4fb0-bc9f-554f5f058af1,D,DA38660004,Shoulder/Lap Belt(s),M,5087e61a-bf9d-46f0-b589-b91bcfac7272,Same Movement Angle,N,Intersection,Right Turn Lane,Daylight,No Defects,"Two-way, Not Divided",Dry,Clear,Seven o'clock,Passenger Car,Functional,N,Moving Constant Speed,2015-01-08 11:50,20,38.65844565,-77.01366663
N,Apparently Normal,No Misuse,N,No Injury,b3ba7b9f-1ec6-4b8f-9ccc-fc053fd61d1d,D,DA38670006,Shoulder/Lap Belt(s),F,abe703ee-1927-425f-973a-59abc4b0f9d8,Same Direction Rear End,N,Intersection,Right Turn Lane,Dark - Unknown Lighting,No Defects,"Two-way, Divided, Unprotected (painted >4 feet) Median",Dry,Clear,Six o'clock,Passenger Car,Functional,N,Stopped in Traffic Lane,2015-02-03 17:53,80,38.97905302,-76.834023
N,Apparently Normal,No Misuse,Y,No Injury,11c00890-f37b-4ba9-9a8d-56f30661367f,D,DA38670006,Shoulder/Lap Belt(s),M,c5a66471-9bf6-4ed0-bf6e-eb6f04a7083d,Same Direction Rear End,N,Intersection,Right Turn Lane,Dark - Unknown Lighting,No Defects,"Two-way, Divided, Unprotected (painted >4 feet) Median",Dry,Clear,Twelve o'clock,Passenger Car,Disabling,N,Slowing or Stopping,2015-02-03 17:53,58,38.97905302,-76.834023
N,Apparently Normal,No Misuse,Y,No Injury,cfb52d90-3376-455a-a4f8-f1deb70bc786,D,DA38690003,Shoulder/Lap Belt(s),F,b138082a-c168-46bc-8d2d-e3115cee5380,Same Direction Rear End,N,Non Intersection,Right Turn Lane,Daylight,No Defects,"Two-way, Not Divided",Dry,Clear,Twelve o'clock,Passenger Car,Disabling,N,Slowing or Stopping,2015-01-21 15:05,55,38.75514166,-76.92066908
N,Apparently Normal,No Misuse,N,Possible Incapacitating Injury,e42f0ce1-e4e3-44d8-830e-88b5bed4efc6,D,DA38690003,Shoulder/Lap Belt(s),M,54894543-4291-4689-96f9-c1c8f97be823,Same Direction Rear End,N,Non Intersection,Right Turn Lane,Daylight,No Defects,"Two-way, Not Divided",Dry,Clear,Six o'clock,Passenger Car,Functional,N,Stopped in Traffic Lane,2015-01-21 15:05,53,38.75514166,-76.92066908
N,Apparently Normal,No Misuse,N,No Injury,f7ed1fa0-0005-4f37-9fdc-6dd794ca69a7,D,DA38700006,Shoulder/Lap Belt(s),F,a6f312e0-db62-4940-8f5f-c9f9cf51d903,Same Direction Left Turn,N,Intersection,Right Turn Lane,Daylight,No Defects,"Two-way, Not Divided",Snow,Cloudy,Six o'clock,(Sport) Utility Vehicle,Superficial,N,Moving Constant Speed,2015-03-07 17:33,32,38.91636224,-76.88282043
N,Apparently Normal,No Misuse,Y,No Injury,1455e0da-5b12-4aef-bd18-a978e50f4fb1,D,DA38700007,Shoulder/Lap Belt(s),F,dd23cf4f-1a49-4d2a-9c08-1acdcf6a01bf,Same Movement Angle,N,Intersection,Left Turn Lane,Daylight,No Defects,"Two-way, Divided, Positive Median Barrier",Dry,Clear,Five o'clock,Passenger Car,Superficial,N,Making Left Turn,2015-03-16 7:30,50,38.88726656,-76.89343929
N,Apparently Normal,No Misuse,N,Possible Incapacitating Injury,8d0a1265-6ded-4f41-8037-d03ec4857aca,D,DA38700007,Shoulder/Lap Belt(s),F,e915e0cb-5768-4f40-ae30-f99cc97b2011,Same Movement Angle,N,Intersection,Left Turn Lane,Daylight,No Defects,"Two-way, Divided, Positive Median Barrier",Dry,Clear,Twelve o'clock,Passenger Car,Disabling,N,Moving Constant Speed,2015-03-16 7:30,30,38.88726656,-76.89343929
N,Apparently Normal,No Misuse,Y,No Injury,bd1745ea-c3ab-43dd-8093-d18d2dc3eff8,D,DA38710002,Shoulder/Lap Belt(s),M,f1b9ee65-4bbb-4256-a9dc-8aef3adeb315,Same Direction Rear End,N,Non Intersection,Right Turn Lane,Dusk,No Defects,"Two-way, Not Divided",Dry,Clear,Six o'clock,Passenger Car,Disabling,N,Backing,2015-01-16 6:52,28,38.96347989,-76.86405301
Y,Apparently Normal,No Misuse,N,No Injury,313c9382-8b2e-440e-abc1-896ce5ec258e,D,DA38710003,Shoulder/Lap Belt(s),F,8dc349c5-dd38-451d-b5c9-95d83598a14d,Same Direction Rear End,N,Non Intersection,Left Turn Lane,Daylight,No Defects,"Two-way, Divided, Positive Median Barrier",Dry,Clear,Six o'clock,School Bus,No Damage,N,Stopped in Traffic Lane,2015-01-16 13:25,63,38.99429126,-76.87881321