CDL_FLAG,CONDITION_CODE,EQUIP_PROB_CODE,FAULT_FLAG,INJ_SEVER_CODE,PERSON_ID,PERSON_TYPE,REPORT_NO,SAF_EQUIP_CODE,SEX_CODE,VEHICLE_ID,COLLISION_TYPE_CODE,C_M_ZONE_FLAG,JUNCTION_CODE,LANE_CODE,LIGHT_CODE,RD_COND_CODE,RD_DIV_CODE,SURF_COND_CODE,WEATHER_CODE,AREA_DAMAGED_CODE_MAIN,BODY_TYPE_CODE,DAMAGE_CODE,HIT_AND_RUN_FLAG,MOVEMENT_CODE,TIME,AGE,LATITUDE,LONGITUDE
N,Apparently Normal,No Misuse,Y,No Injury,f955f469-2a3e-4045-ac82-222916da2245,D,DA38710003,Shoulder/Lap Belt(s),M,70efc6a9-cea2-48a5-8ea3-189ad3b092ed,Same Direction Rear End,N,Non Intersection,Left Turn Lane,Daylight,No Defects,"Two-way, Divided, Positive Median Barrier",Dry,Clear,Twelve o'clock,Van,Functional,N,Slowing or Stopping,2015-01-16 13:25,61,38.99429126,-76.87881321
N,Apparently Normal,No Misuse,Y,No Injury,ebbddc00-ee0a-4135-89cc-a11abacb3037,D,DA3873000D,Shoulder/Lap Belt(s),F,499b1229-9d8a-4abf-9330-233efa40d022,Same Direction Rear End,N,Non Intersection,Acceleration Lane,Daylight,No Defects,"Two-way, Divided, Positive Median Barrier",Dry,Clear,Twelve o'clock,(Sport) Utility Vehicle,Functional,N,Moving Constant Speed,2015-02-28 7:40,24,38.98398616,-76.97181344
N,Apparently Normal,No Misuse,N,No Injury,2ceefef1-9fdf-40f4-8190-15fe10736eeb,D,DA3873000D,Shoulder/Lap Belt(s),M,a3dc03fb-8560-4b2a-825a-32660131582c,Same Direction Rear End,N,Non Intersection,Acceleration Lane,Daylight,No Defects,"Two-way, Divided, Positive Median Barrier",Dry,Clear,Six o'clock,Pickup Truck,Superficial,N,Moving Constant Speed,2015-02-28 7:40,36,38.98398616,-76.97181344
N,Apparently Normal,No Misuse,N,No Injury,a4ed0361-38a7-4031-9791-776f213a3f11,D,DA38740004,Shoulder/Lap Belt(s),F,f1be4d1e-1909-4abc-aab0-b2ab7037ef6f,Head On Left Turn,N,Intersection,Right Turn Lane,Dark Lights On,No Defects,"Two-way, Not Divided",Dry,Clear,Twelve o'clock,Passenger Car,Superficial,N,Stopped in Traffic Lane,2015-01-22 18:41,69,38.82336833,-76.94990516
N,Apparently Normal,No Misuse,Y,No Injury,74836120-03b0-4d46-9470-39c2f84374f7,D,DA38740004,Shoulder/Lap Belt(s),F,9901fef2-5980-43eb-a7f7-6c72e6990900,Head On Left Turn,N,Intersection,Right Turn Lane,Dark Lights On,No Defects,"Two-way, Not Divided",Dry,Clear,Eleven o'clock,Passenger Car,Disabling,N,Making Left Turn,2015-01-22 18:41,27,38.82336833,-76.94990516
N,Apparently Normal,No Misuse,N,No Injury,f61fdd69-80a6-4e16-91db-67bf977231c8,D,DA38740004,Shoulder/Lap Belt(s),M,eaf7d8cd-a21b-4e5b-b314-8b83bd879387,Head On Left Turn,N,Intersection,Right Turn Lane,Dark Lights On,No Defects,"Two-way, Not Divided",Dry,Clear,One o'clock,(Sport) Utility Vehicle,Disabling,N,Moving Constant Speed,2015-01-22 18:41,55,38.82336833,-76.94990516
N,Apparently Normal,No Misuse,N,No Injury,e06bcfd0-412a-4d35-87c0-69694115aa5f,D,DA38740006,Shoulder/Lap Belt(s),F,9ce81144-e7cb-4a6f-b1cc-48e963eccd83,Head On,N,Intersection,Right Turn Lane,Dark Lights On,No Defects,"Two-way, Not Divided",Dry,Clear,Twelve o'clock,Passenger Car,Destroyed,N,Moving Constant Speed,2015-02-25 19:48,22,38.8218972,-76.95501208
N,Had Been Drinking,No Misuse,Y,No Injury,dbf255b0-5e6b-4619-808c-9998f87c5661,D,DA38740006,Shoulder/Lap Belt(s),M,5856a1a8-261e-4063-a603-2c6a188ab58d,Head On,N,Intersection,Right Turn Lane,Dark Lights On,No Defects,"Two-way, Not Divided",Dry,Clear,Twelve o'clock,(Sport) Utility Vehicle,Disabling,N,Moving Constant Speed,2015-02-25 19:48,52,38.8218972,-76.95501208
N,Apparently Normal,No Misuse,N,No Injury,c346b061-5334-478f-bb82-0614f5a06680,D,DA38790003,Shoulder/Lap Belt(s),F,947266ae-a522-4131-bbfb-ca0790cd579c,Same Direction Rear End,N,Intersection Related,Right Turn Lane,Daylight,No Defects,"Two-way, Not Divided",Dry,Clear,Six o'clock,Passenger Car,Superficial,N,Slowing or Stopping,2015-03-16 17:15,24,39.04870642,-76.89074367
N,Apparently Normal,No Misuse,Y,No Injury,145243b3-c7f2-43dd-90a2-fae6c5661744,D,DA38790003,Shoulder/Lap Belt(s),F,6abeca97-3abc-4fcd-a50a-bc5cfe039eea,Same Direction Rear End,N,Intersection Related,Right Turn Lane,Daylight,No Defects,"Two-way, Not Divided",Dry,Clear,Twelve o'clock,Passenger Car,Superficial,N,Slowing or Stopping,2015-03-16 17:15,31,39.04870642,-76.89074367
N,Apparently Normal,No Misuse,N,No Injury,72f2bfd9-1c20-4ff5-9fa9-3f72eb60b7a4,D,DA38820003,Shoulder/Lap Belt(s),F,0385b984-699e-43a0-aaba-121edd190f91,Same Direction Rear End Left Turn,N,Non Intersection,Right Turn Lane,Dark Lights On,No Defects,"Two-way, Not Divided",Dry,Clear,Seven o'clock,Van,Superficial,N,Slowing or Stopping,2015-01-16 2:43,40,38.84592475,-76.96075201
N,Had Been Drinking,No Misuse,Y,No Injury,e2a1065e-65c1-407f-a973-ec06899cc56c,D,DA38820003,Shoulder/Lap Belt(s),F,02203c3c-ea7f-4083-b558-18eb67b9cf3f,Same Direction Rear End Left Turn,N,Non Intersection,Right Turn Lane,Dark Lights On,No Defects,"Two-way, Not Divided",Dry,Clear,Twelve o'clock,Passenger Car,Superficial,N,Passing,2015-01-16 2:43,36,38.84592475,-76.96075201
N,Apparently Normal,No Misuse,Y,No Injury,7bc3e0af-6737-4e05-8658-1682272fc5e7,D,DA38830005,Shoulder/Lap Belt(s),F,2c6cafdb-6ba6-4ddf-89c6-2a6613a3c131,Same Direction Rear End,N,Intersection,Acceleration Lane,Daylight,No Defects,"Two-way, Divided, Unprotected (painted >4 feet) Median",Dry,Clear,Twelve o'clock,(Sport) Utility Vehicle,No Damage,N,Accelerating,2015-03-17 7:30,34,38.96073526,-76.91174269
N,Apparently Normal,No Misuse,N,Possible Incapacitating Injury,b420a91f-0e1a-47e4-96e6-9e57cfe999a6,D,DA38830005,Shoulder/Lap Belt(s),F,9dfc1a2a-2365-4c43-87fb-33de3e29299c,Same Direction Rear End,N,Intersection,Acceleration Lane,Daylight,No Defects,"Two-way, Divided, Unprotected (painted >4 feet) Median",Dry,Clear,Six o'clock,Passenger Car,No Damage,N,Stopped in Traffic Lane,2015-03-17 7:30,49,38.96073526,-76.91174269
N,Apparently Normal,No Misuse,N,No Injury,cb2d134b-f6b5-4c8f-83e8-dcd70c5e1d0f,D,DA38850003,Shoulder/Lap Belt(s),F,1dd00a33-242c-4473-8373-29e75a33c36a,Single Vehicle ,N,Non Intersection,Right Turn Lane,Daylight,No Defects,"Two-way, Not Divided",Dry,Clear,Ten o'clock,(Sport) Utility Vehicle,No Damage,N,Starting From Parked,2015-03-08 14:11,26,38.93435972,-76.90734386
Y,Apparently Normal,No Misuse,Y,No Injury,641ecd0c-5482-476d-81da-30f02853e5a9,D,DA38870005,Shoulder/Lap Belt(s),F,345a2eba-fee1-4436-b040-e2905bd1f533,Same Direction Right Turn,N,Non Intersection,Right Turn Lane,Daylight,No Defects,"Two-way, Divided, Unprotected (painted >4 feet) Median",Snow,Snow,One o'clock,Other Bus,Superficial,N,Slowing or Stopping,2015-03-05 15:00,34,38.89530825,-76.90361023
Y,Apparently Normal,No Misuse,N,No Injury,2bd4e097-61dd-46d3-9721-688703cbc5f1,D,DA38870005,Shoulder/Lap Belt(s),M,d655f018-094f-4fb5-8fed-5bc43440ae5e,Same Direction Right Turn,N,Non Intersection,Right Turn Lane,Daylight,No Defects,"Two-way, Divided, Unprotected (painted >4 feet) Median",Snow,Snow,Eleven o'clock,Other Bus,Superficial,N,Stopped in Traffic Lane,2015-03-05 15:00,47,38.89530825,-76.90361023
N,Apparently Normal,No Misuse,Y,No Injury,bb5c25ea-0db8-48d9-a62d-b070edf7c612,D,DA38870006,Shoulder/Lap Belt(s),F,1a312063-60bf-4f11-b86b-53a43f4f5460,Same Direction Rear End,N,Non Intersection,Right Turn Lane,Daylight,No Defects,"Two-way, Divided, Positive Median Barrier",Dry,Clear,Twelve o'clock,Passenger Car,Disabling,Y,Moving Constant Speed,2015-03-16 9:08,27,38.89440643,-76.86633825
N,Apparently Normal,No Misuse,N,Possible Incapacitating Injury,49552ee5-df20-41f6-8a7e-a6322b977664,D,DA38870006,Shoulder/Lap Belt(s),M,1463fc46-94ec-44a2-b927-385eccf2ccf8,Same Direction Rear End,N,Non Intersection,Right Turn Lane,Daylight,No Defects,"Two-way, Divided, Positive Median Barrier",Dry,Clear,Six o'clock,Passenger Car,Disabling,N,Stopped in Traffic Lane,2015-03-16 9:08,24,38.89440643,-76.86633825
N,Apparently Normal,No Misuse,N,No Injury,f2335ba0-9cb7-474b-947a-939ecacce195,D,DA38870008,Shoulder/Lap Belt(s),F,da54a411-8236-4e8a-83ab-7bd2187a7716,Same Direction Rear End,N,Non Intersection,Right Turn Lane,Daylight,No Defects,"Two-way, Not Divided",Dry,Clear,Six o'clock,(Sport) Utility Vehicle,Superficial,N,Stopped in Traffic Lane,2015-03-24 15:45,32,38.89512455,-76.87758207
N,Apparently Normal,No Misuse,N,No Injury,3d741fd7-7d75-458c-a798-d984938cc8a7,D,DA38880007,Shoulder/Lap Belt(s),F,4dea9661-94e0-493e-bc9b-ed1b282ecad3,Same Movement Angle,N,Commercial Driveway,Right Turn Lane,Dark Lights On,No Defects,"Two-way, Not Divided",Wet,Raining,Eleven o'clock,Passenger Car,Disabling,N,Stopped in Traffic Lane,2015-01-03 18:41,28,38.80388166,-76.98507428
N,Apparently Normal,No Misuse,Y,No Injury,776e1614-9726-47e4-8b7a-efd40535a72c,D,DA38880007,Shoulder/Lap Belt(s),F,2cd24c02-ba28-4724-98ee-a6a17e90ab3f,Same Movement Angle,N,Commercial Driveway,Right Turn Lane,Dark Lights On,No Defects,"Two-way, Not Divided",Wet,Raining,Twelve o'clock,(Sport) Utility Vehicle,Disabling,N,Making Left Turn,2015-01-03 18:41,45,38.80388166,-76.98507428
N,Apparently Normal,No Misuse,Y,No Injury,c74c8190-3f83-4403-b416-d6b62f5d3807,D,DA38880007,Shoulder/Lap Belt(s),F,df1b37b6-6ad7-4fc3-a71e-cb5c0cc7611b,Same Movement Angle,N,Commercial Driveway,Right Turn Lane,Dark Lights On,No Defects,"Two-way, Not Divided",Wet,Raining,Twelve o'clock,(Sport) Utility Vehicle,Disabling,N,Moving Constant Speed,2015-01-03 18:41,43,38.80388166,-76.98507428
N,Apparently Normal,No Misuse,N,No Injury,65eec557-b417-4313-85fe-b89139c88ac5,D,DA3888000Q,Shoulder/Lap Belt(s),F,f1b94a30-eff7-441e-8cf1-aaa06f182da3,Same Direction Rear End,N,Non Intersection,Acceleration Lane,Daylight,No Defects,"Two-way, Divided, Positive Median Barrier",Dry,Cloudy,Six o'clock,Passenger Car,Disabling,N,Slowing or Stopping,2015-03-13 18:06,26,38.78914818,-76.99860334
N,Apparently Normal,No Misuse,N,No Injury,44372e88-d24a-4275-93b9-7c97904aca49,D,DA3888000Q,Shoulder/Lap Belt(s),M,535de53d-9075-4bbd-9ca6-edfaecfb42a3,Same Direction Rear End,N,Non Intersection,Acceleration Lane,Daylight,No Defects,"Two-way, Divided, Positive Median Barrier",Dry,Cloudy,Six o'clock,(Sport) Utility Vehicle,Functional,N,Slowing or Stopping,2015-03-13 18:06,44,38.78914818,-76.99860334
N,Apparently Normal,No Misuse,Y,No Injury,e1e09444-7d44-4450-8a6d-942fc917ea19,D,DA3888000Q,Shoulder/Lap Belt(s),M,046ca40a-904e-469c-8e18-0c74b9016994,Same Direction Rear End,N,Non Intersection,Acceleration Lane,Daylight,No Defects,"Two-way, Divided, Positive Median Barrier",Dry,Cloudy,Twelve o'clock,Passenger Car,Superficial,N,Accelerating,2015-03-13 18:06,54,38.78914818,-76.99860334
N,Apparently Normal,No Misuse,N,No Injury,c1cd9244-fba6-4fdc-85be-6bf034d6dad0,D,DA38890004,Shoulder/Lap Belt(s),M,2460be5a-ffca-4249-a637-c4f7bc7455b0,Head On Left Turn,N,Intersection,Right Turn Lane,Daylight,No Defects,"Two-way, Divided, Positive Median Barrier",Dry,Clear,Eleven o'clock,Pickup Truck,Superficial,N,Moving Constant Speed,2015-02-27 12:49,47,38.97791038,-76.85511589
N,Apparently Normal,No Misuse,N,No Injury,a501c128-1476-4b57-b465-f7ab4ddc680d,D,DA38910003,Shoulder/Lap Belt(s),F,da00f3cc-24e9-4749-9255-467a882e51d0,Same Direction Rear End,N,Non Intersection,Acceleration Lane,Dark - Unknown Lighting,No Defects,"Two-way, Divided, Positive Median Barrier",Dry,Clear,Six o'clock,Passenger Car,Functional,N,Moving Constant Speed,2015-02-07 1:10,33,38.90846694,-77.15659618
N,Apparently Normal,No Misuse,N,No Injury,67bdf2c3-c7e2-499c-afd7-dfd937e70d90,D,DA3893000J,Shoulder/Lap Belt(s),F,91a48c05-e091-4b01-bf24-e4d333a8004f,Same Direction Rear End,N,Intersection,Right Turn Lane,Daylight,No Defects,"Two-way, Not Divided",Wet,Raining,Six o'clock,Passenger Car,Superficial,N,Slowing or Stopping,2015-01-26 12:48,42,38.90574523,-76.84110403
N,Apparently Normal,No Misuse,Y,No Injury,074c7d06-67d3-4b52-ba82-20b23c4938cc,D,DA3893000J,Shoulder/Lap Belt(s),M,f049d375-884f-4d4c-871b-519ddcbc5b77,Same Direction Rear End,N,Intersection,Right Turn Lane,Daylight,No Defects,"Two-way, Not Divided",Wet,Raining,Twelve o'clock,Passenger Car,Superficial,N,Moving Constant Speed,2015-01-26 12:48,43,38.90574523,-76.84110403
N,Apparently Normal,No Misuse,N,No Injury,e3c871f4-d9a5-4a93-95f4-58063356ba1b,D,DA38940004,Shoulder/Lap Belt(s),F,a27c6ae9-576c-476e-b00d-f8109f97e3cb,Same Direction Rear End,N,Intersection Related,Right Turn Lane,Daylight,No Defects,"Two-way, Divided, Positive Median Barrier",Snow,Snow,Six o'clock,Passenger Car,Disabling,N,Slowing or Stopping,2015-01-21 12:52,38,38.83606399,-76.94397211
N,Apparently Normal,No Misuse,Y,No Injury,cbe83765-5884-43b5-bc8f-bb8aedd05ec0,D,DA38940004,Shoulder/Lap Belt(s),F,8e1e13f0-54f5-40df-ad0f-e754649a9372,Same Direction Rear End,N,Intersection Related,Right Turn Lane,Daylight,No Defects,"Two-way, Divided, Positive Median Barrier",Snow,Snow,One o'clock,Passenger Car,Disabling,N,Slowing or Stopping,2015-01-21 12:52,39,38.83606399,-76.94397211
N,Apparently Normal,No Misuse,Y,No Injury,5efec5ee-5378-4400-b77b-660ee8c54031,D,DA38940004,Shoulder/Lap Belt(s),F,e1d39c7d-cec3-4d81-a3b2-04ed243a7da3,Same Direction Rear End,N,Intersection Related,Right Turn Lane,Daylight,No Defects,"Two-way, Divided, Positive Median Barrier",Snow,Snow,Twelve o'clock,Passenger Car,Destroyed,N,Moving Constant Speed,2015-01-21 12:52,27,38.83606399,-76.94397211
N,Apparently Normal,No Misuse,Y,No Injury,5b008265-ca6f-4f2b-b576-774a03857283,D,DA38980009,Shoulder/Lap Belt(s),F,ca8cb89a-ce29-498f-a88c-d1a2a00daeb8,Same Direction Rear End,N,Non Intersection,Right Turn Lane,Dark Lights On,No Defects,"Two-way, Not Divided",Dry,Clear,One o'clock,(Sport) Utility Vehicle,Disabling,N,Moving Constant Speed,2015-02-11 5:43,24,38.75823308,-76.82616949
N,Apparently Normal,No Misuse,N,No Injury,2eddaa7b-9763-4260-ac64-1ad8462639f3,D,DA3901000D,Shoulder/Lap Belt(s),F,fa4a3897-2e53-4f63-98f3-456c1deba078,Same Direction Rear End,N,Non Intersection,Right Turn Lane,Daylight,No Defects,"Two-way, Not Divided",Dry,Clear,Six o'clock,Passenger Car,Superficial,N,Slowing or Stopping,2015-02-26 17:11,39,38.96111067,-76.90654993
N,Apparently Normal,No Misuse,Y,No Injury,98c94196-20de-4b6c-8fc7-189d528a18f5,D,DA3901000D,Shoulder/Lap Belt(s),M,392bdafc-4a99-4750-bbbb-fbde5316af36,Same Direction Rear End,N,Non Intersection,Right Turn Lane,Daylight,No Defects,"Two-way, Not Divided",Dry,Clear,Twelve o'clock,Passenger Car,Disabling,N,Moving Constant Speed,2015-02-26 17:11,26,38.96111067,-76.90654993
N,Apparently Normal,No Misuse,Y,No Injury,4f1657b7-f6ad-4e39-b767-bc697f61d6ee,D,DA3901000G,Shoulder/Lap Belt(s),F,2ad73467-ac69-499e-b91a-e697d40bd2ff,Single Vehicle ,N,Non Intersection,Right Turn Lane,Daylight,No Defects,"Two-way, Not Divided",Snow,Snow,Twelve o'clock,Passenger Car,Disabling,N,Moving Constant Speed,2015-03-05 15:10,36,38.95117412,-76.92002535
N,Apparently Normal,No Misuse,N,No Injury,058c6911-fcdf-4027-8c14-f764b738dbb5,D,DA39060003,Shoulder/Lap Belt(s),F,2aa46a0d-e451-48e7-9d5b-4a229c1d4104,Same Direction Rear End,N,Intersection Related,Left Turn Lane,Dark Lights On,No Defects,"Two-way, Divided, Positive Median Barrier",Dry,Clear,Six o'clock,Passenger Car,Functional,N,Stopped in Traffic Lane,2015-01-15 17:40,45,38.84096947,-76.87435269
N,Apparently Normal,No Misuse,N,No Injury,1b260540-b317-448e-b48f-56ed01164658,D,DA39060003,Shoulder/Lap Belt(s),M,f5a87cf7-5503-4a64-8462-aa271d612b77,Same Direction Rear End,N,Intersection Related,Left Turn Lane,Dark Lights On,No Defects,"Two-way, Divided, Positive Median Barrier",Dry,Clear,Six o'clock,(Sport) Utility Vehicle,Functional,N,Stopped in Traffic Lane,2015-01-15 17:40,53,38.84096947,-76.87435269
N,Apparently Normal,No Misuse,N,No Injury,e8babd47-0438-4ca0-a706-0adcbe6aea03,D,DA39060003,Shoulder/Lap Belt(s),M,0bffcee0-4014-42cc-9c2f-03d0dc547871,Same Direction Rear End,N,Intersection Related,Left Turn Lane,Dark Lights On,No Defects,"Two-way, Divided, Positive Median Barrier",Dry,Clear,Six o'clock,Passenger Car,Functional,N,Stopped in Traffic Lane,2015-01-15 17:40,50,38.84096947,-76.87435269
N,Apparently Normal,No Misuse,N,No Injury,e8794f3d-1967-4d58-8f2b-72a736050be4,D,DA39060005,Shoulder/Lap Belt(s),F,4201d678-c720-4894-bd2a-d030e39b16d4,Same Direction Rear End,N,Intersection Related,Left Turn Lane,Dark No Lights,No Defects,"Two-way, Not Divided",Ice,Sleet,Twelve o'clock,Van,Functional,N,Moving Constant Speed,2015-02-14 22:07,52,38.86405495,-76.89504862
N,Apparently Normal,No Misuse,N,No Injury,211ba786-6b6c-47e2-b677-ad98a51c7995,D,DA39060005,Shoulder/Lap Belt(s),F,254ac810-09e0-4d79-81a0-08654ee441e2,Same Direction Rear End,N,Intersection Related,Left Turn Lane,Dark No Lights,No Defects,"Two-way, Not Divided",Ice,Sleet,Twelve o'clock,Passenger Car,Functional,N,Moving Constant Speed,2015-02-14 22:07,26,38.86405495,-76.89504862
N,Apparently Normal,No Misuse,N,No Injury,da767246-3343-42c4-b8e6-854167e328d8,D,DA39060005,Shoulder/Lap Belt(s),M,c5967b82-ac90-4b18-9307-5cabe9a79a7d,Same Direction Rear End,N,Intersection Related,Left Turn Lane,Dark No Lights,No Defects,"Two-way, Not Divided",Ice,Sleet,Six o'clock,Passenger Car,Functional,N,Moving Constant Speed,2015-02-14 22:07,43,38.86405495,-76.89504862
N,Apparently Normal,No Misuse,N,No Injury,324f69c2-94ab-451e-ab43-b6e36834cd6d,D,DA39060005,Shoulder/Lap Belt(s),M,9898fb53-5cc5-4ffe-a0a1-bd37e1887674,Same Direction Rear End,N,Intersection Related,Left Turn Lane,Dark No Lights,No Defects,"Two-way, Not Divided",Ice,Sleet,One o'clock,Passenger Car,Functional,N,Moving Constant Speed,2015-02-14 22:07,43,38.86405495,-76.89504862
N,Apparently Normal,No Misuse,N,No Injury,78414c4f-5f01-443b-9961-02a8b936d077,D,DA39060005,Shoulder/Lap Belt(s),M,2eb7b656-8f6f-486c-8459-92f648577c5d,Same Direction Rear End,N,Intersection Related,Left Turn Lane,Dark No Lights,No Defects,"Two-way, Not Divided",Ice,Sleet,Eleven o'clock,Passenger Car,Functional,N,Moving Constant Speed,2015-02-14 22:07,27,38.86405495,-76.89504862
N,Apparently Normal,No Misuse,N,No Injury,65583dce-4f92-4fdf-81a8-42ecc1d8d898,D,DA39060005,Shoulder/Lap Belt(s),M,20a0c6c7-c366-4f93-a31a-f624d570ea62,Same Direction Rear End,N,Intersection Related,Left Turn Lane,Dark No Lights,No Defects,"Two-way, Not Divided",Ice,Sleet,Twelve o'clock,Pickup Truck,Functional,N,Moving Constant Speed,2015-02-14 22:07,24,38.86405495,-76.89504862
N,Apparently Normal,No Misuse,N,No Injury,215f6e5b-e704-47f8-94b4-90bfb4ac3db0,D,DA39060005,Shoulder/Lap Belt(s),M,b59fdf88-e45d-4a02-b87e-2922e1915806,Same Direction Rear End,N,Intersection Related,Left Turn Lane,Dark No Lights,No Defects,"Two-way, Not Divided",Ice,Sleet,Twelve o'clock,Passenger Car,Functional,N,Moving Constant Speed,2015-02-14 22:07,21,38.86405495,-76.89504862
N,Apparently Normal,No Misuse,Y,No Injury,d223e878-be89-45db-8206-8019db74f794,D,DA39060005,Shoulder/Lap Belt(s),M,e33fc1f5-d046-4e96-896f-8a82e89814b1,Same Direction Rear End,N,Intersection Related,Left Turn Lane,Dark No Lights,No Defects,"Two-way, Not Divided",Ice,Sleet,Four o'clock,Passenger Car,Functional,N,Slowing or Stopping,2015-02-14 22:07,37,38.86405495,-76.89504862
N,Apparently Normal,No Misuse,N,No Injury,415163d1-6fce-4597-a789-e617b1d489d1,D,DA39060006,Shoulder/Lap Belt(s),F,80913022-aac0-4c9c-99ed-7eb0d5598ab4,Same Direction Rear End,N,Intersection,Left Turn Lane,Dark Lights On,No Defects,"Two-way, Divided, Unprotected (painted >4 feet) Median",Dry,Clear,Six o'clock,Passenger Car,Functional,N,Stopped in Traffic Lane,2015-02-15 22:56,27,38.84555708,-76.89162612
N,Apparently Normal,No Misuse,N,Possible Incapacitating Injury,e24ea1ba-ec19-42cb-90ad-9c50b554f783,D,DA39060006,Shoulder/Lap Belt(s),M,3a262d18-b8cb-4920-8cd7-6c29ae497024,Same Direction Rear End,N,Intersection,Left Turn Lane,Dark Lights On,No Defects,"Two-way, Divided, Unprotected (painted >4 feet) Median",Dry,Clear,Six o'clock,Passenger Car,Disabling,N,Slowing or Stopping,2015-02-15 22:56,54,38.84555708,-76.89162612
N,Apparently Normal,No Misuse,Y,Possible Incapacitating Injury,9b72056f-c2c7-45a6-acfc-ad3d4c7971a1,D,DA39060006,Shoulder/Lap Belt(s),M,25b8028f-468a-4120-ac32-2cf2398cc0c7,Same Direction Rear End,N,Intersection,Left Turn Lane,Dark Lights On,No Defects,"Two-way, Divided, Unprotected (painted >4 feet) Median",Dry,Clear,Twelve o'clock,(Sport) Utility Vehicle,Disabling,N,Moving Constant Speed,2015-02-15 22:56,51,38.84555708,-76.89162612
Y,Apparently Normal,No Misuse,N,No Injury,7ccc51dc-aeb7-4955-b889-eb95fa678783,D,DA39060009,Shoulder/Lap Belt(s),F,976356d9-02e2-4c56-b6c4-ea34f03df9e5,Same Direction Sideswipe,N,Intersection Related,Left Turn Lane,Daylight,No Defects,"Two-way, Divided, Positive Median Barrier",Dry,Clear,Nine o'clock,School Bus,Functional,N,Moving Constant Speed,2015-02-24 14:09,58,38.85279305,-76.91162467
N,Apparently Normal,No Misuse,Y,No Injury,19fa510b-4638-42f6-814c-d1f845729e79,D,DA39060009,Shoulder/Lap Belt(s),F,1da560c1-0164-402e-8b22-1751dbdf679c,Same Direction Sideswipe,N,Intersection Related,Left Turn Lane,Daylight,No Defects,"Two-way, Divided, Positive Median Barrier",Dry,Clear,Two o'clock,Van,Functional,N,Moving Constant Speed,2015-02-24 14:09,53,38.85279305,-76.91162467
N,Apparently Normal,No Misuse,N,No Injury,e358166f-18fe-4e91-bfac-a4157189724c,D,DA3906000C,Shoulder/Lap Belt(s),F,bc3e9972-b6df-40f5-81bb-b8e06068497d,Same Direction Rear End,N,Non Intersection,Right Turn Lane,Dark - Unknown Lighting,No Defects,"Two-way, Not Divided",Dry,Clear,Six o'clock,Passenger Car,Functional,N,Slowing or Stopping,2015-03-20 22:32,61,38.86471908,-76.91546023
N,Apparently Normal,No Misuse,Y,No Injury,20f30fbd-d6f8-49b5-bd03-fd4b06b408b3,D,DA3906000C,Shoulder/Lap Belt(s),M,99ef46ed-ff2a-4b3a-aef4-225aebc3b5aa,Same Direction Rear End,N,Non Intersection,Right Turn Lane,Dark - Unknown Lighting,No Defects,"Two-way, Not Divided",Dry,Clear,One o'clock,Passenger Car,Functional,Y,Changing Lanes,2015-03-20 22:32,50,38.86471908,-76.91546023
N,Apparently Normal,No Misuse,N,No Injury,877f64e8-1f20-49bb-bf49-2fb34835ae5c,D,DA3906000D,Shoulder/Lap Belt(s),F,fe4d5313-3803-4fd4-aa39-9cf9a77d487e,Head On,N,Intersection Related,Right Turn Lane,Dark Lights On,No Defects,"Two-way, Divided, Positive Median Barrier",Dry,Clear,Twelve o'clock,Van,Functional,N,Stopped in Traffic Lane,2015-03-28 6:00,42,38.85292673,-76.90963984
N,Apparently Normal,No Misuse,N,No Injury,06c69539-cc93-43dc-bbe6-6a402b4c69f6,D,DA39110007,Shoulder/Lap Belt(s),F,853ad03e-91da-4c91-b23a-9e13caed0225,Same Direction Left Turn,N,Intersection,Left Turn Lane,Dark Lights On,No Defects,"Two-way, Divided, Positive Median Barrier",Dry,Clear,Three o'clock,Passenger Car,Functional,N,Stopped in Traffic Lane,2015-02-11 21:33,48,38.92789576,-76.89164758
N,Apparently Normal,No Misuse,Y,No Injury,cac92e12-bcf8-49fb-b2c7-d33f354219e6,D,DA39110007,Shoulder/Lap Belt(s),M,a2be0e12-2c43-4092-9ee2-8fdb6d46f1b4,Same Direction Left Turn,N,Intersection,Left Turn Lane,Dark Lights On,No Defects,"Two-way, Divided, Positive Median Barrier",Dry,Clear,Twelve o'clock,Passenger Car,Disabling,N,Moving Constant Speed,2015-02-11 21:33,23,38.92789576,-76.89164758
N,Apparently Normal,No Misuse,Y,No Injury,fe8ae28b-53e7-4437-ab36-326595ecd491,D,DA39120001,Shoulder/Lap Belt(s),F,d75019f1-5183-4387-a82f-5312a8acb10a,Same Movement Angle,N,Intersection,Left Turn Lane,Daylight,No Defects,"Two-way, Not Divided",Dry,Clear,Eleven o'clock,Passenger Car,Disabling,N,Making Left Turn,2015-02-28 13:08,20,38.8128273,-76.82486057
N,Apparently Normal,No Misuse,N,No Injury,a6b81ac7-f088-44fd-8613-423d012878cd,D,DA39120001,Shoulder/Lap Belt(s),M,611c35f4-0a6d-49fc-bca3-4e625b215013,Same Movement Angle,N,Intersection,Left Turn Lane,Daylight,No Defects,"Two-way, Not Divided",Dry,Clear,Twelve o'clock,Passenger Car,Disabling,N,Moving Constant Speed,2015-02-28 13:08,36,38.8128273,-76.82486057