CDL_FLAG,CONDITION_CODE,EQUIP_PROB_CODE,FAULT_FLAG,INJ_SEVER_CODE,PERSON_ID,PERSON_TYPE,REPORT_NO,SAF_EQUIP_CODE,SEX_CODE,VEHICLE_ID,COLLISION_TYPE_CODE,C_M_ZONE_FLAG,JUNCTION_CODE,LANE_CODE,LIGHT_CODE,RD_COND_CODE,RD_DIV_CODE,SURF_COND_CODE,WEATHER_CODE,AREA_DAMAGED_CODE_MAIN,BODY_TYPE_CODE,DAMAGE_CODE,HIT_AND_RUN_FLAG,MOVEMENT_CODE,TIME,AGE,LATITUDE,LONGITUDE
N,Apparently Normal,No Misuse,Y,No Injury,2073da4b-3fe0-4bdd-906d-93f746dd1026,D,DD5606001T,Shoulder/Lap Belt(s),M,9be235f1-2923-45d3-8850-bb9298a49598,Head On Left Turn,N,Intersection,Deceleration Lane,Daylight,No Defects,"Two-way, Divided, Positive Median Barrier",Dry,Clear,Two o'clock,Passenger Car,Disabling,N,Making Left Turn,2015-03-19 8:26,57,39.069835,-77.170085
N,Apparently Normal,No Misuse,Y,No Injury,585a55f6-f67e-40a9-99dc-775c5fb51f24,D,DE0164000K,Shoulder/Lap Belt(s),F,478f5d72-1ddf-409c-92c2-4010921d322b,Same Direction Rear End,N,Non Intersection,Left Turn Lane,Dark Lights On,No Defects,"Two-way, Divided, Positive Median Barrier",Dry,Clear,Twelve o'clock,"Other Light Trucks (10,000 lbs (4,536 kg))",Destroyed,N,Moving Constant Speed,2015-01-10 18:28,23,38.40356338,-75.5690074
N,Apparently Normal,No Misuse,N,No Injury,54e7c313-8266-427c-9e8f-863d87fefd71,D,DE0164000M,Shoulder/Lap Belt(s),F,c50a9937-e893-425f-a8ce-2c7e927a8796,Same Movement Angle,N,Intersection,Right Turn Lane,Daylight,No Defects,"Two-way, Not Divided",Dry,Clear,Four o'clock,Passenger Car,Functional,N,Moving Constant Speed,2015-01-15 11:40,40,38.35926644,-75.60500264
N,Apparently Normal,No Misuse,N,No Injury,3b0aa770-e718-47ea-b9a2-d8cb4bee79e6,D,DE01830001,Shoulder/Lap Belt(s),F,6a06a00c-2c7e-4dd9-af34-1cdd8962bde9,Same Direction Sideswipe,Y,Intersection Related,Right Turn Lane,Daylight,No Defects,"Two-way, Divided, Positive Median Barrier",Dry,Clear,Three o'clock,(Sport) Utility Vehicle,Functional,N,Moving Constant Speed,2015-03-19 15:15,25,38.36690491,-75.60691237
N,Apparently Normal,No Misuse,Y,No Injury,a69f7909-e140-45ff-ac28-68c759ef1f2c,D,DE01830001,Shoulder/Lap Belt(s),F,c997bafc-cc24-40c3-8d0f-7b4331f3e20f,Same Direction Sideswipe,Y,Intersection Related,Right Turn Lane,Daylight,No Defects,"Two-way, Divided, Positive Median Barrier",Dry,Clear,Nine o'clock,Passenger Car,Functional,Y,Changing Lanes,2015-03-19 15:15,24,38.36690491,-75.60691237
N,Apparently Normal,No Misuse,Y,No Injury,11ed706d-04b5-4504-ba60-0b9dbac74c75,D,DE0196001T,Shoulder/Lap Belt(s),F,28a1aabb-1fd6-4889-8062-23b05e6631fb,Same Movement Angle,N,Intersection,Right Turn Lane,Daylight,No Defects,"Two-way, Not Divided",Dry,Clear,Twelve o'clock,Passenger Car,Functional,N,Moving Constant Speed,2015-02-03 12:39,66,38.37221266,-75.58437109
N,Apparently Normal,No Misuse,N,No Injury,8ce36ad4-68ee-464c-93a2-78e663c31f1c,D,DE0196001T,Shoulder/Lap Belt(s),M,4231a5ad-3721-452a-b74b-25c8b7fb9131,Same Movement Angle,N,Intersection,Right Turn Lane,Daylight,No Defects,"Two-way, Not Divided",Dry,Clear,Nine o'clock,Passenger Car,Functional,N,Moving Constant Speed,2015-02-03 12:39,28,38.37221266,-75.58437109
N,Apparently Normal,No Misuse,Y,No Injury,1f3f9749-1a8d-47b0-8e1e-cc7e307197f5,D,DE1114000K,Shoulder/Lap Belt(s),F,b1867583-a860-4eca-ab3f-b9f174b027de,Same Direction Rear End Right Turn,N,Commercial Driveway,Left Turn Lane,Dark Lights On,No Defects,"Two-way, Divided, Unprotected (painted >4 feet) Median",Wet,Raining,Twelve o'clock,Passenger Car,Disabling,N,Slowing or Stopping,2015-01-18 16:41,26,38.36060468,-75.59714109
N,Apparently Normal,No Misuse,N,No Injury,eb3d6713-0688-44bf-b48b-4f8b1ed4406f,D,DE1114000N,Shoulder/Lap Belt(s),F,c988bf25-ed69-4b9e-b7d2-069acecc0e49,Opposite Direction Sideswipe,N,Non Intersection,Left Turn Lane,Dark Lights On,No Defects,"Two-way, Divided, Unprotected (painted >4 feet) Median",Dry,Clear,Seven o'clock,Passenger Car,Superficial,N,Moving Constant Speed,2015-02-13 18:05,27,38.36727432,-75.56606233
N,Apparently Normal,No Misuse,N,No Injury,c4bb394b-aedd-4c15-acb9-ee9d5ab9d973,D,DE11280008,Shoulder/Lap Belt(s),F,7c294101-5d61-4327-b855-1bb3f0ffa454,Same Direction Rear End,N,Intersection Related,Deceleration Lane,Daylight,No Defects,"Two-way, Divided, Positive Median Barrier",Dry,Clear,Six o'clock,Passenger Car,Superficial,N,Stopped in Traffic Lane,2015-01-08 15:52,48,38.40183137,-75.56953311
N,Apparently Normal,No Misuse,N,No Injury,0471594f-0da1-460c-84d8-6c398e0ae6f3,D,DE11280008,Shoulder/Lap Belt(s),M,c260328b-43b0-43d4-939b-5244b9b6030c,Same Direction Rear End,N,Intersection Related,Deceleration Lane,Daylight,No Defects,"Two-way, Divided, Positive Median Barrier",Dry,Clear,Six o'clock,Passenger Car,Superficial,N,Stopped in Traffic Lane,2015-01-08 15:52,79,38.40183137,-75.56953311
N,Apparently Normal,No Misuse,N,No Injury,8aaa37d0-5b56-4787-b35a-23c1863ca243,D,DE11280008,Shoulder/Lap Belt(s),M,7e329ba5-eb31-4aa9-8130-91f5d078596d,Same Direction Rear End,N,Intersection Related,Deceleration Lane,Daylight,No Defects,"Two-way, Divided, Positive Median Barrier",Dry,Clear,Six o'clock,"Cargo Van/Light Truck 2 axles (10,000 lbs (4,536 kg) or less)",Superficial,N,Stopped in Traffic Lane,2015-01-08 15:52,58,38.40183137,-75.56953311
Y,Apparently Normal,No Misuse,Y,No Injury,47ec4ce5-067c-4423-a687-7ca346eb6716,D,DE11280008,Shoulder/Lap Belt(s),M,c4231556-81d1-4b31-900e-b05890b5e023,Same Direction Rear End,N,Intersection Related,Deceleration Lane,Daylight,No Defects,"Two-way, Divided, Positive Median Barrier",Dry,Clear,Twelve o'clock,"Medium/Heavy Truck 2 axles (10,000 lbs (4,536 kg) or less)",Superficial,N,Slowing or Stopping,2015-01-08 15:52,23,38.40183137,-75.56953311
N,Apparently Normal,No Misuse,Y,No Injury,3b5b76b3-bed8-4b63-b283-9760567aa9ce,D,DE11310005,Shoulder/Lap Belt(s),F,3ac3715a-6121-4ea6-9e16-df846bbf1d25,Same Direction Right Turn,N,Intersection,Left Turn Lane,Daylight,No Defects,"Two-way, Not Divided with a Continuous Left Turn Lane",Ice,Clear,Four o'clock,Passenger Car,Functional,N,Making Right Turn,2015-02-20 10:15,49,38.36314676,-75.59941828
N,Apparently Normal,No Misuse,N,Non-incapacitating Injury,6354ed34-c498-43e4-bcdd-87dc136dccd6,D,DE11310005,Shoulder/Lap Belt(s),M,ff2ac407-3642-4611-a1e0-21a815172e9e,Same Direction Right Turn,N,Intersection,Left Turn Lane,Daylight,No Defects,"Two-way, Not Divided with a Continuous Left Turn Lane",Ice,Clear,Eleven o'clock,Pickup Truck,Superficial,N,Moving Constant Speed,2015-02-20 10:15,61,38.36314676,-75.59941828
N,Apparently Normal,No Misuse,Y,No Injury,604938d8-0639-4ea5-a3a1-a43e9f6dfd27,D,DE1190000B,Shoulder/Lap Belt(s),F,a55df416-0171-4239-8197-8824329dce28,Same Movement Angle,N,Intersection,Right Turn Lane,Dark Lights On,No Defects,"Two-way, Not Divided",Wet,Raining,Twelve o'clock,(Sport) Utility Vehicle,Functional,N,Moving Constant Speed,2015-01-26 17:27,30,38.36318672,-75.59619427
N,Apparently Normal,No Misuse,N,No Injury,a9d25f8a-d8a9-4870-a820-d2376db669ea,D,DE1193000D,Shoulder/Lap Belt(s),F,be0597e1-0bfe-4f0b-a769-7fb101729f83,Same Direction Rear End,N,Intersection,Right Turn Lane,Daylight,No Defects,"Two-way, Divided, Unprotected (painted >4 feet) Median",Wet,Cloudy,Six o'clock,Passenger Car,No Damage,N,Slowing or Stopping,2015-01-03 10:02,55,38.36065455,-75.59696674
N,Apparently Normal,No Misuse,Y,No Injury,5b56e2a0-b599-4f03-96f2-8318504b7828,D,DE1193000D,Shoulder/Lap Belt(s),F,489c973d-ee44-467b-8e52-de5b95d45be0,Same Direction Rear End,N,Intersection,Right Turn Lane,Daylight,No Defects,"Two-way, Divided, Unprotected (painted >4 feet) Median",Wet,Cloudy,Twelve o'clock,Passenger Car,Functional,N,Slowing or Stopping,2015-01-03 10:02,55,38.36065455,-75.59696674
N,Apparently Normal,No Misuse,Y,No Injury,ae08c700-eb06-4c5f-8713-df03584a3f38,D,DE1193000G,Shoulder/Lap Belt(s),F,0140c63d-ea03-497b-be4f-6881bc0b1767,Same Direction Both Left Turn,N,Intersection,Left Turn Lane,Dark Lights On,No Defects,"Two-way, Not Divided",Dry,Clear,Five o'clock,Passenger Car,Functional,N,Making Left Turn,2015-01-07 18:02,76,38.40998658,-75.56802034
N,Apparently Normal,No Misuse,N,No Injury,d317358e-806b-4860-b155-8c3494f3db8d,D,DE1193000G,Shoulder/Lap Belt(s),M,fd3eba59-4e47-434c-ba92-776505f17dda,Same Direction Both Left Turn,N,Intersection,Left Turn Lane,Dark Lights On,No Defects,"Two-way, Not Divided",Dry,Clear,Eleven o'clock,Pickup Truck,Superficial,N,Making Left Turn,2015-01-07 18:02,46,38.40998658,-75.56802034
N,Apparently Normal,No Misuse,N,No Injury,9daaaff0-9067-4632-8562-e2bb44623c52,D,DE1193000M,Shoulder/Lap Belt(s),F,1d499f51-e45c-4d00-b0f0-7fb6ed0bcc63,Head On Left Turn,N,Intersection,Right Turn Lane,Daylight,No Defects,"Two-way, Not Divided",Dry,Clear,Twelve o'clock,Passenger Car,Superficial,N,Accelerating,2015-03-19 11:27,74,38.34778198,-75.5820322
N,Apparently Normal,No Misuse,Y,No Injury,a6d68e8c-8f4b-4e70-94d5-085b57cc0844,D,DE1193000N,Shoulder/Lap Belt(s),F,1c5469c7-2af7-4815-9105-3995113d8b1c,Same Direction Rear End,N,Commercial Driveway,Right Turn Lane,Daylight,No Defects,"Two-way, Divided, Unprotected (painted >4 feet) Median",Dry,Clear,Twelve o'clock,Passenger Car,Destroyed,N,Slowing or Stopping,2015-03-19 14:39,67,38.34778198,-75.58267593
N,Apparently Normal,No Misuse,N,No Injury,fa55105b-46be-471e-9860-d7962936c468,D,DE1193000N,Shoulder/Lap Belt(s),M,536ebbf0-73e8-4b55-9927-71f2e1c36a17,Same Direction Rear End,N,Commercial Driveway,Right Turn Lane,Daylight,No Defects,"Two-way, Divided, Unprotected (painted >4 feet) Median",Dry,Clear,Six o'clock,Passenger Car,Superficial,N,Slowing or Stopping,2015-03-19 14:39,18,38.34778198,-75.58267593
N,Apparently Normal,No Misuse,Y,No Injury,789b66be-852f-47f1-893e-ce306b3b6ca8,D,DE1193000N,Shoulder/Lap Belt(s),M,06bae9cf-2573-4819-83bf-279e8a9d23b4,Same Direction Rear End,N,Commercial Driveway,Right Turn Lane,Daylight,No Defects,"Two-way, Divided, Unprotected (painted >4 feet) Median",Dry,Clear,Twelve o'clock,Van,Destroyed,N,Moving Constant Speed,2015-03-19 14:39,79,38.34778198,-75.58267593
N,Apparently Normal,No Misuse,N,Possible Incapacitating Injury,9b8ad249-e52d-48bf-8e9a-04e404dec449,D,DE1193000P,Shoulder/Lap Belt(s),F,e6b37e93-ae8c-4c65-a9e9-7926a0cad8b5,Same Direction Rear End,N,Intersection,Left Turn Lane,Daylight,No Defects,"Two-way, Not Divided",Dry,Clear,Six o'clock,Passenger Car,Superficial,N,Stopped in Traffic Lane,2015-03-19 17:34,78,38.36028439,-75.59548616
N,Apparently Normal,No Misuse,N,No Injury,e12d8a86-d443-40bd-9e2a-4b1274acb80b,D,DE21520008,Shoulder/Lap Belt(s),F,bc6b65b5-ad5e-4795-a9ce-f00af7fbe0d4,Same Movement Angle,N,Non Intersection,Right Turn Lane,Daylight,No Defects,"Two-way, Not Divided",Dry,Clear,Twelve o'clock,Passenger Car,Superficial,N,Moving Constant Speed,2015-01-06 8:14,28,38.35514823,-75.58824956
N,Apparently Normal,No Misuse,Y,No Injury,c236d3f9-f420-4d9d-a0e4-5074f9531290,D,DE21520008,Shoulder/Lap Belt(s),F,6dbef4b8-b297-4a26-bcd8-7c51d4436176,Same Movement Angle,N,Non Intersection,Right Turn Lane,Daylight,No Defects,"Two-way, Not Divided",Dry,Clear,Twelve o'clock,Passenger Car,Superficial,N,Starting From Lane,2015-01-06 8:14,35,38.35514823,-75.58824956
N,Apparently Normal,No Misuse,N,No Injury,4f115942-3995-42e7-899d-9ee7bb281ad8,D,DE21580005,Shoulder/Lap Belt(s),F,6af85a59-d227-49b8-a2c4-10b51b650129,Same Movement Angle,N,Intersection Related,Right Turn Lane,Daylight,No Defects,"Two-way, Divided, Positive Median Barrier",Dry,Cloudy,Twelve o'clock,Passenger Car,Functional,N,Moving Constant Speed,2015-01-20 14:39,64,38.36904993,-75.58104515
N,Apparently Normal,No Misuse,Y,Possible Incapacitating Injury,08b92698-789b-4fab-873a-dd39a5f495aa,D,DE21580005,Shoulder/Lap Belt(s),M,bcec5dde-297d-4581-a294-c4e9208524ad,Same Movement Angle,N,Intersection Related,Right Turn Lane,Daylight,No Defects,"Two-way, Divided, Positive Median Barrier",Dry,Cloudy,Two o'clock,(Sport) Utility Vehicle,Functional,N,Moving Constant Speed,2015-01-20 14:39,69,38.36904993,-75.58104515
N,Apparently Normal,No Misuse,N,No Injury,e67c1cb3-fb39-4130-9d42-c65df2f68d89,D,DE21580006,Shoulder/Lap Belt(s),F,43c23d4e-9ef5-4766-9eb6-76ce98837d50,Head On Left Turn,N,Intersection,Left Turn Lane,Dark Lights On,No Defects,"Two-way, Not Divided",Dry,Clear,Eleven o'clock,(Sport) Utility Vehicle,Superficial,N,Moving Constant Speed,2015-02-06 18:36,50,38.34843828,-75.60121536
N,Apparently Normal,No Misuse,Y,No Injury,974b300b-527c-4d6d-872d-a5f6e9365222,D,DE21580006,Shoulder/Lap Belt(s),F,421dd76e-7962-4db4-905f-63cdafbb2576,Head On Left Turn,N,Intersection,Left Turn Lane,Dark Lights On,No Defects,"Two-way, Not Divided",Dry,Clear,Twelve o'clock,Passenger Car,Disabling,N,Making Left Turn,2015-02-06 18:36,17,38.34843828,-75.60121536
N,Apparently Normal,No Misuse,Y,No Injury,84cf5c95-60e6-4d36-8fb6-fcb33088f374,D,DE2182000F,Shoulder/Lap Belt(s),F,301d4a6d-16ea-4f99-9aa9-10a83e032217,Same Direction Rear End,N,Intersection Related,Right Turn Lane,Daylight,No Defects,"Two-way, Not Divided",Dry,Clear,Twelve o'clock,(Sport) Utility Vehicle,Superficial,N,Slowing or Stopping,2015-01-28 14:08,38,38.36902206,-75.61617672
N,Apparently Normal,No Misuse,N,Non-incapacitating Injury,044ba28a-984e-48ca-ba8f-dd0a61928fe4,D,DE2182000F,Shoulder/Lap Belt(s),F,1907e747-4fa2-4b72-93ee-6f7699e19c5c,Same Direction Rear End,N,Intersection Related,Right Turn Lane,Daylight,No Defects,"Two-way, Not Divided",Dry,Clear,Six o'clock,(Sport) Utility Vehicle,Superficial,N,Stopped in Traffic Lane,2015-01-28 14:08,25,38.36902206,-75.61617672
N,Apparently Normal,No Misuse,Y,No Injury,1e3ab9e8-623c-4a76-9587-cb46b8200996,D,DE2182000G,Shoulder/Lap Belt(s),F,1bf45dd7-95d5-44e6-9679-27b4cdc87741,Same Movement Angle,N,Intersection,Left Turn Lane,Daylight,No Defects,"Two-way, Divided, Positive Median Barrier",Dry,Clear,One o'clock,Passenger Car,Disabling,N,Accelerating,2015-01-28 15:13,17,38.36790172,-75.58817714
N,Apparently Normal,No Misuse,N,Non-incapacitating Injury,68af3882-fa0e-4103-bca0-03b43574fe09,D,DE2182000G,Shoulder/Lap Belt(s),F,6e9040b8-b767-4f74-8add-4bcee1e48613,Same Movement Angle,N,Intersection,Left Turn Lane,Daylight,No Defects,"Two-way, Divided, Positive Median Barrier",Dry,Clear,Eleven o'clock,Passenger Car,Disabling,N,Moving Constant Speed,2015-01-28 15:13,31,38.36790172,-75.58817714
N,Apparently Normal,No Misuse,Y,No Injury,73e8a6ad-339d-4ce9-baba-612abe316623,D,DE2182000L,Shoulder/Lap Belt(s),F,9b00a620-533d-4d26-8c34-07d8295931e4,Same Direction Rear End,N,Intersection,Right Turn Lane,Dawn,No Defects,"Two-way, Not Divided",Wet,Raining,Six o'clock,(Sport) Utility Vehicle,No Damage,N,Stopped in Traffic Lane,2015-03-30 7:45,62,38.36952414,-75.61435148
N,Apparently Normal,No Misuse,N,No Injury,cc527613-caed-4eb7-aff1-e2ec2d57604b,D,DE2182000L,Shoulder/Lap Belt(s),M,04bb3c1b-d2e8-48f3-9a2c-933919f02f85,Same Direction Rear End,N,Intersection,Right Turn Lane,Dawn,No Defects,"Two-way, Not Divided",Wet,Raining,Twelve o'clock,School Bus,No Damage,N,Stopped in Traffic Lane,2015-03-30 7:45,71,38.36952414,-75.61435148
N,Apparently Normal,No Misuse,Y,No Injury,9755f221-a377-451f-82f4-b70d35a6bafb,D,DE2184000G,Shoulder/Lap Belt(s),F,230792e3-2a35-4671-9673-36af478abc8e,Single Vehicle ,N,Intersection,Right Turn Lane,Dusk,No Defects,"Two-way, Not Divided",Ice,Clear,Twelve o'clock,Passenger Car,Functional,N,Skidding,2015-02-20 17:40,26,38.34979294,-75.59197783
N,Apparently Normal,No Misuse,Y,No Injury,0a781ce4-153e-484b-b8e3-2f60ebfb0bb4,D,DE21890005,Shoulder/Lap Belt(s),F,30ae73f3-78ef-4503-93ae-3906c26b75e3,Same Direction Rear End,N,Intersection Related,Acceleration Lane,Daylight,No Defects,"Two-way, Not Divided",Dry,Clear,Twelve o'clock,Passenger Car,Disabling,N,Moving Constant Speed,2015-01-30 16:26,21,38.36294276,-75.59623718
N,Apparently Normal,No Misuse,N,No Injury,63b41728-eeb4-4aeb-a961-4419a3b4e68f,D,DE21890005,Shoulder/Lap Belt(s),M,98e2658c-ba88-41ff-8bc4-defda7680a06,Same Direction Rear End,N,Intersection Related,Acceleration Lane,Daylight,No Defects,"Two-way, Not Divided",Dry,Clear,Six o'clock,Passenger Car,Superficial,N,Stopped in Traffic Lane,2015-01-30 16:26,51,38.36294276,-75.59623718
N,Apparently Normal,No Misuse,Y,No Injury,f50c3ee5-fda9-4f9b-a212-c830dcfb2169,D,DE3111000K,Shoulder/Lap Belt(s),F,1062b309-ab8e-4ae5-b26c-318603c26b64,Same Movement Angle,N,Intersection,Right Turn Lane,Daylight,No Defects,"Two-way, Not Divided",Dry,Clear,Twelve o'clock,Passenger Car,Disabling,N,Moving Constant Speed,2015-01-17 9:27,80,38.36641491,-75.56640029
N,Apparently Normal,No Misuse,N,Possible Incapacitating Injury,df0249da-73ae-4575-911f-2eca652a469f,D,DE3111000K,Shoulder/Lap Belt(s),F,4dc6801c-cb39-4551-871e-c14b8c5e5791,Same Movement Angle,N,Intersection,Right Turn Lane,Daylight,No Defects,"Two-way, Not Divided",Dry,Clear,Three o'clock,Passenger Car,Disabling,N,Accelerating,2015-01-17 9:27,43,38.36641491,-75.56640029
N,Apparently Normal,No Misuse,N,No Injury,57537226-83e7-42d2-b1e3-c1e830b9be88,D,DE31130009,Shoulder/Lap Belt(s),F,27599f53-d52b-451a-b43d-7cad76d1876a,Head On Left Turn,N,Non Intersection,Right Turn Lane,Daylight,"Holes, Ruts, Etc.","Two-way, Not Divided",Wet,Raining,One o'clock,Pickup Truck,Superficial,N,Moving Constant Speed,2015-03-04 12:36,50,38.36360734,-75.61141849
N,Apparently Normal,No Misuse,Y,No Injury,0db34924-c38b-4203-a711-d38131255ec0,D,DE31130009,Shoulder/Lap Belt(s),M,3725c5e6-feb8-4c23-a696-f6561c9bc592,Head On Left Turn,N,Non Intersection,Right Turn Lane,Daylight,"Holes, Ruts, Etc.","Two-way, Not Divided",Wet,Raining,Two o'clock,(Sport) Utility Vehicle,Functional,N,Moving Constant Speed,2015-03-04 12:36,60,38.36360734,-75.61141849
N,Apparently Normal,No Misuse,N,No Injury,90373ca0-abc4-4ebe-a43a-83ccb0cab677,D,DE3115000K,Shoulder/Lap Belt(s),F,633a627f-a794-4045-88a7-c5914a171a12,Same Movement Angle,N,Intersection,Left Turn Lane,Dark Lights On,No Defects,"Two-way, Not Divided",Wet,Raining,Twelve o'clock,Passenger Car,Disabling,N,Moving Constant Speed,2015-01-12 18:38,21,38.36317831,-75.59610844
N,Apparently Normal,No Misuse,Y,Possible Incapacitating Injury,9e656964-7cdd-4620-865b-7ef7791dc20c,D,DE3115000K,Shoulder/Lap Belt(s),F,78c4e898-b5b2-4ac8-a03a-8577fc4783d3,Same Movement Angle,N,Intersection,Left Turn Lane,Dark Lights On,No Defects,"Two-way, Not Divided",Wet,Raining,Two o'clock,Passenger Car,Disabling,N,Making Left Turn,2015-01-12 18:38,44,38.36317831,-75.59610844
N,Apparently Normal,No Misuse,Y,No Injury,b83abcf6-b578-44f0-99f7-bcd60b9bd12b,D,DE3115000L,Shoulder/Lap Belt(s),F,b28700f1-a380-48aa-915e-79f625935b12,Same Direction Sideswipe,N,Intersection Related,Right Turn Lane,Dark Lights On,No Defects,"Two-way, Divided, Positive Median Barrier",Dry,Clear,Twelve o'clock,Station Wagon,Disabling,N,Changing Lanes,2015-02-14 19:38,52,38.40985207,-75.56784868
N,Apparently Normal,No Misuse,N,No Injury,43c8d46b-13ad-46e0-941e-66fad752a0e9,D,DE3115000L,Shoulder/Lap Belt(s),M,4f942687-4e3c-4911-a358-dfbcb4288f9d,Same Direction Sideswipe,N,Intersection Related,Right Turn Lane,Dark Lights On,No Defects,"Two-way, Divided, Positive Median Barrier",Dry,Clear,Six o'clock,(Sport) Utility Vehicle,Superficial,N,Stopped in Traffic Lane,2015-02-14 19:38,51,38.40985207,-75.56784868
N,Apparently Normal,No Misuse,N,No Injury,bf5d425c-bf62-4540-bbb6-17df9bf0d54b,D,DE3115000L,Shoulder/Lap Belt(s),M,80d6141d-52cd-43e6-9bea-52228481f342,Same Direction Sideswipe,N,Intersection Related,Right Turn Lane,Dark Lights On,No Defects,"Two-way, Divided, Positive Median Barrier",Dry,Clear,Six o'clock,Passenger Car,Disabling,N,Stopped in Traffic Lane,2015-02-14 19:38,21,38.40985207,-75.56784868
N,Apparently Normal,No Misuse,Y,No Injury,7046c00c-0c01-4d03-8a36-651cf9d5651e,D,DE3160000R,Shoulder/Lap Belt(s),F,e6241eb5-4be4-420f-a3b9-bfaf804c83e1,Same Direction Rear End,N,Intersection,Right Turn Lane,Daylight,No Defects,"Two-way, Not Divided",Dry,Clear,Twelve o'clock,Passenger Car,Superficial,N,Right Turn on Red,2015-01-02 7:36,49,38.36583658,-75.59552908
N,Apparently Normal,No Misuse,Y,No Injury,3fa1c5de-0837-4b87-8c7f-6aa1bffd8cda,D,DE3160000T,Shoulder/Lap Belt(s),F,61e73e31-8a7e-4b19-a81a-2eeb1548bb50,Same Direction Rear End,N,Intersection,Left Turn Lane,Daylight,No Defects,"Two-way, Not Divided",Dry,Clear,Twelve o'clock,Van,Superficial,N,Slowing or Stopping,2015-01-27 13:57,26,38.34860657,-75.60206831
N,Apparently Normal,No Misuse,N,Possible Incapacitating Injury,b876f4d0-5196-437f-a79a-8fe22fa35a07,D,DE3160000T,Shoulder/Lap Belt(s),F,65ea1a63-684e-4403-b6fa-bafceb8c61a6,Same Direction Rear End,N,Intersection,Left Turn Lane,Daylight,No Defects,"Two-way, Not Divided",Dry,Clear,Six o'clock,Passenger Car,Superficial,N,Slowing or Stopping,2015-01-27 13:57,25,38.34860657,-75.60206831
N,Apparently Normal,No Misuse,N,No Injury,d89e065d-e0a2-45da-ac1d-777b06064770,D,DE3160000V,Shoulder/Lap Belt(s),F,b003e0bb-89f8-4f74-922e-fa228e7333c3,Single Vehicle ,N,Non Intersection,Right Turn Lane,Dark Lights On,No Defects,"Two-way, Not Divided",Wet,Raining,Twelve o'clock,Passenger Car,No Damage,N,Moving Constant Speed,2015-02-10 1:52,24,38.36920134,-75.60945913
N,Apparently Normal,No Misuse,N,No Injury,09e9b517-ac41-4a1c-810c-c9eae411fd24,D,DE31770009,Shoulder/Lap Belt(s),F,671d3619-f9c4-487e-b763-868009322e55,Same Direction Sideswipe,N,Intersection Related,Right Turn Lane,Daylight,No Defects,"Two-way, Not Divided",Dry,Clear,Six o'clock,Passenger Car,Superficial,N,Stopped in Traffic Lane,2015-02-24 12:37,81,38.36769773,-75.61762378
N,Apparently Normal,No Misuse,Y,No Injury,7ccc4b5e-9f9d-41da-817c-c9254fc7b099,D,DE31770009,Shoulder/Lap Belt(s),M,95a4d9c2-b412-4fd0-9b8a-f10f3b7b68f2,Same Direction Sideswipe,N,Intersection Related,Right Turn Lane,Daylight,No Defects,"Two-way, Not Divided",Dry,Clear,Twelve o'clock,Pickup Truck,Superficial,N,Slowing or Stopping,2015-02-24 12:37,73,38.36769773,-75.61762378
N,Apparently Normal,No Misuse,N,No Injury,634dfdb5-5ea8-41f1-b5f5-788335078529,D,DE41270005,Shoulder/Lap Belt(s),F,dd60e525-ce81-4553-9dbb-d84e2678151d,Same Movement Angle,N,Intersection,Right Turn Lane,Daylight,No Defects,"Two-way, Not Divided",Dry,Clear,Four o'clock,Passenger Car,Functional,N,Moving Constant Speed,2015-02-11 12:41,31,38.3630353,-75.59487462
N,Apparently Normal,No Misuse,Y,No Injury,30c238f3-2d63-4d7c-99e7-a86e203e0547,D,DE41270005,Shoulder/Lap Belt(s),F,123f9bc1-c6ad-4630-a197-a3c94c2177c1,Same Movement Angle,N,Intersection,Right Turn Lane,Daylight,No Defects,"Two-way, Not Divided",Dry,Clear,Twelve o'clock,Passenger Car,Disabling,N,Starting From Lane,2015-02-11 12:41,22,38.3630353,-75.59487462
N,Apparently Normal,No Misuse,Y,No Injury,c030cf00-8099-4227-9502-1444e7fc019d,D,DE41270005,Shoulder/Lap Belt(s),M,a8c1f2d6-a364-4e87-85af-c9cc27369833,Same Movement Angle,N,Intersection,Right Turn Lane,Daylight,No Defects,"Two-way, Not Divided",Dry,Clear,Twelve o'clock,Passenger Car,Superficial,N,Starting From Lane,2015-02-11 12:41,20,38.3630353,-75.59487462
N,Apparently Normal,No Misuse,N,No Injury,4f200893-e248-4a29-8668-8ebb5b4ce793,D,DE41270007,Shoulder/Lap Belt(s),F,13934e81-2f8f-42cf-be21-3d6548476de8,Same Movement Angle,N,Intersection,Acceleration Lane,Dark Lights On,No Defects,"Two-way, Divided, Unprotected (painted >4 feet) Median",Wet,Raining,Seven o'clock,Passenger Car,Disabling,N,Making Left Turn,2015-02-21 20:53,32,38.41598469,-75.56607306
N,Apparently Normal,No Misuse,Y,No Injury,5820d48f-2d1c-4ac5-835a-726837b56abb,D,DE41270007,Shoulder/Lap Belt(s),M,ec576917-460e-42ea-a41b-4c4ffc7d6b41,Same Movement Angle,N,Intersection,Acceleration Lane,Dark Lights On,No Defects,"Two-way, Divided, Unprotected (painted >4 feet) Median",Wet,Raining,Twelve o'clock,Pickup Truck,Functional,N,Moving Constant Speed,2015-02-21 20:53,19,38.41598469,-75.56607306