CDL_FLAG,CONDITION_CODE,EQUIP_PROB_CODE,FAULT_FLAG,INJ_SEVER_CODE,PERSON_ID,PERSON_TYPE,REPORT_NO,SAF_EQUIP_CODE,SEX_CODE,VEHICLE_ID,COLLISION_TYPE_CODE,C_M_ZONE_FLAG,JUNCTION_CODE,LANE_CODE,LIGHT_CODE,RD_COND_CODE,RD_DIV_CODE,SURF_COND_CODE,WEATHER_CODE,AREA_DAMAGED_CODE_MAIN,BODY_TYPE_CODE,DAMAGE_CODE,HIT_AND_RUN_FLAG,MOVEMENT_CODE,TIME,AGE,LATITUDE,LONGITUDE
N,Apparently Normal,No Misuse,N,No Injury,c96b50c5-9af0-4965-9fee-05c5a0328d6a,D,DE4147000R,Shoulder/Lap Belt(s),F,5000c81c-354a-4ac7-b86b-34793785c988,Head On,N,Intersection,Left Turn Lane,Dark Lights On,No Defects,"Two-way, Divided, Positive Median Barrier",Dry,Clear,Eleven o'clock,Passenger Car,Functional,N,Moving Constant Speed,2015-03-06 23:13,66,38.37332295,-75.61645031
Y,Apparently Normal,No Misuse,Y,No Injury,d70cfa44-e7c8-4066-844a-c2973167fa36,D,DE4147000R,Shoulder/Lap Belt(s),M,68347f85-5f5b-492a-89d6-1b3a1841b229,Head On,N,Intersection,Left Turn Lane,Dark Lights On,No Defects,"Two-way, Divided, Positive Median Barrier",Dry,Clear,Eleven o'clock,Passenger Car,Functional,N,Moving Constant Speed,2015-03-06 23:13,27,38.37332295,-75.61645031
N,Apparently Normal,No Misuse,Y,No Injury,846f5b1c-4399-457a-981d-bb80a4c98a57,D,DE4147000T,Shoulder/Lap Belt(s),F,b77d8dd9-b263-4d38-9c1a-68bd7acfdc96,Angle Meets Left Turn,N,Intersection,Acceleration Lane,Daylight,No Defects,"Two-way, Divided, Positive Median Barrier",Dry,Clear,One o'clock,(Sport) Utility Vehicle,Functional,N,Making Left Turn,2015-03-21 14:09,31,38.41234469,-75.56747854
N,Apparently Normal,No Misuse,N,No Injury,766b014d-f54b-4ed8-a710-41c4a8eb3e1c,D,DE4197000H,Shoulder/Lap Belt(s),F,8df7e5ab-beee-4068-ae27-63f8cd5ee1d8,Same Direction Left Turn,N,Intersection Related,Right Turn Lane,Daylight,No Defects,"Two-way, Not Divided",Dry,Clear,Two o'clock,(Sport) Utility Vehicle,Functional,N,Accelerating,2015-02-28 14:24,53,38.36719933,-75.59552908
N,Apparently Normal,No Misuse,Y,No Injury,49bcb23a-1233-4a26-a766-b48111ae06c0,D,DE4197000H,Shoulder/Lap Belt(s),F,099b8841-e5b5-481c-aeef-abe531f6277d,Same Direction Left Turn,N,Intersection Related,Right Turn Lane,Daylight,No Defects,"Two-way, Not Divided",Dry,Clear,Ten o'clock,Passenger Car,Functional,N,Changing Lanes,2015-02-28 14:24,26,38.36719933,-75.59552908
N,Apparently Normal,No Misuse,N,No Injury,ba58f111-1f64-4df4-86af-e14d0e588414,D,DE5121000Q,Shoulder/Lap Belt(s),F,57b1e153-e485-4d90-bef0-e28e11b662c7,Same Direction Rear End,N,Intersection Related,Right Turn Lane,Daylight,No Defects,"Two-way, Not Divided",Dry,Clear,Six o'clock,(Sport) Utility Vehicle,Superficial,N,Stopped in Traffic Lane,2015-01-11 16:05,39,38.40966712,-75.57076693
N,Apparently Normal,No Misuse,N,No Injury,26c7645d-d75e-4de9-a234-13fb3170e853,D,DE5121000S,Shoulder/Lap Belt(s),F,97731824-bae5-4855-b3b9-95776e56a568,Same Direction Rear End,N,Intersection Related,Right Turn Lane,Dark Lights On,No Defects,"Two-way, Not Divided",Wet,Clear,Six o'clock,Passenger Car,Functional,N,Accelerating,2015-01-24 19:44,46,38.35298176,-75.5975461
N,Apparently Normal,No Misuse,Y,No Injury,5b9bf36b-6cb6-428c-88d7-a6feb7177413,D,DE5121000S,Shoulder/Lap Belt(s),M,db14bb1b-b48a-4d90-8f1f-ed1c57120cf9,Same Direction Rear End,N,Intersection Related,Right Turn Lane,Dark Lights On,No Defects,"Two-way, Not Divided",Wet,Clear,Twelve o'clock,(Sport) Utility Vehicle,Functional,Y,Moving Constant Speed,2015-01-24 19:44,22,38.35298176,-75.5975461
N,Apparently Normal,No Misuse,N,No Injury,8fc63275-755e-4b0c-94ee-b1fe6e14972a,D,DE5121000T,Shoulder/Lap Belt(s),F,a59c0f1c-3cd4-4498-8c38-0779bb67fbca,Single Vehicle ,N,Non Intersection,Right Turn Lane,Daylight,No Defects,"Two-way, Not Divided",Dry,Clear,Four o'clock,Passenger Car,Superficial,N,Slowing or Stopping,2015-02-07 12:28,56,38.36939481,-75.5923748
N,Apparently Normal,No Misuse,Y,No Injury,2265d545-c2cb-4fe3-afed-45fb511ed507,D,DE5121000X,Shoulder/Lap Belt(s),F,7fa5f901-85de-4bfa-853b-6e2565b6ccd5,Same Movement Angle,N,Intersection Related,Right Turn Lane,Dark Lights On,No Defects,"Two-way, Divided, Positive Median Barrier",Wet,Clear,Twelve o'clock,Van,Functional,N,Slowing or Stopping,2015-02-20 17:51,62,38.36617306,-75.54772139
N,Apparently Normal,No Misuse,N,Non-incapacitating Injury,fa8879fd-2f29-4d37-9980-55ec699f2d85,D,DE5121000X,Shoulder/Lap Belt(s),M,e7eef4cb-0192-4a4c-9faa-48e750554ca6,Same Movement Angle,N,Intersection Related,Right Turn Lane,Dark Lights On,No Defects,"Two-way, Divided, Positive Median Barrier",Wet,Clear,Two o'clock,Passenger Car,Disabling,N,Making Left Turn,2015-02-20 17:51,61,38.36617306,-75.54772139
N,Apparently Normal,No Misuse,N,No Injury,16037365-7b38-4db8-b533-ae81ec7b8e94,D,DE5121000Z,Shoulder/Lap Belt(s),F,d1f6eae1-8701-4138-87c1-c8523ae3bcce,Same Movement Angle,N,Intersection Related,Right Turn Lane,Daylight,No Defects,"Two-way, Not Divided",Wet,Cloudy,One o'clock,Pickup Truck,Disabling,N,Accelerating,2015-03-02 8:16,67,38.35359595,-75.60102761
N,Apparently Normal,No Misuse,Y,No Injury,35ebbf91-5c97-49db-9d8e-b693ab8d0f48,D,DM83780005,Shoulder/Lap Belt(s),F,d50db3ed-251d-456e-b99f-08bce6536336,Same Movement Angle,N,Intersection,Right Turn Lane,Daylight,No Defects,"Two-way, Not Divided",Wet,Raining,Two o'clock,"Cargo Van/Light Truck 2 axles (10,000 lbs (4,536 kg) or less)",Superficial,N,Accelerating,2015-03-26 9:18,32,38.98212667,-77.00316833
N,Apparently Normal,No Misuse,Y,No Injury,756f453c-f9af-4c40-83fe-6054b65a49c4,D,DM8388000F,Shoulder/Lap Belt(s),F,19c5169e-e04f-483f-82d9-191dd4c85cf9,Same Direction Sideswipe,N,Intersection,Right Turn Lane,Daylight,No Defects,"Two-way, Not Divided",Wet,Raining,Two o'clock,Van,Superficial,N,Passing,2015-01-18 12:39,60,38.97495779,-77.01164961
N,Apparently Normal,No Misuse,Y,No Injury,6613c0d1-d0a3-4b11-a0c6-6de3e5bdb477,D,DM8437000D,Shoulder/Lap Belt(s),F,2cc0f14a-2454-47bc-8f1a-571df991a3fb,Single Vehicle ,N,Non Intersection,Right Turn Lane,Dark Lights On,No Defects,"Two-way, Not Divided",Wet,Raining,Twelve o'clock,Passenger Car,Disabling,N,Moving Constant Speed,2015-03-30 5:00,27,38.982025,-77.02108667
N,Apparently Normal,No Misuse,N,No Injury,e7e9a51c-119e-4fbf-9943-810bb00fcdec,D,DM8447000D,Shoulder/Lap Belt(s),F,8e2dda91-e50a-48e8-a9fe-d2dd316d376f,Same Direction Rear End,N,Intersection Related,Acceleration Lane,Dawn,No Defects,"Two-way, Divided, Unprotected (painted >4 feet) Median",Wet,Clear,Six o'clock,Passenger Car,Superficial,N,Slowing or Stopping,2015-02-10 6:27,37,38.981349,-76.988765
N,Apparently Normal,No Misuse,N,No Injury,f2d094a8-f452-426c-94cf-769db65c4a62,D,DP02390004,Shoulder/Lap Belt(s),F,4f3874bf-1e2d-4cc0-a7cc-d69f51f6e6b4,Same Movement Angle,N,Intersection,Right Turn Lane,Daylight,No Defects,"Two-way, Not Divided",Wet,Raining,Four o'clock,Passenger Car,Functional,N,Moving Constant Speed,2015-03-14 16:30,38,39.62453216,-77.42101908
N,Apparently Normal,No Misuse,N,No Injury,15a85e35-a299-43b5-86c1-85034bb93c32,D,DS0330000B,Shoulder/Lap Belt(s),F,0b9eb91e-27fc-4814-b95b-3e29126ff736,Opposite Direction Sideswipe,N,Intersection,Right Turn Lane,Daylight,No Defects,"Two-way, Not Divided",Dry,Clear,Eleven o'clock,Passenger Car,Superficial,N,Slowing or Stopping,2015-03-24 15:35,26,38.9935533,-76.93997294
N,Apparently Normal,No Misuse,Y,No Injury,0699dfd6-c08d-4aa0-9493-55dac558a460,D,DS0330000B,Shoulder/Lap Belt(s),M,a254b94a-2e8c-4bba-bcb4-af6705640ff3,Opposite Direction Sideswipe,N,Intersection,Right Turn Lane,Daylight,No Defects,"Two-way, Not Divided",Dry,Clear,Nine o'clock,Transit Bus,Superficial,N,Making Left Turn,2015-03-24 15:35,27,38.9935533,-76.93997294
N,Apparently Normal,No Misuse,N,No Injury,bebcd133-6aa4-4e3c-84c2-fef42b82d42a,D,DV01050004,Shoulder/Lap Belt(s),F,3cd861ea-a17a-4b88-b3b5-39889ea86ee1,Same Direction Rear End,N,Intersection,Right Turn Lane,Daylight,No Defects,"Two-way, Not Divided",Wet,Clear,Six o'clock,Passenger Car,Functional,N,Stopped in Traffic Lane,2015-01-22 15:38,26,39.60276194,-76.99856043
N,Apparently Normal,No Misuse,N,No Injury,a18d61ec-79ab-4a33-83f0-cd9274776961,D,DV01050004,Shoulder/Lap Belt(s),M,07bc3c02-d7d8-447b-967b-557d799e0cff,Same Direction Rear End,N,Intersection,Right Turn Lane,Daylight,No Defects,"Two-way, Not Divided",Wet,Clear,Six o'clock,(Sport) Utility Vehicle,Disabling,N,Stopped in Traffic Lane,2015-01-22 15:38,58,39.60276194,-76.99856043
N,Apparently Normal,No Misuse,Y,No Injury,759bc2c0-131c-4cb9-a66c-910e7aae23d6,D,DV01050004,Shoulder/Lap Belt(s),M,18f69c7b-11dc-4a7c-8ee5-37b0b360c5a3,Same Direction Rear End,N,Intersection,Right Turn Lane,Daylight,No Defects,"Two-way, Not Divided",Wet,Clear,Twelve o'clock,Pickup Truck,Functional,N,Slowing or Stopping,2015-01-22 15:38,69,39.60276194,-76.99856043
N,Apparently Normal,No Misuse,Y,No Injury,c09f8b8a-59a4-4f4f-8824-43402db0d2fe,D,DV01250007,Shoulder/Lap Belt(s),F,cb46fca1-0971-4030-9272-eb71ecaa6ffd,Same Direction Rear End,N,Non Intersection,Acceleration Lane,Daylight,No Defects,"Two-way, Divided, Positive Median Barrier",Wet,Cloudy,Twelve o'clock,Passenger Car,Functional,N,Slowing or Stopping,2015-03-26 12:30,71,39.5739228,-76.98448956
N,Apparently Normal,No Misuse,N,Non-incapacitating Injury,86cdc3c3-dd18-4fbc-8986-2660b8575419,D,DV01250007,Shoulder/Lap Belt(s),F,12525682-6711-42f2-a8bd-49a48bde3e33,Same Direction Rear End,N,Non Intersection,Acceleration Lane,Daylight,No Defects,"Two-way, Divided, Positive Median Barrier",Wet,Cloudy,Six o'clock,Passenger Car,Functional,N,Slowing or Stopping,2015-03-26 12:30,54,39.5739228,-76.98448956
Y,Apparently Normal,No Misuse,N,Non-incapacitating Injury,32dfede9-4f1d-4dfb-8e46-f26851fb6043,D,DV01250007,Shoulder/Lap Belt(s),M,f110a06b-d7e0-4c96-832e-b9f438608753,Same Direction Rear End,N,Non Intersection,Acceleration Lane,Daylight,No Defects,"Two-way, Divided, Positive Median Barrier",Wet,Cloudy,Twelve o'clock,Passenger Car,Functional,N,Slowing or Stopping,2015-03-26 12:30,43,39.5739228,-76.98448956
N,Apparently Normal,No Misuse,Y,No Injury,f6e35144-73b0-4717-beb5-a971482db70b,D,DV01270006,Shoulder/Lap Belt(s),M,e0a9cca6-8e92-438f-9d5e-62e7ca8c966a,Same Movement Angle,N,Intersection Related,Acceleration Lane,Daylight,No Defects,"Two-way, Divided, Positive Median Barrier",Dry,Cloudy,Twelve o'clock,Passenger Car,Functional,N,Moving Constant Speed,2015-01-07 13:40,37,39.56444391,-76.97426096
N,Apparently Normal,No Misuse,N,No Injury,f387a0b0-b681-4a5f-8aff-0eff3641ab1d,D,EA99350001,Shoulder/Lap Belt(s),M,f44dc77d-b7f3-419c-82e3-3c85155741b0,Same Direction Both Left Turn,N,Non Intersection,Right Turn Lane,Dark Lights On,No Defects,One-way Trafficway,Dry,Cloudy,One o'clock,"Other Light Trucks (10,000 lbs (4,536 kg))",Superficial,N,Moving Constant Speed,2015-02-28 22:37,55,38.96791362,-77.07688361
N,Apparently Normal,No Misuse,N,No Injury,b708f969-512a-44bf-b44b-e1ecee73b0fa,D,EA99430002,Shoulder/Lap Belt(s),F,62fb6b55-9896-4061-9e11-c99709d5d45f,Same Movement Angle,N,Intersection,Right Turn Lane,Dark Lights On,No Defects,"Two-way, Not Divided",Dry,Clear,Ten o'clock,Passenger Car,Functional,N,Moving Constant Speed,2015-03-21 20:09,57,38.97290592,-77.07416654
N,Apparently Normal,No Misuse,Y,No Injury,a015a8d2-1595-4628-a10e-d6fed4c8d16a,D,EA99430002,Shoulder/Lap Belt(s),M,aae4186d-9751-4f34-bcd2-a9f0f75ddac2,Same Movement Angle,N,Intersection,Right Turn Lane,Dark Lights On,No Defects,"Two-way, Not Divided",Dry,Clear,Twelve o'clock,Passenger Car,Functional,N,Moving Constant Speed,2015-03-21 20:09,19,38.97290592,-77.07416654
N,Apparently Normal,No Misuse,N,No Injury,5d2d74ee-8982-42c4-99af-67b20c2a7a28,D,EA99430003,Shoulder/Lap Belt(s),F,1328f115-9123-46cd-80e7-0935e6cbfe21,Same Direction Sideswipe,N,Intersection Related,Acceleration Lane,Daylight,No Defects,One-way Trafficway,Dry,Cloudy,Three o'clock,Passenger Car,Functional,N,Moving Constant Speed,2015-03-31 18:40,53,38.96792404,-77.07679778
N,Apparently Normal,No Misuse,Y,No Injury,f4e47ef2-47e3-417d-bdd0-36aaf2c00cdc,D,EA99430003,Shoulder/Lap Belt(s),F,8d548d7e-89e6-4ee5-aff6-e8a5a910d820,Same Direction Sideswipe,N,Intersection Related,Acceleration Lane,Daylight,No Defects,One-way Trafficway,Dry,Cloudy,Eleven o'clock,Passenger Car,Functional,N,Moving Constant Speed,2015-03-31 18:40,17,38.96792404,-77.07679778
N,Apparently Normal,No Misuse,Y,No Injury,6bc988f6-69d4-4933-92c8-e36eaa4c0bc8,D,EA99460003,Shoulder/Lap Belt(s),F,65a91558-f2b3-41c9-9bae-a59c06ef06d6,Same Movement Angle,N,Intersection,Right Turn Lane,Dark Lights On,No Defects,"Two-way, Not Divided",Wet,Raining,Twelve o'clock,(Sport) Utility Vehicle,Superficial,N,Starting From Lane,2015-03-11 7:15,68,38.97477429,-77.07297564
N,Apparently Normal,No Misuse,N,No Injury,f4943883-e437-4828-a52c-02961ca738db,D,EA99460003,Shoulder/Lap Belt(s),M,58fcb3ee-ef32-4b41-8c84-a91bc8060352,Same Movement Angle,N,Intersection,Right Turn Lane,Dark Lights On,No Defects,"Two-way, Not Divided",Wet,Raining,Four o'clock,Passenger Car,Functional,N,Accelerating,2015-03-11 7:15,71,38.97477429,-77.07297564
N,Apparently Normal,No Misuse,Y,No Injury,c27c5d1a-b883-4e52-96b2-038ae556a6d3,D,ED00210003,Shoulder/Lap Belt(s),F,9282b3dc-a69b-43c3-bdf0-fe44cd49741b,Single Vehicle ,N,Intersection Related,Right Turn Lane,Daylight,No Defects,"Two-way, Not Divided",Ice,Wintry Mix,Twelve o'clock,Pickup Truck,Disabling,N,Moving Constant Speed,2015-01-03 11:15,21,39.57387319,-76.88665867
N,Apparently Normal,No Misuse,N,No Injury,afd134d8-029e-4753-808f-691a3f845daf,D,EJ7747000Q,Shoulder/Lap Belt(s),F,e8ab50cc-ae31-4aba-965b-5ff5a72f94a9,Same Movement Angle,N,Intersection,Right Turn Lane,Daylight,No Defects,"Two-way, Not Divided",Dry,Cloudy,Twelve o'clock,(Sport) Utility Vehicle,Disabling,N,Starting From Lane,2015-02-01 10:51,17,39.14261333,-77.221045
N,Apparently Normal,No Misuse,Y,Possible Incapacitating Injury,71cc0647-3fe6-415e-ae22-39d188039058,D,EJ7747000Q,Shoulder/Lap Belt(s),M,590a5d00-9f6b-4cce-9582-f04409210bb3,Same Movement Angle,N,Intersection,Right Turn Lane,Daylight,No Defects,"Two-way, Not Divided",Dry,Cloudy,Nine o'clock,Pickup Truck,Functional,N,Accelerating,2015-02-01 10:51,37,39.14261333,-77.221045
N,Apparently Normal,No Misuse,N,No Injury,466426fc-649d-48b2-aab1-295c3e2af2a0,D,EJ7747000Y,Shoulder/Lap Belt(s),F,1a935db1-cdec-4c9a-b15a-fcc029ef5cdc,Same Direction Rear End,N,Intersection,Left Turn Lane,Daylight,No Defects,"Two-way, Not Divided",Dry,Clear,Six o'clock,Passenger Car,Superficial,N,Stopped in Traffic Lane,2015-03-19 16:39,55,39.14702833,-77.20530667
N,Apparently Normal,No Misuse,N,No Injury,04844383-d14d-42f4-b825-1c83d5dc6077,D,EJ77800004,Shoulder/Lap Belt(s),F,21de868b-e4ef-4a4c-9790-f968e5ad43f7,Same Direction Rear End,N,Intersection Related,Right Turn Lane,Dark Lights On,No Defects,"Two-way, Divided, Positive Median Barrier",Wet,Clear,Six o'clock,Passenger Car,Functional,N,Stopped in Traffic Lane,2015-02-26 18:36,52,39.128462,-77.237577
N,Apparently Normal,No Misuse,Y,No Injury,c09ebb73-88f7-4162-9feb-78f58fcb63b4,D,EJ77800004,Shoulder/Lap Belt(s),M,b0f0b28e-029e-451b-b388-4cf8b91f399a,Same Direction Rear End,N,Intersection Related,Right Turn Lane,Dark Lights On,No Defects,"Two-way, Divided, Positive Median Barrier",Wet,Clear,Twelve o'clock,Pickup Truck,Disabling,N,Slowing or Stopping,2015-02-26 18:36,31,39.128462,-77.237577
N,Apparently Normal,No Misuse,N,No Injury,455f24b4-ba2d-48ea-a143-d6f3e7efa905,D,EJ7801000D,Shoulder/Lap Belt(s),F,afeb52ef-1857-42c0-83f6-076716b91d43,Same Direction Rear End,N,Non Intersection,Right Turn Lane,Daylight,No Defects,One-way Trafficway,Dry,Clear,Six o'clock,Passenger Car,Functional,N,Slowing or Stopping,2015-01-17 14:08,24,39.13795,-77.20541167
N,Apparently Normal,No Misuse,N,No Injury,54978d4d-db6b-4ac3-9145-6d0f205ac2b1,D,EJ78290015,Shoulder/Lap Belt(s),F,111ae7e6-e2ba-46c3-97b2-bd733c52e1b9,Angle Meets Left Turn,N,Intersection,Right Turn Lane,Daylight,No Defects,"Two-way, Not Divided",Dry,Clear,Seven o'clock,Passenger Car,Superficial,N,Moving Constant Speed,2015-03-30 17:30,69,39.16439,-77.2271
N,Apparently Normal,No Misuse,N,No Injury,caf95d56-b542-4a96-ae45-ed88d38b66ba,D,EJ78290016,Shoulder/Lap Belt(s),F,44de46d6-07e7-471a-a6b3-4a154bd2eee8,Same Movement Angle,N,Intersection,Right Turn Lane,Daylight,No Defects,"Two-way, Not Divided",Dry,Cloudy,One o'clock,Passenger Car,Disabling,N,Moving Constant Speed,2015-03-31 18:10,23,39.149885,-77.18971
N,Apparently Normal,No Misuse,Y,Possible Incapacitating Injury,1989cf24-5f42-4b38-80d2-b2757a1363f5,D,EJ78290016,Shoulder/Lap Belt(s),M,3d09f21c-a933-4a82-bb60-922e9a8915f5,Same Movement Angle,N,Intersection,Right Turn Lane,Daylight,No Defects,"Two-way, Not Divided",Dry,Cloudy,Twelve o'clock,Passenger Car,Disabling,N,Making Left Turn,2015-03-31 18:10,32,39.149885,-77.18971
N,Apparently Normal,No Misuse,Y,No Injury,ae6e9085-5ce8-49f5-8219-a8eddd7ea2f6,D,EJ7840000C,Shoulder/Lap Belt(s),F,536f85c3-245f-46f8-aa21-cb7afdccfc85,Head On Left Turn,N,Intersection Related,Right Turn Lane,Dark Lights On,No Defects,"Two-way, Divided, Positive Median Barrier",Wet,Raining,Twelve o'clock,Passenger Car,Functional,N,Moving Constant Speed,2015-01-03 21:16,25,39.134775,-77.20564333
N,Apparently Normal,No Misuse,N,No Injury,fbf9e0a5-1bb2-40fd-9621-3537990f8aba,D,EJ7840000C,Shoulder/Lap Belt(s),M,c90c6c4e-b9d6-491d-8d78-40dad36794c9,Head On Left Turn,N,Intersection Related,Right Turn Lane,Dark Lights On,No Defects,"Two-way, Divided, Positive Median Barrier",Wet,Raining,Seven o'clock,Passenger Car,Disabling,N,Moving Constant Speed,2015-01-03 21:16,22,39.134775,-77.20564333
N,Apparently Normal,No Misuse,N,No Injury,86e33f7f-ce1a-40cf-9e59-c16f15f6b51a,D,EJ7846000P,Shoulder/Lap Belt(s),F,1b2b4897-e31c-4c00-bd79-96a4150a8e8a,Angle Meets Left Turn,N,Commercial Driveway,Right Turn Lane,Dark Lights On,No Defects,"Two-way, Divided, Unprotected (painted >4 feet) Median",Wet,Clear,Twelve o'clock,Passenger Car,Disabling,N,Moving Constant Speed,2015-03-07 18:32,51,39.149565,-77.20528333
N,Apparently Normal,No Misuse,Y,No Injury,61bc4338-94a8-4aa6-862a-6288d705a387,D,EJ7846000P,Shoulder/Lap Belt(s),M,72c91b7e-d6cd-4294-967b-633b1a99b39d,Angle Meets Left Turn,N,Commercial Driveway,Right Turn Lane,Dark Lights On,No Defects,"Two-way, Divided, Unprotected (painted >4 feet) Median",Wet,Clear,Twelve o'clock,Passenger Car,Disabling,N,Making Left Turn,2015-03-07 18:32,68,39.149565,-77.20528333
N,Apparently Normal,No Misuse,N,No Injury,51eabf03-2af0-4f9f-ab2b-2ab0851c90c8,D,EJ7850000K,Shoulder/Lap Belt(s),F,8c4283b2-3c91-4e23-9b02-8ccabf5256c5,Same Movement Angle,N,Intersection,Right Turn Lane,Dark Lights On,No Defects,"Two-way, Divided, Positive Median Barrier",Dry,Clear,Four o'clock,Passenger Car,Superficial,N,Moving Constant Speed,2015-01-09 21:59,27,39.14438333,-77.21658167
N,Apparently Normal,No Misuse,Y,No Injury,3ded2c32-3385-4555-a142-86980a509677,D,EJ7850000K,Shoulder/Lap Belt(s),M,6b704227-8e5e-4cab-aa4a-184fd4934a88,Same Movement Angle,N,Intersection,Right Turn Lane,Dark Lights On,No Defects,"Two-way, Divided, Positive Median Barrier",Dry,Clear,Twelve o'clock,Passenger Car,Superficial,Y,Moving Constant Speed,2015-01-09 21:59,22,39.14438333,-77.21658167
N,Apparently Normal,No Misuse,N,No Injury,86daba9d-a72e-494d-bfd6-6ceadd8e3a50,D,EJ7850000L,Shoulder/Lap Belt(s),M,a8817ef8-65ee-46d4-bd1e-c6021c571527,Same Movement Angle,N,Intersection,Left Turn Lane,Dark Lights On,No Defects,"Two-way, Divided, Positive Median Barrier",Dry,Clear,Four o'clock,"Other Light Trucks (10,000 lbs (4,536 kg))",Superficial,N,Moving Constant Speed,2015-02-25 21:12,25,39.14021833,-77.204935
N,Apparently Normal,No Misuse,N,No Injury,7b4b9fce-d136-4af4-9cba-34c33d0bc8b4,D,EJ7853000D,Shoulder/Lap Belt(s),F,5faa3719-2bbd-4329-9c37-830ec7200bb5,Same Direction Rear End,N,Intersection Related,Right Turn Lane,Dark Lights On,No Defects,"Two-way, Divided, Positive Median Barrier",Dry,Clear,Six o'clock,Passenger Car,Functional,N,Stopped in Traffic Lane,2015-01-20 17:09,35,39.150885,-77.20983667
N,Apparently Normal,No Misuse,N,No Injury,311e3ca8-5662-468a-88d4-eb6f7cbe7da7,D,EJ7853000D,Shoulder/Lap Belt(s),M,83a441a2-e7ac-4a98-8596-171a47e79b40,Same Direction Rear End,N,Intersection Related,Right Turn Lane,Dark Lights On,No Defects,"Two-way, Divided, Positive Median Barrier",Dry,Clear,Six o'clock,Passenger Car,Functional,N,Stopped in Traffic Lane,2015-01-20 17:09,21,39.150885,-77.20983667
N,Apparently Normal,No Misuse,Y,No Injury,1a2b8185-2226-403a-838d-29724def2964,D,EJ7853000D,Shoulder/Lap Belt(s),M,50b51f36-ae4c-4a0a-997e-98a0ebaa40e0,Same Direction Rear End,N,Intersection Related,Right Turn Lane,Dark Lights On,No Defects,"Two-way, Divided, Positive Median Barrier",Dry,Clear,Twelve o'clock,Passenger Car,Disabling,N,Changing Lanes,2015-01-20 17:09,26,39.150885,-77.20983667
N,Apparently Normal,No Misuse,N,No Injury,194b5bb7-2f52-4b6e-9023-94a069dbb2c7,D,EJ7853000L,Shoulder/Lap Belt(s),F,71850d8d-b0a2-422e-963a-f538c9a1d9c5,Same Direction Rear End,N,Non Intersection,Left Turn Lane,Daylight,No Defects,"Two-way, Divided, Unprotected (painted >4 feet) Median",Dry,Clear,Seven o'clock,Passenger Car,Superficial,N,Stopped in Traffic Lane,2015-03-31 16:26,74,39.16750667,-77.19151167
N,Apparently Normal,No Misuse,N,No Injury,50d85a7b-884f-45d8-ad13-3c1cddb1b0aa,D,EK58120002,Shoulder/Lap Belt(s),F,a893d5f4-6a3c-4eb4-9dbd-56718ce27591,Same Direction Rear End,N,Intersection,Left Turn Lane,Daylight,No Defects,"Two-way, Not Divided",Dry,Cloudy,Six o'clock,Passenger Car,Functional,N,Stopped in Traffic Lane,2015-03-25 17:46,44,39.51261634,-77.65572309
N,Apparently Normal,No Misuse,Y,No Injury,a220e1b9-42bb-4f1c-abd0-3d2f6055b090,D,EK58120002,Shoulder/Lap Belt(s),F,1755913a-2ac7-400f-bf08-66dc0610d0af,Same Direction Rear End,N,Intersection,Left Turn Lane,Daylight,No Defects,"Two-way, Not Divided",Dry,Cloudy,Twelve o'clock,Passenger Car,Disabling,N,Moving Constant Speed,2015-03-25 17:46,40,39.51261634,-77.65572309
N,Apparently Normal,No Misuse,Y,No Injury,a8aadd72-3b37-4235-9d7d-eb186fc2ab67,D,EP01420001,Shoulder/Lap Belt(s),F,ca111754-76fd-46d1-aaaf-690763de3cf8,Single Vehicle ,N,Non Intersection,Right Turn Lane,Daylight,No Defects,"Two-way, Not Divided",Wet,Raining,One o'clock,Passenger Car,Disabling,N,Starting From Lane,2015-03-04 12:37,75,38.88603058,-75.8326149
N,Apparently Normal,No Misuse,N,No Injury,c2c1e1a2-545f-4146-b1f2-f8025abd2130,D,FA01500001,Shoulder/Lap Belt(s),M,431997ba-6d1a-4e0b-9fa9-447e118c7b2d,Same Movement Angle,N,Intersection,Left Turn Lane,Daylight,No Defects,"Two-way, Not Divided",Dry,Clear,One o'clock,Passenger Car,Disabling,N,Moving Constant Speed,2015-02-19 7:56,69,38.69421903,-75.77369213
N,Apparently Normal,No Misuse,Y,No Injury,8eecf9b2-d2bb-4e53-86aa-08007d84e1cf,D,GD31570006,Shoulder/Lap Belt(s),F,17834155-745d-4037-b7b7-0d9dde3a374e,Head On Left Turn,N,Intersection Related,Right Turn Lane,Dark - Unknown Lighting,No Defects,"Two-way, Divided, Positive Median Barrier",Wet,Raining,Twelve o'clock,(Sport) Utility Vehicle,Functional,Y,Making Left Turn,2015-01-23 19:47,35,38.94371609,-76.90158248
N,Apparently Normal,No Misuse,Y,No Injury,fce3814d-a64f-4aa5-9afb-5b65bcf215ef,D,GD3163000G,Shoulder/Lap Belt(s),F,586bb33e-96d8-4e95-bc97-1b7afca03990,Same Direction Left Turn,N,Intersection,Right Turn Lane,Dark Lights On,No Defects,"Two-way, Divided, Positive Median Barrier",Wet,Raining,Eleven o'clock,Pickup Truck,Superficial,N,Moving Constant Speed,2015-01-11 23:23,35,38.94756332,-76.88982502
N,Apparently Normal,No Misuse,N,No Injury,bfb6c04b-d0a6-40e7-be5a-8ab2083ff9cd,D,GD3163000G,Shoulder/Lap Belt(s),M,8e9cada2-a1d7-48f6-86cc-e15332018001,Same Direction Left Turn,N,Intersection,Right Turn Lane,Dark Lights On,No Defects,"Two-way, Divided, Positive Median Barrier",Wet,Raining,One o'clock,Passenger Car,Disabling,N,Moving Constant Speed,2015-01-11 23:23,53,38.94756332,-76.88982502