CDL_FLAG,CONDITION_CODE,EQUIP_PROB_CODE,FAULT_FLAG,INJ_SEVER_CODE,PERSON_ID,PERSON_TYPE,REPORT_NO,SAF_EQUIP_CODE,SEX_CODE,VEHICLE_ID,COLLISION_TYPE_CODE,C_M_ZONE_FLAG,JUNCTION_CODE,LANE_CODE,LIGHT_CODE,RD_COND_CODE,RD_DIV_CODE,SURF_COND_CODE,WEATHER_CODE,AREA_DAMAGED_CODE_MAIN,BODY_TYPE_CODE,DAMAGE_CODE,HIT_AND_RUN_FLAG,MOVEMENT_CODE,TIME,AGE,LATITUDE,LONGITUDE
N,Apparently Normal,No Misuse,N,No Injury,b6e3515c-a9f2-45a5-a104-39437b6eb0d5,D,GPDM38000F,Shoulder/Lap Belt(s),F,c5b7a243-705b-4491-94bc-08a46f18830d,Same Direction Rear End,N,Intersection Related,Left Turn Lane,Daylight,No Defects,"Two-way, Divided, Positive Median Barrier",Dry,Clear,Six o'clock,(Sport) Utility Vehicle,Functional,N,Slowing or Stopping,2015-01-30 17:05,42,38.42769156,-75.56442887
N,Apparently Normal,No Misuse,Y,No Injury,6001f7b3-7792-4057-89f7-7560b5bacb2c,D,GPDM38000F,Shoulder/Lap Belt(s),M,84d07e20-6f50-4967-aa53-16549b83e916,Same Direction Rear End,N,Intersection Related,Left Turn Lane,Daylight,No Defects,"Two-way, Divided, Positive Median Barrier",Dry,Clear,Twelve o'clock,Passenger Car,Disabling,N,Slowing or Stopping,2015-01-30 17:05,46,38.42769156,-75.56442887
N,Apparently Normal,No Misuse,N,No Injury,9e79cfb5-2d16-4a0d-be0c-9610a6cc3ee1,D,GPDM650003,Shoulder/Lap Belt(s),F,ebb50b20-8321-49b0-849f-72c7cba0b274,Single Vehicle ,N,Non Intersection,Right Turn Lane,Dark No Lights,No Defects,One-way Trafficway,Dry,Clear,Twelve o'clock,Passenger Car,Functional,N,Moving Constant Speed,2015-02-08 1:31,20,38.43060308,-75.57587385
N,Apparently Normal,No Misuse,Y,No Injury,5a8bf625-42b0-4dcf-b6c6-00d0b301170d,D,GS04210009,Shoulder/Lap Belt(s),F,4305ddd2-e501-416e-a911-e7090fe5fc79,Same Direction Rear End,N,Intersection Related,Left Turn Lane,Daylight,No Defects,"Two-way, Divided, Unprotected (painted >4 feet) Median",Dry,Cloudy,Twelve o'clock,Pickup Truck,Functional,N,Slowing or Stopping,2015-01-22 16:54,33,38.3308233,-75.61243773
N,Apparently Normal,No Misuse,N,No Injury,308280e1-d1bc-4d7e-8058-4f35b2c075be,D,GS04210009,Shoulder/Lap Belt(s),M,f498a342-0c9b-4634-baa9-eaaa2e0a9583,Same Direction Rear End,N,Intersection Related,Left Turn Lane,Daylight,No Defects,"Two-way, Divided, Unprotected (painted >4 feet) Median",Dry,Cloudy,Six o'clock,Passenger Car,Destroyed,N,Stopped in Traffic Lane,2015-01-22 16:54,51,38.3308233,-75.61243773
N,Apparently Normal,No Misuse,N,No Injury,4c9d6189-7cb4-4e43-ab58-02d48e0bc4c6,D,HA22180001,Shoulder/Lap Belt(s),M,0d058cb0-4162-452a-a044-a07b0bcbcb34,Same Direction Rear End,N,Non Intersection,Right Turn Lane,Dark Lights On,No Defects,"Two-way, Divided, Positive Median Barrier",Dry,Cloudy,Six o'clock,(Sport) Utility Vehicle,Superficial,N,Stopped in Traffic Lane,2015-02-11 19:02,73,38.96527333,-77.100575
N,Apparently Normal,No Misuse,Y,No Injury,edc90a55-f542-4d26-88c7-59c4b6edd784,D,HA22180001,Shoulder/Lap Belt(s),M,54380a56-ce0e-4880-93c5-36e78b6d24d7,Same Direction Rear End,N,Non Intersection,Right Turn Lane,Dark Lights On,No Defects,"Two-way, Divided, Positive Median Barrier",Dry,Cloudy,Twelve o'clock,Passenger Car,Disabling,N,Moving Constant Speed,2015-02-11 19:02,53,38.96527333,-77.100575
N,Apparently Normal,No Misuse,Y,No Injury,1e9a763c-bb5e-4695-b9e9-299ace4b5b74,D,HA22990001,Shoulder/Lap Belt(s),F,5c7d5031-afe5-4dff-ae1e-271126f3704b,Single Vehicle ,N,Non Intersection,Right Turn Lane,Daylight,No Defects,"Two-way, Not Divided",Dry,Clear,Two o'clock,Police Vehicle/Emergency,Superficial,N,Moving Constant Speed,2015-02-25 15:31,42,39.21464944,-77.27230668
N,Apparently Normal,No Misuse,N,No Injury,5d04f5e8-5d90-48be-9d47-8dd1a6060b7b,D,HA23310002,Shoulder/Lap Belt(s),F,4356fe4b-7384-403e-99b5-c6f8a5d4b525,Single Vehicle ,N,Non Intersection,Right Turn Lane,Dark Lights On,No Defects,"Two-way, Not Divided",Ice,Wintry Mix,Twelve o'clock,Police Vehicle/Emergency,Disabling,N,Skidding,2015-01-12 0:27,40,39.21430031,-77.27585793
N,Apparently Normal,No Misuse,Y,No Injury,ff081553-afba-4ed2-85ec-3d15a8572c37,D,HM01020001,Shoulder/Lap Belt(s),F,baf3ad36-bd0c-40ac-9eb1-76af259b05b4,Single Vehicle ,N,Non Intersection,Right Turn Lane,Dawn,No Defects,"Two-way, Divided, Unprotected (painted >4 feet) Median",Snow,Snow,Twelve o'clock,(Sport) Utility Vehicle,Superficial,N,Skidding,2015-02-26 6:30,56,38.38611108,-75.17580092
N,Apparently Normal,No Misuse,Y,No Injury,70692a01-ce74-43dd-9555-b9d571ad0f90,D,HM01030001,Shoulder/Lap Belt(s),F,8b0724b2-ac40-4cd8-95b5-26498039cf47,Same Direction Rear End,N,Intersection Related,Right Turn Lane,Dark Lights On,No Defects,"Two-way, Divided, Positive Median Barrier",Dry,Clear,Twelve o'clock,(Sport) Utility Vehicle,No Damage,N,Accelerating,2015-02-04 18:48,68,38.37589674,-75.16309261
N,Apparently Normal,No Misuse,N,Possible Incapacitating Injury,c05c2541-a4d9-43d5-b7a5-0f1200f54498,D,HM01030001,Shoulder/Lap Belt(s),F,75ec2cb2-bdbe-4276-bfaa-5b6c85d82544,Same Direction Rear End,N,Intersection Related,Right Turn Lane,Dark Lights On,No Defects,"Two-way, Divided, Positive Median Barrier",Dry,Clear,Six o'clock,Passenger Car,Functional,N,Slowing or Stopping,2015-02-04 18:48,72,38.37589674,-75.16309261
N,Apparently Normal,No Misuse,N,No Injury,e753c3f6-ed08-431d-b623-94daa4cbf8dd,D,HM01160009,Shoulder/Lap Belt(s),F,0d2842d3-83ac-4d62-b2a8-d8cbdb79ad7b,Opposite Direction Both Left Turn,N,Intersection,Right Turn Lane,Daylight,No Defects,"Two-way, Divided, Positive Median Barrier",Wet,Raining,Three o'clock,Passenger Car,Functional,N,Making Left Turn,2015-02-12 12:55,29,38.37637406,-75.16090125
N,Apparently Normal,No Misuse,Y,Non-incapacitating Injury,81d5d67d-df32-4e29-889c-39e199d21d90,D,HM01160009,Shoulder/Lap Belt(s),F,46cc3e8c-6d8c-4292-83bd-d790e08529ed,Opposite Direction Both Left Turn,N,Intersection,Right Turn Lane,Daylight,No Defects,"Two-way, Divided, Positive Median Barrier",Wet,Raining,Twelve o'clock,Passenger Car,Superficial,N,Accelerating,2015-02-12 12:55,35,38.37637406,-75.16090125
N,Apparently Normal,No Misuse,N,No Injury,73572356-b150-4e86-ad0c-5538faf6c4d7,D,HM0116000B,Shoulder/Lap Belt(s),F,01c18c8c-0a5c-4012-8c96-d48a86c40d4a,Same Direction Sideswipe,N,Non Intersection,Right Turn Lane,Daylight,No Defects,"Two-way, Divided, Unprotected (painted >4 feet) Median",Dry,Clear,Four o'clock,(Sport) Utility Vehicle,Superficial,N,Moving Constant Speed,2015-02-25 16:56,51,38.37614907,-75.13533175
N,Apparently Normal,No Misuse,Y,No Injury,f0778485-a751-4c34-a507-ce88e5a1e1c0,D,HM01460003,Shoulder/Lap Belt(s),F,16c5468c-e423-481c-883f-ca83b0b20cb4,Same Movement Angle,N,Intersection,Right Turn Lane,Dark No Lights,No Defects,"Two-way, Divided, Unprotected (painted >4 feet) Median",Dry,Clear,Eleven o'clock,Passenger Car,Superficial,N,Starting From Lane,2015-01-05 19:00,29,38.38037331,-75.15997186
N,Apparently Normal,No Misuse,N,Incapacitating/Disabled Injury,c2665360-d961-40b1-bde4-f2d6acba4e17,D,HM01460003,MC/Bike Helmet,M,2c265c4a-f66c-490e-99ae-abda2996795c,Same Movement Angle,N,Intersection,Right Turn Lane,Dark No Lights,No Defects,"Two-way, Divided, Unprotected (painted >4 feet) Median",Dry,Clear,Twelve o'clock,Moped,Destroyed,N,Moving Constant Speed,2015-01-05 19:00,55,38.38037331,-75.15997186
N,Apparently Normal,No Misuse,Y,No Injury,5c71bd70-7577-402c-9c77-9bffd415a295,D,HV01290002,Shoulder/Lap Belt(s),F,5bd7d35a-a5b2-4e4c-90ba-b388a187febb,Same Direction Rear End,N,Non Intersection,Left Turn Lane,Daylight,No Defects,"Two-way, Not Divided",Dry,Clear,Twelve o'clock,Passenger Car,Superficial,N,Slowing or Stopping,2015-02-14 13:30,19,38.9662828,-76.94540977
N,Apparently Normal,No Misuse,Y,No Injury,abb81fb0-0f7a-4ff0-914a-4ff0b524ef98,D,JK00120004,Shoulder/Lap Belt(s),F,76a42a32-a3cf-4450-b889-6b2e8efed2ab,Same Direction Sideswipe,N,Intersection Related,Acceleration Lane,Daylight,No Defects,One-way Trafficway,Dry,Cloudy,Ten o'clock,Passenger Car,Functional,N,Moving Constant Speed,2015-01-20 12:00,73,39.30569427,-76.61468165
Y,Apparently Normal,No Misuse,N,No Injury,7220be7f-0fea-451f-9db1-1a47caa71437,D,JK00120004,Shoulder/Lap Belt(s),M,0d11ea5c-0127-49a6-981f-d52be8ab81b3,Same Direction Sideswipe,N,Intersection Related,Acceleration Lane,Daylight,No Defects,One-way Trafficway,Dry,Cloudy,Two o'clock,Other Bus,Superficial,N,Moving Constant Speed,2015-01-20 12:00,21,39.30569427,-76.61468165
N,Apparently Normal,No Misuse,N,No Injury,447b96ee-c6f9-484d-9ede-581b54cd4b46,D,MCP0251000J,Shoulder/Lap Belt(s),F,9e6958e1-d33c-4db0-8ee8-fcf5f1bb8e0c,Same Movement Angle,N,Intersection,Left Turn Lane,Daylight,No Defects,"Two-way, Divided, Positive Median Barrier",Dry,Clear,Nine o'clock,Passenger Car,Disabling,N,Starting From Lane,2015-03-08 18:04,45,39.18333833,-77.25704833
N,Apparently Normal,No Misuse,Y,No Injury,75c4c6d8-ce5b-4af0-9f3b-0975f2a2b088,D,MCP0251000J,Shoulder/Lap Belt(s),M,e4e6b3fe-8d41-44bf-bafa-dc54d1946fa6,Same Movement Angle,N,Intersection,Left Turn Lane,Daylight,No Defects,"Two-way, Divided, Positive Median Barrier",Dry,Clear,Twelve o'clock,Passenger Car,Disabling,N,Moving Constant Speed,2015-03-08 18:04,25,39.18333833,-77.25704833
N,Apparently Normal,No Misuse,N,No Injury,1c5cc2f6-dad2-4d87-8e9e-29f4803777d3,D,MCP04870007,Shoulder/Lap Belt(s),M,9401095d-7245-43d0-8ecc-7979a3bd966a,Same Movement Angle,N,Commercial Driveway,Right Turn Lane,Daylight,No Defects,"Two-way, Not Divided",Dry,Clear,Two o'clock,Passenger Car,Disabling,N,Moving Constant Speed,2015-02-19 10:41,29,39.144975,-77.142865
N,Apparently Normal,No Misuse,Y,No Injury,b7098aa3-f1c9-4540-8076-5fac367e834c,D,MCP04870008,Shoulder/Lap Belt(s),F,40030010-49c5-4b14-a3af-a2ed5418e2a6,Same Direction Left Turn,N,Intersection,Right Turn Lane,Daylight,No Defects,"Two-way, Divided, Positive Median Barrier",Dry,Cloudy,One o'clock,Passenger Car,Superficial,N,Starting From Lane,2015-02-25 12:29,69,39.133805,-77.15850667
N,Apparently Normal,No Misuse,Y,No Injury,818fb5f8-1737-4862-a4d1-76622f5f32f8,D,MCP05390018,Shoulder/Lap Belt(s),F,b919aa55-f26f-492c-82d9-28db446eded6,Single Vehicle ,N,Non Intersection,Left Turn Lane,Dawn,No Defects,"Two-way, Divided, Positive Median Barrier",Wet,Cloudy,Underside,Passenger Car,Disabling,N,Skidding,2015-01-21 7:08,43,39.08279667,-77.04704
N,Apparently Normal,No Misuse,N,No Injury,34ee8148-fbcb-40e5-8e0f-3fd9d23836f9,D,MCP06380007,Shoulder/Lap Belt(s),F,32659c02-e943-4189-bda4-dda0151cb12f,Same Movement Angle,N,Commercial Driveway,Left Turn Lane,Dark Lights On,No Defects,"Two-way, Divided, Unprotected (painted >4 feet) Median",Snow,Snow,Twelve o'clock,(Sport) Utility Vehicle,Disabling,N,Moving Constant Speed,2015-01-26 19:27,49,39.17772833,-77.27153
N,Apparently Normal,No Misuse,Y,No Injury,8b5d42f2-05ca-4bda-bf41-f90ef3124e3a,D,MCP06380007,Shoulder/Lap Belt(s),M,2afcf623-4b10-4244-b5c9-5673b1090885,Same Movement Angle,N,Commercial Driveway,Left Turn Lane,Dark Lights On,No Defects,"Two-way, Divided, Unprotected (painted >4 feet) Median",Snow,Snow,Twelve o'clock,Passenger Car,Disabling,N,Starting From Lane,2015-01-26 19:27,19,39.17772833,-77.27153
N,Apparently Normal,No Misuse,Y,No Injury,48fc2be0-12bf-4e37-b155-56433e820f3f,D,MCP06380008,Shoulder/Lap Belt(s),F,96a858f1-87c8-4812-ae2b-931df6bdc15e,Single Vehicle ,N,Non Intersection,Right Turn Lane,Daylight,No Defects,"Two-way, Divided, Unprotected (painted >4 feet) Median",Dry,Clear,Twelve o'clock,Passenger Car,Disabling,N,Moving Constant Speed,2015-03-21 16:53,32,39.22117333,-77.38117833
N,Apparently Normal,No Misuse,N,No Injury,3b861a5a-d00a-4008-9e2d-deed483bd0e8,D,MCP0704000D,Shoulder/Lap Belt(s),F,5ef943e0-f220-49d1-b738-ba5c1494d77d,Same Direction Sideswipe,N,Intersection Related,Left Turn Lane,Dark Lights On,No Defects,"Two-way, Not Divided",Dry,Clear,Nine o'clock,(Sport) Utility Vehicle,Functional,N,Making Left Turn,2015-02-08 17:54,29,38.99098833,-77.09557
N,Had Been Drinking,No Misuse,Y,No Injury,a3f319f2-a368-46c5-9ecf-62a35f5f30b7,D,MCP0704000D,Shoulder/Lap Belt(s),M,ad817915-ac04-4e00-bab0-dc811cdbb5fc,Same Direction Sideswipe,N,Intersection Related,Left Turn Lane,Dark Lights On,No Defects,"Two-way, Not Divided",Dry,Clear,One o'clock,(Sport) Utility Vehicle,Superficial,N,Making Right Turn,2015-02-08 17:54,34,38.99098833,-77.09557
N,Apparently Normal,No Misuse,Y,No Injury,1436d161-87bd-4912-825a-1464b6396f0b,D,MCP0704000G,Shoulder/Lap Belt(s),F,ee089dc5-3889-4ce8-b553-2931d29fbb30,Same Direction Sideswipe,N,Non Intersection,Left Turn Lane,Dark Lights On,No Defects,"Two-way, Divided, Positive Median Barrier",Dry,Clear,Eleven o'clock,(Sport) Utility Vehicle,Superficial,N,Changing Lanes,2015-02-27 18:53,34,38.98821667,-77.09463333
N,Apparently Normal,No Misuse,N,No Injury,e0b33bc3-b7bc-4b7a-ac25-9ae70a960584,D,MCP0704000G,Shoulder/Lap Belt(s),M,5e725176-a9d0-4c56-9d5b-826df1722a1c,Same Direction Sideswipe,N,Non Intersection,Left Turn Lane,Dark Lights On,No Defects,"Two-way, Divided, Positive Median Barrier",Dry,Clear,Two o'clock,Passenger Car,Superficial,N,Changing Lanes,2015-02-27 18:53,21,38.98821667,-77.09463333
N,Apparently Normal,No Misuse,N,No Injury,11909859-6c81-4157-a1c2-7a4d4fdd2223,D,MCP0936000L,Shoulder/Lap Belt(s),F,e88b6acd-4ce2-42b3-9cc3-ca6d6774f8e2,Same Movement Angle,N,Commercial Driveway,Right Turn Lane,Daylight,No Defects,"Two-way, Not Divided",Wet,Raining,Twelve o'clock,Passenger Car,Disabling,N,Moving Constant Speed,2015-01-12 15:13,41,38.96916333,-77.13812833
N,Apparently Normal,No Misuse,Y,No Injury,d42437aa-6712-4d52-af62-6be67586d249,D,MCP0936000L,Shoulder/Lap Belt(s),M,8278bd9c-68bb-4dd1-bd30-b5302817a3ae,Same Movement Angle,N,Commercial Driveway,Right Turn Lane,Daylight,No Defects,"Two-way, Not Divided",Wet,Raining,Eight o'clock,Passenger Car,Functional,N,Making Left Turn,2015-01-12 15:13,54,38.96916333,-77.13812833
N,Apparently Normal,No Misuse,Y,No Injury,4e73bd37-bf85-41ee-bf2b-47f366bdc107,D,MCP1017000Q,Shoulder/Lap Belt(s),F,075c40b5-0c76-40a3-a601-f1837340d746,Same Direction Rear End,N,Intersection Related,Acceleration Lane,Daylight,"Holes, Ruts, Etc.",One-way Trafficway,Dry,Clear,Twelve o'clock,(Sport) Utility Vehicle,Superficial,N,Slowing or Stopping,2015-01-28 7:50,36,38.98518667,-77.09079333
N,Apparently Normal,No Misuse,N,No Injury,7b3e1b8c-916e-4d1d-87bf-01cfd9ca803a,D,MCP1017000Q,Shoulder/Lap Belt(s),M,4a952975-2fca-4511-a5b1-7fa575c16d99,Same Direction Rear End,N,Intersection Related,Acceleration Lane,Daylight,"Holes, Ruts, Etc.",One-way Trafficway,Dry,Clear,Six o'clock,Passenger Car,Functional,N,Stopped in Traffic Lane,2015-01-28 7:50,60,38.98518667,-77.09079333
N,Apparently Normal,No Misuse,Y,No Injury,d6eaf08c-b9a0-4814-bff5-4afb1ed73430,D,MCP1022001Z,Shoulder/Lap Belt(s),F,5d2cd3b0-8232-4af4-9fc6-87a2e3c12dc5,Same Direction Rear End,N,Non Intersection,Acceleration Lane,Daylight,No Defects,"Two-way, Divided, Positive Median Barrier",Dry,Clear,Twelve o'clock,Passenger Car,Disabling,N,Moving Constant Speed,2015-01-15 8:41,27,39.20129833,-77.25545
N,Apparently Normal,No Misuse,Y,No Injury,df46c2dc-b562-4f84-b410-7c719260eb49,D,MCP10220020,Shoulder/Lap Belt(s),F,176e9c15-68f1-4b62-ba30-890fb5706f56,Single Vehicle ,N,Non Intersection,Right Turn Lane,Daylight,No Defects,"Two-way, Not Divided",Dry,Clear,Underside,Passenger Car,Disabling,N,Moving Constant Speed,2015-01-20 8:02,22,39.28228333,-77.16135
N,Apparently Normal,No Misuse,Y,No Injury,755f730c-7598-4a77-a7c7-ce3377dc1621,D,MCP10220024,Shoulder/Lap Belt(s),F,29e717ff-a67b-4a19-a104-1c8087718431,Same Movement Angle,N,Intersection,Right Turn Lane,Daylight,No Defects,"Two-way, Divided, Positive Median Barrier",Wet,Clear,One o'clock,Van,Disabling,N,Making Left Turn,2015-01-27 13:29,51,39.169385,-77.264165
N,Apparently Normal,No Misuse,N,Possible Incapacitating Injury,70a10499-ae92-413a-aeff-aafea2df84c3,D,MCP10220024,Shoulder/Lap Belt(s),F,0792247e-3fa1-4e2f-8c26-7088c46f412c,Same Movement Angle,N,Intersection,Right Turn Lane,Daylight,No Defects,"Two-way, Divided, Positive Median Barrier",Wet,Clear,Eight o'clock,(Sport) Utility Vehicle,Disabling,N,Moving Constant Speed,2015-01-27 13:29,37,39.169385,-77.264165
N,Apparently Normal,No Misuse,N,No Injury,abb77b21-e9b9-419c-b06e-c7ee04c5ade4,D,MCP10220025,Shoulder/Lap Belt(s),F,a5a7fc7f-fccf-4cad-bf70-2fbdaf2b678b,Same Direction Rear End,N,Intersection Related,Right Turn Lane,Daylight,No Defects,"Two-way, Divided, Positive Median Barrier",Wet,Raining,Six o'clock,Van,Superficial,N,Slowing or Stopping,2015-02-09 10:33,70,39.17135333,-77.27745
N,Apparently Normal,No Misuse,Y,No Injury,5fb4c8e3-deba-4768-8782-5a2f2d2889d5,D,MCP10220025,Shoulder/Lap Belt(s),F,26115399-ea50-43c4-b014-82651275db01,Same Direction Rear End,N,Intersection Related,Right Turn Lane,Daylight,No Defects,"Two-way, Divided, Positive Median Barrier",Wet,Raining,Twelve o'clock,Passenger Car,Disabling,N,Moving Constant Speed,2015-02-09 10:33,29,39.17135333,-77.27745
N,Apparently Normal,No Misuse,Y,No Injury,8e4291ac-8aa5-4403-949e-876bc4d658a7,D,MCP10220027,Shoulder/Lap Belt(s),F,5e37269a-8905-4dbd-8605-5b5cce51e420,Head On Left Turn,N,Intersection,Right Turn Lane,Daylight,No Defects,"Two-way, Not Divided",Ice,Cloudy,Four o'clock,Passenger Car,Disabling,N,Making Left Turn,2015-02-10 7:15,30,39.27314333,-77.20427333
N,Apparently Normal,No Misuse,Y,No Injury,d40f0a8d-d7e7-4724-81c3-62d3505a30d6,D,MCP10220029,Shoulder/Lap Belt(s),F,31259806-50a9-40c6-b69a-6713ee91085b,Head On Left Turn,N,Intersection,Left Turn Lane,Daylight,No Defects,"Two-way, Divided, Positive Median Barrier",Dry,Clear,Three o'clock,Passenger Car,Disabling,N,Making Left Turn,2015-02-23 14:32,18,39.146205,-77.27441667
N,Apparently Normal,No Misuse,N,Incapacitating/Disabled Injury,f5f9b7a1-8ebf-48b1-b02b-d8853f455bba,D,MCP10220029,Shoulder/Lap Belt(s),M,7c88a89e-302a-4481-bb12-3d10efadb34c,Head On Left Turn,N,Intersection,Left Turn Lane,Daylight,No Defects,"Two-way, Divided, Positive Median Barrier",Dry,Clear,Twelve o'clock,Passenger Car,Disabling,N,Moving Constant Speed,2015-02-23 14:32,24,39.146205,-77.27441667
N,Apparently Normal,No Misuse,Y,No Injury,d84f4611-3296-46a6-b143-fe79b61057c4,D,MCP1022002B,Shoulder/Lap Belt(s),F,046d0434-62ec-4b8e-b694-cc62762b7277,Same Direction Rear End,N,Non Intersection,Acceleration Lane,Daylight,No Defects,"Two-way, Divided, Positive Median Barrier",Wet,Clear,Twelve o'clock,(Sport) Utility Vehicle,Disabling,N,Moving Constant Speed,2015-02-26 12:39,46,39.16858333,-77.23373667
N,Apparently Normal,No Misuse,Y,No Injury,bc207184-55cf-4c30-b764-dbe40986a1ed,D,MCP1022002C,Shoulder/Lap Belt(s),F,8239a348-c720-4441-94b4-5a440dd7803b,Same Direction Right Turn,N,Intersection Related,Right Turn Lane,Daylight,No Defects,"Two-way, Not Divided",Wet,Raining,Eleven o'clock,Passenger Car,Superficial,Y,Passing,2015-03-03 15:11,25,39.15429126,-77.25431442
Y,Apparently Normal,No Misuse,N,No Injury,b3aa167f-9117-4f96-9b49-a5bec5ee22fc,D,MCP1022002C,Shoulder/Lap Belt(s),M,7d9f14f6-75d3-4b26-85c0-20b71389acf7,Same Direction Right Turn,N,Intersection Related,Right Turn Lane,Daylight,No Defects,"Two-way, Not Divided",Wet,Raining,Four o'clock,School Bus,Superficial,N,Starting From Lane,2015-03-03 15:11,59,39.15429126,-77.25431442
N,Apparently Normal,No Misuse,Y,No Injury,55a99dab-a6b6-438f-a7e5-0468e0f76bf5,D,MCP1022002G,Shoulder/Lap Belt(s),F,905f4c44-f241-4d63-93df-52d38854924a,Same Movement Angle,N,Intersection,Right Turn Lane,Daylight,No Defects,"Two-way, Not Divided",Dry,Clear,Eleven o'clock,(Sport) Utility Vehicle,Disabling,N,Making U Turn,2015-03-17 9:08,52,39.17171879,-77.25171804
N,Apparently Normal,No Misuse,N,Incapacitating/Disabled Injury,d32f7e2d-ebf8-471f-9829-89309c7f92bb,D,MCP1022002G,Shoulder/Lap Belt(s),M,aa2d5269-241d-4343-9b5b-256b660e6a81,Same Movement Angle,N,Intersection,Right Turn Lane,Daylight,No Defects,"Two-way, Not Divided",Dry,Clear,Twelve o'clock,Passenger Car,Disabling,N,Moving Constant Speed,2015-03-17 9:08,53,39.17171879,-77.25171804
N,Apparently Normal,No Misuse,Y,No Injury,21a5d212-3b00-4530-9a90-1a1bab58df25,D,MCP10270007,Shoulder/Lap Belt(s),F,3d1abfdd-a468-4add-8085-a21327bd8f1f,Same Direction Rear End,N,Non Intersection,Left Turn Lane,Daylight,No Defects,"Two-way, Divided, Positive Median Barrier",Dry,Clear,One o'clock,Passenger Car,Disabling,N,Moving Constant Speed,2015-02-05 14:19,20,39.096012,-77.109216
N,Apparently Normal,No Misuse,Y,No Injury,92fcaccb-01cb-41d0-b97a-f3d4c2fb6188,D,MCP10270008,Shoulder/Lap Belt(s),F,62eac4e8-a3b8-4873-8bf4-f82c0f83bc6d,Same Movement Angle,N,Intersection,Right Turn Lane,Daylight,No Defects,"Two-way, Not Divided",Dry,Cloudy,Twelve o'clock,(Sport) Utility Vehicle,Superficial,N,Accelerating,2015-03-09 9:31,21,39.092725,-76.970728
N,Apparently Normal,No Misuse,N,Non-incapacitating Injury,27fa976e-7a1c-410d-a941-d62f8ed36563,D,MCP11510029,Shoulder/Lap Belt(s),M,5231470b-204a-4451-8db4-f457b5a5079a,Same Direction Rear End,N,Intersection,Right Turn Lane,Daylight,No Defects,"Two-way, Divided, Positive Median Barrier",Wet,Raining,Six o'clock,Passenger Car,Superficial,N,Stopped in Traffic Lane,2015-02-02 10:35,46,39.15842167,-77.27572667
N,Apparently Normal,No Misuse,N,No Injury,2724e679-2af3-467c-a420-82774ad47e2b,D,MCP1151002B,Shoulder/Lap Belt(s),F,fdadc920-e27d-42d2-8575-dca013db5a4d,Same Direction Rear End,N,Non Intersection,Acceleration Lane,Daylight,No Defects,"Two-way, Divided, Positive Median Barrier",Dry,Clear,Six o'clock,Passenger Car,Superficial,N,Stopped in Traffic Lane,2015-02-05 7:15,17,39.160395,-77.27866333
N,Apparently Normal,No Misuse,Y,No Injury,d024bc8a-a59d-463d-9563-2f1d38b15b81,D,MCP1151002B,Shoulder/Lap Belt(s),F,c98e1ad0-88c5-4daa-96cc-d36ad1941f35,Same Direction Rear End,N,Non Intersection,Acceleration Lane,Daylight,No Defects,"Two-way, Divided, Positive Median Barrier",Dry,Clear,Twelve o'clock,Passenger Car,Disabling,N,Moving Constant Speed,2015-02-05 7:15,42,39.160395,-77.27866333
N,Apparently Normal,No Misuse,N,No Injury,35698427-3448-403a-85ee-430653686bbc,D,MCP1151002F,Shoulder/Lap Belt(s),F,eaf657f9-a770-4ede-84c4-f74b808bc46b,Same Movement Angle,N,Intersection,Right Turn Lane,Daylight,No Defects,"Two-way, Divided, Positive Median Barrier",Dry,Clear,One o'clock,Van,Disabling,N,Moving Constant Speed,2015-02-19 7:57,47,39.16358833,-77.28454667
N,Apparently Normal,No Misuse,N,No Injury,529fe964-835a-4a11-924b-730756907d20,D,MCP1151002H,Shoulder/Lap Belt(s),F,4a8af588-ed04-4b8f-a10c-2068e79ecf7c,Same Movement Angle,N,Intersection,Right Turn Lane,Dawn,No Defects,"Two-way, Not Divided",Dry,Cloudy,Twelve o'clock,Passenger Car,Disabling,N,Moving Constant Speed,2015-03-03 6:08,56,39.28370167,-77.20228
N,Apparently Normal,No Misuse,Y,No Injury,3b657c2d-2cc6-45de-9f2e-0889494abc67,D,MCP1151002H,Shoulder/Lap Belt(s),F,49b89080-8bf8-427c-9bc9-5576a977605a,Same Movement Angle,N,Intersection,Right Turn Lane,Dawn,No Defects,"Two-way, Not Divided",Dry,Cloudy,Eleven o'clock,(Sport) Utility Vehicle,Disabling,N,Making Left Turn,2015-03-03 6:08,59,39.28370167,-77.20228
N,Apparently Normal,No Misuse,N,No Injury,f25f0d5b-86e8-4d9a-a592-ea149095b066,D,MCP11520005,Shoulder/Lap Belt(s),F,eed35f71-b94e-4225-98d4-3405aea57d0b,Same Direction Rear End,N,Intersection Related,Right Turn Lane,Dark Lights On,No Defects,"Two-way, Divided, Positive Median Barrier",Dry,Clear,Six o'clock,Passenger Car,Functional,N,Stopped in Traffic Lane,2015-01-01 0:30,66,39.02200107,-77.10267305
N,Apparently Normal,No Misuse,N,No Injury,705591df-a583-4376-8687-7dd41d171cb3,D,MCP1174000M,Shoulder/Lap Belt(s),F,729b794a-4e14-4f83-a4b0-f19228eaff59,Same Direction Rear End,N,Intersection Related,Right Turn Lane,Daylight,No Defects,"Two-way, Not Divided",Snow,Snow,Six o'clock,Pickup Truck,Superficial,N,Slowing or Stopping,2015-01-21 13:27,33,38.99299,-77.087475