CDL_FLAG,CONDITION_CODE,EQUIP_PROB_CODE,FAULT_FLAG,INJ_SEVER_CODE,PERSON_ID,PERSON_TYPE,REPORT_NO,SAF_EQUIP_CODE,SEX_CODE,VEHICLE_ID,COLLISION_TYPE_CODE,C_M_ZONE_FLAG,JUNCTION_CODE,LANE_CODE,LIGHT_CODE,RD_COND_CODE,RD_DIV_CODE,SURF_COND_CODE,WEATHER_CODE,AREA_DAMAGED_CODE_MAIN,BODY_TYPE_CODE,DAMAGE_CODE,HIT_AND_RUN_FLAG,MOVEMENT_CODE,TIME,AGE,LATITUDE,LONGITUDE
N,Apparently Normal,No Misuse,Y,No Injury,d21e874b-a171-4c66-bc57-cc1db722e24d,D,MCP1174000M,Shoulder/Lap Belt(s),M,55961816-52ac-405b-9d4b-ad067495ef51,Same Direction Rear End,N,Intersection Related,Right Turn Lane,Daylight,No Defects,"Two-way, Not Divided",Snow,Snow,Eleven o'clock,Passenger Car,Disabling,N,Slowing or Stopping,2015-01-21 13:27,24,38.99299,-77.087475
N,Apparently Normal,No Misuse,N,Non-incapacitating Injury,4453c0c1-0f5d-4c35-a2b8-f30a03b2515e,D,MCP1174000Q,Shoulder/Lap Belt(s),F,25bb69fd-2266-4093-9f9e-dd5b8346323f,Same Direction Rear End,N,Intersection Related,Left Turn Lane,Daylight,No Defects,"Two-way, Not Divided",Dry,Clear,Six o'clock,Passenger Car,No Damage,N,Accelerating,2015-03-13 13:48,39,38.99093,-77.10316
N,Apparently Normal,No Misuse,Y,No Injury,91185c2a-219d-4b69-96d5-c23e3fa1ac45,D,MCP1194000R,Shoulder/Lap Belt(s),F,3ff21a74-549b-44cd-88ca-1d32ce1626b3,Same Direction Rear End,N,Intersection,Right Turn Lane,Dark Lights On,No Defects,"Two-way, Divided, Positive Median Barrier",Dry,Clear,Twelve o'clock,(Sport) Utility Vehicle,Functional,N,Moving Constant Speed,2015-02-26 20:05,38,38.99088697,-77.09587097
N,Apparently Normal,No Misuse,Y,No Injury,e12a74cd-af4a-4a46-980b-0c64045fe417,D,MCP1202000B,Shoulder/Lap Belt(s),F,38c7c1a6-2432-437c-ba50-7600466843d9,Same Movement Angle,N,Crossover Related,Acceleration Lane,Daylight,No Defects,"Two-way, Not Divided",Dry,Clear,Twelve o'clock,(Sport) Utility Vehicle,Disabling,N,Accelerating,2015-02-07 13:48,48,38.98529667,-77.07720167
N,Apparently Normal,No Misuse,N,Possible Incapacitating Injury,95d2fb4c-1c8d-4804-9e42-160bff09873a,D,MCP1202000B,Shoulder/Lap Belt(s),M,b8cf8182-bc90-41b2-89b1-3d1cbcbea024,Same Movement Angle,N,Crossover Related,Acceleration Lane,Daylight,No Defects,"Two-way, Not Divided",Dry,Clear,Seven o'clock,Passenger Car,Disabling,N,Moving Constant Speed,2015-02-07 13:48,51,38.98529667,-77.07720167
N,Apparently Normal,No Misuse,N,No Injury,20d614a1-139c-4150-a437-8ee9985f3258,D,MCP1202000G,Shoulder/Lap Belt(s),F,dd69e018-51a1-4793-be29-406a49849c20,Same Movement Angle,N,Intersection,Acceleration Lane,Dark Lights On,No Defects,"Two-way, Divided, Positive Median Barrier",Dry,Clear,Twelve o'clock,Pickup Truck,Disabling,N,Moving Constant Speed,2015-03-10 6:53,52,39.01642167,-77.11970333
N,Apparently Normal,No Misuse,Y,No Injury,8f962c58-b109-4c81-b22f-fba68236e6e2,D,MCP1202000G,Shoulder/Lap Belt(s),M,28a8f7ec-3e5c-4b34-9cc3-9e4a0e108ddd,Same Movement Angle,N,Intersection,Acceleration Lane,Dark Lights On,No Defects,"Two-way, Divided, Positive Median Barrier",Dry,Clear,Six o'clock,Passenger Car,Disabling,N,Making Left Turn,2015-03-10 6:53,24,39.01642167,-77.11970333
N,Apparently Normal,No Misuse,N,No Injury,01ce909d-a1c9-4283-aeec-9aeb245f6413,D,MCP1221000V,Shoulder/Lap Belt(s),F,d157ee94-517b-4a7d-8a1c-59ffd5a0464d,Same Direction Rear End,N,Intersection Related,Acceleration Lane,Daylight,No Defects,"Two-way, Divided, Positive Median Barrier",Dry,Clear,Six o'clock,Passenger Car,Superficial,N,Slowing or Stopping,2015-01-13 8:24,43,39.10887667,-77.21221
N,Apparently Normal,No Misuse,Y,No Injury,411546df-6d5c-4f6d-a8a8-41cf16acc00c,D,MCP1221000V,Shoulder/Lap Belt(s),F,ca1293cb-f56e-49c9-9458-2d7cc8fad2c1,Same Direction Rear End,N,Intersection Related,Acceleration Lane,Daylight,No Defects,"Two-way, Divided, Positive Median Barrier",Dry,Clear,Twelve o'clock,Passenger Car,Functional,N,Moving Constant Speed,2015-01-13 8:24,38,39.10887667,-77.21221
N,Apparently Normal,No Misuse,N,No Injury,9faf87a8-8ef1-4f0f-b944-1124668af083,D,MCP1221000V,Shoulder/Lap Belt(s),M,7bf5f58d-1101-4d4b-a5f7-7eb3c7a0d261,Same Direction Rear End,N,Intersection Related,Acceleration Lane,Daylight,No Defects,"Two-way, Divided, Positive Median Barrier",Dry,Clear,Six o'clock,Passenger Car,Superficial,N,Slowing or Stopping,2015-01-13 8:24,33,39.10887667,-77.21221
Y,Apparently Normal,No Misuse,Y,No Injury,481cb7b9-d1c1-4897-bd9a-f48aa25d136d,D,MCP1221000Y,Shoulder/Lap Belt(s),F,085f1c2c-e585-440c-91ee-b385218f08cb,Same Direction Sideswipe,N,Non Intersection,Acceleration Lane,Dawn,No Defects,"Two-way, Divided, Positive Median Barrier",Dry,Clear,Eleven o'clock,Transit Bus,Superficial,N,Changing Lanes,2015-03-17 7:05,46,39.15315833,-77.21148167
N,Apparently Normal,No Misuse,N,No Injury,37392ca1-7902-455e-b143-dd7a63566736,D,MCP1221000Y,Shoulder/Lap Belt(s),M,49233160-bf34-4ca2-9394-a83fb1b2717b,Same Direction Sideswipe,N,Non Intersection,Acceleration Lane,Dawn,No Defects,"Two-way, Divided, Positive Median Barrier",Dry,Clear,Six o'clock,Passenger Car,Disabling,N,Slowing or Stopping,2015-03-17 7:05,53,39.15315833,-77.21148167
N,Apparently Normal,No Misuse,N,No Injury,4551f473-c057-4b38-91f0-878a8aedd396,D,MCP1221000Y,Shoulder/Lap Belt(s),M,48bf34f9-5d33-4d46-9f9d-e86d3f91efc8,Same Direction Sideswipe,N,Non Intersection,Acceleration Lane,Dawn,No Defects,"Two-way, Divided, Positive Median Barrier",Dry,Clear,Eight o'clock,Passenger Car,Superficial,N,Slowing or Stopping,2015-03-17 7:05,46,39.15315833,-77.21148167
N,Apparently Normal,No Misuse,N,No Injury,1cb84402-f0f0-4369-bc74-755e05f02974,D,MCP1221000Z,Shoulder/Lap Belt(s),F,55b04c5e-a185-49b0-9ae3-f84c079fb4c4,Same Direction Rear End,N,Non Intersection,Right Turn Lane,Daylight,No Defects,"Two-way, Divided, Positive Median Barrier",Dry,Clear,Six o'clock,Passenger Car,Functional,N,Slowing or Stopping,2015-03-30 7:45,61,39.16913197,-77.20461845
N,Apparently Normal,No Misuse,Y,No Injury,6e8ed8b9-57db-4412-b199-5d2233972b89,D,MCP1221000Z,Shoulder/Lap Belt(s),M,2786dbbf-fec1-48d2-a117-fa8c274ff055,Same Direction Rear End,N,Non Intersection,Right Turn Lane,Daylight,No Defects,"Two-way, Divided, Positive Median Barrier",Dry,Clear,Twelve o'clock,Passenger Car,Disabling,N,Slowing or Stopping,2015-03-30 7:45,59,39.16913197,-77.20461845
N,Apparently Normal,No Misuse,Y,No Injury,ca2fde3b-3ca4-48da-a16c-afbf0c47d2a2,D,MCP1233000M,Shoulder Belt Only,F,d5dc4e36-96e5-41f1-9183-095932882dd9,Same Movement Angle,N,Intersection,Right Turn Lane,Daylight,No Defects,"Two-way, Divided, Positive Median Barrier",Dry,Clear,Seven o'clock,Passenger Car,Disabling,N,Making Left Turn,2015-02-27 15:09,48,39.006395,-77.07859
N,Apparently Normal,No Misuse,N,No Injury,c49ba599-440b-425d-9e68-7210fa128c58,D,MCP1233000M,Shoulder/Lap Belt(s),M,b768398a-8b72-4bb8-8613-60236a8ac31a,Same Movement Angle,N,Intersection,Right Turn Lane,Daylight,No Defects,"Two-way, Divided, Positive Median Barrier",Dry,Clear,Twelve o'clock,Passenger Car,Disabling,N,Starting From Lane,2015-02-27 15:09,20,39.006395,-77.07859
N,Apparently Normal,No Misuse,N,No Injury,f7e9f8e8-1e37-442c-b021-99f19e71417c,D,MCP1252000H,Shoulder/Lap Belt(s),F,2cc35b3f-f6c7-45d1-922e-3c328e633eb2,Opposite Direction Sideswipe,N,Non Intersection,Right Turn Lane,Dark No Lights,No Defects,"Two-way, Not Divided",Dry,Clear,Eleven o'clock,Recreational Vehicle,Disabling,N,Moving Constant Speed,2015-01-16 19:55,58,39.24647167,-77.22426333
N,Had Been Drinking,No Misuse,Y,No Injury,01ed9a26-7747-45ac-b99b-c34edbc580c0,D,MCP1252000H,Shoulder/Lap Belt(s),F,b7619a6e-cea6-4d13-bd4a-1538075fdd09,Opposite Direction Sideswipe,N,Non Intersection,Right Turn Lane,Dark No Lights,No Defects,"Two-way, Not Divided",Dry,Clear,Eleven o'clock,Recreational Vehicle,Disabling,N,Moving Constant Speed,2015-01-16 19:55,33,39.24647167,-77.22426333
N,Apparently Normal,No Misuse,N,No Injury,a36abbc0-a572-4915-8b71-ab0b9dd54600,D,MCP12650007,Shoulder/Lap Belt(s),F,5235e5cf-d1fc-4b80-98f9-bac8743f51f0,Same Direction Rear End,N,Intersection,Right Turn Lane,Daylight,No Defects,"Two-way, Divided, Positive Median Barrier",Dry,Clear,Six o'clock,Passenger Car,Superficial,N,Stopped in Traffic Lane,2015-03-21 14:14,39,38.99905866,-76.99725151
N,Apparently Normal,No Misuse,N,No Injury,7928d6a3-dfb8-4a9c-9ded-0dbf28a13665,D,MCP13180001,Shoulder/Lap Belt(s),F,263f9077-7894-4a9a-a388-8c933f4706ac,Single Vehicle ,N,Non Intersection,Right Turn Lane,Dark No Lights,No Defects,"Two-way, Not Divided",Dry,Clear,One o'clock,Police Vehicle/Non Emergency,Functional,N,Moving Constant Speed,2015-03-22 3:15,39,39.173447,-77.0976933
N,Apparently Normal,No Misuse,N,No Injury,585393b0-3530-4d6f-8875-175efa6726af,D,MCP1342000J,Shoulder/Lap Belt(s),M,8149921d-17d1-4edc-a222-cf3b66f1a301,Same Direction Rear End,N,Non Intersection,Right Turn Lane,Daylight,No Defects,"Two-way, Divided, Positive Median Barrier",Wet,Clear,Six o'clock,(Sport) Utility Vehicle,Disabling,N,Slowing or Stopping,2015-03-07 14:25,45,39.13684667,-77.205525
N,Apparently Normal,No Misuse,Y,No Injury,3477a936-29eb-4722-8e34-700fb1f96622,D,MCP13580002,Shoulder/Lap Belt(s),F,5c0b3272-a558-4ce1-bda0-2a53f247056f,Same Movement Angle,N,Intersection,Left Turn Lane,Daylight,No Defects,"Two-way, Divided, Positive Median Barrier",Dry,Cloudy,Four o'clock,Passenger Car,Disabling,N,Moving Constant Speed,2015-01-02 15:15,21,39.19819,-77.244775
N,Apparently Normal,No Misuse,Y,No Injury,a279213f-8add-4d5f-a28a-bfe6221911cb,D,MCP1378003T,Shoulder/Lap Belt(s),F,79f5d7f5-c5e2-446c-b4c4-fe03e9873598,Same Direction Right Turn,N,Intersection,Deceleration Lane,Dark Lights On,No Defects,"Two-way, Divided, Unprotected (painted >4 feet) Median",Wet,Raining,Five o'clock,Passenger Car,Disabling,N,Changing Lanes,2015-01-12 17:50,34,39.11635167,-77.20831667
N,Apparently Normal,No Misuse,N,No Injury,4a63c67a-087d-4452-a76d-2f08832638c8,D,MCP1378003T,Shoulder/Lap Belt(s),M,16788de3-7baf-4bc8-977f-9e067d48d6c8,Same Direction Right Turn,N,Intersection,Deceleration Lane,Dark Lights On,No Defects,"Two-way, Divided, Unprotected (painted >4 feet) Median",Wet,Raining,Eleven o'clock,Passenger Car,Disabling,N,Moving Constant Speed,2015-01-12 17:50,36,39.11635167,-77.20831667
N,Apparently Normal,No Misuse,Y,No Injury,d5b95ca4-c544-4697-a53a-3a5fd17079b9,D,MCP1378003W,Shoulder/Lap Belt(s),F,e380d447-ccf9-403a-84b9-29d27309facd,Same Direction Rear End,N,Intersection Related,Left Turn Lane,Dark Lights On,No Defects,"Two-way, Not Divided",Dry,Cloudy,Eleven o'clock,Passenger Car,Disabling,N,Changing Lanes,2015-01-13 17:55,61,39.18752167,-77.186245
N,Apparently Normal,No Misuse,N,No Injury,9b3d00a9-1391-47b2-9b34-0b27f701b3d9,D,MCP1378003W,Shoulder/Lap Belt(s),M,cdd8bde9-4916-4f9c-876e-02917ae724fd,Same Direction Rear End,N,Intersection Related,Left Turn Lane,Dark Lights On,No Defects,"Two-way, Not Divided",Dry,Cloudy,Five o'clock,(Sport) Utility Vehicle,Functional,N,Stopped in Traffic Lane,2015-01-13 17:55,24,39.18752167,-77.186245
N,Apparently Normal,No Misuse,Y,No Injury,aea43b4f-3ed8-4439-9ccf-090a5ca87f6c,D,MCP1378003X,Shoulder/Lap Belt(s),F,091c164e-fdcf-4be2-8fad-d83195ab5ffc,Same Movement Angle,N,Intersection,Right Turn Lane,Daylight,No Defects,"Two-way, Divided, Unprotected (painted >4 feet) Median",Dry,Cloudy,Twelve o'clock,Passenger Car,Functional,N,Accelerating,2015-01-15 14:26,30,39.189105,-77.158585
Y,Apparently Normal,No Misuse,N,No Injury,9bb3792e-9c71-47d6-84e8-9a5e03d29867,D,MCP1378003X,Shoulder/Lap Belt(s),M,d3dd284b-8d44-4f5d-98a8-a0d5ccbe0ef0,Same Movement Angle,N,Intersection,Right Turn Lane,Daylight,No Defects,"Two-way, Divided, Unprotected (painted >4 feet) Median",Dry,Cloudy,Four o'clock,School Bus,Superficial,N,Moving Constant Speed,2015-01-15 14:26,44,39.189105,-77.158585
Y,Apparently Normal,No Misuse,N,No Injury,938aaed3-9422-4146-b4ea-a7d517cb9835,D,MCP13780042,Shoulder/Lap Belt(s),F,477db651-4643-4dcd-8ea8-f69fcd5ec2cd,Same Direction Rear End,N,Intersection Related,Right Turn Lane,Daylight,No Defects,"Two-way, Divided, Unprotected (painted >4 feet) Median",Dry,Cloudy,Six o'clock,School Bus,No Damage,N,Accelerating,2015-01-22 15:14,53,39.104285,-77.19063667
N,Apparently Normal,No Misuse,Y,No Injury,9cfa7478-126b-4b6c-8391-7b71db615d35,D,MCP13780042,Shoulder/Lap Belt(s),M,eff37ece-489b-4f26-9d36-4640310b99f0,Same Direction Rear End,N,Intersection Related,Right Turn Lane,Daylight,No Defects,"Two-way, Divided, Unprotected (painted >4 feet) Median",Dry,Cloudy,Twelve o'clock,Passenger Car,Superficial,N,Accelerating,2015-01-22 15:14,29,39.104285,-77.19063667
N,Apparently Normal,No Misuse,N,No Injury,3b0e6700-330d-472c-9328-a166b14321c5,D,MCP1378004G,Shoulder/Lap Belt(s),F,caf2aa9b-a931-4270-9385-6902a2d9f862,Same Direction Rear End,N,Non Intersection,Left Turn Lane,Dark Lights On,No Defects,"Two-way, Divided, Unprotected (painted >4 feet) Median",Dry,Cloudy,Six o'clock,(Sport) Utility Vehicle,Disabling,N,Stopped in Traffic Lane,2015-02-10 18:32,42,39.14219833,-77.15125333
N,Apparently Normal,No Misuse,N,No Injury,ed243ebf-0f1f-4448-a042-5d4abca5eb27,D,MCP1378004G,Shoulder/Lap Belt(s),F,dae44b1e-9637-4cac-865a-196cc4214cea,Same Direction Rear End,N,Non Intersection,Left Turn Lane,Dark Lights On,No Defects,"Two-way, Divided, Unprotected (painted >4 feet) Median",Dry,Cloudy,Eight o'clock,(Sport) Utility Vehicle,Superficial,N,Slowing or Stopping,2015-02-10 18:32,37,39.14219833,-77.15125333
N,Apparently Normal,No Misuse,Y,No Injury,0fbce4d4-c1c3-4f11-a1ee-f967fdfd3e6c,D,MCP1378004G,Shoulder/Lap Belt(s),F,006c5890-5401-47f2-93c7-1d5d5f29424c,Same Direction Rear End,N,Non Intersection,Left Turn Lane,Dark Lights On,No Defects,"Two-way, Divided, Unprotected (painted >4 feet) Median",Dry,Cloudy,Twelve o'clock,(Sport) Utility Vehicle,Disabling,N,Slowing or Stopping,2015-02-10 18:32,40,39.14219833,-77.15125333
N,Apparently Normal,No Misuse,N,Possible Incapacitating Injury,b1cf8d1b-df83-45ff-b88f-77b127d6bacf,D,MCP1378004G,Shoulder/Lap Belt(s),F,6b9f526c-d5e8-4277-b8fc-1b60e8acaeb1,Same Direction Rear End,N,Non Intersection,Left Turn Lane,Dark Lights On,No Defects,"Two-way, Divided, Unprotected (painted >4 feet) Median",Dry,Cloudy,Nine o'clock,Passenger Car,Disabling,N,Slowing or Stopping,2015-02-10 18:32,62,39.14219833,-77.15125333
N,Apparently Normal,No Misuse,Y,No Injury,1a142cce-1036-49b1-985a-134981596f4a,D,MCP1378004J,Shoulder/Lap Belt(s),F,a154c406-25ef-40c3-863d-492b136e733c,Same Movement Angle,N,Commercial Driveway,Left Turn Lane,Dusk,No Defects,"Two-way, Not Divided",Dry,Clear,Twelve o'clock,Passenger Car,Superficial,N,Making Left Turn,2015-02-12 17:55,48,39.13891667,-77.179385
N,Apparently Normal,No Misuse,N,Non-incapacitating Injury,4328ee75-09f7-4d29-83aa-7a77f00a770b,D,MCP1378004J,Shoulder/Lap Belt(s),M,f698f05b-bacc-408e-82d0-6f4a8cddf6f4,Same Movement Angle,N,Commercial Driveway,Left Turn Lane,Dusk,No Defects,"Two-way, Not Divided",Dry,Clear,Eleven o'clock,Passenger Car,Superficial,N,Moving Constant Speed,2015-02-12 17:55,29,39.13891667,-77.179385
N,Apparently Normal,No Misuse,N,No Injury,0ce12d1a-fe2a-40f4-addc-7fcfa3f50d9f,D,MCP1378004K,Shoulder/Lap Belt(s),F,bfbd382c-c2dc-4266-8266-99bc6898e2f8,Same Movement Angle,N,Commercial Driveway,Left Turn Lane,Dusk,No Defects,"Two-way, Not Divided",Wet,Cloudy,Eleven o'clock,(Sport) Utility Vehicle,Disabling,N,Moving Constant Speed,2015-02-17 17:19,48,39.14736167,-77.23147667
N,Apparently Normal,No Misuse,Y,Non-incapacitating Injury,dea666a9-1386-48ee-a264-3868102d3a0f,D,MCP1378004K,Shoulder/Lap Belt(s),M,334f8349-886e-4ef9-89eb-ba86907fa4de,Same Movement Angle,N,Commercial Driveway,Left Turn Lane,Dusk,No Defects,"Two-way, Not Divided",Wet,Cloudy,Eleven o'clock,Passenger Car,Functional,N,Making U Turn,2015-02-17 17:19,30,39.14736167,-77.23147667
N,Apparently Normal,No Misuse,Y,No Injury,7f9cadee-c36a-4ba5-b52b-ea81ef997c8c,D,MCP1378004T,Shoulder/Lap Belt(s),M,b2de5ce4-2cd5-4f7a-ae56-6ff59523ba9f,Same Direction Right Turn,N,Non Intersection,Acceleration Lane,Daylight,No Defects,"Two-way, Divided, Positive Median Barrier",Dry,Clear,Eight o'clock,Passenger Car,Disabling,N,Moving Constant Speed,2015-03-02 10:55,46,39.11667167,-77.19426
N,Apparently Normal,No Misuse,Y,No Injury,4f3c7ef4-3bf2-4f5e-b847-394bff066186,D,MCP13780051,Shoulder/Lap Belt(s),F,124e0362-8c40-4435-96a6-ada913d8ca22,Same Movement Angle,N,Intersection,Left Turn Lane,Daylight,No Defects,"Two-way, Divided, Unprotected (painted >4 feet) Median",Dry,Clear,One o'clock,Passenger Car,Disabling,N,Making Left Turn,2015-03-09 16:02,21,39.140095,-77.20614667
N,Apparently Normal,No Misuse,N,Non-incapacitating Injury,30b94ee2-1533-496b-80bf-48f5295aec7f,D,MCP13780051,Shoulder/Lap Belt(s),M,ed976477-56e6-4897-ad69-449838ec314c,Same Movement Angle,N,Intersection,Left Turn Lane,Daylight,No Defects,"Two-way, Divided, Unprotected (painted >4 feet) Median",Dry,Clear,Twelve o'clock,Passenger Car,Disabling,N,Moving Constant Speed,2015-03-09 16:02,25,39.140095,-77.20614667
N,Apparently Normal,No Misuse,N,No Injury,5ec79c41-fa9a-4485-8067-f09dfd961e0e,D,MCP13780055,Shoulder/Lap Belt(s),F,ee7dfb97-a9f6-4f6e-b917-b654a6a39130,Same Movement Angle,N,Intersection,Right Turn Lane,Dark Lights On,No Defects,"Two-way, Divided, Unprotected (painted >4 feet) Median",Dry,Clear,Twelve o'clock,Passenger Car,Disabling,N,Accelerating,2015-03-17 20:08,19,39.139925,-77.20510333
N,Apparently Normal,No Misuse,Y,No Injury,10c8707f-246d-459b-acd9-ad3a0194a299,D,MCP13780055,Shoulder/Lap Belt(s),M,0e38c1f0-f03a-4842-971d-fbfaab2213d9,Same Movement Angle,N,Intersection,Right Turn Lane,Dark Lights On,No Defects,"Two-way, Divided, Unprotected (painted >4 feet) Median",Dry,Clear,Four o'clock,Passenger Car,Disabling,N,Making Left Turn,2015-03-17 20:08,50,39.139925,-77.20510333
N,Apparently Normal,No Misuse,Y,No Injury,e0db8bf9-38f7-464f-bb10-16e911299abd,D,MCP13780056,Shoulder/Lap Belt(s),F,57a7616c-b19c-4c70-83f9-16942f8d0853,Same Movement Angle,N,Commercial Driveway,Acceleration Lane,Daylight,No Defects,"Two-way, Divided, Unprotected (painted >4 feet) Median",Dry,Clear,Eleven o'clock,Van,Functional,N,Accelerating,2015-03-18 17:16,29,39.16263667,-77.22505167
N,Apparently Normal,No Misuse,N,No Injury,ac6f7b37-e7df-49cd-94a6-d1cb88d58d30,D,MCP13780056,Shoulder/Lap Belt(s),M,68fdc4fc-d87c-424d-a51f-0eafd90fc6e9,Same Movement Angle,N,Commercial Driveway,Acceleration Lane,Daylight,No Defects,"Two-way, Divided, Unprotected (painted >4 feet) Median",Dry,Clear,One o'clock,Passenger Car,Disabling,N,Skidding,2015-03-18 17:16,24,39.16263667,-77.22505167
N,Apparently Normal,No Misuse,Y,No Injury,64824be6-aeaa-45be-b404-860b5712416a,D,MCP13780058,Shoulder/Lap Belt(s),F,38ec6cb4-e75e-4156-8398-2b0f7b86f3fb,Same Direction Rear End,N,Intersection,Left Turn Lane,Daylight,No Defects,"Two-way, Divided, Unprotected (painted >4 feet) Median",Dry,Clear,Twelve o'clock,(Sport) Utility Vehicle,Functional,N,Slowing or Stopping,2015-03-30 14:36,22,39.13129167,-77.18802
N,Apparently Normal,No Misuse,N,Non-incapacitating Injury,5398ed9d-54dc-4e75-8ae3-b65ba199fc86,D,MCP13780058,Shoulder/Lap Belt(s),F,7ece8a9c-773c-45bd-9275-bfd37538143b,Same Direction Rear End,N,Intersection,Left Turn Lane,Daylight,No Defects,"Two-way, Divided, Unprotected (painted >4 feet) Median",Dry,Clear,Six o'clock,(Sport) Utility Vehicle,Functional,N,Stopped in Traffic Lane,2015-03-30 14:36,50,39.13129167,-77.18802
N,Apparently Normal,No Misuse,Y,No Injury,2dff650c-1ef7-4454-b0ba-9ecdc3501a06,D,MCP1378005B,Shoulder/Lap Belt(s),F,02d4dda5-c912-4ddd-b03b-4404ad0eaf81,Same Movement Angle,N,Intersection,Right Turn Lane,Dusk,No Defects,"Two-way, Divided, Positive Median Barrier",Dry,Clear,One o'clock,Passenger Car,Disabling,N,Moving Constant Speed,2015-03-30 19:06,66,39.112165,-77.21057667
N,Apparently Normal,No Misuse,N,No Injury,c81d177c-51ca-46d5-aec6-ef20f0c72efb,D,MCP13820020,Shoulder/Lap Belt(s),F,0bbd5be9-08e3-4de9-99bd-dfcd321bd7bf,Same Direction Rear End,N,Non Intersection,Acceleration Lane,Daylight,No Defects,"Two-way, Divided, Positive Median Barrier",Dry,Clear,Six o'clock,Van,Superficial,N,Stopped in Traffic Lane,2015-02-25 9:12,27,39.03059167,-77.00551667
N,Apparently Normal,No Misuse,Y,No Injury,cdf33970-48f3-4f6f-93f2-2581d1c00fd5,D,MCP13820020,Shoulder/Lap Belt(s),F,dbaf7b1b-44e2-46c1-8317-77648f04ba35,Same Direction Rear End,N,Non Intersection,Acceleration Lane,Daylight,No Defects,"Two-way, Divided, Positive Median Barrier",Dry,Clear,Twelve o'clock,(Sport) Utility Vehicle,No Damage,N,Slowing or Stopping,2015-02-25 9:12,22,39.03059167,-77.00551667
N,Apparently Normal,No Misuse,N,No Injury,8f1424ec-624b-4372-9846-e85a1fe32c15,D,MCP13820022,Shoulder/Lap Belt(s),F,7a6fce22-3c89-406e-b3d7-bd852ce42b4a,Same Direction Rear End,N,Non Intersection,Right Turn Lane,Daylight,No Defects,"Two-way, Divided, Positive Median Barrier",Dry,Clear,Six o'clock,Van,Functional,N,Stopped in Traffic Lane,2015-03-30 8:30,55,39.03453,-77.00173667
N,Apparently Normal,No Misuse,Y,No Injury,e038b835-2bf1-4c8f-b871-ad5268d4a2bf,D,MCP13820022,Shoulder/Lap Belt(s),M,85761886-29c5-4f71-ad20-c9eca2f9e908,Same Direction Rear End,N,Non Intersection,Right Turn Lane,Daylight,No Defects,"Two-way, Divided, Positive Median Barrier",Dry,Clear,One o'clock,Ambulance/Emergency,Functional,N,Moving Constant Speed,2015-03-30 8:30,37,39.03453,-77.00173667
N,Apparently Normal,No Misuse,Y,No Injury,0f9145f1-c3f2-49c2-be9a-0b9125daeab2,D,MCP13970004,Shoulder/Lap Belt(s),F,8affbdc7-59cd-4de3-94cd-a94332a6cbbe,Single Vehicle ,N,Non Intersection,Left Turn Lane,Daylight,No Defects,"Two-way, Divided, Positive Median Barrier",Dry,Clear,Twelve o'clock,Passenger Car,Disabling,N,Moving Constant Speed,2015-01-15 11:06,49,39.196185,-77.25936333
N,Apparently Normal,Air Bag Failed,Y,No Injury,ad003ecc-6b3e-499c-b27a-80cb2365fa9c,D,MCP1417002F,Shoulder/Lap Belt(s),F,7e8fbcb4-9857-49c1-be95-c4862252d57b,Same Direction Rear End,N,Intersection,Right Turn Lane,Daylight,No Defects,"Two-way, Divided, Unprotected (painted >4 feet) Median",Dry,Clear,Twelve o'clock,Passenger Car,Disabling,N,Moving Constant Speed,2015-01-28 16:07,20,39.175955,-77.21024667
N,Apparently Normal,No Misuse,N,Possible Incapacitating Injury,0acdb05a-915d-448e-acf9-a69964a2bcbf,D,MCP1417002F,Shoulder/Lap Belt(s),F,355549ea-ac47-40b6-861a-cf3c4634a61d,Same Direction Rear End,N,Intersection,Right Turn Lane,Daylight,No Defects,"Two-way, Divided, Unprotected (painted >4 feet) Median",Dry,Clear,Six o'clock,Passenger Car,Functional,N,Stopped in Traffic Lane,2015-01-28 16:07,24,39.175955,-77.21024667
N,Apparently Normal,No Misuse,N,No Injury,e9a9b272-2a87-4d5b-a01c-2177c841c9d5,D,MCP1417002K,Shoulder/Lap Belt(s),F,4e4c8a9b-7e35-4563-ae3e-8d4cef754749,Head On Left Turn,N,Intersection,Left Turn Lane,Daylight,No Defects,"Two-way, Divided, Positive Median Barrier",Wet,Cloudy,Twelve o'clock,Passenger Car,Functional,N,Stopped in Traffic Lane,2015-02-10 7:33,29,39.12661463,-77.24383235
N,Apparently Normal,No Misuse,Y,No Injury,0b1c9489-fe85-4859-80e8-342070f006bb,D,MCP1417002K,Shoulder/Lap Belt(s),F,a4d81c0c-f456-462e-a98a-d925185f3b97,Head On Left Turn,N,Intersection,Left Turn Lane,Daylight,No Defects,"Two-way, Divided, Positive Median Barrier",Wet,Cloudy,Four o'clock,Passenger Car,Disabling,N,Making Left Turn,2015-02-10 7:33,38,39.12661463,-77.24383235
N,Apparently Normal,No Misuse,N,Possible Incapacitating Injury,1cd2b871-d5f9-4f11-9c07-b928403211ad,D,MCP1417002K,Shoulder/Lap Belt(s),F,678f88b7-1615-4cd6-b5cb-1eb1754e3347,Head On Left Turn,N,Intersection,Left Turn Lane,Daylight,No Defects,"Two-way, Divided, Positive Median Barrier",Wet,Cloudy,Twelve o'clock,Passenger Car,Disabling,N,Moving Constant Speed,2015-02-10 7:33,29,39.12661463,-77.24383235