CDL_FLAG,CONDITION_CODE,EQUIP_PROB_CODE,FAULT_FLAG,INJ_SEVER_CODE,PERSON_ID,PERSON_TYPE,REPORT_NO,SAF_EQUIP_CODE,SEX_CODE,VEHICLE_ID,COLLISION_TYPE_CODE,C_M_ZONE_FLAG,JUNCTION_CODE,LANE_CODE,LIGHT_CODE,RD_COND_CODE,RD_DIV_CODE,SURF_COND_CODE,WEATHER_CODE,AREA_DAMAGED_CODE_MAIN,BODY_TYPE_CODE,DAMAGE_CODE,HIT_AND_RUN_FLAG,MOVEMENT_CODE,TIME,AGE,LATITUDE,LONGITUDE
N,Apparently Normal,No Misuse,Y,No Injury,0bf76c82-d457-4493-a8e0-2fdf64e66146,D,MCP1417002L,Shoulder/Lap Belt(s),F,254970c7-4277-4e80-a38a-da29dfbbf0b8,Head On Left Turn,N,Intersection,Left Turn Lane,Daylight,No Defects,"Two-way, Divided, Unprotected (painted >4 feet) Median",Dry,Clear,Four o'clock,Passenger Car,Disabling,N,Making Left Turn,2015-02-11 15:22,24,39.13881333,-77.17957
N,Apparently Normal,No Misuse,N,Possible Incapacitating Injury,4758cadf-e513-4ca5-b091-bfd3cf794ba2,D,MCP1417002L,Shoulder/Lap Belt(s),M,501153c2-5d56-4b4b-a957-65dd2a647faa,Head On Left Turn,N,Intersection,Left Turn Lane,Daylight,No Defects,"Two-way, Divided, Unprotected (painted >4 feet) Median",Dry,Clear,Twelve o'clock,Passenger Car,Functional,N,Moving Constant Speed,2015-02-11 15:22,17,39.13881333,-77.17957
N,Apparently Normal,No Misuse,Y,No Injury,cec05d8f-88e2-4e93-80dd-52e8b24e0ac4,D,MCP1417002N,Shoulder/Lap Belt(s),F,a259ad6e-38ca-4410-90e1-312b4078991b,Same Direction Rear End,N,Non Intersection,Left Turn Lane,Daylight,No Defects,"Two-way, Divided, Unprotected (painted >4 feet) Median",Dry,Clear,Twelve o'clock,Passenger Car,Disabling,N,Slowing or Stopping,2015-02-18 8:08,65,39.14529,-77.226995
N,Apparently Normal,No Misuse,Y,No Injury,0beef006-6c81-46f6-92b7-583614f5249a,D,MCP1417002N,Shoulder/Lap Belt(s),F,0a41c17b-0f57-4982-9698-4c0c5fbb8333,Same Direction Rear End,N,Non Intersection,Left Turn Lane,Daylight,No Defects,"Two-way, Divided, Unprotected (painted >4 feet) Median",Dry,Clear,Twelve o'clock,Passenger Car,Functional,N,Slowing or Stopping,2015-02-18 8:08,40,39.14529,-77.226995
N,Apparently Normal,No Misuse,N,Possible Incapacitating Injury,21efcf3e-2599-417b-a710-3033a6b898db,D,MCP1417002N,Shoulder/Lap Belt(s),F,f0b9a4ed-1de6-4326-9538-e5c26f644098,Same Direction Rear End,N,Non Intersection,Left Turn Lane,Daylight,No Defects,"Two-way, Divided, Unprotected (painted >4 feet) Median",Dry,Clear,Six o'clock,Pickup Truck,Functional,N,Slowing or Stopping,2015-02-18 8:08,49,39.14529,-77.226995
N,Apparently Normal,No Misuse,Y,No Injury,8801a3df-a485-46d1-a92b-98bf66914d4f,D,MCP1417002P,Shoulder/Lap Belt(s),F,f9e85789-312c-41d8-b2f2-6fb8dbd340b4,Same Direction Rear End,N,Intersection Related,Left Turn Lane,Daylight,No Defects,"Two-way, Divided, Unprotected (painted >4 feet) Median",Dry,Clear,Twelve o'clock,Passenger Car,Disabling,N,Moving Constant Speed,2015-02-18 13:01,35,39.15716167,-77.19184333
N,Apparently Normal,No Misuse,N,Possible Incapacitating Injury,f3dc56eb-a228-4cbe-9efb-0390ffe0d790,D,MCP1417002P,Shoulder/Lap Belt(s),M,294c8f1d-9357-4839-8177-dc045133410a,Same Direction Rear End,N,Intersection Related,Left Turn Lane,Daylight,No Defects,"Two-way, Divided, Unprotected (painted >4 feet) Median",Dry,Clear,Six o'clock,Passenger Car,Disabling,N,Slowing or Stopping,2015-02-18 13:01,39,39.15716167,-77.19184333
N,Apparently Normal,No Misuse,N,No Injury,87066a70-ce89-43a6-8870-1c845bf20b73,D,MCP14650017,Shoulder/Lap Belt(s),F,473537d4-422a-4529-a4cb-c1436f849d24,Same Direction Right Turn,N,Intersection Related,Right Turn Lane,Daylight,Loose Surface Material,"Two-way, Divided, Positive Median Barrier",Snow,Cloudy,Eleven o'clock,Passenger Car,Superficial,N,Slowing or Stopping,2015-02-17 9:08,32,39.12224,-77.1771
N,Apparently Normal,No Misuse,Y,No Injury,44834418-cddf-41ac-876c-1d37874553fc,D,MCP14650017,Shoulder/Lap Belt(s),M,0b9966f4-78ca-4adc-af2c-acad10f3baee,Same Direction Right Turn,N,Intersection Related,Right Turn Lane,Daylight,Loose Surface Material,"Two-way, Divided, Positive Median Barrier",Snow,Cloudy,Two o'clock,Police Vehicle/Emergency,Superficial,N,Skidding,2015-02-17 9:08,41,39.12224,-77.1771
N,Apparently Normal,No Misuse,N,No Injury,24cd9264-b87b-4db4-a35c-aa0752cda731,D,MCP1475000F,Shoulder/Lap Belt(s),F,2a94709d-85df-4888-881d-63061656157c,Same Movement Angle,N,Intersection,Right Turn Lane,Dark Lights On,No Defects,"Two-way, Divided, Positive Median Barrier",Wet,Raining,Twelve o'clock,"Other Light Trucks (10,000 lbs (4,536 kg))",Functional,N,Accelerating,2015-02-09 19:03,29,39.161505,-77.20177833
N,Apparently Normal,No Misuse,Y,Possible Incapacitating Injury,f19aecbc-2da7-4593-a0f0-5d64fc7a03bc,D,MCP1475000F,Shoulder/Lap Belt(s),F,2202c824-0f5c-4ccc-befb-aece976ee17f,Same Movement Angle,N,Intersection,Right Turn Lane,Dark Lights On,No Defects,"Two-way, Divided, Positive Median Barrier",Wet,Raining,Three o'clock,Passenger Car,Disabling,N,Moving Constant Speed,2015-02-09 19:03,34,39.161505,-77.20177833
N,Apparently Normal,No Misuse,N,No Injury,95e1b839-5f61-49b4-953f-bb639cc11dea,D,MCP1505000B,Shoulder/Lap Belt(s),F,faa46b32-ecff-432f-aa91-195ea89907de,Same Direction Sideswipe,N,Non Intersection,Left Turn Lane,Daylight,No Defects,"Two-way, Divided, Positive Median Barrier",Dry,Severe Winds,Eleven o'clock,Passenger Car,Superficial,N,Moving Constant Speed,2015-01-07 15:33,29,39.138229,-77.153466
N,Apparently Normal,No Misuse,N,No Injury,dc64cf53-18a8-4309-a6fe-5ed433d36db4,D,MCP1505000C,Shoulder/Lap Belt(s),F,57a1ad81-5e59-427f-b8e6-32ca5e788dca,Single Vehicle ,N,Intersection,Right Turn Lane,Dark Lights On,No Defects,"Two-way, Divided, Positive Median Barrier",Wet,Wintry Mix,Eleven o'clock,Passenger Car,No Damage,N,Skidding,2015-02-09 20:32,40,39.201185,-77.253145
N,Apparently Normal,No Misuse,N,No Injury,07fde273-1a83-4ae1-a148-70b0bf084ca0,D,MCP1550000V,Shoulder/Lap Belt(s),F,52bfd172-72d0-4ec1-9bb9-d26f42eab95c,Same Direction Rear End,N,Non Intersection,Deceleration Lane,Dark Lights On,No Defects,"Two-way, Divided, Positive Median Barrier",Dry,Clear,Twelve o'clock,Passenger Car,Functional,N,Moving Constant Speed,2015-01-16 18:15,18,39.00582,-77.07316833
N,Apparently Normal,No Misuse,N,No Injury,3e273ccf-e5e6-407e-8c31-726db2452c54,D,MCP1550000V,Shoulder/Lap Belt(s),M,fed5d05f-99cc-4e20-adba-a70469f79280,Same Direction Rear End,N,Non Intersection,Deceleration Lane,Dark Lights On,No Defects,"Two-way, Divided, Positive Median Barrier",Dry,Clear,Twelve o'clock,Passenger Car,Functional,N,Moving Constant Speed,2015-01-16 18:15,34,39.00582,-77.07316833
N,Apparently Normal,No Misuse,Y,No Injury,4dd37a51-2f30-42b2-be5a-2ef0e632a098,D,MCP1554000F,Shoulder/Lap Belt(s),F,fb4ee133-e33e-462a-a3ec-b1a5d1a476fa,Same Direction Rear End,N,Intersection Related,Left Turn Lane,Dark Lights On,No Defects,"Two-way, Not Divided",Ice,Snow,Twelve o'clock,Passenger Car,Disabling,N,Skidding,2015-01-07 17:46,23,39.13311667,-77.12175667
N,Apparently Normal,No Misuse,N,No Injury,15d67ede-ad46-47a7-b038-270a956303f3,D,MCP1554000F,Shoulder/Lap Belt(s),M,52e060bb-8d73-47d2-9a17-c712bf1411c5,Same Direction Rear End,N,Intersection Related,Left Turn Lane,Dark Lights On,No Defects,"Two-way, Not Divided",Ice,Snow,Six o'clock,(Sport) Utility Vehicle,Functional,N,Stopped in Traffic Lane,2015-01-07 17:46,41,39.13311667,-77.12175667
N,Apparently Normal,No Misuse,N,No Injury,760a82c7-3877-41bd-a922-452fe36b9d5c,D,MCP1564000H,Shoulder/Lap Belt(s),F,1c57de67-9382-4f10-b54b-e724ee486d1b,Same Direction Left Turn,N,Non Intersection,Right Turn Lane,Daylight,No Defects,"Two-way, Not Divided",Dry,Clear,One o'clock,Passenger Car,Disabling,N,Moving Constant Speed,2015-01-15 10:01,75,39.09584,-76.96983833
N,Apparently Normal,No Misuse,Y,No Injury,3936a91a-b89a-47fc-b6cc-bc1a9edf7da0,D,MCP1564000H,Shoulder/Lap Belt(s),M,391b2f24-59c9-4c4a-a8b3-3eca93d1bce7,Same Direction Left Turn,N,Non Intersection,Right Turn Lane,Daylight,No Defects,"Two-way, Not Divided",Dry,Clear,Eleven o'clock,Passenger Car,Disabling,N,Accelerating,2015-01-15 10:01,52,39.09584,-76.96983833
N,Apparently Normal,No Misuse,N,No Injury,7e67489d-731c-4d9e-a8bd-3577e4687ece,D,MCP1564000K,Shoulder/Lap Belt(s),F,230ae11e-a4bb-4953-8679-c930d3cb7a3d,Head On Left Turn,N,Non Intersection,Right Turn Lane,Dawn,No Defects,"Two-way, Not Divided",Wet,Raining,Twelve o'clock,Passenger Car,Disabling,N,Moving Constant Speed,2015-03-27 7:19,65,39.22115667,-77.05987833
N,Apparently Normal,No Misuse,Y,No Injury,00fa8897-21e6-4243-9076-9d56f93d5f63,D,MCP15950005,Shoulder/Lap Belt(s),F,de2a623b-4b0f-41e6-ad53-9b0350021d72,Single Vehicle ,N,Non Intersection,Acceleration Lane,Dark Lights On,No Defects,"Two-way, Divided, Positive Median Barrier",Wet,Raining,Twelve o'clock,(Sport) Utility Vehicle,Functional,Y,Moving Constant Speed,2015-03-14 0:34,18,39.04081129,-77.05160379
N,Apparently Normal,No Misuse,N,No Injury,2230a647-4d8d-4793-bf45-929cd5830008,D,MCP20030008,Shoulder Belt Only,F,9f4e98f4-0dad-4954-a25a-2ad343de092b,Same Direction Rear End,N,Non Intersection,Right Turn Lane,Dark Lights On,No Defects,"Two-way, Not Divided",Dry,Clear,Six o'clock,Van,Disabling,N,Moving Constant Speed,2015-03-29 1:03,38,39.06474812,-77.08017468
N,Apparently Normal,No Misuse,N,No Injury,f2aa4412-8006-4a59-b318-f8962c4cee36,D,MCP2010000W,Shoulder/Lap Belt(s),F,0e58e4f1-ed4c-4d93-b1ed-f970f17bd06b,Head On,N,Intersection,Right Turn Lane,Daylight,No Defects,"Two-way, Not Divided",Dry,Clear,Eleven o'clock,Passenger Car,Superficial,N,Moving Constant Speed,2015-02-12 13:21,23,39.03191102,-77.11797237
N,Emotional Depressed Angry Disturbed,No Misuse,Y,No Injury,d311e9c7-ef3d-4ae3-98cf-a65e878369fe,D,MCP2010000W,Shoulder/Lap Belt(s),F,a1b373ad-cb63-4758-b837-30cc4498bd8d,Head On,N,Intersection,Right Turn Lane,Daylight,No Defects,"Two-way, Not Divided",Dry,Clear,Eleven o'clock,Recreational Vehicle,Disabling,Y,Moving Constant Speed,2015-02-12 13:21,70,39.03191102,-77.11797237
N,Apparently Normal,No Misuse,N,No Injury,1d9a4663-2b58-4479-9c9a-f6a1d0fdf89d,D,MCP2015000C,Shoulder/Lap Belt(s),F,14a8525c-aba7-49d2-a022-f58dee485b08,Same Direction Rear End,N,Intersection Related,Right Turn Lane,Dusk,No Defects,"Two-way, Not Divided",Dry,Clear,Six o'clock,Passenger Car,Disabling,N,Slowing or Stopping,2015-01-16 17:26,30,39.15411833,-77.25232833
N,Apparently Normal,No Misuse,Y,No Injury,38318169-8f4f-418d-868f-7cd9734f6cb1,D,MCP2016000G,Shoulder/Lap Belt(s),M,020f67d5-3881-4943-9153-3136dd1a9d6d,Same Movement Angle,N,Intersection,Left Turn Lane,Daylight,No Defects,"Two-way, Divided, Unprotected (painted >4 feet) Median",Dry,Clear,Eleven o'clock,Passenger Car,Functional,N,Starting From Lane,2015-03-31 8:11,53,39.12122,-77.15830167
N,Apparently Normal,No Misuse,N,No Injury,ed57dd10-bf3a-49dd-82bf-b22758d6f0c3,D,MCP2016000H,Shoulder/Lap Belt(s),F,6b7bf3cb-f866-4020-a359-ddfc7ae203d6,Same Direction Rear End,N,Intersection,Left Turn Lane,Daylight,No Defects,"Two-way, Divided, Positive Median Barrier",Dry,Clear,Six o'clock,Passenger Car,Functional,N,Slowing or Stopping,2015-03-31 9:30,42,39.08991333,-77.12995667
N,Apparently Normal,No Misuse,Y,No Injury,2d63509e-540f-4b1b-8663-ceff285a9059,D,MCP2016000H,Shoulder/Lap Belt(s),F,ca927609-190d-48d0-9314-450edab4979f,Same Direction Rear End,N,Intersection,Left Turn Lane,Daylight,No Defects,"Two-way, Divided, Positive Median Barrier",Dry,Clear,Twelve o'clock,Passenger Car,Disabling,N,Moving Constant Speed,2015-03-31 9:30,33,39.08991333,-77.12995667
N,Apparently Normal,No Misuse,N,No Injury,f3a70718-1ca9-4973-9908-4e15c33ecb19,D,MCP2016000H,Shoulder/Lap Belt(s),M,036800c1-bdb4-4229-9c9e-4a9db8733539,Same Direction Rear End,N,Intersection,Left Turn Lane,Daylight,No Defects,"Two-way, Divided, Positive Median Barrier",Dry,Clear,Six o'clock,Passenger Car,Functional,N,Slowing or Stopping,2015-03-31 9:30,73,39.08991333,-77.12995667
N,Apparently Normal,No Misuse,N,No Injury,096a8e0a-6644-443d-9970-6fe5ef1c8e54,D,MCP2048000C,Shoulder/Lap Belt(s),F,7c41ee48-22d4-45c0-860c-50d5b6570ec1,Same Movement Angle,N,Intersection Related,Right Turn Lane,Dark Lights On,No Defects,"Two-way, Not Divided",Dry,Clear,Four o'clock,Passenger Car,Disabling,N,Moving Constant Speed,2015-02-03 17:50,24,39.05582,-76.95585167
N,Apparently Normal,No Misuse,Y,No Injury,5cd2ff3e-1597-44ab-9661-29086294e7cc,D,MCP20590015,Shoulder/Lap Belt(s),F,98e15763-5a45-4a73-ae48-6bec0bae6c61,Single Vehicle ,N,Non Intersection,Right Turn Lane,Daylight,No Defects,"Two-way, Divided, Positive Median Barrier",Wet,Cloudy,One o'clock,Passenger Car,Disabling,N,Moving Constant Speed,2015-01-04 14:14,42,39.05119667,-77.13385167
Y,Apparently Normal,No Misuse,N,Possible Incapacitating Injury,8801bcb9-15fb-4e17-bfaa-429129eba48a,D,MCP20590018,Shoulder/Lap Belt(s),M,95d0b170-a4a3-4b12-b7bf-e758234a90a3,Same Direction Rear End,N,Non Intersection,Left Turn Lane,Daylight,No Defects,"Two-way, Divided, Unprotected (painted >4 feet) Median",Dry,Clear,Six o'clock,Passenger Car,Functional,N,Stopped in Traffic Lane,2015-01-19 14:57,46,39.004555,-77.09739
N,Apparently Normal,No Misuse,Y,Possible Incapacitating Injury,d2f8ccc9-b9bb-4fbf-aba4-2104015812a7,D,MCP20590018,Shoulder/Lap Belt(s),M,dcfe1f79-9195-41f4-bb56-3e90c3a59cdd,Same Direction Rear End,N,Non Intersection,Left Turn Lane,Daylight,No Defects,"Two-way, Divided, Unprotected (painted >4 feet) Median",Dry,Clear,Twelve o'clock,Passenger Car,Disabling,N,Changing Lanes,2015-01-19 14:57,26,39.004555,-77.09739
N,Apparently Normal,No Misuse,Y,No Injury,1ec31d1c-1970-48c8-8841-a5f829f88fa0,D,MCP20590019,Shoulder/Lap Belt(s),F,9e4a7719-d07c-4432-aae0-349ac8189a1d,Same Direction Rear End,N,Non Intersection,Acceleration Lane,Daylight,No Defects,"Two-way, Divided, Positive Median Barrier",Wet,Raining,Twelve o'clock,(Sport) Utility Vehicle,Functional,N,Slowing or Stopping,2015-01-24 11:41,23,39.00743333,-77.08596667
N,Apparently Normal,No Misuse,N,No Injury,2d226814-58cf-4d34-85ab-52575e8e8535,D,MCP20590019,Shoulder/Lap Belt(s),M,f8c8a94c-3900-4c5d-9dc1-6dc76dd1f2e6,Same Direction Rear End,N,Non Intersection,Acceleration Lane,Daylight,No Defects,"Two-way, Divided, Positive Median Barrier",Wet,Raining,Six o'clock,(Sport) Utility Vehicle,Superficial,N,Stopped in Traffic Lane,2015-01-24 11:41,24,39.00743333,-77.08596667
N,Apparently Normal,No Misuse,Y,No Injury,c951dbd4-02a0-40a6-aa7f-fb1d299f4c15,D,MCP20820006,Shoulder/Lap Belt(s),M,df71f950-3d29-49d8-940f-38843acc6d68,Same Direction Rear End,N,Intersection Related,Right Turn Lane,Dark Lights On,No Defects,"Two-way, Divided, Positive Median Barrier",Dry,Clear,Twelve o'clock,"Other Light Trucks (10,000 lbs (4,536 kg))",Disabling,N,Moving Constant Speed,2015-01-09 23:42,20,39.06549667,-76.97958833
N,Apparently Normal,No Misuse,Y,No Injury,2fe45be2-07a7-4aed-b016-fb97571141df,D,MCP2085000D,Shoulder/Lap Belt(s),F,65484b40-5692-4ea8-a634-4ec680d39a56,Single Vehicle ,N,Non Intersection,Left Turn Lane,Dark Lights On,No Defects,"Two-way, Not Divided",Dry,Clear,Twelve o'clock,Passenger Car,Disabling,N,Moving Constant Speed,2015-02-17 21:46,19,39.052975,-76.95317833
N,Apparently Normal,No Misuse,N,No Injury,2ac83f54-c9e7-4430-8e9e-775d041f5d12,D,MCP21160016,Shoulder/Lap Belt(s),F,2c4bf46f-9799-4a03-8f29-5ec7d720dec1,Same Movement Angle,N,Intersection,Left Turn Lane,Dark Lights On,No Defects,"Two-way, Divided, Positive Median Barrier",Dry,Clear,Twelve o'clock,Passenger Car,Functional,N,Accelerating,2015-01-07 18:11,30,39.112343,-77.161846
N,Apparently Normal,No Misuse,N,Possible Incapacitating Injury,78a48e10-0c1f-4fd3-b520-3b9498886210,D,MCP21160016,Shoulder/Lap Belt(s),F,dac4c0cb-c83f-4e70-b257-b22afc7801a9,Same Movement Angle,N,Intersection,Left Turn Lane,Dark Lights On,No Defects,"Two-way, Divided, Positive Median Barrier",Dry,Clear,Seven o'clock,Passenger Car,Functional,N,Making Right Turn,2015-01-07 18:11,34,39.112343,-77.161846
N,Apparently Normal,No Misuse,Y,No Injury,f5f47419-25ea-4c9a-8fe4-292a666efa6f,D,MCP21160016,Shoulder/Lap Belt(s),M,b8c54daa-d62a-4a59-8ee2-ca52fc182517,Same Movement Angle,N,Intersection,Left Turn Lane,Dark Lights On,No Defects,"Two-way, Divided, Positive Median Barrier",Dry,Clear,Twelve o'clock,Passenger Car,Destroyed,Y,Moving Constant Speed,2015-01-07 18:11,48,39.112343,-77.161846
N,Apparently Normal,No Misuse,N,No Injury,c4de92b6-6dc9-4f60-90cb-c9bf2c80ebf8,D,MCP21160017,Shoulder/Lap Belt(s),F,560ab767-2112-4b0e-aaab-ddf10239a8bd,Single Vehicle ,N,Intersection,Left Turn Lane,Dark Lights On,No Defects,"Two-way, Divided, Positive Median Barrier",Dry,Clear,One o'clock,Police Vehicle/Non Emergency,Superficial,N,Moving Constant Speed,2015-01-08 18:34,27,39.066836,-77.161665
N,Apparently Normal,No Misuse,Y,No Injury,56d4e530-bf9f-4070-8638-f4550e225fcf,D,MCP2116001B,Shoulder/Lap Belt(s),F,39c99c59-cc23-4564-8e12-b4f3c4a65eff,Single Vehicle ,Y,Non Intersection,Right Turn Lane,Daylight,No Defects,"Two-way, Divided, Unprotected (painted >4 feet) Median",Dry,Clear,Two o'clock,Passenger Car,No Damage,N,Accelerating,2015-01-13 9:17,35,39.09107,-77.114849
N,Apparently Normal,No Misuse,N,No Injury,2c8e0a2c-1e5f-4849-a7e7-a27b6e77e0c8,D,MCP2116001H,Shoulder/Lap Belt(s),F,1d6f3884-37b6-4e72-86d4-50d32f4d2d04,Same Direction Rear End,N,Intersection,Left Turn Lane,Daylight,No Defects,"Two-way, Divided, Positive Median Barrier",Dry,Clear,Six o'clock,Passenger Car,Superficial,N,Stopped in Traffic Lane,2015-02-10 12:36,31,39.057156,-77.161429
N,Apparently Normal,No Misuse,Y,No Injury,8b081c69-eb0a-4cb4-9f5c-e4c5426f8139,D,MCP2116001H,Shoulder/Lap Belt(s),M,f1b932dc-b46a-4d0f-83b0-4345f2e9cec1,Same Direction Rear End,N,Intersection,Left Turn Lane,Daylight,No Defects,"Two-way, Divided, Positive Median Barrier",Dry,Clear,Twelve o'clock,Passenger Car,Superficial,N,Slowing or Stopping,2015-02-10 12:36,65,39.057156,-77.161429
N,Apparently Normal,No Misuse,N,Possible Incapacitating Injury,159618df-c1e8-423c-a29a-91278af8851c,D,MCP2116001H,Shoulder/Lap Belt(s),M,a386a869-1b49-4a93-9059-00f0860b9509,Same Direction Rear End,N,Intersection,Left Turn Lane,Daylight,No Defects,"Two-way, Divided, Positive Median Barrier",Dry,Clear,Twelve o'clock,Passenger Car,Functional,N,Stopped in Traffic Lane,2015-02-10 12:36,69,39.057156,-77.161429
N,Apparently Normal,No Misuse,N,No Injury,24204337-771c-4200-bc38-54ad9b0844d8,D,MCP2116001N,Shoulder/Lap Belt(s),F,304e3a51-98f6-4b39-bce0-3c4d65563662,Same Direction Rear End,N,Intersection Related,Right Turn Lane,Daylight,No Defects,"Two-way, Divided, Positive Median Barrier",Dry,Clear,Six o'clock,Passenger Car,Superficial,N,Slowing or Stopping,2015-02-19 14:48,47,39.112291,-77.161846
N,Apparently Normal,No Misuse,N,Non-incapacitating Injury,b8a818ff-c02a-4b7f-9a68-1303e33f1eba,D,MCP2116001N,Shoulder/Lap Belt(s),F,50b9df5e-62bd-4143-aa83-acc7b41db7d0,Same Direction Rear End,N,Intersection Related,Right Turn Lane,Daylight,No Defects,"Two-way, Divided, Positive Median Barrier",Dry,Clear,Six o'clock,Passenger Car,Functional,N,Slowing or Stopping,2015-02-19 14:48,26,39.112291,-77.161846
N,Apparently Normal,No Misuse,Y,No Injury,2dfc6d5d-b67d-4de8-aee0-b6f3553f46e7,D,MCP2116001N,Shoulder/Lap Belt(s),M,65b1a72c-c8bd-4a28-8617-b7bba0f8edcd,Same Direction Rear End,N,Intersection Related,Right Turn Lane,Daylight,No Defects,"Two-way, Divided, Positive Median Barrier",Dry,Clear,Twelve o'clock,Passenger Car,Disabling,N,Moving Constant Speed,2015-02-19 14:48,49,39.112291,-77.161846
N,Apparently Normal,No Misuse,N,Non-incapacitating Injury,878c0eaa-597b-4a0c-a356-3ee28193754c,D,MCP2116001N,Shoulder/Lap Belt(s),M,a056eecd-ea63-4b6f-ab71-3818b1ac647c,Same Direction Rear End,N,Intersection Related,Right Turn Lane,Daylight,No Defects,"Two-way, Divided, Positive Median Barrier",Dry,Clear,Six o'clock,Passenger Car,Functional,N,Slowing or Stopping,2015-02-19 14:48,42,39.112291,-77.161846
N,Apparently Normal,No Misuse,Y,No Injury,266f388a-582d-400e-8a62-1ed742c4d488,D,MCP2116001P,Shoulder/Lap Belt(s),F,3bd5dcf4-38e0-4595-ba98-e67ed0c01642,Same Direction Rear End,N,Non Intersection,Right Turn Lane,Daylight,No Defects,"Two-way, Divided, Positive Median Barrier",Dry,Clear,Twelve o'clock,Passenger Car,Disabling,N,Changing Lanes,2015-02-23 9:51,19,39.10661333,-77.15599833
N,Apparently Normal,No Misuse,N,No Injury,466495cc-8a21-4aab-aff7-da34ff6e440d,D,MCP2116001R,Shoulder/Lap Belt(s),M,1d378428-3a89-42b0-854a-a1dc63cbb668,Same Direction Rear End,N,Intersection,Right Turn Lane,Daylight,No Defects,"Two-way, Not Divided",Dry,Clear,Six o'clock,Pickup Truck,Superficial,N,Stopped in Traffic Lane,2015-03-17 16:31,51,39.05651833,-77.17905667
Y,Apparently Normal,No Misuse,Y,No Injury,98a3469c-026c-4d8f-990c-6a7e67650fc1,D,MCP21460005,Shoulder/Lap Belt(s),M,6d8b7203-b029-4e88-b91a-78944b9d474f,Same Direction Right Turn,N,Non Intersection,Acceleration Lane,Daylight,No Defects,"Two-way, Divided, Positive Median Barrier",Dry,Clear,Four o'clock,School Bus,Superficial,Y,Making Right Turn,2015-02-11 14:21,52,39.05794,-77.048645
N,Apparently Normal,No Misuse,N,No Injury,0459f240-4790-4579-8b31-f26715759b85,D,MCP2162000T,Shoulder/Lap Belt(s),F,0eb92cb1-dbd2-49a5-981a-ed0c1fd17d6e,Same Movement Angle,N,Intersection,Right Turn Lane,Dark Lights On,No Defects,"Two-way, Divided, Unprotected (painted >4 feet) Median",Dry,Clear,Eight o'clock,Passenger Car,Disabling,N,Starting From Lane,2015-02-08 19:19,24,39.0692,-77.045785
N,Apparently Normal,No Misuse,Y,No Injury,0558b316-fe6a-4010-a227-d341e8db4acb,D,MCP2162000T,Shoulder/Lap Belt(s),F,7c4b2aed-de6f-419e-9668-fd89b600539f,Same Movement Angle,N,Intersection,Right Turn Lane,Dark Lights On,No Defects,"Two-way, Divided, Unprotected (painted >4 feet) Median",Dry,Clear,Twelve o'clock,Passenger Car,Superficial,N,Moving Constant Speed,2015-02-08 19:19,75,39.0692,-77.045785
N,Apparently Normal,No Misuse,Y,No Injury,7e09ba44-2136-4040-ba90-2170743c5946,D,MCP2201000F,Shoulder/Lap Belt(s),F,422b81df-35b9-4857-88f2-de667517e861,Same Direction Right Turn,N,Non Intersection,Acceleration Lane,Daylight,No Defects,"Two-way, Not Divided",Dry,Clear,Four o'clock,Passenger Car,Superficial,N,Changing Lanes,2015-03-19 15:07,54,39.00770462,-77.01997519
Y,Apparently Normal,No Misuse,N,No Injury,b8da5ac4-28e8-4297-8512-5bbd67c04b2e,D,MCP2201000F,Shoulder/Lap Belt(s),M,adecdba3-831e-4afa-b7a0-7aed54b66f34,Same Direction Right Turn,N,Non Intersection,Acceleration Lane,Daylight,No Defects,"Two-way, Not Divided",Dry,Clear,Eleven o'clock,Transit Bus,Superficial,N,Moving Constant Speed,2015-03-19 15:07,61,39.00770462,-77.01997519
N,Apparently Normal,No Misuse,N,No Injury,0938f21d-32fb-4f5b-87c4-f38ea4496909,D,MCP2231000X,Shoulder/Lap Belt(s),F,c2a4f7b5-d7c6-4c1b-b830-fb9e268ce1c0,Same Direction Right Turn,N,Non Intersection,Left Turn Lane,Daylight,No Defects,"Two-way, Divided, Positive Median Barrier",Dry,Clear,Ten o'clock,Van,Functional,N,Moving Constant Speed,2015-02-03 12:14,46,38.976689,-77.077109
N,Apparently Normal,No Misuse,N,No Injury,db8db433-c0f5-4f37-81fa-a99753b9afbf,D,MCP22430004,Shoulder/Lap Belt(s),F,e5569da2-fe70-4c4c-8f1c-b58c5edcf410,Same Direction Left Turn,N,Intersection,Left Turn Lane,Daylight,No Defects,"Two-way, Divided, Positive Median Barrier",Dry,Cloudy,One o'clock,Passenger Car,Functional,N,Moving Constant Speed,2015-03-07 15:51,25,38.99463939,-76.99285269
N,Apparently Normal,No Misuse,Y,No Injury,b5593b95-3467-40b6-a2a9-5c445611fcb7,D,MCP2251000R,Shoulder/Lap Belt(s),F,d490434e-c748-4c24-ac34-d14b10b1edb4,Same Movement Angle,N,Intersection,Right Turn Lane,Daylight,No Defects,"Two-way, Not Divided",Wet,Clear,Twelve o'clock,Passenger Car,Disabling,N,Starting From Lane,2015-02-19 11:13,59,39.16893,-77.07767