CDL_FLAG,CONDITION_CODE,EQUIP_PROB_CODE,FAULT_FLAG,INJ_SEVER_CODE,PERSON_ID,PERSON_TYPE,REPORT_NO,SAF_EQUIP_CODE,SEX_CODE,VEHICLE_ID,COLLISION_TYPE_CODE,C_M_ZONE_FLAG,JUNCTION_CODE,LANE_CODE,LIGHT_CODE,RD_COND_CODE,RD_DIV_CODE,SURF_COND_CODE,WEATHER_CODE,AREA_DAMAGED_CODE_MAIN,BODY_TYPE_CODE,DAMAGE_CODE,HIT_AND_RUN_FLAG,MOVEMENT_CODE,TIME,AGE,LATITUDE,LONGITUDE
N,Apparently Normal,No Misuse,Y,No Injury,8feb3973-ff14-4e5c-8c8b-3f142b183f03,D,MCP2788000D,Shoulder/Lap Belt(s),F,4c6033f3-cb12-46da-b463-2054ce494eb0,Same Direction Rear End,N,Intersection Related,Right Turn Lane,Dark Lights On,No Defects,"Two-way, Divided, Positive Median Barrier",Dry,Clear,Twelve o'clock,Passenger Car,Destroyed,N,Moving Constant Speed,2015-01-03 1:33,42,39.05821833,-77.04869333
N,Apparently Normal,No Misuse,N,No Injury,419dd33b-3666-4b78-ae47-989c61f8d087,D,MCP2788000D,Shoulder/Lap Belt(s),M,e331c7e8-e66f-4280-9246-803fbf6d5cf6,Same Direction Rear End,N,Intersection Related,Right Turn Lane,Dark Lights On,No Defects,"Two-way, Divided, Positive Median Barrier",Dry,Clear,Six o'clock,Passenger Car,Functional,N,Stopped in Traffic Lane,2015-01-03 1:33,37,39.05821833,-77.04869333
N,Apparently Normal,No Misuse,Y,No Injury,a0ac7f6c-eab3-4982-abac-faad96adc406,D,MCP2798000Q,Shoulder/Lap Belt(s),F,2aa4758f-2cef-4cc1-a2f8-ba34bad908f9,Same Direction Right Turn,N,Intersection,Acceleration Lane,Dark Lights On,No Defects,"Two-way, Not Divided",Slush,Clear,Ten o'clock,Passenger Car,Disabling,N,Accelerating,2015-01-06 22:57,36,38.996325,-77.028415
Y,Apparently Normal,No Misuse,N,No Injury,e02391fe-f018-472c-bf13-0281e272c154,D,MCP2798000Q,Shoulder/Lap Belt(s),M,b46ba39d-f4fb-4c71-8010-b8498bec1813,Same Direction Right Turn,N,Intersection,Acceleration Lane,Dark Lights On,No Defects,"Two-way, Not Divided",Slush,Clear,Four o'clock,"Medium/Heavy Truck 2 axles (10,000 lbs (4,536 kg) or less)",Superficial,N,Making Right Turn,2015-01-06 22:57,42,38.996325,-77.028415
N,Apparently Normal,No Misuse,N,No Injury,a1391307-bf79-4810-a849-935e5e4c5429,D,MCP2800001K,Shoulder/Lap Belt(s),F,dd0ca489-26d6-4da6-ba73-1606b243bec3,Same Direction Rear End,N,Intersection,Acceleration Lane,Daylight,No Defects,"Two-way, Divided, Positive Median Barrier",Dry,Clear,Six o'clock,Passenger Car,Superficial,N,Stopped in Traffic Lane,2015-01-30 16:37,32,38.99974333,-77.09682667
N,Apparently Normal,No Misuse,Y,No Injury,334543d8-b400-4dbc-81d9-9b8ed8e15464,D,MCP2800001K,Shoulder/Lap Belt(s),M,1cdbef8c-4c50-478c-9344-fc7ce2f6c633,Same Direction Rear End,N,Intersection,Acceleration Lane,Daylight,No Defects,"Two-way, Divided, Positive Median Barrier",Dry,Clear,Twelve o'clock,Transit Bus,No Damage,N,Stopped in Traffic Lane,2015-01-30 16:37,44,38.99974333,-77.09682667
N,Apparently Normal,No Misuse,Y,No Injury,c3dcb6c6-35ce-4aa5-a02e-c0a7f9fc355d,D,MCP2813000X,Shoulder/Lap Belt(s),F,f3e5caee-8256-4cc7-9f1d-4721c3192fc9,Single Vehicle ,N,Intersection,Right Turn Lane,Dark Lights On,No Defects,"Two-way, Divided, Positive Median Barrier",Wet,Raining,Twelve o'clock,Passenger Car,No Damage,N,Making Left Turn,2015-02-09 22:10,25,39.03984667,-77.04851333
N,Apparently Normal,No Misuse,Y,No Injury,a13e5f57-4e49-41c0-9fee-c1f182dec845,D,MCP2818000Y,Shoulder/Lap Belt(s),F,8f116049-d107-4eb3-baf9-192f8011c872,Angle Meets Left Turn Head On,N,Intersection,Right Turn Lane,Daylight,No Defects,"Two-way, Not Divided",Dry,Clear,Nine o'clock,"Cargo Van/Light Truck 2 axles (10,000 lbs (4,536 kg) or less)",Functional,N,Making Left Turn,2015-03-17 18:36,30,39.009235,-77.04399167
N,Apparently Normal,No Misuse,N,No Injury,0d4e39d8-af3d-41f9-838b-2b007eb83ec8,D,MCP2818000Y,Shoulder/Lap Belt(s),M,73658bd3-604e-4575-8085-56a3dea8aabf,Angle Meets Left Turn Head On,N,Intersection,Right Turn Lane,Daylight,No Defects,"Two-way, Not Divided",Dry,Clear,Twelve o'clock,Passenger Car,Functional,N,Moving Constant Speed,2015-03-17 18:36,57,39.009235,-77.04399167
N,Apparently Normal,No Misuse,N,No Injury,9db607af-d919-4241-a6cf-eedd4f0a824f,D,MCP28180012,Shoulder/Lap Belt(s),F,dac63b48-b1f5-4f4f-8f30-f9187b9da41b,Same Movement Angle,N,Commercial Driveway,Right Turn Lane,Daylight,No Defects,"Two-way, Not Divided",Dry,Clear,Seven o'clock,Van,Superficial,N,Moving Constant Speed,2015-03-26 15:42,57,39.01573333,-77.04153667
N,Apparently Normal,No Misuse,Y,No Injury,a36d4a81-0833-4500-b933-4ae966b3c285,D,MCP28490010,Shoulder/Lap Belt(s),F,de313203-d6df-4d1e-8118-b178082c720a,Single Vehicle ,N,Non Intersection,Right Turn Lane,Daylight,Foreign Material,"Two-way, Not Divided",Ice,Cloudy,Two o'clock,Passenger Car,Disabling,N,Negotiating a Curve,2015-02-16 14:25,20,39.1176,-77.09833333
N,Apparently Normal,No Misuse,Y,No Injury,bf1e6d8a-45bf-4c55-8829-073f97f2a532,D,MCP2850000J,Shoulder/Lap Belt(s),F,3e381bc8-fa23-49c6-988d-698e403f617e,Single Vehicle ,N,Non Intersection,Right Turn Lane,Daylight,No Defects,"Two-way, Not Divided",Dry,Cloudy,One o'clock,Passenger Car,Disabling,N,Moving Constant Speed,2015-02-06 10:51,72,39.08086833,-77.01828167
N,Apparently Normal,No Misuse,Y,No Injury,5af54350-8299-4378-a6a1-e7110abbd3bc,D,MCP2850000K,Shoulder/Lap Belt(s),F,33ef7323-7df3-47a7-9d51-c4f2a87659d7,Same Direction Right Turn,N,Non Intersection,Acceleration Lane,Daylight,No Defects,"Two-way, Divided, Positive Median Barrier",Dry,Clear,One o'clock,Passenger Car,Superficial,N,Accelerating,2015-02-24 8:04,54,39.09198,-77.04521167
N,Apparently Normal,No Misuse,N,No Injury,95af84c5-376c-4e28-8388-703bfd3a1415,D,MCP2850000K,Shoulder/Lap Belt(s),M,fdc71f92-8026-41e4-bb2b-769bc9a51f63,Same Direction Right Turn,N,Non Intersection,Acceleration Lane,Daylight,No Defects,"Two-way, Divided, Positive Median Barrier",Dry,Clear,Eleven o'clock,Other Bus,Superficial,N,Accelerating,2015-02-24 8:04,53,39.09198,-77.04521167
N,Apparently Normal,No Misuse,Y,No Injury,5e578321-8b58-477f-b0c5-7755b8db8a6b,D,MCP2852000M,Shoulder/Lap Belt(s),F,48889ba8-bf06-4e61-9a4e-8a904ed1a859,Angle Meets Left Turn,N,Intersection,Right Turn Lane,Dark Lights On,No Defects,"Two-way, Not Divided",Dry,Clear,Twelve o'clock,Passenger Car,Disabling,N,Accelerating,2015-01-25 23:02,30,39.26664333,-77.20499333
N,Apparently Normal,No Misuse,N,No Injury,331a3509-439c-47ea-bec3-4d7f9c854815,D,MCP2853000S,Shoulder/Lap Belt(s),F,12b82a34-4c4c-49d3-96f7-af80d5518066,Same Direction Rear End,N,Non Intersection,Right Turn Lane,Dark - Unknown Lighting,No Defects,One-way Trafficway,Dry,Clear,Six o'clock,Passenger Car,Superficial,N,Stopped in Traffic Lane,2015-01-20 18:00,36,39.01400083,-77.04171717
N,Apparently Normal,No Misuse,N,No Injury,52ba89a5-50d2-4f51-9189-648c8a8cd0c6,D,MCP2868000W,Shoulder/Lap Belt(s),F,4a51daee-ecc4-4b5f-a89d-80fefac9df2e,Same Direction Rear End,N,Intersection,Right Turn Lane,Dark Lights On,No Defects,"Two-way, Not Divided",Dry,Clear,Twelve o'clock,(Sport) Utility Vehicle,Disabling,N,Slowing or Stopping,2015-01-20 18:01,18,39.017215,-77.21020333
N,Apparently Normal,No Misuse,N,No Injury,0cfa10f3-8c02-4a06-b629-71a4b2f38fc5,D,MCP2868000W,Shoulder/Lap Belt(s),M,98140b33-c7ac-42f2-b4f9-2f03e49dac57,Same Direction Rear End,N,Intersection,Right Turn Lane,Dark Lights On,No Defects,"Two-way, Not Divided",Dry,Clear,Six o'clock,(Sport) Utility Vehicle,Superficial,N,Slowing or Stopping,2015-01-20 18:01,78,39.017215,-77.21020333
N,Apparently Normal,No Misuse,Y,No Injury,6952e584-7587-4c63-84e8-c98d50c2dca3,D,MCP2872000Y,Shoulder/Lap Belt(s),F,79866be5-858b-48f7-8647-9448cae3fead,Same Direction Rear End,N,Non Intersection,Right Turn Lane,Dark Lights On,No Defects,"Two-way, Not Divided",Dry,Clear,One o'clock,Passenger Car,Functional,Y,Moving Constant Speed,2015-03-29 19:00,21,39.17464167,-77.18195167
N,Apparently Normal,No Misuse,N,No Injury,e8915f96-f153-4666-81b6-3ce7e656acd2,D,MCP2875000S,Shoulder/Lap Belt(s),F,ab525d4c-310d-4169-b626-5da4b84e05c7,Same Movement Angle,N,Intersection,Right Turn Lane,Dark Lights On,No Defects,"Two-way, Not Divided",Dry,Clear,Twelve o'clock,Van,Functional,N,Moving Constant Speed,2015-01-24 19:56,84,39.169995,-77.29644167
N,Apparently Normal,No Misuse,Y,No Injury,84f609e7-a4ad-42f1-9b30-5f7301bd59fe,D,MCP2875000S,Shoulder/Lap Belt(s),F,b9a2bf41-4165-4abf-8b32-2afe77cdcd4c,Same Movement Angle,N,Intersection,Right Turn Lane,Dark Lights On,No Defects,"Two-way, Not Divided",Dry,Clear,Eleven o'clock,Van,Disabling,N,Making Left Turn,2015-01-24 19:56,35,39.169995,-77.29644167
N,Apparently Normal,No Misuse,N,No Injury,5ac39cc4-b1ea-4fc8-bb47-1dea92ff2aa1,D,MCP2875000V,Shoulder/Lap Belt(s),F,354440dc-d1d7-4919-b392-fb3668d4d1de,Same Direction Rear End,N,Non Intersection,Left Turn Lane,Daylight,No Defects,"Two-way, Divided, Positive Median Barrier",Dry,Clear,Six o'clock,Van,Superficial,N,Slowing or Stopping,2015-03-13 15:39,52,39.11731731,-77.25116014
N,Apparently Normal,No Misuse,N,No Injury,4854435a-2b4c-478a-a05b-92216be527cc,D,MCP2885000S,Shoulder/Lap Belt(s),F,ec2d5e03-8319-4157-b709-ce3ccf41c79c,Angle Meets Left Turn Head On,N,Intersection,Right Turn Lane,Daylight,No Defects,"Two-way, Divided, Positive Median Barrier",Dry,Clear,One o'clock,Passenger Car,Disabling,N,Moving Constant Speed,2015-02-28 15:02,22,39.03842,-77.05846667
N,Apparently Normal,No Misuse,Y,No Injury,032a8dad-42bd-486a-b3bd-3a38d379a831,D,MCP2885000S,Shoulder/Lap Belt(s),M,d5555da6-25e0-4d12-8c1b-f1db86bf3294,Angle Meets Left Turn Head On,N,Intersection,Right Turn Lane,Daylight,No Defects,"Two-way, Divided, Positive Median Barrier",Dry,Clear,One o'clock,Passenger Car,Functional,N,Making Left Turn,2015-02-28 15:02,25,39.03842,-77.05846667
N,Apparently Normal,No Misuse,Y,No Injury,e08e62ae-e878-4de8-a3b2-114088b041b5,D,MCP2889000N,Shoulder/Lap Belt(s),F,3e5b60d5-e084-4a9b-8c31-83a33cfc9308,Head On Left Turn,N,Non Intersection,Acceleration Lane,Daylight,No Defects,"Two-way, Divided, Positive Median Barrier",Dry,Clear,Five o'clock,Passenger Car,Functional,N,Making Left Turn,2015-02-24 15:42,19,39.15183167,-77.06430167
N,Apparently Normal,No Misuse,N,No Injury,bce7c9f5-03ae-48c7-b6e9-ea3440a71137,D,MCP2889000N,Shoulder/Lap Belt(s),M,30cfb31c-2f5b-450b-912d-dfc4155fafad,Head On Left Turn,N,Non Intersection,Acceleration Lane,Daylight,No Defects,"Two-way, Divided, Positive Median Barrier",Dry,Clear,Twelve o'clock,Passenger Car,Disabling,N,Moving Constant Speed,2015-02-24 15:42,53,39.15183167,-77.06430167
N,Apparently Normal,No Misuse,N,No Injury,efbbd075-a885-4d2c-bb18-31c61df7e8ca,D,MCP28930010,Shoulder/Lap Belt(s),F,5baa2599-0ecf-4983-bb85-2ce497ca3fd4,Same Direction Rear End,N,Non Intersection,Right Turn Lane,Dark Lights On,No Defects,"Two-way, Not Divided",Dry,Clear,Six o'clock,Passenger Car,Disabling,N,Slowing or Stopping,2015-03-13 19:46,29,39.185045,-77.14481667
N,Apparently Normal,No Misuse,Y,No Injury,67491aa1-fb64-4da1-a6fd-75470e8d52c2,D,MCP28930010,Shoulder/Lap Belt(s),F,d6c96ccc-548f-4883-96d0-3cb13581c5ae,Same Direction Rear End,N,Non Intersection,Right Turn Lane,Dark Lights On,No Defects,"Two-way, Not Divided",Dry,Clear,Twelve o'clock,Passenger Car,Disabling,N,Moving Constant Speed,2015-03-13 19:46,21,39.185045,-77.14481667
N,Apparently Normal,No Misuse,Y,No Injury,f30b2a47-0e81-4df4-82e4-8cf9849f51b6,D,MCP28930011,Shoulder/Lap Belt(s),F,f2e2a160-cef0-4335-80c8-460bf9498795,Same Direction Sideswipe,N,Intersection Related,Left Turn Lane,Dark Lights On,No Defects,"Two-way, Not Divided",Dry,Clear,Eleven o'clock,Passenger Car,Disabling,N,Making Right Turn,2015-03-17 20:50,21,39.17682333,-77.27045333
N,Apparently Normal,No Misuse,N,No Injury,6a2183e4-d2f9-49ff-9289-220e06095fb3,D,MCP28930013,Shoulder/Lap Belt(s),F,738c4b1d-a2c0-486a-8fcb-c7a51b2ac4be,Same Direction Rear End,N,Intersection,Left Turn Lane,Daylight,No Defects,"Two-way, Divided, Positive Median Barrier",Dry,Clear,Six o'clock,Passenger Car,Superficial,N,Slowing or Stopping,2015-03-23 17:26,26,39.17865667,-77.23838
N,Apparently Normal,No Misuse,N,Possible Incapacitating Injury,8081d622-06e7-4fff-807b-e78af46a5551,D,MCP28930013,Shoulder/Lap Belt(s),F,9a0bfb94-8450-44cf-b38c-6a0957060efa,Same Direction Rear End,N,Intersection,Left Turn Lane,Daylight,No Defects,"Two-way, Divided, Positive Median Barrier",Dry,Clear,Six o'clock,Passenger Car,Destroyed,N,Slowing or Stopping,2015-03-23 17:26,45,39.17865667,-77.23838
N,Apparently Normal,No Misuse,N,No Injury,63a54c52-ba46-4cbf-bcd5-c2eb34f54500,D,MCP28930013,Shoulder/Lap Belt(s),M,bbce89ee-a790-4314-a5b2-bf118f36e6e7,Same Direction Rear End,N,Intersection,Left Turn Lane,Daylight,No Defects,"Two-way, Divided, Positive Median Barrier",Dry,Clear,Ten o'clock,Passenger Car,Superficial,N,Slowing or Stopping,2015-03-23 17:26,26,39.17865667,-77.23838
Y,Apparently Normal,No Misuse,Y,No Injury,5283a3bc-a713-4d2f-91d3-698fa7d57f8d,D,MCP28930013,Shoulder/Lap Belt(s),M,b5576cfd-4e8a-45cc-9a03-d751ef870838,Same Direction Rear End,N,Intersection,Left Turn Lane,Daylight,No Defects,"Two-way, Divided, Positive Median Barrier",Dry,Clear,Twelve o'clock,"Medium/Heavy Truck 2 axles (10,000 lbs (4,536 kg) or less)",Superficial,N,Moving Constant Speed,2015-03-23 17:26,41,39.17865667,-77.23838
N,Apparently Normal,No Misuse,N,No Injury,536dd5a0-28b4-4c36-b75e-0fd1359ef0d0,D,MCP2899000H,Shoulder/Lap Belt(s),F,4d838e3b-abb6-456f-af4f-75458aff3ca4,Same Movement Angle,N,Intersection,Right Turn Lane,Dark Lights On,No Defects,"Two-way, Not Divided",Dry,Clear,Eleven o'clock,(Sport) Utility Vehicle,Functional,N,Moving Constant Speed,2015-02-27 1:22,49,38.99771,-77.02704833
N,Apparently Normal,No Misuse,Y,No Injury,e23047a0-dc03-448f-9e25-eead4159cf1d,D,MCP2899000H,Shoulder/Lap Belt(s),F,a3a390f4-3116-4406-b1bc-bd355867e581,Same Movement Angle,N,Intersection,Right Turn Lane,Dark Lights On,No Defects,"Two-way, Not Divided",Dry,Clear,One o'clock,Passenger Car,Disabling,N,Accelerating,2015-02-27 1:22,23,38.99771,-77.02704833
N,Apparently Normal,No Misuse,N,No Injury,89f95bfe-66de-46a7-a8fd-9a90870fa756,D,MCP2905000W,Shoulder/Lap Belt(s),F,55f1d78f-956b-4210-bb54-624aedd08a15,Same Direction Rear End,N,Non Intersection,Left Turn Lane,Dark Lights On,No Defects,"Two-way, Not Divided",Dry,Clear,Six o'clock,Passenger Car,Functional,N,Slowing or Stopping,2015-01-30 18:30,55,39.007745,-77.09769
N,Apparently Normal,No Misuse,Y,No Injury,5d44226f-067c-4790-be38-9f87a498fe35,D,MCP2905000W,Shoulder/Lap Belt(s),M,2bfed77b-c8eb-4db8-a880-55e1514c92a7,Same Direction Rear End,N,Non Intersection,Left Turn Lane,Dark Lights On,No Defects,"Two-way, Not Divided",Dry,Clear,Twelve o'clock,Passenger Car,Functional,N,Slowing or Stopping,2015-01-30 18:30,79,39.007745,-77.09769
N,Apparently Normal,No Misuse,N,No Injury,19fa5eff-f8ed-4766-a3e6-59a9ce607996,D,MCP2907000V,Shoulder/Lap Belt(s),F,c2c5deb9-9f26-4693-a3cc-9c2c9aea74ba,Same Direction Rear End,N,Non Intersection,Left Turn Lane,Dark Lights On,No Defects,"Two-way, Not Divided",Wet,Raining,Six o'clock,Passenger Car,Disabling,N,Stopped in Traffic Lane,2015-01-24 3:53,28,38.98772,-77.07708333
N,Apparently Normal,No Misuse,N,No Injury,a210c7ea-a873-4cbb-88d9-c321f3ddff87,D,MCP2910000Z,Shoulder Belt Only,F,3e497fd0-43ae-444f-87bf-b1d38e43dbf3,Same Direction Rear End,N,Intersection,Left Turn Lane,Daylight,No Defects,"Two-way, Divided, Positive Median Barrier",Wet,Raining,Six o'clock,Passenger Car,Functional,N,Stopped in Traffic Lane,2015-01-03 14:51,57,39.00902167,-77.01836667
N,Apparently Normal,No Misuse,Y,No Injury,b33a1755-3b53-4bec-a9d5-80e47cb0eebf,D,MCP2910000Z,Shoulder Belt Only,M,f3385169-8775-4de1-b0f4-897856871672,Same Direction Rear End,N,Intersection,Left Turn Lane,Daylight,No Defects,"Two-way, Divided, Positive Median Barrier",Wet,Raining,Twelve o'clock,Passenger Car,Disabling,N,Slowing or Stopping,2015-01-03 14:51,18,39.00902167,-77.01836667
N,Apparently Normal,No Misuse,Y,No Injury,56c0c031-afbd-4359-8fbb-aeb148dbc2e7,D,MCP29100014,Shoulder/Lap Belt(s),F,aecc7d0c-78f2-469d-accd-343d1e310777,Same Movement Angle,N,Intersection,Acceleration Lane,Daylight,No Defects,"Two-way, Divided, Positive Median Barrier",Wet,Raining,One o'clock,Passenger Car,Functional,N,Making Left Turn,2015-02-26 10:53,42,39.02227333,-77.045375
N,Apparently Normal,No Misuse,N,Non-incapacitating Injury,4961453a-faeb-4001-a032-a7bb6a67fdbd,D,MCP29100014,Shoulder/Lap Belt(s),M,ac4f16a7-16e9-4379-a56e-98cb2bbaa751,Same Movement Angle,N,Intersection,Acceleration Lane,Daylight,No Defects,"Two-way, Divided, Positive Median Barrier",Wet,Raining,Twelve o'clock,Passenger Car,Functional,N,Moving Constant Speed,2015-02-26 10:53,31,39.02227333,-77.045375
N,Apparently Normal,No Misuse,Y,No Injury,26b0aee9-ac1b-4421-98f7-3c70d3b67db7,D,MCP91100007,Shoulder/Lap Belt(s),F,835cd59a-2826-4b70-9cf0-68782e0eb922,Single Vehicle ,N,Intersection,Right Turn Lane,Dusk,No Defects,"Two-way, Not Divided",Dry,Clear,Twelve o'clock,Passenger Car,Disabling,N,Moving Constant Speed,2015-03-24 17:12,46,39.27728333,-77.32661
N,Apparently Normal,No Misuse,N,No Injury,3306910a-6008-4355-80bf-dad0a5248850,D,MCP91100008,Shoulder/Lap Belt(s),M,9caf2938-e5b4-4e8d-9ac2-3c8cba6e87dc,Same Direction Rear End Right Turn,N,Intersection,Left Turn Lane,Daylight,No Defects,"Two-way, Divided, Positive Median Barrier",Dry,Clear,Six o'clock,Van,Functional,N,Making Right Turn,2015-03-29 18:54,54,39.17093,-77.26283167
Y,Apparently Normal,No Misuse,N,No Injury,95fb2111-c607-4f87-ab15-452ac5d77130,D,MCP91120018,Shoulder/Lap Belt(s),F,e6cc2be7-9100-4a3f-84b1-7b74139a2353,Same Direction Rear End,N,Non Intersection,Left Turn Lane,Daylight,"Holes, Ruts, Etc.","Two-way, Divided, Positive Median Barrier",Dry,Clear,Six o'clock,School Bus,Functional,N,Slowing or Stopping,2015-01-13 8:20,54,39.05252833,-77.05120167
Y,Apparently Normal,No Misuse,Y,No Injury,7a22859b-fb1c-46ec-820a-527160e0000e,D,MCP91120018,Shoulder/Lap Belt(s),M,59449a5f-e9fe-458d-95e9-5f3f76fc4976,Same Direction Rear End,N,Non Intersection,Left Turn Lane,Daylight,"Holes, Ruts, Etc.","Two-way, Divided, Positive Median Barrier",Dry,Clear,Eleven o'clock,"Cargo Van/Light Truck 2 axles (10,000 lbs (4,536 kg) or less)",Functional,N,Slowing or Stopping,2015-01-13 8:20,50,39.05252833,-77.05120167
N,Apparently Normal,No Misuse,Y,No Injury,c26e7b61-93b3-4cbe-8e4c-9078cb804a87,D,MCP9112001C,Shoulder/Lap Belt(s),F,4dc79179-dddf-4d33-af84-98087b0f67ed,Opposite Direction Sideswipe,N,Non Intersection,Right Turn Lane,Daylight,No Defects,"Two-way, Not Divided",Ice,Cloudy,Eleven o'clock,Passenger Car,Disabling,N,Moving Constant Speed,2015-03-03 7:00,18,39.15656167,-77.03467667
Y,Apparently Normal,No Misuse,N,No Injury,58e4c0e7-d09c-4c49-86b3-73d3472cd988,D,MCP9112001C,Shoulder/Lap Belt(s),M,5e997e5e-c81e-4412-a408-ba59fc3e7629,Opposite Direction Sideswipe,N,Non Intersection,Right Turn Lane,Daylight,No Defects,"Two-way, Not Divided",Ice,Cloudy,Eight o'clock,"Medium/Heavy Truck 2 axles (10,000 lbs (4,536 kg) or less)",No Damage,N,Moving Constant Speed,2015-03-03 7:00,35,39.15656167,-77.03467667
Y,Apparently Normal,No Misuse,Y,No Injury,bd0d5f1f-bf6d-4096-9c4b-f5a58c00e8a1,D,MCP9112001G,Shoulder/Lap Belt(s),F,e3e76bf0-3a54-4740-b081-a8ddd1db5084,Head On,N,Non Intersection,Right Turn Lane,Dawn,View Obstructed,"Two-way, Not Divided",Dry,Clear,Twelve o'clock,School Bus,Superficial,N,Slowing or Stopping,2015-03-17 6:55,36,39.15457,-76.981595
N,Apparently Normal,No Misuse,N,No Injury,533df052-cc9d-491e-a68d-d405dcde0f1c,D,MCP9112001G,Shoulder/Lap Belt(s),M,004be4e6-b85b-4bc8-a8c7-48be37ec3522,Head On,N,Non Intersection,Right Turn Lane,Dawn,View Obstructed,"Two-way, Not Divided",Dry,Clear,Twelve o'clock,Van,Functional,N,Moving Constant Speed,2015-03-17 6:55,33,39.15457,-76.981595
N,Apparently Normal,No Misuse,N,Non-incapacitating Injury,393d4a92-85a2-4510-8b26-cb912558d2aa,D,MCP9130000Y,Shoulder/Lap Belt(s),F,570e53a3-0756-499e-8109-d94bd6289af8,Same Direction Rear End,N,Non Intersection,Right Turn Lane,Daylight,No Defects,"Two-way, Divided, Positive Median Barrier",Wet,Cloudy,Six o'clock,Passenger Car,Superficial,N,Stopped in Traffic Lane,2015-01-20 8:18,42,39.02731333,-77.01010333
N,Apparently Normal,No Misuse,Y,No Injury,8d987dd9-a0ae-446b-8e73-33499853665d,D,MCP91330006,Shoulder/Lap Belt(s),M,9962ff86-cc97-4cd2-9a04-21fc2cd211f9,Same Direction Rear End,N,Intersection,Left Turn Lane,Daylight,No Defects,"Two-way, Divided, Positive Median Barrier",Dry,Clear,Twelve o'clock,"Other Light Trucks (10,000 lbs (4,536 kg))",Disabling,N,Moving Constant Speed,2015-01-08 14:41,43,39.1739,-77.27407
N,Apparently Normal,No Misuse,Y,No Injury,5bd7e0c0-5e20-4479-9c70-a14ea4d9adb4,D,MCP93810013,Shoulder/Lap Belt(s),F,53c91b88-9249-40b0-8021-c2fa2681c3d8,Same Direction Rear End,N,Non Intersection,Acceleration Lane,Daylight,No Defects,"Two-way, Divided, Positive Median Barrier",Dry,Clear,Twelve o'clock,Passenger Car,Functional,N,Moving Constant Speed,2015-03-29 13:29,17,38.99937551,-77.09696531
N,Apparently Normal,No Misuse,N,Non-incapacitating Injury,b10e3a2d-10d3-48bd-ae28-65d98361d6db,D,MCP93810013,Shoulder/Lap Belt(s),F,9f1f8092-4758-47a6-8319-845bb2b0aca2,Same Direction Rear End,N,Non Intersection,Acceleration Lane,Daylight,No Defects,"Two-way, Divided, Positive Median Barrier",Dry,Clear,Six o'clock,Passenger Car,Functional,N,Stopped in Traffic Lane,2015-03-29 13:29,34,38.99937551,-77.09696531
N,Apparently Normal,No Misuse,N,No Injury,5e6f9c46-3daf-47e0-9591-254786a7b7db,D,MCP94040007,Shoulder/Lap Belt(s),F,72fa0336-22bf-4448-84d7-95ab8f038b6f,Same Movement Angle,N,Intersection,Left Turn Lane,Dark Lights On,No Defects,"Two-way, Divided, Positive Median Barrier",Dry,Clear,Eleven o'clock,Police Vehicle/Non Emergency,Disabling,N,Moving Constant Speed,2015-01-10 1:17,37,39.11399,-77.21001833
N,Apparently Normal,No Misuse,Y,Possible Incapacitating Injury,127ebdb9-9edf-4bc0-a260-711a911279aa,D,MCP94040007,Shoulder/Lap Belt(s),M,75c42f55-898d-4082-9d5f-86c41cf27d2a,Same Movement Angle,N,Intersection,Left Turn Lane,Dark Lights On,No Defects,"Two-way, Divided, Positive Median Barrier",Dry,Clear,Seven o'clock,Passenger Car,Disabling,N,Moving Constant Speed,2015-01-10 1:17,39,39.11399,-77.21001833
N,Apparently Normal,No Misuse,N,No Injury,e5716e42-7c85-4a6d-bad9-827aae3ec3a5,D,MCP94180009,Shoulder/Lap Belt(s),F,adc4aa3f-8f09-4728-987f-425afad0fd65,Same Direction Rear End,N,Non Intersection,Acceleration Lane,Daylight,No Defects,"Two-way, Not Divided",Dry,Clear,Six o'clock,Passenger Car,Functional,N,Stopped in Traffic Lane,2015-01-11 13:15,35,39.011725,-77.04144333
N,Apparently Normal,No Misuse,N,No Injury,f7512259-72a1-4e27-b86f-9a119a81406e,D,MDTA0540000F,Shoulder/Lap Belt(s),F,8a37c3ef-07e1-4b22-bfa0-d863f1944408,Same Direction Rear End,N,Non Intersection,Right Turn Lane,Dark Lights On,No Defects,"Two-way, Divided, Positive Median Barrier",Wet,Raining,Six o'clock,(Sport) Utility Vehicle,Disabling,N,Slowing or Stopping,2015-01-23 22:29,21,38.98780149,-76.35933638
N,Apparently Normal,No Misuse,Y,No Injury,4c60f811-7d5c-404d-8fed-9e610d17a71e,D,MDTA1082000C,Shoulder/Lap Belt(s),F,186d2c62-0ab7-47f4-8417-cf86d0adf1f1,Single Vehicle ,N,Non Intersection,Right Turn Lane,Daylight,No Defects,One-way Trafficway,Wet,Raining,Twelve o'clock,Passenger Car,Disabling,N,Moving Constant Speed,2015-01-04 9:16,26,39.207696,-76.58587
N,Apparently Normal,No Misuse,N,No Injury,dd050d56-c317-4577-aabd-9e7727dde0ed,D,MDTA1143000C,Shoulder/Lap Belt(s),F,5979c6e4-e67e-4bdd-a23e-6beb0f174510,Same Direction Right Turn,N,Non Intersection,Deceleration Lane,Dark Lights On,No Defects,"Two-way, Divided, Positive Median Barrier",Wet,Raining,Twelve o'clock,Van,Disabling,N,Moving Constant Speed,2015-01-03 21:33,25,39.27057039,-76.65635347
N,Apparently Normal,No Misuse,Y,No Injury,c962d7a5-d75b-45e4-aa2f-2d92fad8df17,D,MDTA1143000C,Shoulder/Lap Belt(s),F,55d96a65-72b3-47a2-8cb1-ed77e7a7813d,Same Direction Right Turn,N,Non Intersection,Deceleration Lane,Dark Lights On,No Defects,"Two-way, Divided, Positive Median Barrier",Wet,Raining,One o'clock,(Sport) Utility Vehicle,Functional,N,Changing Lanes,2015-01-03 21:33,36,39.27057039,-76.65635347