CDL_FLAG,CONDITION_CODE,EQUIP_PROB_CODE,FAULT_FLAG,INJ_SEVER_CODE,PERSON_ID,PERSON_TYPE,REPORT_NO,SAF_EQUIP_CODE,SEX_CODE,VEHICLE_ID,COLLISION_TYPE_CODE,C_M_ZONE_FLAG,JUNCTION_CODE,LANE_CODE,LIGHT_CODE,RD_COND_CODE,RD_DIV_CODE,SURF_COND_CODE,WEATHER_CODE,AREA_DAMAGED_CODE_MAIN,BODY_TYPE_CODE,DAMAGE_CODE,HIT_AND_RUN_FLAG,MOVEMENT_CODE,TIME,AGE,LATITUDE,LONGITUDE
N,Apparently Normal,No Misuse,N,No Injury,0d09732f-8c21-40ad-93aa-a4c0f848d1da,D,MSP49990017,Shoulder/Lap Belt(s),F,a2b2d7da-146f-4839-a239-55daaa1cec33,Single Vehicle ,N,Non Intersection,Right Turn Lane,Daylight,No Defects,"Two-way, Not Divided",Ice,Sleet,One o'clock,Passenger Car,Destroyed,N,Skidding,2015-01-12 10:26,19,39.523514,-75.801763
N,Apparently Normal,No Misuse,N,Possible Incapacitating Injury,5bb2d4a2-0953-46b2-9a92-82066f853115,D,MSP4999001D,Shoulder/Lap Belt(s),M,1c19801a-5fd1-477d-bbd7-aed64140bc9c,Same Direction Rear End,N,Non Intersection,Right Turn Lane,Daylight,No Defects,"Two-way, Not Divided",Dry,Clear,Six o'clock,Passenger Car,Disabling,N,Slowing or Stopping,2015-03-12 17:36,53,39.59828683,-75.82756783
N,Apparently Normal,No Misuse,N,No Injury,f1e078a0-141f-4749-9e32-f5b653ece2ef,D,MSP5047000T,Shoulder/Lap Belt(s),F,d0b1b713-cae8-4df1-837b-1f7d966e0189,Same Direction Left Turn,N,Non Intersection,Right Turn Lane,Daylight,No Defects,"Two-way, Divided, Positive Median Barrier",Dry,Clear,Four o'clock,(Sport) Utility Vehicle,Superficial,N,Moving Constant Speed,2015-03-27 7:21,54,39.38862004,-76.53007
N,Apparently Normal,No Misuse,Y,No Injury,18d0005b-bc7f-4539-94b3-64139d1c6924,D,MSP50510004,Shoulder Belt Only,F,b013aa3e-f898-4f8e-b972-0b76c74b818d,Same Direction Rear End,N,Non Intersection,Right Turn Lane,Dark No Lights,No Defects,One-way Trafficway,Dry,Clear,Twelve o'clock,Passenger Car,Destroyed,N,Accelerating,2015-02-13 18:39,48,38.1829035,-75.68984179
N,Apparently Normal,No Misuse,N,No Injury,3376efbf-8d8b-4b83-995e-4dc29d2c29cd,D,MSP50510004,Shoulder/Lap Belt(s),M,018ac2b9-ab54-4e15-bed6-72aca1a97994,Same Direction Rear End,N,Non Intersection,Right Turn Lane,Dark No Lights,No Defects,One-way Trafficway,Dry,Clear,Six o'clock,Passenger Car,Functional,N,Slowing or Stopping,2015-02-13 18:39,78,38.1829035,-75.68984179
N,Apparently Normal,No Misuse,N,No Injury,c4c950cd-9f79-4f18-9857-e9219aa70910,D,MSP50900037,Shoulder/Lap Belt(s),F,d295b8bf-4d8c-4373-bb68-f94c5bf029a4,Same Direction Rear End,Y,Non Intersection,Right Turn Lane,Dark No Lights,No Defects,"Two-way, Not Divided",Dry,Clear,Six o'clock,Passenger Car,Disabling,N,Slowing or Stopping,2015-01-01 18:00,39,39.34778617,-77.28852583
N,Apparently Normal,No Misuse,N,No Injury,0bbc1707-4c74-4026-9c61-9923faf97559,D,MSP50900037,Shoulder/Lap Belt(s),M,995cfa4c-9ffc-4661-a09c-9639cf6e643b,Same Direction Rear End,Y,Non Intersection,Right Turn Lane,Dark No Lights,No Defects,"Two-way, Not Divided",Dry,Clear,Six o'clock,Passenger Car,Functional,N,Slowing or Stopping,2015-01-01 18:00,54,39.34778617,-77.28852583
N,Apparently Normal,No Misuse,Y,No Injury,cbcfd2a8-9be1-48e2-8dd5-f2e026c79f0e,D,MSP50900037,Shoulder/Lap Belt(s),M,53a591d9-d04c-40ec-b12e-05be9dd81c73,Same Direction Rear End,Y,Non Intersection,Right Turn Lane,Dark No Lights,No Defects,"Two-way, Not Divided",Dry,Clear,Twelve o'clock,Passenger Car,Functional,N,Moving Constant Speed,2015-01-01 18:00,23,39.34778617,-77.28852583
N,Apparently Normal,No Misuse,Y,No Injury,6dcc75f0-260a-4aaa-918f-edbf7755a177,D,MSP5090003B,Shoulder/Lap Belt(s),F,c13769ce-fac7-470d-ac44-07af9083e8c2,Same Direction Left Turn,N,Non Intersection,Left Turn Lane,Dark No Lights,No Defects,"Two-way, Divided, Positive Median Barrier",Wet,Snow,Ten o'clock,(Sport) Utility Vehicle,Superficial,N,Passing,2015-01-26 20:32,56,39.42230567,-77.48765633
N,Apparently Normal,No Misuse,N,No Injury,4db0778d-6e68-40c1-b212-6a16235827f3,D,MSP5093002K,Shoulder/Lap Belt(s),F,51f5f6a7-6b38-4301-8871-2b640704239d,Same Direction Rear End,N,Non Intersection,Right Turn Lane,Daylight,No Defects,"Two-way, Not Divided",Dry,Clear,Six o'clock,Passenger Car,Functional,N,Stopped in Traffic Lane,2015-02-11 7:51,26,39.55530317,-76.27652667
N,Apparently Normal,No Misuse,Y,No Injury,802a7556-0098-465a-9af2-318338e41196,D,MSP5093002K,Shoulder/Lap Belt(s),F,9167d404-91cc-4967-90d4-1729be6531e4,Same Direction Rear End,N,Non Intersection,Right Turn Lane,Daylight,No Defects,"Two-way, Not Divided",Dry,Clear,Twelve o'clock,Van,Superficial,N,Moving Constant Speed,2015-02-11 7:51,72,39.55530317,-76.27652667
N,Apparently Normal,No Misuse,N,No Injury,4f12cc81-212c-4dea-bcf0-37ba83363760,D,MSP5097000T,Shoulder/Lap Belt(s),F,a259fa51-3d09-489d-a1b1-5e111a5c0797,Same Direction Sideswipe,N,Non Intersection,Left Turn Lane,Daylight,No Defects,"Two-way, Divided, Positive Median Barrier",Dry,Clear,Two o'clock,Van,Functional,N,Moving Constant Speed,2015-02-20 10:40,53,39.17956,-76.633832
N,Apparently Normal,No Misuse,Y,No Injury,2991661c-3b89-49b6-b581-e61a356a6090,D,MSP5097000T,Shoulder/Lap Belt(s),F,8087cf1e-a180-45fb-9c1b-509d60892fc1,Same Direction Sideswipe,N,Non Intersection,Left Turn Lane,Daylight,No Defects,"Two-way, Divided, Positive Median Barrier",Dry,Clear,Ten o'clock,Pickup Truck,Functional,N,Changing Lanes,2015-02-20 10:40,26,39.17956,-76.633832
N,Apparently Normal,No Misuse,Y,No Injury,71833cf6-0124-4df7-8b58-a1ea8996c2e1,D,MSP5097000W,Shoulder/Lap Belt(s),F,0820377a-b42c-433b-bf74-a3f0855b01f1,Single Vehicle ,N,Non Intersection,Left Turn Lane,Daylight,No Defects,"Two-way, Divided, Positive Median Barrier",Dry,Clear,Roof Top,(Sport) Utility Vehicle,Destroyed,N,Skidding,2015-03-18 9:50,33,39.142451,-76.64458383
N,Apparently Normal,No Misuse,N,No Injury,00e2199f-5a36-45e5-88cc-e678191bd8a6,D,MSP51630022,Shoulder/Lap Belt(s),F,eaf5ffdb-edbc-4c2e-ba63-978d57256bd9,Same Direction Sideswipe,N,Non Intersection,Right Turn Lane,Daylight,No Defects,One-way Trafficway,Dry,Clear,Four o'clock,Passenger Car,Functional,N,Moving Constant Speed,2015-02-06 10:39,53,39.42013244,-76.64292097
N,Apparently Normal,No Misuse,N,No Injury,d0d46f05-94e0-4a68-99ef-f4e3fda87685,D,MSP51750019,Shoulder/Lap Belt(s),F,8d9867cc-c803-41b2-9a88-fa466704748d,Head On Left Turn,N,Non Intersection,Left Turn Lane,Daylight,No Defects,"Two-way, Not Divided",Dry,Clear,Twelve o'clock,Passenger Car,Functional,N,Moving Constant Speed,2015-03-16 10:15,52,39.63950452,-75.95835686
N,Apparently Normal,No Misuse,Y,No Injury,93be40f7-81ff-4056-b935-1533eb6b8c04,D,MSP51820034,Shoulder/Lap Belt(s),F,4c9c0b7d-07ef-404b-bc40-9dfa2a8932be,Single Vehicle ,N,Non Intersection,Right Turn Lane,Dark No Lights,No Defects,"Two-way, Not Divided",Dry,Clear,Twelve o'clock,Passenger Car,Destroyed,N,Moving Constant Speed,2015-02-11 19:28,18,39.54577783,-76.52975767
N,Apparently Normal,No Misuse,Y,No Injury,ca288ef9-f075-442b-a35a-fde76d72e147,D,MSP5182003C,Shoulder/Lap Belt(s),F,19fcf458-38fa-478a-9db4-b0e3bb540cc6,Single Vehicle ,N,Non Intersection,Right Turn Lane,Dark No Lights,No Defects,"Two-way, Not Divided",Dry,Cloudy,Roof Top,(Sport) Utility Vehicle,Disabling,N,Moving Constant Speed,2015-03-16 23:07,21,39.69834,-76.44255333
N,Apparently Normal,No Misuse,Y,No Injury,4ff80a21-8bbb-4933-9282-ad42cdbe53cf,D,MSP5183000B,Shoulder/Lap Belt(s),F,c693437e-d174-493c-b746-38fbccc4a3b5,Single Vehicle ,N,Non Intersection,Right Turn Lane,Dark Lights On,No Defects,"Two-way, Divided, Positive Median Barrier",Ice,Wintry Mix,Eight o'clock,"Cargo Van/Light Truck 2 axles (10,000 lbs (4,536 kg) or less)",Disabling,N,Moving Constant Speed,2015-03-01 18:35,38,39.4039605,-77.39264517
N,Apparently Normal,No Misuse,N,No Injury,46c95f42-2468-4a16-9f96-88c0bbfb4817,D,MSP5184001W,Shoulder/Lap Belt(s),F,8ee36a0c-5955-4179-bf13-7c41fa52822e,Same Direction Rear End,N,Intersection Related,Right Turn Lane,Daylight,No Defects,"Two-way, Not Divided",Dry,Cloudy,Six o'clock,Passenger Car,Superficial,N,Slowing or Stopping,2015-03-24 8:40,56,39.192189,-77.23343
N,Apparently Normal,No Misuse,Y,No Injury,3a8bbaab-1223-4421-848a-2bc398c3ce74,D,MSP5184001W,Shoulder/Lap Belt(s),M,4fff175a-eda5-4320-a5ef-bc038a23cf66,Same Direction Rear End,N,Intersection Related,Right Turn Lane,Daylight,No Defects,"Two-way, Not Divided",Dry,Cloudy,Twelve o'clock,Police Vehicle/Emergency,Disabling,N,Slowing or Stopping,2015-03-24 8:40,26,39.192189,-77.23343
N,Apparently Normal,No Misuse,Y,No Injury,f77b761f-4ee4-41ab-b4ef-2e47bfcbf397,D,MSP52050021,Shoulder/Lap Belt(s),F,d6970a47-adab-4109-a30f-852224606c92,Same Direction Right Turn,N,Non Intersection,Left Turn Lane,Dark No Lights,No Defects,"Two-way, Divided, Positive Median Barrier",Snow,Snow,Four o'clock,Passenger Car,Functional,N,Changing Lanes,2015-02-14 21:52,30,39.60577467,-76.03202533
N,Apparently Normal,No Misuse,Y,No Injury,fddf401e-9f3c-4aa9-965c-bec38b56d4b8,D,MSP52170008,Shoulder/Lap Belt(s),F,9350d55c-44ee-4df2-b388-cf8f6c71a3be,Same Direction Rear End,N,Non Intersection,Right Turn Lane,Daylight,No Defects,"Two-way, Divided, Positive Median Barrier",Ice,Raining,Twelve o'clock,Passenger Car,Destroyed,N,Slowing or Stopping,2015-03-01 11:29,27,38.39486929,-75.56463003
N,Apparently Normal,No Misuse,N,No Injury,e84ce4ce-e7d5-4c01-8da6-db0f68baaf7f,D,MSP5297001R,Shoulder/Lap Belt(s),F,5cde744e-a33a-4431-9823-102042b47f13,Same Direction Rear End,N,Non Intersection,Deceleration Lane,Daylight,No Defects,"Two-way, Divided, Positive Median Barrier",Dry,Clear,Two o'clock,Passenger Car,Disabling,N,Moving Constant Speed,2015-02-08 13:28,32,38.99528033,-76.5139875
N,Apparently Normal,No Misuse,Y,No Injury,b20c581a-e898-4ba1-a8dc-63b1a45a8052,D,MSP5297001R,Shoulder/Lap Belt(s),F,b52f051c-1d5c-4b45-825d-d3f46b91672d,Same Direction Rear End,N,Non Intersection,Deceleration Lane,Daylight,No Defects,"Two-way, Divided, Positive Median Barrier",Dry,Clear,Twelve o'clock,Passenger Car,Superficial,N,Changing Lanes,2015-02-08 13:28,34,38.99528033,-76.5139875
N,Apparently Normal,No Misuse,N,No Injury,c1ccf962-ad53-4728-b992-c9cbde482f11,D,MSP53330068,Shoulder/Lap Belt(s),F,59842362-81aa-44ed-8481-df7c0eef5c26,Same Direction Rear End,N,Non Intersection,Right Turn Lane,Dawn,No Defects,"Two-way, Divided, Positive Median Barrier",Dry,Clear,Twelve o'clock,Passenger Car,Disabling,N,Moving Constant Speed,2015-01-16 7:02,32,39.52103033,-76.661423
N,Apparently Normal,No Misuse,N,No Injury,0b866fb8-989d-4708-a870-5d98d6737b4b,D,MSP53330068,Shoulder/Lap Belt(s),F,e815080d-b57e-496d-acf8-ceabbcb1c0d1,Same Direction Rear End,N,Non Intersection,Right Turn Lane,Dawn,No Defects,"Two-way, Divided, Positive Median Barrier",Dry,Clear,Six o'clock,(Sport) Utility Vehicle,Disabling,N,Slowing or Stopping,2015-01-16 7:02,22,39.52103033,-76.661423
N,Apparently Normal,No Misuse,N,No Injury,8e336327-d46b-4941-9d9a-54bc45d40af7,D,MSP53330068,Shoulder/Lap Belt(s),M,ecb54a09-fa4e-404d-8840-82b4fe3fc894,Same Direction Rear End,N,Non Intersection,Right Turn Lane,Dawn,No Defects,"Two-way, Divided, Positive Median Barrier",Dry,Clear,Six o'clock,Passenger Car,Functional,N,Slowing or Stopping,2015-01-16 7:02,48,39.52103033,-76.661423
N,Apparently Normal,No Misuse,N,No Injury,d269bd38-75de-46cd-91b7-41c7851b7d83,D,MSP5333006C,Shoulder/Lap Belt(s),F,3dd5c5a8-bf08-4b4e-81a4-ea954bef1065,Same Direction Rear End,N,Non Intersection,Right Turn Lane,Daylight,No Defects,"Two-way, Divided, Positive Median Barrier",Dry,Cloudy,Six o'clock,(Sport) Utility Vehicle,Functional,N,Slowing or Stopping,2015-02-10 13:48,43,39.2512285,-76.678195
N,Apparently Normal,No Misuse,Y,No Injury,ea860ab9-a9d7-4ed3-b13d-7c661dd46ba6,D,MSP5333006C,Shoulder/Lap Belt(s),F,f4f10d3b-1c8b-4574-a932-924f49f89613,Same Direction Rear End,N,Non Intersection,Right Turn Lane,Daylight,No Defects,"Two-way, Divided, Positive Median Barrier",Dry,Cloudy,Twelve o'clock,(Sport) Utility Vehicle,Disabling,N,Slowing or Stopping,2015-02-10 13:48,24,39.2512285,-76.678195
N,Apparently Normal,No Misuse,N,No Injury,c6f98c18-5945-4040-aae8-d48dc0bf6ece,D,MSP5333006N,Shoulder/Lap Belt(s),F,9b06f938-3147-4031-af66-45d7ef8d3359,Same Direction Rear End,N,Non Intersection,Deceleration Lane,Dark Lights On,No Defects,"Two-way, Divided, Positive Median Barrier",Dry,Clear,Six o'clock,(Sport) Utility Vehicle,Disabling,N,Slowing or Stopping,2015-02-20 18:31,31,39.28938695,-76.74102008
N,Apparently Normal,No Misuse,Y,No Injury,dea36da6-62ec-4f80-a9ea-98dad1291778,D,MSP5333006N,Shoulder/Lap Belt(s),M,91b2b47a-cb5a-45ea-bbba-e8856c6975d9,Same Direction Rear End,N,Non Intersection,Deceleration Lane,Dark Lights On,No Defects,"Two-way, Divided, Positive Median Barrier",Dry,Clear,Twelve o'clock,(Sport) Utility Vehicle,Disabling,N,Moving Constant Speed,2015-02-20 18:31,40,39.28938695,-76.74102008
N,Apparently Normal,No Misuse,Y,No Injury,4da98175-c850-4d64-9011-7075347f50ba,D,MSP5333006P,Shoulder/Lap Belt(s),F,b7226cce-0ff6-43bf-9ccd-cde97efab443,Same Direction Rear End,N,Non Intersection,Left Turn Lane,Daylight,No Defects,"Two-way, Divided, Positive Median Barrier",Dry,Clear,Twelve o'clock,Passenger Car,Disabling,N,Moving Constant Speed,2015-02-22 16:42,26,39.4494795,-76.63806017
N,Apparently Normal,No Misuse,N,No Injury,c54b9be3-e8ee-48d1-ac8c-f7329b0d65f0,D,MSP5333006P,Shoulder/Lap Belt(s),M,66e37e0d-fcdb-4ff3-b60e-16bd51316937,Same Direction Rear End,N,Non Intersection,Left Turn Lane,Daylight,No Defects,"Two-way, Divided, Positive Median Barrier",Dry,Clear,Six o'clock,(Sport) Utility Vehicle,Functional,N,Moving Constant Speed,2015-02-22 16:42,41,39.4494795,-76.63806017
N,Apparently Normal,No Misuse,N,No Injury,2f35075a-a4c3-41c5-b3ba-1c4276189c21,D,MSP5333006Q,Shoulder/Lap Belt(s),F,059184ab-dc04-4fe5-b103-d901fe5b66a5,Same Direction Rear End,N,Non Intersection,Acceleration Lane,Dark Lights On,No Defects,"Two-way, Divided, Positive Median Barrier",Dry,Clear,Six o'clock,Passenger Car,Disabling,N,Stopped in Traffic Lane,2015-02-28 23:13,29,39.39771333,-76.54952033
N,Apparently Normal,No Misuse,Y,No Injury,33dabc46-4590-4e50-be7e-8371d2d82f5e,D,MSP5333006Q,Shoulder/Lap Belt(s),M,85659798-d05d-4126-806e-fa0579a2b5f0,Same Direction Rear End,N,Non Intersection,Acceleration Lane,Dark Lights On,No Defects,"Two-way, Divided, Positive Median Barrier",Dry,Clear,Twelve o'clock,(Sport) Utility Vehicle,Functional,N,Moving Constant Speed,2015-02-28 23:13,37,39.39771333,-76.54952033
N,Apparently Normal,No Misuse,N,No Injury,9a72bdef-74e7-477c-9c3d-176f44df22ee,D,MSP5333006S,Shoulder/Lap Belt(s),F,1379665b-ca54-4af5-9b59-e01d3db32304,Same Direction Sideswipe,N,Non Intersection,Left Turn Lane,Dark Lights On,No Defects,"Two-way, Divided, Positive Median Barrier",Dry,Clear,Eleven o'clock,Passenger Car,Functional,N,Moving Constant Speed,2015-02-27 20:30,50,39.38200901,-76.75418973
N,Apparently Normal,No Misuse,Y,No Injury,ee2a1204-1602-45f2-9f1d-2131a8800d7a,D,MSP5333006T,Shoulder/Lap Belt(s),F,adf66867-653f-4273-84af-931b6cde835a,Same Direction Rear End,Y,Non Intersection,Right Turn Lane,Dawn,No Defects,"Two-way, Divided, Positive Median Barrier",Dry,Clear,Twelve o'clock,Passenger Car,Disabling,N,Moving Constant Speed,2015-03-09 7:12,20,39.35521933,-76.7461295
N,Apparently Normal,No Misuse,N,No Injury,b86c1aad-ad9d-4d7b-8b5e-2a9f0e386ec2,D,MSP5333006T,Shoulder/Lap Belt(s),M,885f6f4a-9106-435e-b737-a5a193169e4f,Same Direction Rear End,Y,Non Intersection,Right Turn Lane,Dawn,No Defects,"Two-way, Divided, Positive Median Barrier",Dry,Clear,Six o'clock,Pickup Truck,Functional,N,Slowing or Stopping,2015-03-09 7:12,58,39.35521933,-76.7461295
N,Apparently Normal,No Misuse,Y,No Injury,1050f5e8-bdf7-4617-bb0a-6c5b6688196b,D,MSP5334002L,Shoulder/Lap Belt(s),F,f803f8d1-8265-4bfb-a17e-d0d57ee68d44,Single Vehicle ,N,Non Intersection,Right Turn Lane,Daylight,No Defects,"Two-way, Not Divided",Snow,Snow,Five o'clock,Passenger Car,Functional,N,Moving Constant Speed,2015-01-26 16:12,27,39.47798,-77.070379
N,Apparently Normal,No Misuse,Y,No Injury,25479039-6bcc-487b-a70b-bb8ba117b7a2,D,MSP5356000P,Shoulder/Lap Belt(s),F,bc5ce737-87b0-465c-bf39-80da0f6d67ad,Single Vehicle ,N,Non Intersection,Right Turn Lane,Daylight,Foreign Material,"Two-way, Not Divided",Snow,Wintry Mix,Twelve o'clock,(Sport) Utility Vehicle,Disabling,N,Moving Constant Speed,2015-01-14 7:35,19,38.82690283,-75.8466975
N,Apparently Normal,No Misuse,N,No Injury,c0d8ae56-2a6b-42a4-a520-d34b0a50ecb6,D,MSP5357001J,Shoulder/Lap Belt(s),M,81183a95-4b0c-4310-9487-b15b9e32b861,Same Direction Rear End,N,Non Intersection,Right Turn Lane,Dawn,No Defects,"Two-way, Divided, Positive Median Barrier",Dry,Clear,Six o'clock,Van,Functional,N,Slowing or Stopping,2015-03-24 6:15,53,38.72592817,-76.880984
N,Apparently Normal,No Misuse,N,No Injury,05540b4b-bf1b-4ae6-85de-89a49e2ec96b,D,MSP5357001N,Shoulder/Lap Belt(s),F,c5430bdf-5ace-4958-a5d2-2a2973c76e66,Same Direction Rear End,N,Non Intersection,Right Turn Lane,Daylight,No Defects,"Two-way, Divided, Positive Median Barrier",Dry,Clear,Six o'clock,Pickup Truck,Functional,N,Slowing or Stopping,2015-03-26 8:45,57,38.73422283,-76.88164183
N,Apparently Normal,No Misuse,Y,No Injury,436a96c6-4a3c-4afe-9f7e-dd545b09e4e6,D,MSP53600013,Shoulder/Lap Belt(s),F,d709711f-e163-4db5-847c-88060e4c0671,Single Vehicle ,N,Non Intersection,Right Turn Lane,Daylight,No Defects,"Two-way, Divided, Positive Median Barrier",Dry,Clear,Four o'clock,Passenger Car,Disabling,N,Changing Lanes,2015-03-21 9:02,32,38.303454,-76.519312
N,Apparently Normal,No Misuse,N,No Injury,826709f0-139e-4e73-8d39-e4f12dbf3065,D,MSP53620014,Shoulder/Lap Belt(s),F,c3de3d1d-736b-4fce-a3ad-cb03ed206326,Same Direction Rear End Left Turn,N,Intersection,Right Turn Lane,Daylight,No Defects,"Two-way, Divided, Positive Median Barrier",Wet,Raining,Twelve o'clock,Passenger Car,Destroyed,N,Moving Constant Speed,2015-01-03 10:38,36,38.64730317,-76.9377685
N,Apparently Normal,No Misuse,Y,No Injury,d3a6bb35-b1c2-4758-a236-c6d7845594f3,D,MSP53620014,Shoulder/Lap Belt(s),F,a8e0233e-0a8b-4818-b2ed-ccac2ee76f95,Same Direction Rear End Left Turn,N,Intersection,Right Turn Lane,Daylight,No Defects,"Two-way, Divided, Positive Median Barrier",Wet,Raining,Six o'clock,Passenger Car,Superficial,N,Making Left Turn,2015-01-03 10:38,50,38.64730317,-76.9377685
N,Apparently Normal,No Misuse,N,No Injury,cb8e3cf1-3297-423d-b762-bf090df874ff,D,MSP53620014,Shoulder/Lap Belt(s),M,84684bc9-b4e2-41a7-8825-5ceeac8e7056,Same Direction Rear End Left Turn,N,Intersection,Right Turn Lane,Daylight,No Defects,"Two-way, Divided, Positive Median Barrier",Wet,Raining,Six o'clock,Pickup Truck,Superficial,N,Skidding,2015-01-03 10:38,49,38.64730317,-76.9377685
N,Apparently Normal,No Misuse,N,No Injury,13ab0c21-f812-4915-8009-4125bc58ea72,D,MSP53620016,Shoulder/Lap Belt(s),F,d80a7224-2ec1-4773-a4c2-12004724228f,Same Direction Rear End,N,Non Intersection,Right Turn Lane,Dark No Lights,No Defects,"Two-way, Divided, Unprotected (painted >4 feet) Median",Dry,Clear,Twelve o'clock,Passenger Car,Disabling,N,Slowing or Stopping,2015-02-05 18:05,28,38.64881033,-76.9568789
N,Apparently Normal,No Misuse,N,No Injury,f6f864ec-587e-48b3-9efa-4273822cc8fa,D,MSP53620016,Shoulder/Lap Belt(s),M,7878b1ff-5385-42e2-a246-2905009e344a,Same Direction Rear End,N,Non Intersection,Right Turn Lane,Dark No Lights,No Defects,"Two-way, Divided, Unprotected (painted >4 feet) Median",Dry,Clear,Six o'clock,Passenger Car,Superficial,N,Slowing or Stopping,2015-02-05 18:05,39,38.64881033,-76.9568789
N,Apparently Normal,No Misuse,N,No Injury,824f4689-2037-4c63-874b-afc64dbd5ae5,D,MSP53620016,Shoulder/Lap Belt(s),M,98f4c8ce-b136-46ec-a3f5-b7cf7434ec21,Same Direction Rear End,N,Non Intersection,Right Turn Lane,Dark No Lights,No Defects,"Two-way, Divided, Unprotected (painted >4 feet) Median",Dry,Clear,Six o'clock,Passenger Car,Disabling,N,Slowing or Stopping,2015-02-05 18:05,32,38.64881033,-76.9568789
N,Apparently Normal,No Misuse,Y,No Injury,f8ba24ed-5774-48f4-a60d-76141f459492,D,MSP53620016,Shoulder/Lap Belt(s),M,3b31d39b-ce9b-4cdc-bfc0-51f474bd3259,Same Direction Rear End,N,Non Intersection,Right Turn Lane,Dark No Lights,No Defects,"Two-way, Divided, Unprotected (painted >4 feet) Median",Dry,Clear,Twelve o'clock,Passenger Car,Destroyed,N,Moving Constant Speed,2015-02-05 18:05,28,38.64881033,-76.9568789
N,Apparently Normal,No Misuse,Y,No Injury,e95a4761-dd7d-4532-a3db-3be9d187debb,D,MSP53620017,Shoulder/Lap Belt(s),F,d8071ba5-aae5-4d9a-8e76-d9bbb175a413,Same Movement Angle,N,Intersection Related,Right Turn Lane,Daylight,No Defects,"Two-way, Not Divided",Dry,Clear,One o'clock,Passenger Car,Disabling,N,Making Left Turn,2015-02-20 11:01,39,38.61794346,-76.89299941
N,Apparently Normal,No Misuse,N,No Injury,6bfabfdd-3750-4f87-aa0f-b4261264d441,D,MSP53620017,Shoulder/Lap Belt(s),M,255817c9-b265-412f-a939-8eb5ad12e8dc,Same Movement Angle,N,Intersection Related,Right Turn Lane,Daylight,No Defects,"Two-way, Not Divided",Dry,Clear,Twelve o'clock,Passenger Car,Disabling,N,Moving Constant Speed,2015-02-20 11:01,35,38.61794346,-76.89299941
N,Apparently Normal,No Misuse,Y,No Injury,b3b1fda6-b8b8-4870-8fe4-ca107a092b1d,D,MSP53620019,Shoulder/Lap Belt(s),F,ce44fd39-8a40-44e9-b1c4-600f4fe91c23,Same Movement Angle,N,Intersection,Left Turn Lane,Daylight,No Defects,"Two-way, Divided, Positive Median Barrier",Dry,Clear,Twelve o'clock,Passenger Car,Disabling,N,Accelerating,2015-02-24 11:22,25,38.55273829,-76.98611498
N,Apparently Normal,No Misuse,N,Non-incapacitating Injury,16993d4d-c22a-4e19-8084-6dff968ecfd8,D,MSP53620019,Shoulder/Lap Belt(s),M,429c17c0-8bc8-4018-ad91-b26459329f78,Same Movement Angle,N,Intersection,Left Turn Lane,Daylight,No Defects,"Two-way, Divided, Positive Median Barrier",Dry,Clear,Nine o'clock,Pickup Truck,Destroyed,N,Moving Constant Speed,2015-02-24 11:22,66,38.55273829,-76.98611498
N,Apparently Normal,No Misuse,N,No Injury,b422a029-cbfd-4d15-9cbb-9d00ed6c7aa0,D,MSP5369002M,Shoulder/Lap Belt(s),F,45e4b0fd-5760-4018-97d8-8a4ec4b85884,Same Direction Sideswipe,N,Non Intersection,Right Turn Lane,Daylight,No Defects,"Two-way, Divided, Positive Median Barrier",Dry,Clear,Two o'clock,"Cargo Van/Light Truck 2 axles (10,000 lbs (4,536 kg) or less)",No Damage,N,Moving Constant Speed,2015-03-10 10:12,34,39.31393235,-76.49421343
N,Apparently Normal,No Misuse,N,No Injury,d96cab0f-4ddb-4490-8a6d-8b235183cc85,D,MSP5372000G,Shoulder/Lap Belt(s),F,5a9bb51b-f416-4669-8659-33dcfcea5044,Same Direction Sideswipe,N,Non Intersection,Left Turn Lane,Dusk,No Defects,"Two-way, Divided, Positive Median Barrier",Dry,Clear,Four o'clock,Passenger Car,Disabling,N,Moving Constant Speed,2015-03-25 19:14,36,39.42472,-76.637839
N,Apparently Normal,No Misuse,Y,No Injury,95e7d66a-f28c-4568-a626-0293e4b9e549,D,MSP5397003G,Shoulder/Lap Belt(s),F,80f37790-c185-4070-8259-18e26fddd344,Same Direction Sideswipe,N,Non Intersection,Left Turn Lane,Daylight,No Defects,"Two-way, Divided, Positive Median Barrier",Dry,Clear,Eleven o'clock,Passenger Car,Disabling,N,Changing Lanes,2015-03-06 12:51,25,39.222316,-76.653806
N,Apparently Normal,No Misuse,N,No Injury,a86759b5-a733-41ae-96ed-d0d9c8075d5a,D,MSP5397003G,Shoulder/Lap Belt(s),M,d23a50f1-3d35-4b35-8e7d-ea8322ec85cf,Same Direction Sideswipe,N,Non Intersection,Left Turn Lane,Daylight,No Defects,"Two-way, Divided, Positive Median Barrier",Dry,Clear,Four o'clock,Passenger Car,Superficial,N,Moving Constant Speed,2015-03-06 12:51,30,39.222316,-76.653806
N,Apparently Normal,No Misuse,N,No Injury,7d8ed2df-cf7b-42f4-a347-8fa2d2b42b74,D,MSP5397003H,Shoulder/Lap Belt(s),F,9041831d-4dfa-4229-a419-9d21fe9ab31c,Same Direction Rear End,N,Non Intersection,Right Turn Lane,Daylight,No Defects,"Two-way, Divided, Positive Median Barrier",Dry,Clear,Six o'clock,Passenger Car,Superficial,N,Stopped in Traffic Lane,2015-03-09 17:19,31,38.998611,-76.592351