CDL_FLAG,CONDITION_CODE,EQUIP_PROB_CODE,FAULT_FLAG,INJ_SEVER_CODE,PERSON_ID,PERSON_TYPE,REPORT_NO,SAF_EQUIP_CODE,SEX_CODE,VEHICLE_ID,COLLISION_TYPE_CODE,C_M_ZONE_FLAG,JUNCTION_CODE,LANE_CODE,LIGHT_CODE,RD_COND_CODE,RD_DIV_CODE,SURF_COND_CODE,WEATHER_CODE,AREA_DAMAGED_CODE_MAIN,BODY_TYPE_CODE,DAMAGE_CODE,HIT_AND_RUN_FLAG,MOVEMENT_CODE,TIME,AGE,LATITUDE,LONGITUDE
N,Apparently Normal,No Misuse,N,No Injury,b1b9dd2f-addd-4792-a6a1-6dab7168e30d,D,MSP5397003H,Shoulder/Lap Belt(s),F,414f7704-c37b-492c-b584-a6b9706b934c,Same Direction Rear End,N,Non Intersection,Right Turn Lane,Daylight,No Defects,"Two-way, Divided, Positive Median Barrier",Dry,Clear,Six o'clock,Passenger Car,Superficial,N,Stopped in Traffic Lane,2015-03-09 17:19,28,38.998611,-76.592351
N,Apparently Normal,No Misuse,N,Possible Incapacitating Injury,334d2eb2-843f-4d40-9a75-a00d4e269a64,D,MSP5397003H,Shoulder/Lap Belt(s),F,3f8b1521-9b05-43a4-93fd-877e734476a5,Same Direction Rear End,N,Non Intersection,Right Turn Lane,Daylight,No Defects,"Two-way, Divided, Positive Median Barrier",Dry,Clear,Six o'clock,Passenger Car,Disabling,N,Slowing or Stopping,2015-03-09 17:19,30,38.998611,-76.592351
N,Apparently Normal,No Misuse,Y,No Injury,86a4ef27-20af-4e08-bc9d-665506bb7806,D,MSP5397003H,Shoulder/Lap Belt(s),M,a9696287-4d31-421b-838c-49ec1a0ed576,Same Direction Rear End,N,Non Intersection,Right Turn Lane,Daylight,No Defects,"Two-way, Divided, Positive Median Barrier",Dry,Clear,Twelve o'clock,Pickup Truck,Functional,N,Slowing or Stopping,2015-03-09 17:19,27,38.998611,-76.592351
N,Apparently Normal,No Misuse,Y,No Injury,c0344b33-37d4-4dbe-a931-e699e9bed001,D,MSP5397003J,Shoulder/Lap Belt(s),F,6dbb4e98-141c-45a2-b997-39309e2c5516,Same Direction Right Turn,N,Interchange Related,Left Turn Lane,Daylight,No Defects,"Two-way, Divided, Unprotected (painted >4 feet) Median",Dry,Clear,Five o'clock,Passenger Car,Disabling,N,Changing Lanes,2015-03-11 17:24,56,39.205703,-76.641025
N,Apparently Normal,No Misuse,N,Possible Incapacitating Injury,5e4cbed4-fcef-4d0a-a47b-db7ca4349c2a,D,MSP5397003J,MC/Bike Helmet and Eye Protection,M,e88840a7-b3cd-477b-871a-85ee31f5aec9,Same Direction Right Turn,N,Interchange Related,Left Turn Lane,Daylight,No Defects,"Two-way, Divided, Unprotected (painted >4 feet) Median",Dry,Clear,Eleven o'clock,Motorcycle,Disabling,N,Moving Constant Speed,2015-03-11 17:24,52,39.205703,-76.641025
N,Apparently Normal,No Misuse,Y,No Injury,5e0097ff-4cc5-479a-a311-82860080421a,D,MSP5397003K,Shoulder/Lap Belt(s),F,69952773-4aa9-4d2c-8317-8e851bd5c98d,Same Direction Sideswipe,N,Non Intersection,Left Turn Lane,Daylight,No Defects,"Two-way, Divided, Positive Median Barrier",Dry,Clear,One o'clock,Passenger Car,Disabling,N,Moving Constant Speed,2015-03-11 16:23,22,39.145366,-76.753016
N,Apparently Normal,No Misuse,N,No Injury,2fcb2796-d94d-49f1-a63a-6bce6ed49613,D,MSP5397003K,Shoulder/Lap Belt(s),M,20e84014-2190-4974-92cd-4af608210129,Same Direction Sideswipe,N,Non Intersection,Left Turn Lane,Daylight,No Defects,"Two-way, Divided, Positive Median Barrier",Dry,Clear,Six o'clock,Passenger Car,Functional,N,Moving Constant Speed,2015-03-11 16:23,33,39.145366,-76.753016
N,Apparently Normal,No Misuse,Y,No Injury,67a00c95-4b7a-401f-a29e-79ed13911b82,D,MSP54160019,Shoulder/Lap Belt(s),F,bd20e978-7a30-4d28-993d-e71e5474dc2c,Same Movement Angle,N,Intersection,Right Turn Lane,Daylight,No Defects,One-way Trafficway,Dry,Clear,Non-collision,Van,No Damage,N,Accelerating,2015-03-18 12:51,40,38.469787,-76.77332683
N,Apparently Normal,No Misuse,N,Possible Incapacitating Injury,ea073a46-954a-4c33-96d6-60e2ec43b5ea,D,MSP54160019,Shoulder/Lap Belt(s),F,99f2e3e4-865f-41ab-8df9-d2bf98f2f9f0,Same Movement Angle,N,Intersection,Right Turn Lane,Daylight,No Defects,One-way Trafficway,Dry,Clear,Twelve o'clock,Passenger Car,Disabling,N,Moving Constant Speed,2015-03-18 12:51,21,38.469787,-76.77332683
N,Apparently Normal,No Misuse,Y,No Injury,ffa47720-d8ff-4f4f-a4b0-6317bac1b4ae,D,MSP5423000M,Shoulder/Lap Belt(s),F,4064145c-2635-4014-87ba-5847520e437c,Single Vehicle ,N,Non Intersection,Right Turn Lane,Dark No Lights,No Defects,"Two-way, Not Divided",Ice,Clear,Roof Top,Passenger Car,Disabling,N,Moving Constant Speed,2015-02-07 0:15,20,39.6686378,-79.035149
N,Apparently Normal,No Misuse,N,No Injury,8e891d54-8c0e-44c0-a658-32230dda0568,D,MSP54450012,Shoulder/Lap Belt(s),F,85858a5c-97e5-4462-bee2-7bbe18a24894,Single Vehicle ,N,Non Intersection,Right Turn Lane,Dark No Lights,No Defects,"Two-way, Not Divided",Dry,Clear,Twelve o'clock,Passenger Car,Disabling,N,Moving Constant Speed,2015-03-11 20:20,33,39.60334215,-77.05440488
N,Apparently Normal,No Misuse,Y,No Injury,f4902ef8-2dd7-459c-bf86-426f2ec881b8,D,MSP5458000B,Shoulder/Lap Belt(s),F,0306dff1-b124-4824-a8b4-15216a174300,Single Vehicle ,N,Non Intersection,Right Turn Lane,Daylight,No Defects,"Two-way, Not Divided",Ice,Wintry Mix,Roof Top,(Sport) Utility Vehicle,Disabling,N,Moving Constant Speed,2015-03-01 14:40,17,39.578395,-75.943464
N,Apparently Normal,No Misuse,Y,No Injury,3e1092bd-9370-42ba-a52a-e26b6ebdefb8,D,MSP5492000L,Shoulder/Lap Belt(s),F,d47d67ad-95ca-4859-b3c7-a4eac5c16915,Same Direction Rear End,N,Non Intersection,Right Turn Lane,Daylight,No Defects,"Two-way, Not Divided with a Continuous Left Turn Lane",Dry,Clear,Twelve o'clock,Passenger Car,Disabling,N,Moving Constant Speed,2015-01-28 8:38,43,39.053718,-77.101326
N,Apparently Normal,No Misuse,N,Possible Incapacitating Injury,62902335-9da0-412c-be06-409597649f16,D,MSP5492000L,Shoulder/Lap Belt(s),M,ac5b31fc-46a8-40ad-9be3-f901725419c0,Same Direction Rear End,N,Non Intersection,Right Turn Lane,Daylight,No Defects,"Two-way, Not Divided with a Continuous Left Turn Lane",Dry,Clear,Six o'clock,Recreational Vehicle,Superficial,N,Slowing or Stopping,2015-01-28 8:38,29,39.053718,-77.101326
N,Apparently Normal,No Misuse,Y,No Injury,bb92f5c4-3055-46e7-8805-1f829f7f58e5,D,MSP5516002N,Shoulder/Lap Belt(s),F,63abbcd0-fcb2-4977-833b-83b44b915fe0,Same Movement Angle,N,Intersection,Right Turn Lane,Dark Lights On,No Defects,"Two-way, Divided, Unprotected (painted >4 feet) Median",Dry,Clear,Three o'clock,(Sport) Utility Vehicle,Destroyed,N,Accelerating,2015-01-20 18:04,22,39.68814383,-77.3336485
N,Apparently Normal,No Misuse,N,Possible Incapacitating Injury,17eec05c-da88-4045-9672-71abb3ae9d67,D,MSP5516002N,Shoulder/Lap Belt(s),M,4c6e8f84-0cd9-4bf7-8cd3-4d1d386e8f73,Same Movement Angle,N,Intersection,Right Turn Lane,Dark Lights On,No Defects,"Two-way, Divided, Unprotected (painted >4 feet) Median",Dry,Clear,Twelve o'clock,Passenger Car,Disabling,N,Moving Constant Speed,2015-01-20 18:04,56,39.68814383,-77.3336485
N,Apparently Normal,No Misuse,N,No Injury,459eaa6e-7025-4c3c-b8e4-5be7ce15e4b7,D,MSP5516002R,Shoulder/Lap Belt(s),F,4553ba26-036a-4db1-805c-3ee81f9c8d67,Same Direction Rear End,N,Non Intersection,Right Turn Lane,Daylight,No Defects,"Two-way, Divided, Positive Median Barrier",Dry,Clear,Six o'clock,Passenger Car,Disabling,N,Slowing or Stopping,2015-03-08 17:43,52,39.30525667,-77.34181383
N,Apparently Normal,No Misuse,Y,No Injury,b31fc811-9297-4967-bc83-af3b442ddea2,D,MSP5516002R,Shoulder/Lap Belt(s),M,cb0c949e-8706-4bbe-8329-f8db834db95b,Same Direction Rear End,N,Non Intersection,Right Turn Lane,Daylight,No Defects,"Two-way, Divided, Positive Median Barrier",Dry,Clear,Twelve o'clock,Passenger Car,Disabling,N,Skidding,2015-03-08 17:43,77,39.30525667,-77.34181383
N,Apparently Normal,No Misuse,N,No Injury,8fddae76-a408-4b86-8aa8-eefeff81fd25,D,MSP5516002T,Shoulder/Lap Belt(s),M,1193a509-355f-4f42-9f73-1d1898d56919,Same Direction Rear End,N,Non Intersection,Right Turn Lane,Daylight,No Defects,"Two-way, Divided, Positive Median Barrier",Dry,Clear,Six o'clock,Passenger Car,Functional,N,Slowing or Stopping,2015-03-24 7:39,34,39.28681517,-77.32906
N,Apparently Normal,No Misuse,Y,No Injury,78eb462d-ffd4-48e5-899d-852b0edab7fe,D,MSP5516002T,Shoulder/Lap Belt(s),M,e5b94fd3-d984-4146-adfe-7d07e02f692d,Same Direction Rear End,N,Non Intersection,Right Turn Lane,Daylight,No Defects,"Two-way, Divided, Positive Median Barrier",Dry,Clear,Twelve o'clock,Passenger Car,Disabling,N,Skidding,2015-03-24 7:39,32,39.28681517,-77.32906
N,Apparently Normal,No Misuse,N,No Injury,c59e62a2-e915-4791-bacb-3bf463b34aa2,D,MSP5516002V,Shoulder/Lap Belt(s),F,d686e4c7-8c5c-4e50-804a-3a34574e8ecd,Same Direction Rear End,N,Non Intersection,Right Turn Lane,Daylight,No Defects,"Two-way, Divided, Positive Median Barrier",Dry,Clear,Underside,Passenger Car,Superficial,N,Skidding,2015-03-28 10:18,43,39.3057685,-77.34225483
N,Apparently Normal,No Misuse,N,No Injury,12c5272b-aef5-41c6-ac41-aa02dd683047,D,MSP5516002V,Shoulder/Lap Belt(s),F,ef473083-6a34-40d3-9a42-5e4902ef021e,Same Direction Rear End,N,Non Intersection,Right Turn Lane,Daylight,No Defects,"Two-way, Divided, Positive Median Barrier",Dry,Clear,Five o'clock,Passenger Car,Disabling,N,Slowing or Stopping,2015-03-28 10:18,29,39.3057685,-77.34225483
N,Apparently Normal,No Misuse,N,Possible Incapacitating Injury,88bdaa10-f764-43f1-8efa-57541e805081,D,MSP5516002V,Shoulder/Lap Belt(s),F,869ae06d-af9f-4616-a413-365bc4eeaede,Same Direction Rear End,N,Non Intersection,Right Turn Lane,Daylight,No Defects,"Two-way, Divided, Positive Median Barrier",Dry,Clear,Five o'clock,Passenger Car,Destroyed,N,Slowing or Stopping,2015-03-28 10:18,54,39.3057685,-77.34225483
N,Apparently Normal,No Misuse,Y,No Injury,815e189a-dd4b-4de5-b702-dce83301e37b,D,MSP5516002V,Shoulder/Lap Belt(s),M,a3635ce6-42aa-4199-a8f1-4db20744000b,Same Direction Rear End,N,Non Intersection,Right Turn Lane,Daylight,No Defects,"Two-way, Divided, Positive Median Barrier",Dry,Clear,Eleven o'clock,Pickup Truck,Disabling,N,Skidding,2015-03-28 10:18,41,39.3057685,-77.34225483
N,Apparently Normal,No Misuse,Y,No Injury,7eb38138-c012-4b36-a22e-002bb2ef12ec,D,MSP5573000X,Shoulder/Lap Belt(s),F,c3abc4a6-29f0-4124-a985-7e755b4bc453,Single Vehicle ,N,Intersection Related,Right Turn Lane,Daylight,No Defects,"Two-way, Divided, Positive Median Barrier",Snow,Snow,Ten o'clock,Passenger Car,Disabling,N,Slowing or Stopping,2015-02-16 16:03,21,38.427069,-76.463755
N,Apparently Normal,No Misuse,Y,No Injury,9cd47acf-54b9-4def-9a43-b9a553acc3de,D,MSP5574000R,Shoulder/Lap Belt(s),F,f4e02082-f458-4256-b937-29643080f2ea,Same Movement Angle,Y,Non Intersection,Right Turn Lane,Dark Lights On,"Holes, Ruts, Etc.","Two-way, Divided, Positive Median Barrier",Snow,Snow,Nine o'clock,Passenger Car,Superficial,N,Moving Constant Speed,2015-01-14 4:43,71,38.07890613,-75.57162523
N,Apparently Normal,No Misuse,N,No Injury,cc54d137-d32b-4a91-a0d8-6a0a4bc47ec5,D,MSP5574000R,Shoulder/Lap Belt(s),M,af6a3314-c11d-462b-b936-e34e77041f80,Same Movement Angle,Y,Non Intersection,Right Turn Lane,Dark Lights On,"Holes, Ruts, Etc.","Two-way, Divided, Positive Median Barrier",Snow,Snow,Twelve o'clock,Passenger Car,Functional,N,Moving Constant Speed,2015-01-14 4:43,47,38.07890613,-75.57162523
N,Apparently Normal,No Misuse,Y,No Injury,2bef50d2-c9ae-4df6-948e-286836d6ac04,D,MSP5574000V,Shoulder/Lap Belt(s),M,9ad81611-c241-43d1-8b4c-96cf8678c680,Same Direction Rear End,N,Intersection,Right Turn Lane,Daylight,No Defects,"Two-way, Not Divided",Dry,Snow,Six o'clock,School Bus,Functional,N,Backing,2015-02-24 16:21,48,38.07741974,-75.5771184
N,Apparently Normal,Facing Wrong Way,Y,No Injury,bd30fa8b-429f-4cc5-8741-7b6c18d60c4f,D,MSP5634001Q,Shoulder/Lap Belt(s),F,c291ac41-9225-43cf-b464-f80e803a8b66,Same Direction Rear End,N,Non Intersection,Left Turn Lane,Daylight,No Defects,"Two-way, Divided, Positive Median Barrier",Dry,Clear,Six o'clock,Passenger Car,Disabling,N,Slowing or Stopping,2015-02-06 7:38,37,38.83607183,-76.85953017
Y,Apparently Normal,No Misuse,Y,No Injury,fe681c30-2293-4bfe-8ea1-27509f3cf758,D,MSP5634001Q,Shoulder/Lap Belt(s),M,318d4d3c-6234-4f85-8112-1c26fda8e00f,Same Direction Rear End,N,Non Intersection,Left Turn Lane,Daylight,No Defects,"Two-way, Divided, Positive Median Barrier",Dry,Clear,Twelve o'clock,Pickup Truck,Functional,N,Slowing or Stopping,2015-02-06 7:38,59,38.83607183,-76.85953017
N,Apparently Normal,No Misuse,N,No Injury,6316fb6d-81c2-4ce8-9dcd-4ae2879747f3,D,MSP5634001T,Shoulder/Lap Belt(s),F,93475fcb-c8d5-4937-9068-9b160c71b201,Same Direction Sideswipe,N,Non Intersection,Left Turn Lane,Daylight,No Defects,"Two-way, Divided, Positive Median Barrier",Dry,Clear,Twelve o'clock,Passenger Car,Functional,N,Moving Constant Speed,2015-02-28 8:57,53,38.80816467,-76.97283983
Y,Apparently Normal,No Misuse,N,No Injury,2d64dfe6-5338-4e1d-8baa-84f0e8fc17b5,D,MSP5634001T,Shoulder/Lap Belt(s),M,09e56edb-d0af-469f-ac1b-5bda7341f93a,Same Direction Sideswipe,N,Non Intersection,Left Turn Lane,Daylight,No Defects,"Two-way, Divided, Positive Median Barrier",Dry,Clear,Four o'clock,(Sport) Utility Vehicle,Functional,N,Moving Constant Speed,2015-02-28 8:57,40,38.80816467,-76.97283983
N,Apparently Normal,No Misuse,Y,No Injury,172a36af-5d24-4bb2-9f32-16de5a0b75ae,D,MSP5634001T,Shoulder/Lap Belt(s),M,9911c62a-6a61-4582-868b-f7b43a580b06,Same Direction Sideswipe,N,Non Intersection,Left Turn Lane,Daylight,No Defects,"Two-way, Divided, Positive Median Barrier",Dry,Clear,Twelve o'clock,Passenger Car,Disabling,N,Moving Constant Speed,2015-02-28 8:57,23,38.80816467,-76.97283983
N,Apparently Normal,No Misuse,N,Possible Incapacitating Injury,ed41e883-d0c1-4772-8ed5-8359b602123a,D,MSP5634001T,Shoulder/Lap Belt(s),M,4d3d404c-c1f3-4cc7-93d2-5911e7609155,Same Direction Sideswipe,N,Non Intersection,Left Turn Lane,Daylight,No Defects,"Two-way, Divided, Positive Median Barrier",Dry,Clear,Four o'clock,(Sport) Utility Vehicle,Disabling,N,Moving Constant Speed,2015-02-28 8:57,44,38.80816467,-76.97283983
N,Apparently Normal,No Misuse,N,No Injury,4fb120c1-b9ae-410b-9677-6190492c8a0c,D,MSP5634001V,Shoulder/Lap Belt(s),F,4995945e-8362-4bd9-beb5-774cc907ee0b,Same Direction Rear End,N,Non Intersection,Right Turn Lane,Daylight,No Defects,"Two-way, Divided, Positive Median Barrier",Dry,Clear,Six o'clock,(Sport) Utility Vehicle,Functional,N,Slowing or Stopping,2015-03-27 14:29,36,38.8086805,-76.9697395
N,Apparently Normal,No Misuse,Y,No Injury,8dd39690-2950-468c-bef6-a72fdf7bcf4b,D,MSP56350004,Shoulder/Lap Belt(s),F,7c600c8a-09c1-4117-9cb5-0c638ef054ea,Single Vehicle ,N,Non Intersection,Left Turn Lane,Daylight,No Defects,"Two-way, Divided, Positive Median Barrier",Wet,Foggy,Five o'clock,Passenger Car,Disabling,N,Moving Constant Speed,2015-01-22 8:42,21,39.52020817,-76.1993285
Y,Apparently Normal,No Misuse,Y,No Injury,17d7f19a-ed7e-41b2-8f2d-bdc97c6adf4a,D,MSP5638001B,Shoulder/Lap Belt(s),F,d6fa7455-8791-4df0-a2b5-b2a20b2717d4,Same Direction Rear End,N,Non Intersection,Right Turn Lane,Dawn,No Defects,"Two-way, Not Divided",Wet,Cloudy,Twelve o'clock,Passenger Car,Destroyed,N,Slowing or Stopping,2015-01-13 6:42,65,38.51774003,-76.71167135
N,Apparently Normal,No Misuse,Y,No Injury,2ac6ef45-bbd3-4a52-b33a-0e0d2ab5d774,D,MSP5638001D,Shoulder/Lap Belt(s),F,1d023762-12b0-40a0-b85a-32db5fc3e8cb,Angle Meets Left Turn,N,Intersection,Right Turn Lane,Daylight,No Defects,"Two-way, Divided, Unprotected (painted >4 feet) Median",Wet,Snow,One o'clock,Passenger Car,Functional,N,Making U Turn,2015-01-21 14:38,27,38.59170433,-76.94064367
N,Apparently Normal,No Misuse,N,No Injury,20a8d07c-5c1c-41ff-83d7-e3a61e0278eb,D,MSP5638001D,Shoulder/Lap Belt(s),M,af7d9ab1-77d3-4b5d-b82e-38fedc407ef2,Angle Meets Left Turn,N,Intersection,Right Turn Lane,Daylight,No Defects,"Two-way, Divided, Unprotected (painted >4 feet) Median",Wet,Snow,Eight o'clock,Passenger Car,Functional,N,Moving Constant Speed,2015-01-21 14:38,21,38.59170433,-76.94064367
N,Apparently Normal,No Misuse,N,No Injury,5fdf98a9-97a6-446c-8e6f-985f7314d090,D,MSP5638001J,Shoulder/Lap Belt(s),F,abd84239-f7cd-418c-92a8-0b1a419ab5e2,Same Movement Angle,N,Intersection,Left Turn Lane,Daylight,No Defects,"Two-way, Divided, Unprotected (painted >4 feet) Median",Dry,Clear,Twelve o'clock,Passenger Car,Disabling,N,Moving Constant Speed,2015-03-31 8:27,19,38.5877971,-76.94496989
N,Apparently Normal,No Misuse,Y,No Injury,520b9947-3768-4c05-a7d1-d6a46767ea40,D,MSP5638001J,Shoulder/Lap Belt(s),M,a580feed-b7ed-4785-9d3f-0eb31ddacfa4,Same Movement Angle,N,Intersection,Left Turn Lane,Daylight,No Defects,"Two-way, Divided, Unprotected (painted >4 feet) Median",Dry,Clear,Four o'clock,"Other Light Trucks (10,000 lbs (4,536 kg))",Superficial,N,Making Left Turn,2015-03-31 8:27,46,38.5877971,-76.94496989
N,Apparently Normal,No Misuse,N,No Injury,99391663-7c36-47fe-882a-254740d98a48,D,MSP5642001S,Shoulder/Lap Belt(s),F,a940245b-0ef9-49ab-bc99-a89c65801fbb,Same Direction Right Turn,N,Non Intersection,Left Turn Lane,Daylight,No Defects,"Two-way, Divided, Positive Median Barrier",Dry,Clear,Twelve o'clock,Passenger Car,Disabling,N,Moving Constant Speed,2015-02-25 13:44,35,39.6700055,-77.73595867
N,Apparently Normal,No Misuse,Y,No Injury,e27c6cd7-7b5a-4b21-a436-29d3c300ec07,D,MSP5649000P,Shoulder/Lap Belt(s),M,93281cf2-01e8-490c-a6a3-a37976bf8dd6,Same Direction Rear End,N,Non Intersection,Right Turn Lane,Dark No Lights,No Defects,"Two-way, Not Divided",Dry,Clear,Twelve o'clock,Passenger Car,Disabling,N,Slowing or Stopping,2015-02-20 21:10,52,38.24148339,-76.56127453
N,Apparently Normal,No Misuse,N,No Injury,f75fbed0-5b70-45b7-95b7-98e9bf755825,D,MSP5660002P,Shoulder/Lap Belt(s),F,051f85a8-d9cd-4ebd-970b-d66c89a5e6c3,Same Direction Rear End,N,Non Intersection,Left Turn Lane,Dark Lights On,No Defects,"Two-way, Divided, Positive Median Barrier",Wet,Raining,Six o'clock,Passenger Car,Disabling,N,Stopped in Traffic Lane,2015-01-12 20:34,26,39.10380633,-76.88799717
N,Apparently Normal,No Misuse,Y,No Injury,5349e132-8abf-42f7-869f-da0aad1084e3,D,MSP5660002P,Shoulder/Lap Belt(s),M,3488319f-2114-4ffb-8966-9e9f645a7c34,Same Direction Rear End,N,Non Intersection,Left Turn Lane,Dark Lights On,No Defects,"Two-way, Divided, Positive Median Barrier",Wet,Raining,Twelve o'clock,Passenger Car,Disabling,N,Slowing or Stopping,2015-01-12 20:34,34,39.10380633,-76.88799717
N,Apparently Normal,No Misuse,N,No Injury,8f268689-f6ac-4bd3-a546-05d9e71da332,D,MSP5660002R,Shoulder/Lap Belt(s),F,88678d26-2135-424e-90da-36950f46ed79,Same Direction Rear End,N,Non Intersection,Right Turn Lane,Daylight,No Defects,"Two-way, Divided, Positive Median Barrier",Dry,Clear,Twelve o'clock,Recreational Vehicle,Functional,N,Slowing or Stopping,2015-01-28 9:53,56,39.0617385,-76.9199245
N,Apparently Normal,No Misuse,N,No Injury,314482d8-98ba-4ae7-90f7-861c2222d824,D,MSP5660002R,Shoulder/Lap Belt(s),M,d815d9e4-e5b2-4d72-99ac-840766bd32bd,Same Direction Rear End,N,Non Intersection,Right Turn Lane,Daylight,No Defects,"Two-way, Divided, Positive Median Barrier",Dry,Clear,Six o'clock,Recreational Vehicle,Functional,N,Slowing or Stopping,2015-01-28 9:53,41,39.0617385,-76.9199245
N,Apparently Normal,No Misuse,Y,No Injury,9ef93a97-b497-4a07-904d-99059202a2ee,D,MSP5660002R,Shoulder/Lap Belt(s),M,88ebd3f5-6555-412c-abbc-1e44e0571ffb,Same Direction Rear End,N,Non Intersection,Right Turn Lane,Daylight,No Defects,"Two-way, Divided, Positive Median Barrier",Dry,Clear,Twelve o'clock,Pickup Truck,Functional,N,Moving Constant Speed,2015-01-28 9:53,83,39.0617385,-76.9199245
N,Apparently Normal,No Misuse,N,Non-incapacitating Injury,7e2bd17e-4dc1-41bf-b08d-505d0acddbe1,D,MSP5660002R,Shoulder/Lap Belt(s),M,a98f5ddc-6c28-4ac2-af13-d50785e69422,Same Direction Rear End,N,Non Intersection,Right Turn Lane,Daylight,No Defects,"Two-way, Divided, Positive Median Barrier",Dry,Clear,Six o'clock,Passenger Car,Disabling,N,Slowing or Stopping,2015-01-28 9:53,83,39.0617385,-76.9199245
N,Apparently Normal,No Misuse,N,No Injury,9c477d00-3310-4f4c-970c-6642e61c1d1a,D,MSP5660003B,Shoulder/Lap Belt(s),F,78259e25-e3c7-4627-812f-c44dcedf4069,Same Direction Sideswipe,N,Non Intersection,Deceleration Lane,Daylight,No Defects,"Two-way, Divided, Positive Median Barrier",Dry,Clear,Twelve o'clock,Passenger Car,Disabling,N,Moving Constant Speed,2015-03-23 12:21,23,39.00179347,-76.89408302
N,Apparently Normal,No Misuse,Y,No Injury,469ccac3-6874-4ab2-9a36-74aaf52387a8,D,MSP56610010,Shoulder/Lap Belt(s),F,67e07038-d754-4650-b57a-9fa345835d61,Single Vehicle ,N,Non Intersection,Right Turn Lane,Daylight,No Defects,"Two-way, Divided, Positive Median Barrier",Snow,Snow,Eleven o'clock,Passenger Car,Disabling,N,Passing,2015-02-17 7:45,44,39.594953,-76.064015
N,Apparently Normal,No Misuse,N,No Injury,3a9d3360-910e-4eaf-9fd5-db70c107dcc9,D,MSP56790063,Shoulder/Lap Belt(s),F,8397ce16-0acf-4e79-a112-fd6f3ed6b10f,Same Direction Sideswipe,N,Non Intersection,Left Turn Lane,Dawn,No Defects,"Two-way, Divided, Positive Median Barrier",Ice,Clear,Six o'clock,Passenger Car,Functional,N,Moving Constant Speed,2015-01-07 7:27,54,39.42360517,-76.63785367
N,Apparently Normal,No Misuse,N,Non-incapacitating Injury,685030e1-ecd7-414e-83b4-2fe23f009e03,D,MSP56790069,Shoulder/Lap Belt(s),F,23963ca1-0383-40e0-8fd5-7fde53cea82b,Same Direction Sideswipe,N,Non Intersection,Right Turn Lane,Daylight,No Defects,"Two-way, Divided, Positive Median Barrier",Dry,Clear,Twelve o'clock,Pickup Truck,Disabling,N,Moving Constant Speed,2015-01-31 11:45,67,39.38986588,-76.533916
N,Apparently Normal,No Misuse,N,No Injury,1004365e-a153-406e-b5b8-e4477630bb41,D,MSP5679006J,Shoulder/Lap Belt(s),F,82661678-1130-42bc-add1-b528bfeae0fe,Same Direction Sideswipe,N,Non Intersection,Acceleration Lane,Daylight,No Defects,"Two-way, Divided, Positive Median Barrier",Dry,Clear,One o'clock,Passenger Car,Superficial,N,Slowing or Stopping,2015-03-07 16:10,36,39.28229734,-76.73158407
N,Apparently Normal,No Misuse,Y,No Injury,c49b126d-8ee2-4a39-8133-4413115df0d7,D,MSP5679006J,Shoulder/Lap Belt(s),F,3f9983da-e5ea-4873-bf97-761420f7e20d,Same Direction Sideswipe,N,Non Intersection,Acceleration Lane,Daylight,No Defects,"Two-way, Divided, Positive Median Barrier",Dry,Clear,Seven o'clock,Passenger Car,Superficial,N,Changing Lanes,2015-03-07 16:10,25,39.28229734,-76.73158407
N,Apparently Normal,No Misuse,N,No Injury,a16c9e28-e99c-40d4-a0cd-23c8b778f112,D,MSP5680000K,Shoulder/Lap Belt(s),F,067f338b-c1af-4a03-9fb5-e2ca85e58875,Same Movement Angle,N,Non Intersection,Right Turn Lane,Dark Lights On,No Defects,"Two-way, Not Divided",Dry,Clear,One o'clock,Pickup Truck,No Damage,N,Moving Constant Speed,2015-01-01 16:43,27,39.69844567,-76.06272567
N,Apparently Normal,No Misuse,Y,No Injury,2e4bf9ae-483b-4f68-a5b4-8a99682f87a8,D,MSP5680000K,Shoulder/Lap Belt(s),M,d00e1877-f1a3-4bf5-a3c9-f12f645c9713,Same Movement Angle,N,Non Intersection,Right Turn Lane,Dark Lights On,No Defects,"Two-way, Not Divided",Dry,Clear,Eleven o'clock,Police Vehicle/Emergency,Functional,N,Making Left Turn,2015-01-01 16:43,37,39.69844567,-76.06272567
N,Apparently Normal,No Misuse,N,No Injury,f9c249ad-2f68-40c2-bcf8-3d2bfced01af,D,MSP5687000Q,Shoulder/Lap Belt(s),F,9edb0e1c-c95a-49a2-850a-432612e3b4a3,Same Direction Rear End,N,Non Intersection,Right Turn Lane,Dusk,No Defects,"Two-way, Divided, Positive Median Barrier",Dry,Clear,Six o'clock,Passenger Car,Disabling,N,Moving Constant Speed,2015-02-25 18:24,70,38.2896166,-76.48516417
N,Apparently Normal,No Misuse,N,Possible Incapacitating Injury,c80699e8-c812-45a6-923a-f31e69970955,D,MSP5687000Q,Shoulder/Lap Belt(s),F,bb8d79df-1741-4353-b145-ad1f8767f7e9,Same Direction Rear End,N,Non Intersection,Right Turn Lane,Dusk,No Defects,"Two-way, Divided, Positive Median Barrier",Dry,Clear,Six o'clock,Passenger Car,Disabling,N,Moving Constant Speed,2015-02-25 18:24,42,38.2896166,-76.48516417