CDL_FLAG,CONDITION_CODE,EQUIP_PROB_CODE,FAULT_FLAG,INJ_SEVER_CODE,PERSON_ID,PERSON_TYPE,REPORT_NO,SAF_EQUIP_CODE,SEX_CODE,VEHICLE_ID,COLLISION_TYPE_CODE,C_M_ZONE_FLAG,JUNCTION_CODE,LANE_CODE,LIGHT_CODE,RD_COND_CODE,RD_DIV_CODE,SURF_COND_CODE,WEATHER_CODE,AREA_DAMAGED_CODE_MAIN,BODY_TYPE_CODE,DAMAGE_CODE,HIT_AND_RUN_FLAG,MOVEMENT_CODE,TIME,AGE,LATITUDE,LONGITUDE
N,Apparently Normal,No Misuse,Y,No Injury,e4415609-7134-4772-ab8f-74ddd2b78321,D,MSP5687000Q,Shoulder/Lap Belt(s),M,1ee92e54-819e-49aa-8336-c3f189b9ea80,Same Direction Rear End,N,Non Intersection,Right Turn Lane,Dusk,No Defects,"Two-way, Divided, Positive Median Barrier",Dry,Clear,Twelve o'clock,Pickup Truck,Functional,N,Moving Constant Speed,2015-02-25 18:24,44,38.2896166,-76.48516417
N,Apparently Normal,No Misuse,Y,No Injury,391a0a95-7120-49f0-bbc8-246f4569d31e,D,MSP5688000V,Shoulder/Lap Belt(s),F,61736e02-19d7-4a48-a240-609c70670f69,Same Movement Angle,N,Intersection,Left Turn Lane,Daylight,No Defects,"Two-way, Not Divided",Dry,Clear,Four o'clock,Passenger Car,Disabling,N,Making Left Turn,2015-02-14 12:59,23,38.2993405,-76.6401315
N,Apparently Normal,No Misuse,N,No Injury,c8d55b78-a1f4-4caf-9f08-b55991121021,D,MSP5688000V,Shoulder/Lap Belt(s),M,0131bda9-768d-469d-831d-2a04d46e5afe,Same Movement Angle,N,Intersection,Left Turn Lane,Daylight,No Defects,"Two-way, Not Divided",Dry,Clear,Twelve o'clock,Passenger Car,Functional,N,Moving Constant Speed,2015-02-14 12:59,54,38.2993405,-76.6401315
N,Apparently Normal,No Misuse,N,No Injury,d0478905-505e-45fb-b17c-e5a5d748fd97,D,MSP5688000W,Shoulder/Lap Belt(s),F,ad0c2881-9c41-4be4-bbaa-2e700b9f8c45,Same Direction Sideswipe,N,Non Intersection,Right Turn Lane,Dark No Lights,Loose Surface Material,"Two-way, Not Divided",Slush,Wintry Mix,Eleven o'clock,Passenger Car,Superficial,N,Moving Constant Speed,2015-02-21 19:00,29,38.41273433,-76.82201383
N,Apparently Normal,No Misuse,Y,No Injury,506858a4-66d8-4b7f-afa8-8daf47253b51,D,MSP5688000W,Shoulder/Lap Belt(s),M,486745bc-6876-415c-9223-6dd2138631d0,Same Direction Sideswipe,N,Non Intersection,Right Turn Lane,Dark No Lights,Loose Surface Material,"Two-way, Not Divided",Slush,Wintry Mix,One o'clock,Pickup Truck,Superficial,N,Accelerating,2015-02-21 19:00,17,38.41273433,-76.82201383
N,Apparently Normal,No Misuse,N,No Injury,b7139df6-18bf-400d-9767-e53b832dd8aa,D,MSP5688000Y,Shoulder/Lap Belt(s),F,475f4676-856a-4571-9117-42986c1dd3ea,Same Movement Angle,N,Intersection Related,Right Turn Lane,Daylight,No Defects,"Two-way, Not Divided",Dry,Clear,Five o'clock,Van,Functional,N,Moving Constant Speed,2015-03-12 14:05,51,38.25249367,-76.48068917
Y,Apparently Normal,No Misuse,Y,No Injury,9f5d33d2-b638-465a-95dc-a1f2a030a7c0,D,MSP5688000Y,Shoulder/Lap Belt(s),F,f95b1ee4-bb52-45b0-9000-b01064c87986,Same Movement Angle,N,Intersection Related,Right Turn Lane,Daylight,No Defects,"Two-way, Not Divided",Dry,Clear,Twelve o'clock,School Bus,Superficial,N,Starting From Parked,2015-03-12 14:05,37,38.25249367,-76.48068917
N,Apparently Normal,No Misuse,Y,No Injury,f397930c-a8d8-4afc-8d9b-f6151e1801a5,D,MSP5709000S,Shoulder/Lap Belt(s),F,427c5244-ae65-4d04-8f87-dde8b894dcac,Single Vehicle ,N,Non Intersection,Right Turn Lane,Daylight,No Defects,"Two-way, Not Divided",Wet,Cloudy,Twelve o'clock,Van,Disabling,N,Moving Constant Speed,2015-01-22 14:28,41,38.90409938,-76.0403488
N,Apparently Normal,No Misuse,Y,No Injury,e5427ddf-56d3-415b-833f-2e6229a4bf83,D,MSP57300039,Shoulder/Lap Belt(s),F,0fdf43ce-873a-49c0-976d-e6e7a240f882,Single Vehicle ,N,Non Intersection,Right Turn Lane,Dark No Lights,No Defects,"Two-way, Not Divided",Dry,Clear,One o'clock,Passenger Car,Destroyed,N,Moving Constant Speed,2015-02-08 5:20,34,39.460627,-77.29681498
N,Apparently Normal,No Misuse,Y,No Injury,7f6ab7e8-5ef3-4fc4-88ec-f03c938b7889,D,MSP5730003C,Shoulder/Lap Belt(s),F,98647ef9-52fa-4eed-8c1a-8db47fab2b53,Same Direction Rear End,N,Interchange Related,Right Turn Lane,Dark Lights On,No Defects,"Two-way, Divided, Positive Median Barrier",Dry,Clear,One o'clock,Passenger Car,Functional,N,Moving Constant Speed,2015-02-25 21:20,18,39.40184452,-77.42818978
N,Apparently Normal,No Misuse,Y,No Injury,5a14b60b-bd0e-4733-9ef6-608b25d68ab9,D,MSP5730003M,Shoulder/Lap Belt(s),F,8e0c6d8a-869e-4106-9f6b-06bd6ce49da8,Same Direction Rear End,N,Non Intersection,Acceleration Lane,Daylight,No Defects,"Two-way, Divided, Positive Median Barrier",Dry,Clear,Twelve o'clock,(Sport) Utility Vehicle,Superficial,Y,Moving Constant Speed,2015-03-24 16:45,51,39.444911,-77.396736
N,Apparently Normal,No Misuse,N,No Injury,460765b9-7cd9-41f8-bdb6-95f57ebb25b7,D,MSP5730003M,Shoulder/Lap Belt(s),M,1084782c-865a-46fa-8e1a-6fe28b17b756,Same Direction Rear End,N,Non Intersection,Acceleration Lane,Daylight,No Defects,"Two-way, Divided, Positive Median Barrier",Dry,Clear,Six o'clock,Passenger Car,Functional,N,Slowing or Stopping,2015-03-24 16:45,34,39.444911,-77.396736
N,Apparently Normal,No Misuse,Y,No Injury,69861adc-0ae3-40d0-95f8-caf2cb4fae82,D,MSP5730003N,Shoulder/Lap Belt(s),F,0edf0110-c0b0-40b8-a99e-5f0dac429ea5,Single Vehicle ,N,Non Intersection,Right Turn Lane,Daylight,No Defects,"Two-way, Not Divided",Dry,Clear,One o'clock,Passenger Car,Disabling,N,Moving Constant Speed,2015-03-24 18:47,26,39.6597431,-77.3315463
N,Apparently Normal,No Misuse,Y,No Injury,92d920e3-e77d-4e02-9b10-286127d20d61,D,MSP57330014,Shoulder/Lap Belt(s),F,37720b5f-fa7e-4635-ab0b-9d5609b6d284,Single Vehicle ,N,Non Intersection,Left Turn Lane,Daylight,No Defects,"Two-way, Divided, Positive Median Barrier",Slush,Foggy,Six o'clock,Passenger Car,Disabling,N,Moving Constant Speed,2015-02-22 7:30,33,39.62610483,-75.97862367
N,Apparently Normal,No Misuse,N,No Injury,f80d9760-e722-4265-bb37-ca51b39165eb,D,MSP57410012,Shoulder/Lap Belt(s),F,72801f96-8011-4087-8550-d76d3f14bfee,Head On Left Turn,N,Non Intersection,Right Turn Lane,Daylight,"Holes, Ruts, Etc.","Two-way, Not Divided",Wet,Clear,Twelve o'clock,Passenger Car,Functional,N,Moving Constant Speed,2015-03-07 12:15,58,39.60014983,-76.0735015
N,Apparently Normal,No Misuse,Y,No Injury,ed183942-c030-434d-a283-b68489c4cd86,D,MSP57430023,Shoulder/Lap Belt(s),F,ded4dc4a-7961-4d23-9a83-728c898af8d6,Same Movement Angle,N,Intersection,Right Turn Lane,Dark Lights On,No Defects,"Two-way, Not Divided",Wet,Raining,Four o'clock,Passenger Car,Disabling,N,Starting From Lane,2015-02-09 17:56,19,39.61233633,-77.73024267
N,Apparently Normal,No Misuse,N,No Injury,66946a27-9996-4691-a1bf-c933735cf851,D,MSP57430029,Shoulder/Lap Belt(s),M,dab1d23f-ca46-423a-af79-853175db439e,Same Direction Rear End,N,Non Intersection,Right Turn Lane,Daylight,No Defects,"Two-way, Divided, Positive Median Barrier",Ice,Raining,Twelve o'clock,Passenger Car,Disabling,N,Skidding,2015-03-25 9:17,24,39.71945086,-78.2836175
N,Apparently Normal,No Misuse,Y,No Injury,26fa2fae-0905-41d9-ba93-9870650c5efe,D,MSP5743002B,Shoulder/Lap Belt(s),F,f4645498-32ff-4b23-924e-51f3d6919b98,Single Vehicle ,N,Non Intersection,Left Turn Lane,Daylight,No Defects,"Two-way, Divided, Positive Median Barrier",Ice,Wintry Mix,Twelve o'clock,Passenger Car,Disabling,N,Skidding,2015-03-25 9:32,28,39.71948387,-78.28452945
N,Apparently Normal,No Misuse,N,No Injury,fadf0efc-56c2-4f55-b495-3159117a4874,D,MSP5744001T,Shoulder/Lap Belt(s),F,63d150f8-8c44-4261-b90c-3a933a2535ad,Same Direction Rear End,N,Intersection Related,Left Turn Lane,Daylight,No Defects,"Two-way, Not Divided",Dry,Clear,Six o'clock,Passenger Car,Functional,N,Slowing or Stopping,2015-03-12 9:41,82,39.5867745,-76.97514967
N,Apparently Normal,No Misuse,Y,No Injury,e1d1e8e3-f171-42de-9bea-210577f6c0e9,D,MSP5744001T,Shoulder/Lap Belt(s),F,74d7f7b6-bc3b-40b7-a42f-10ba5acf5452,Same Direction Rear End,N,Intersection Related,Left Turn Lane,Daylight,No Defects,"Two-way, Not Divided",Dry,Clear,Twelve o'clock,Passenger Car,Destroyed,N,Slowing or Stopping,2015-03-12 9:41,26,39.5867745,-76.97514967
N,Apparently Normal,No Misuse,N,No Injury,61043394-cb87-462f-9577-9c67f104a9a3,D,MSP5744001V,Shoulder/Lap Belt(s),F,264f600e-6e61-4f96-9d6b-4d662580c22c,Same Direction Rear End,N,Intersection Related,Right Turn Lane,Dark No Lights,No Defects,"Two-way, Not Divided",Dry,Clear,Six o'clock,(Sport) Utility Vehicle,Disabling,N,Stopped in Traffic Lane,2015-03-13 6:50,61,39.588513,-77.026724
N,Apparently Normal,No Misuse,Y,Non-incapacitating Injury,5fcacb52-e9df-4502-93c9-08911305c437,D,MSP5744001V,Shoulder/Lap Belt(s),F,cdb21c16-a1cb-4e17-b86c-8bb8146e385f,Same Direction Rear End,N,Intersection Related,Right Turn Lane,Dark No Lights,No Defects,"Two-way, Not Divided",Dry,Clear,Twelve o'clock,Passenger Car,Destroyed,N,Moving Constant Speed,2015-03-13 6:50,24,39.588513,-77.026724
N,Apparently Normal,No Misuse,N,No Injury,d11f58c6-703b-412e-8b6b-21b126d4d484,D,MSP57580018,Shoulder/Lap Belt(s),F,94f5389e-577a-49cd-aac9-dae07a99c322,Single Vehicle ,N,Non Intersection,Right Turn Lane,Daylight,No Defects,"Two-way, Not Divided",Dry,Cloudy,Eleven o'clock,Passenger Car,Disabling,N,Moving Constant Speed,2015-02-08 9:24,53,39.06157367,-75.92369033
N,Apparently Normal,No Misuse,N,No Injury,70a76a79-de36-4189-ac73-7286bef82816,D,MSP5763002T,Shoulder/Lap Belt(s),F,0aaf9bac-abfe-4191-89a7-9f054bf1f7bc,Same Direction Rear End,N,Non Intersection,Left Turn Lane,Daylight,No Defects,"Two-way, Divided, Positive Median Barrier",Dry,Clear,Six o'clock,Passenger Car,Disabling,N,Slowing or Stopping,2015-01-11 9:08,26,39.20738433,-76.7481095
N,Apparently Normal,No Misuse,Y,No Injury,27cb1053-555a-48d4-a082-f01f14e07296,D,MSP5763002T,Shoulder/Lap Belt(s),M,d9f8e2f9-c21b-4837-abcc-c4dc45bfe87f,Same Direction Rear End,N,Non Intersection,Left Turn Lane,Daylight,No Defects,"Two-way, Divided, Positive Median Barrier",Dry,Clear,Twelve o'clock,Van,Functional,N,Moving Constant Speed,2015-01-11 9:08,51,39.20738433,-76.7481095
N,Apparently Normal,No Misuse,Y,No Injury,28012370-1f55-4897-b88c-3a67c2fdb347,D,MSP5763002W,Shoulder/Lap Belt(s),F,5465353f-e8f5-4560-ae91-e6ea5190e31b,Same Direction Rear End,N,Non Intersection,Deceleration Lane,Daylight,No Defects,"Two-way, Divided, Positive Median Barrier",Dry,Cloudy,Twelve o'clock,(Sport) Utility Vehicle,Disabling,N,Moving Constant Speed,2015-01-14 8:20,32,39.18604117,-76.77934
N,Apparently Normal,No Misuse,N,Possible Incapacitating Injury,112cedc8-99b5-4b2c-a2a6-be7327424c3b,D,MSP5763002W,Shoulder/Lap Belt(s),F,5a17a05d-4af1-4450-b6df-957ce1730c83,Same Direction Rear End,N,Non Intersection,Deceleration Lane,Daylight,No Defects,"Two-way, Divided, Positive Median Barrier",Dry,Cloudy,Six o'clock,Passenger Car,Disabling,N,Slowing or Stopping,2015-01-14 8:20,27,39.18604117,-76.77934
N,Apparently Normal,No Misuse,Y,No Injury,6d557fd6-31c1-47a0-ba9d-adfe38f690bb,D,MSP5763002X,Shoulder/Lap Belt(s),F,153bf6ef-bb98-403b-b6bd-b4445f080f45,Single Vehicle ,N,Non Intersection,Right Turn Lane,Dark No Lights,No Defects,"Two-way, Divided, Positive Median Barrier",Dry,Cloudy,Twelve o'clock,Passenger Car,Disabling,N,Skidding,2015-01-20 22:15,26,39.51213883,-77.03987533
N,Apparently Normal,No Misuse,Y,No Injury,4e4f43e2-10e3-4134-9622-f0e24bdc506a,D,MSP5773000Q,Shoulder/Lap Belt(s),F,76ca80de-04ce-4eed-8154-b46bdf64dc58,Single Vehicle ,N,Non Intersection,Acceleration Lane,Daylight,No Defects,"Two-way, Divided, Positive Median Barrier",Dry,Clear,Twelve o'clock,Passenger Car,Functional,N,Moving Constant Speed,2015-03-13 8:06,23,39.641211,-78.80480467
N,Apparently Normal,No Misuse,Y,No Injury,501c40df-fa4d-4c8c-962d-c7cb23a2b03f,D,MSP5780002M,Shoulder/Lap Belt(s),M,acfe2f15-d61e-4c72-9288-a274ce40fa3a,Same Direction Rear End,N,Non Intersection,Left Turn Lane,Dark No Lights,No Defects,"Two-way, Divided, Positive Median Barrier",Ice,Sleet,Twelve o'clock,Passenger Car,Functional,N,Slowing or Stopping,2015-02-01 23:16,23,39.45111433,-77.50388983
N,Apparently Normal,No Misuse,N,No Injury,4027dbb5-bf29-413a-86f3-3510c1b17831,D,MSP5781002T,Shoulder/Lap Belt(s),F,8939f125-ffb0-48de-92ea-cfe499fd6268,Same Direction Rear End,N,Non Intersection,Right Turn Lane,Daylight,No Defects,"Two-way, Divided, Positive Median Barrier",Dry,Clear,Six o'clock,Passenger Car,Functional,N,Slowing or Stopping,2015-03-10 8:56,44,39.30354533,-76.87686317
N,Apparently Normal,No Misuse,Y,No Injury,dbd6eef7-7bda-4a24-8850-fb505be18d75,D,MSP5781002T,Shoulder/Lap Belt(s),F,51a9b838-dd3b-47a4-8ffb-a0ee0582d620,Same Direction Rear End,N,Non Intersection,Right Turn Lane,Daylight,No Defects,"Two-way, Divided, Positive Median Barrier",Dry,Clear,Twelve o'clock,Passenger Car,Disabling,N,Slowing or Stopping,2015-03-10 8:56,46,39.30354533,-76.87686317
N,Apparently Normal,No Misuse,N,No Injury,a724101a-898e-4a67-a6b2-7ae86836db62,D,MSP5781002T,Shoulder/Lap Belt(s),M,691793f2-6b9d-4f74-9f30-4513f6edaf14,Same Direction Rear End,N,Non Intersection,Right Turn Lane,Daylight,No Defects,"Two-way, Divided, Positive Median Barrier",Dry,Clear,Six o'clock,Passenger Car,Functional,N,Slowing or Stopping,2015-03-10 8:56,21,39.30354533,-76.87686317
N,Apparently Normal,No Misuse,N,No Injury,173d0752-7865-44dc-bb3b-2415af968257,D,MSP5781002V,Shoulder/Lap Belt(s),F,bf828906-b56b-48df-aae4-66534b1bccd7,Same Direction Rear End,N,Non Intersection,Right Turn Lane,Dark Lights On,No Defects,"Two-way, Divided, Positive Median Barrier",Dry,Clear,Six o'clock,Passenger Car,Functional,N,Moving Constant Speed,2015-03-16 20:46,24,39.30208467,-76.908207
N,Apparently Normal,No Misuse,N,No Injury,4f398c63-7d98-4e59-8ee8-914a20107254,D,MSP5781002V,Shoulder/Lap Belt(s),M,2601357d-3369-4b0b-b087-81f47acf5871,Same Direction Rear End,N,Non Intersection,Right Turn Lane,Dark Lights On,No Defects,"Two-way, Divided, Positive Median Barrier",Dry,Clear,Six o'clock,Van,Functional,N,Moving Constant Speed,2015-03-16 20:46,65,39.30208467,-76.908207
N,Apparently Normal,No Misuse,Y,No Injury,abdc5709-4e17-4371-8ec1-f8e17570cfda,D,MSP5781002V,Shoulder/Lap Belt(s),M,7913c066-1c21-4fe3-920d-0e6faab33480,Same Direction Rear End,N,Non Intersection,Right Turn Lane,Dark Lights On,No Defects,"Two-way, Divided, Positive Median Barrier",Dry,Clear,Twelve o'clock,(Sport) Utility Vehicle,Functional,N,Moving Constant Speed,2015-03-16 20:46,25,39.30208467,-76.908207
N,Apparently Normal,No Misuse,N,No Injury,6a58163e-48e5-4eda-be17-5145b699c98e,D,MSP5796002C,None  ,F,60337730-bc0b-4ea6-9eee-f504f9ac77d2,Same Direction Sideswipe,N,Non Intersection,Deceleration Lane,Daylight,No Defects,"Two-way, Divided, Positive Median Barrier",Dry,Clear,Twelve o'clock,Passenger Car,Disabling,N,Moving Constant Speed,2015-01-10 12:37,26,39.18657617,-76.778677
N,Apparently Normal,No Misuse,N,No Injury,30e39d15-5684-4c93-9ddf-23c38d1ca521,D,MSP5796002C,Shoulder/Lap Belt(s),F,f5d676d6-3539-4bdd-b7be-61111f2d2953,Same Direction Sideswipe,N,Non Intersection,Deceleration Lane,Daylight,No Defects,"Two-way, Divided, Positive Median Barrier",Dry,Clear,Six o'clock,(Sport) Utility Vehicle,Disabling,N,Moving Constant Speed,2015-01-10 12:37,71,39.18657617,-76.778677
N,Apparently Normal,No Misuse,Y,Possible Incapacitating Injury,b1fc1576-9683-487e-8494-623a8e368ccf,D,MSP5796002C,Shoulder/Lap Belt(s),F,21b32dbe-8488-499d-82a7-3334d05f6e0a,Same Direction Sideswipe,N,Non Intersection,Deceleration Lane,Daylight,No Defects,"Two-way, Divided, Positive Median Barrier",Dry,Clear,Twelve o'clock,Passenger Car,Disabling,N,Moving Constant Speed,2015-01-10 12:37,22,39.18657617,-76.778677
N,Apparently Normal,No Misuse,N,No Injury,97ea4434-fca5-4fbb-a3ca-ce133b313bb1,D,MSP5796002H,Shoulder/Lap Belt(s),F,d687ca9a-dcb5-414d-a4ad-ee62db3d71ce,Same Direction Rear End,N,Non Intersection,Deceleration Lane,Daylight,No Defects,"Two-way, Divided, Positive Median Barrier",Wet,Raining,Twelve o'clock,Passenger Car,Disabling,N,Slowing or Stopping,2015-03-10 15:13,59,39.11875567,-76.86980217
Y,Apparently Normal,No Misuse,N,No Injury,51bfbe41-a024-420e-96bd-e6d75c8aa131,D,MSP5796002H,Shoulder/Lap Belt(s),M,110987ac-da1f-4862-ba03-03713529b587,Same Direction Rear End,N,Non Intersection,Deceleration Lane,Daylight,No Defects,"Two-way, Divided, Positive Median Barrier",Wet,Raining,Six o'clock,Truck Tractor,Functional,N,Slowing or Stopping,2015-03-10 15:13,66,39.11875567,-76.86980217
N,Apparently Normal,No Misuse,N,No Injury,fe9e0748-f064-4cca-b6b9-c2832ce3c4a7,D,MSP5796002H,Shoulder/Lap Belt(s),M,8650f677-b569-4617-8351-5c10d4d7879f,Same Direction Rear End,N,Non Intersection,Deceleration Lane,Daylight,No Defects,"Two-way, Divided, Positive Median Barrier",Wet,Raining,Twelve o'clock,Passenger Car,Disabling,N,Slowing or Stopping,2015-03-10 15:13,44,39.11875567,-76.86980217
N,Apparently Normal,No Misuse,Y,No Injury,f4023c20-1421-4d93-81df-0f1eeb34d177,D,MSP5796002H,Shoulder/Lap Belt(s),M,6782cce3-1a79-4293-b344-8bf325ee6b5b,Same Direction Rear End,N,Non Intersection,Deceleration Lane,Daylight,No Defects,"Two-way, Divided, Positive Median Barrier",Wet,Raining,Twelve o'clock,Passenger Car,Functional,N,Moving Constant Speed,2015-03-10 15:13,61,39.11875567,-76.86980217
N,Apparently Normal,No Misuse,Y,No Injury,ce2ebed7-9b5e-4ca9-afc7-09df4a28276c,D,MSP58000029,Shoulder/Lap Belt(s),F,77ab7154-c58e-4fa8-a35e-dc72bf26b089,Same Direction Rear End,N,Non Intersection,Acceleration Lane,Daylight,No Defects,"Two-way, Divided, Positive Median Barrier",Dry,Clear,Twelve o'clock,Passenger Car,Disabling,N,Moving Constant Speed,2015-01-22 17:02,36,39.0306535,-77.126987
N,Apparently Normal,No Misuse,N,No Injury,6a1c7aed-c672-46c4-8fa5-2e519e0d42d9,D,MSP58000029,Shoulder/Lap Belt(s),M,990a62fd-ed31-44d3-8859-c9247f592431,Same Direction Rear End,N,Non Intersection,Acceleration Lane,Daylight,No Defects,"Two-way, Divided, Positive Median Barrier",Dry,Clear,Six o'clock,Passenger Car,Functional,N,Slowing or Stopping,2015-01-22 17:02,31,39.0306535,-77.126987
N,Apparently Normal,No Misuse,N,No Injury,68c7c240-c165-4a26-b39d-b583d69f8aa4,D,MSP5800002C,Shoulder/Lap Belt(s),F,0eadc12d-62aa-44d1-abb7-40d474016f13,Same Direction Sideswipe,N,Non Intersection,Acceleration Lane,Dawn,No Defects,"Two-way, Divided, Positive Median Barrier",Dry,Clear,Twelve o'clock,Passenger Car,Destroyed,N,Moving Constant Speed,2015-02-05 6:35,61,39.0099055,-77.08849283
N,Apparently Normal,No Misuse,N,No Injury,86b4b4cb-6703-4358-ba23-e386dccff04c,D,MSP5800002D,Shoulder/Lap Belt(s),F,ee0340f5-a68e-4af9-a964-6454be47755a,Same Direction Rear End,N,Non Intersection,Right Turn Lane,Daylight,No Defects,"Two-way, Divided, Positive Median Barrier",Dry,Clear,Twelve o'clock,Passenger Car,Disabling,N,Slowing or Stopping,2015-02-06 15:14,38,39.21745817,-77.27792617
N,Apparently Normal,No Misuse,N,No Injury,ebdc3bbf-fbb4-4376-9027-c1ca8d70d659,D,MSP5800002D,Shoulder/Lap Belt(s),F,540bf389-1188-4fce-a69d-f1ad529dfbc2,Same Direction Rear End,N,Non Intersection,Right Turn Lane,Daylight,No Defects,"Two-way, Divided, Positive Median Barrier",Dry,Clear,Six o'clock,Station Wagon,Functional,N,Stopped in Traffic Lane,2015-02-06 15:14,36,39.21745817,-77.27792617
N,Apparently Normal,No Misuse,Y,No Injury,4f093df2-6920-4c7c-af12-855b6f7a19b1,D,MSP5800002D,Shoulder/Lap Belt(s),M,b32121fe-e062-410b-97e6-80ff4ddbee12,Same Direction Rear End,N,Non Intersection,Right Turn Lane,Daylight,No Defects,"Two-way, Divided, Positive Median Barrier",Dry,Clear,Twelve o'clock,Passenger Car,Functional,N,Slowing or Stopping,2015-02-06 15:14,36,39.21745817,-77.27792617
N,Apparently Normal,No Misuse,Y,No Injury,bf5a2a41-29e2-4381-b97d-4325eef12ace,D,MSP5800002H,Shoulder/Lap Belt(s),F,185600a1-cb93-4004-b4e9-8b5fcd8e1615,Same Direction Sideswipe,Y,Non Intersection,Deceleration Lane,Daylight,No Defects,"Two-way, Divided, Positive Median Barrier",Dry,Clear,One o'clock,(Sport) Utility Vehicle,Disabling,N,Changing Lanes,2015-02-13 16:18,57,39.01550083,-77.00699333
N,Apparently Normal,No Misuse,N,Non-incapacitating Injury,2108341b-d478-489c-aab0-b39903072ba9,D,MSP5800002H,Shoulder/Lap Belt(s),F,87fa9a61-13f1-4272-be51-5188db35bd66,Same Direction Sideswipe,Y,Non Intersection,Deceleration Lane,Daylight,No Defects,"Two-way, Divided, Positive Median Barrier",Dry,Clear,Eleven o'clock,Passenger Car,Disabling,N,Moving Constant Speed,2015-02-13 16:18,22,39.01550083,-77.00699333
N,Apparently Normal,No Misuse,Y,No Injury,9bdc4fca-dc99-4c52-9838-6285e81c9992,D,MSP5800002L,Shoulder/Lap Belt(s),F,1967279b-013b-4fdf-a937-0561ae7bb3c8,Same Direction Sideswipe,N,Non Intersection,Deceleration Lane,Daylight,No Defects,"Two-way, Divided, Positive Median Barrier",Dry,Clear,Twelve o'clock,(Sport) Utility Vehicle,Disabling,N,Stopped in Traffic Lane,2015-02-17 15:30,34,39.1623895,-77.235229
N,Apparently Normal,No Misuse,N,Possible Incapacitating Injury,c1a2bb36-55e4-42cc-a78f-1b47b72b9f1a,D,MSP5800002L,Shoulder/Lap Belt(s),F,81504d05-0ed7-4e75-82be-7b9224e5f157,Same Direction Sideswipe,N,Non Intersection,Deceleration Lane,Daylight,No Defects,"Two-way, Divided, Positive Median Barrier",Dry,Clear,Ten o'clock,Passenger Car,Disabling,N,Moving Constant Speed,2015-02-17 15:30,35,39.1623895,-77.235229
N,Apparently Normal,No Misuse,N,No Injury,0254c7d2-4651-4251-83d0-54b8820ffc1d,D,MSP5800002P,Shoulder/Lap Belt(s),F,dd528764-acec-4b9e-94e0-af1fae0eb9a2,Same Direction Rear End,N,Non Intersection,Deceleration Lane,Dark Lights On,No Defects,"Two-way, Divided, Positive Median Barrier",Wet,Raining,Five o'clock,(Sport) Utility Vehicle,Superficial,N,Moving Constant Speed,2015-03-10 18:30,26,38.98355333,-77.1626525
N,Apparently Normal,No Misuse,N,No Injury,97585d48-277f-4b05-948d-b1387ba83c81,D,MSP5800002R,Shoulder/Lap Belt(s),F,1232245a-3a41-4076-8db6-8283bd7ac154,Same Direction Rear End,N,Non Intersection,Left Turn Lane,Dark Lights On,No Defects,"Two-way, Divided, Positive Median Barrier",Dry,Clear,Six o'clock,(Sport) Utility Vehicle,Superficial,N,Slowing or Stopping,2015-03-12 19:56,48,39.01241117,-77.06290367
N,Apparently Normal,No Misuse,Y,No Injury,bcef16e9-5ff3-4c92-998d-e573faed4dc5,D,MSP5800002R,Shoulder/Lap Belt(s),M,97e852cb-044e-46ca-82dc-80e28fc81718,Same Direction Rear End,N,Non Intersection,Left Turn Lane,Dark Lights On,No Defects,"Two-way, Divided, Positive Median Barrier",Dry,Clear,Twelve o'clock,Passenger Car,Disabling,N,Moving Constant Speed,2015-03-12 19:56,37,39.01241117,-77.06290367
N,Apparently Normal,No Misuse,N,No Injury,e0849b2b-7461-4b20-954b-4aa9d8e942e6,D,MSP5800002X,Shoulder/Lap Belt(s),F,5743f780-0741-4664-8073-1e0952ebdcd2,Same Direction Rear End,N,Non Intersection,Deceleration Lane,Daylight,No Defects,"Two-way, Divided, Positive Median Barrier",Dry,Clear,Six o'clock,(Sport) Utility Vehicle,Functional,N,Slowing or Stopping,2015-03-31 8:40,36,38.99939533,-77.1579405
N,Apparently Normal,No Misuse,Y,No Injury,3821c805-12ea-4b14-836e-88d1d55cb69d,D,MSP5800002X,Shoulder/Lap Belt(s),M,36c10a97-67e5-4c7c-8c39-66a634b75ee1,Same Direction Rear End,N,Non Intersection,Deceleration Lane,Daylight,No Defects,"Two-way, Divided, Positive Median Barrier",Dry,Clear,Twelve o'clock,Passenger Car,Disabling,N,Moving Constant Speed,2015-03-31 8:40,59,38.99939533,-77.1579405
N,Apparently Normal,No Misuse,Y,No Injury,b4d9d3e2-3d14-4859-bacb-78180b257910,D,MSP5803003K,Shoulder/Lap Belt(s),F,66ac96e1-91e7-46fb-9c8e-bfa2f6f8171d,Same Direction Rear End,N,Non Intersection,Left Turn Lane,Daylight,No Defects,"Two-way, Divided, Positive Median Barrier",Dry,Clear,Twelve o'clock,Passenger Car,Disabling,N,Moving Constant Speed,2015-02-10 16:10,35,39.162718,-77.236073
N,Apparently Normal,No Misuse,N,No Injury,04335737-3654-4867-a454-dc79d0140d29,D,MSP5803003K,Shoulder/Lap Belt(s),M,5037296f-081d-4790-814e-ab08f79472d9,Same Direction Rear End,N,Non Intersection,Left Turn Lane,Daylight,No Defects,"Two-way, Divided, Positive Median Barrier",Dry,Clear,Six o'clock,Passenger Car,Functional,N,Slowing or Stopping,2015-02-10 16:10,19,39.162718,-77.236073