CDL_FLAG,CONDITION_CODE,EQUIP_PROB_CODE,FAULT_FLAG,INJ_SEVER_CODE,PERSON_ID,PERSON_TYPE,REPORT_NO,SAF_EQUIP_CODE,SEX_CODE,VEHICLE_ID,COLLISION_TYPE_CODE,C_M_ZONE_FLAG,JUNCTION_CODE,LANE_CODE,LIGHT_CODE,RD_COND_CODE,RD_DIV_CODE,SURF_COND_CODE,WEATHER_CODE,AREA_DAMAGED_CODE_MAIN,BODY_TYPE_CODE,DAMAGE_CODE,HIT_AND_RUN_FLAG,MOVEMENT_CODE,TIME,AGE,LATITUDE,LONGITUDE
N,Apparently Normal,No Misuse,Y,No Injury,62244967-e761-4dd6-b133-360b9abb5d67,D,MSP5803003L,Shoulder/Lap Belt(s),F,5874a1a0-9f10-4548-a99b-dc70ecad7c27,Same Direction Rear End,N,Non Intersection,Left Turn Lane,Daylight,No Defects,"Two-way, Divided, Positive Median Barrier",Dry,Clear,Twelve o'clock,(Sport) Utility Vehicle,Disabling,N,Moving Constant Speed,2015-02-13 10:19,22,39.009844,-77.065759
N,Apparently Normal,No Misuse,N,No Injury,62f840f0-a694-42ab-8c2d-30d22fd390e1,D,MSP5803003L,Shoulder/Lap Belt(s),M,a099d856-2dbe-423d-8fa6-e70dc5f37099,Same Direction Rear End,N,Non Intersection,Left Turn Lane,Daylight,No Defects,"Two-way, Divided, Positive Median Barrier",Dry,Clear,Six o'clock,"Medium/Heavy Truck 2 axles (10,000 lbs (4,536 kg) or less)",Functional,N,Slowing or Stopping,2015-02-13 10:19,38,39.009844,-77.065759
N,Apparently Normal,No Misuse,N,No Injury,850bf965-3e1b-4028-9a3e-77cee080e0e6,D,MSP5803003M,Shoulder/Lap Belt(s),F,4da20387-235a-41d3-8190-77999d2ac83f,Same Direction Rear End,N,Non Intersection,Left Turn Lane,Daylight,No Defects,"Two-way, Divided, Positive Median Barrier",Dry,Clear,Six o'clock,Passenger Car,Functional,N,Slowing or Stopping,2015-02-18 16:11,27,39.108814,-77.185551
N,Apparently Normal,No Misuse,N,No Injury,b0422d9b-71b5-4d31-a5a2-6f42217d0018,D,MSP5803003M,Shoulder/Lap Belt(s),M,2cb1771a-5c41-46d1-af23-a062c0463604,Same Direction Rear End,N,Non Intersection,Left Turn Lane,Daylight,No Defects,"Two-way, Divided, Positive Median Barrier",Dry,Clear,Six o'clock,Pickup Truck,Functional,N,Slowing or Stopping,2015-02-18 16:11,32,39.108814,-77.185551
N,Apparently Normal,No Misuse,Y,No Injury,20f2a971-1622-4955-9d43-626469f3a69a,D,MSP5803003M,Shoulder/Lap Belt(s),M,aad9ceb9-caca-4beb-8b5c-9dcfcbdf7796,Same Direction Rear End,N,Non Intersection,Left Turn Lane,Daylight,No Defects,"Two-way, Divided, Positive Median Barrier",Dry,Clear,Twelve o'clock,Passenger Car,Disabling,N,Slowing or Stopping,2015-02-18 16:11,28,39.108814,-77.185551
N,Apparently Normal,No Misuse,N,No Injury,18b113a7-dd0d-4bbb-86b3-77e47b9303fc,D,MSP5803003N,Shoulder/Lap Belt(s),F,7d421b71-3828-403a-908a-5c50f64d2c1c,Same Direction Rear End,N,Non Intersection,Left Turn Lane,Daylight,No Defects,"Two-way, Divided, Positive Median Barrier",Dry,Clear,Six o'clock,Passenger Car,Functional,N,Slowing or Stopping,2015-03-16 18:30,37,39.00612448,-77.07258125
N,Apparently Normal,No Misuse,N,No Injury,dda75d5b-d721-4353-a3f9-bc4e4d67d27b,D,MSP5803003N,Shoulder/Lap Belt(s),F,867eb1a9-30b0-4957-9d12-130add818402,Same Direction Rear End,N,Non Intersection,Left Turn Lane,Daylight,No Defects,"Two-way, Divided, Positive Median Barrier",Dry,Clear,Six o'clock,Passenger Car,Functional,N,Slowing or Stopping,2015-03-16 18:30,35,39.00612448,-77.07258125
N,Apparently Normal,No Misuse,N,No Injury,75dabf51-05e3-4a28-a87f-18b1f1e70804,D,MSP5803003N,Shoulder/Lap Belt(s),M,8d17a694-27d0-49e0-9b25-fa262307bf57,Same Direction Rear End,N,Non Intersection,Left Turn Lane,Daylight,No Defects,"Two-way, Divided, Positive Median Barrier",Dry,Clear,Six o'clock,Passenger Car,Functional,N,Slowing or Stopping,2015-03-16 18:30,36,39.00612448,-77.07258125
N,Apparently Normal,No Misuse,Y,No Injury,e7917fe3-286f-44e3-833e-ce24ee4645ef,D,MSP5803003N,Shoulder/Lap Belt(s),M,c4cdab72-fc67-4b3e-a2e0-bfc7b379ddc1,Same Direction Rear End,N,Non Intersection,Left Turn Lane,Daylight,No Defects,"Two-way, Divided, Positive Median Barrier",Dry,Clear,Twelve o'clock,Passenger Car,Disabling,N,Changing Lanes,2015-03-16 18:30,64,39.00612448,-77.07258125
Y,Apparently Normal,No Misuse,N,No Injury,5191415c-04b8-447d-8bc7-1b68e33f0279,D,MSP5815000N,Shoulder/Lap Belt(s),F,5e378197-3499-437f-bad4-72c5a1d78ebb,Same Direction Rear End,N,Non Intersection,Right Turn Lane,Daylight,No Defects,"Two-way, Not Divided",Dry,Clear,Six o'clock,School Bus,Functional,N,Slowing or Stopping,2015-03-09 16:49,51,38.307357,-76.63181633
N,Apparently Normal,No Misuse,Y,No Injury,e19afba1-5913-48c2-b226-053d56090da6,D,MSP5815000N,Shoulder/Lap Belt(s),M,f0c8efe5-6841-4f77-98fb-8e1724640130,Same Direction Rear End,N,Non Intersection,Right Turn Lane,Daylight,No Defects,"Two-way, Not Divided",Dry,Clear,Twelve o'clock,Truck Tractor,Disabling,N,Moving Constant Speed,2015-03-09 16:49,27,38.307357,-76.63181633
N,Apparently Normal,No Misuse,Y,No Injury,04ce91fe-63ff-4d84-837c-6daec40fa3ce,D,MSP5816000Y,Shoulder/Lap Belt(s),F,fd2876d2-4857-4b3d-808e-da259a098614,Single Vehicle ,N,Non Intersection,Right Turn Lane,Daylight,No Defects,"Two-way, Divided, Positive Median Barrier",Wet,Raining,Underside,Passenger Car,Disabling,N,Moving Constant Speed,2015-01-29 14:10,27,39.660589,-79.405291
N,Apparently Normal,No Misuse,N,No Injury,6b291732-9935-4967-b36a-c3b65d18e19e,D,MSP5826001V,Shoulder/Lap Belt(s),F,d5119b6b-3959-4fef-8daa-1b679ed4a405,Same Direction Rear End,N,Non Intersection,Acceleration Lane,Dark Lights On,No Defects,"Two-way, Divided, Positive Median Barrier",Dry,Clear,Twelve o'clock,Passenger Car,Disabling,N,Stopped in Traffic Lane,2015-01-21 6:04,29,38.8232145,-76.73588067
N,Apparently Normal,No Misuse,Y,No Injury,690febd3-104c-47a0-9739-e413ef7ed267,D,MSP5826001V,Shoulder/Lap Belt(s),F,23515eb2-5ab5-4705-8a00-6c7287f9057e,Same Direction Rear End,N,Non Intersection,Acceleration Lane,Dark Lights On,No Defects,"Two-way, Divided, Positive Median Barrier",Dry,Clear,Twelve o'clock,Recreational Vehicle,Disabling,N,Moving Constant Speed,2015-01-21 6:04,68,38.8232145,-76.73588067
N,Apparently Normal,No Misuse,N,No Injury,031abf1b-fd65-49ee-b5e6-050da26981dc,D,MSP5826001W,Shoulder/Lap Belt(s),F,3487488a-1682-4d48-b191-2e8ef66bd718,Same Movement Angle,N,Intersection,Left Turn Lane,Dark Lights On,No Defects,"Two-way, Divided, Positive Median Barrier",Dry,Clear,Six o'clock,Passenger Car,Disabling,N,Accelerating,2015-01-28 19:52,71,38.81050767,-76.7396785
N,Apparently Normal,No Misuse,Y,No Injury,5399bb9f-e176-4aad-93a1-5d37df6a14de,D,MSP5826001W,Shoulder/Lap Belt(s),M,23fa47a7-42d6-4f29-904f-3523726f578c,Same Movement Angle,N,Intersection,Left Turn Lane,Dark Lights On,No Defects,"Two-way, Divided, Positive Median Barrier",Dry,Clear,Twelve o'clock,Passenger Car,Disabling,N,Moving Constant Speed,2015-01-28 19:52,48,38.81050767,-76.7396785
N,Apparently Normal,No Misuse,N,No Injury,fa0ef1bc-0bf2-4c53-bbc3-885769ec7c97,D,MSP5829002G,Shoulder/Lap Belt(s),F,6006e6b1-1434-410d-b2c5-95b6ab8dd617,Head On Left Turn,N,Intersection,Right Turn Lane,Dawn,No Defects,"Two-way, Divided, Positive Median Barrier",Dry,Clear,Twelve o'clock,Passenger Car,Functional,N,Moving Constant Speed,2015-01-21 6:44,61,38.617886,-76.87462517
N,Apparently Normal,No Misuse,Y,Possible Incapacitating Injury,74e02441-a894-469a-a100-331d9c9ecbd8,D,MSP5829002G,Shoulder/Lap Belt(s),F,45d75883-eb00-4413-91eb-61c8a6c35f15,Head On Left Turn,N,Intersection,Right Turn Lane,Dawn,No Defects,"Two-way, Divided, Positive Median Barrier",Dry,Clear,One o'clock,Passenger Car,Disabling,N,Moving Constant Speed,2015-01-21 6:44,41,38.617886,-76.87462517
N,Apparently Normal,No Misuse,N,No Injury,229d91d0-f007-45e8-a909-817847951e14,D,MSP5829002K,Shoulder/Lap Belt(s),F,11cd7e54-d8c4-47b0-b8e3-61eeb509a8ab,Same Direction Rear End,N,Intersection,Right Turn Lane,Dark Lights On,No Defects,"Two-way, Divided, Positive Median Barrier",Dry,Clear,Six o'clock,(Sport) Utility Vehicle,Superficial,N,Slowing or Stopping,2015-01-31 20:02,40,38.63042567,-76.91865883
N,Apparently Normal,No Misuse,N,No Injury,146a7b2f-9cbe-4922-b2bf-9b918e24a46b,D,MSP58330016,Shoulder/Lap Belt(s),F,9c29fc63-0342-4ff7-8516-9da5f5305a28,Same Movement Angle,N,Commercial Driveway,Right Turn Lane,Daylight,No Defects,"Two-way, Divided, Positive Median Barrier",Dry,Clear,Twelve o'clock,(Sport) Utility Vehicle,Disabling,N,Moving Constant Speed,2015-02-11 17:25,71,39.46881,-76.31032
N,Apparently Normal,No Misuse,N,No Injury,66b25247-23d5-400b-aa5f-9a7328f7254a,D,MSP58350025,Shoulder/Lap Belt(s),F,045f4b4d-04fa-4a7f-9243-74b9243458a5,Same Direction Sideswipe,N,Non Intersection,Right Turn Lane,Daylight,No Defects,"Two-way, Divided, Positive Median Barrier",Dry,Clear,One o'clock,(Sport) Utility Vehicle,Superficial,N,Moving Constant Speed,2015-02-11 16:01,62,39.0049979,-76.5957255
N,Apparently Normal,No Misuse,Y,No Injury,14f0332e-1ac3-4087-a5f1-22424f8d1608,D,MSP58350025,Shoulder/Lap Belt(s),M,e4b3d5ef-dac2-41af-8720-855b2ba4a275,Same Direction Sideswipe,N,Non Intersection,Right Turn Lane,Daylight,No Defects,"Two-way, Divided, Positive Median Barrier",Dry,Clear,Seven o'clock,Passenger Car,Superficial,Y,Changing Lanes,2015-02-11 16:01,60,39.0049979,-76.5957255
Y,Apparently Normal,No Misuse,Y,No Injury,4017f59e-8a41-4963-b149-bbc95a6e72de,D,MSP58350027,Shoulder/Lap Belt(s),F,c18e0d73-7404-447c-8dff-d3e4da08601d,Same Direction Rear End,N,Non Intersection,Acceleration Lane,Dark No Lights,No Defects,"Two-way, Divided, Positive Median Barrier",Dry,Clear,Twelve o'clock,Passenger Car,Destroyed,N,Moving Constant Speed,2015-03-13 0:01,38,38.96956942,-76.62526131
N,Apparently Normal,No Misuse,N,Possible Incapacitating Injury,a54a1b3b-cc3f-4e16-abaa-88ca515dff68,D,MSP58350027,Shoulder/Lap Belt(s),F,24463f7e-e55d-462b-8f70-81f8bea9f2c4,Same Direction Rear End,N,Non Intersection,Acceleration Lane,Dark No Lights,No Defects,"Two-way, Divided, Positive Median Barrier",Dry,Clear,Six o'clock,Pickup Truck,Disabling,N,Moving Constant Speed,2015-03-13 0:01,45,38.96956942,-76.62526131
N,Apparently Normal,No Misuse,Y,No Injury,bc9ce174-6a1c-43e8-90a3-27692e1444af,D,MSP5842001G,Shoulder/Lap Belt(s),F,a3d5865d-4108-4248-bb17-9b5fb55c2a78,Same Direction Rear End,N,Intersection Related,Right Turn Lane,Dark Lights On,No Defects,"Two-way, Divided, Positive Median Barrier",Dry,Clear,Twelve o'clock,Passenger Car,Disabling,N,Moving Constant Speed,2015-01-09 17:20,20,39.644938,-75.79808183
N,Apparently Normal,No Misuse,N,No Injury,2b3cf7ee-911e-49f6-ac03-0389f53ecd92,D,MSP5845000Q,Shoulder/Lap Belt(s),F,e38e4902-91ec-477b-a878-66ce1d85b406,Same Movement Angle,N,Intersection,Left Turn Lane,Dawn,No Defects,"Two-way, Divided, Positive Median Barrier",Dry,Clear,Nine o'clock,Van,Functional,N,Moving Constant Speed,2015-03-29 6:53,69,38.44755333,-75.69867983
N,Apparently Normal,No Misuse,Y,No Injury,83f5dda4-a6d8-4400-b2f4-7bb6858808b1,D,MSP5845000Q,Shoulder/Lap Belt(s),M,cb011935-4283-432a-a739-61adcfddd060,Same Movement Angle,N,Intersection,Left Turn Lane,Dawn,No Defects,"Two-way, Divided, Positive Median Barrier",Dry,Clear,One o'clock,Pickup Truck,Superficial,N,Moving Constant Speed,2015-03-29 6:53,65,38.44755333,-75.69867983
N,Apparently Normal,No Misuse,Y,No Injury,8b55c1b2-c30d-4716-b874-b350d452a0ab,D,MSP58470032,Shoulder/Lap Belt(s),F,1a811a22-690b-4780-98d3-020bfbd15dd9,Same Direction Sideswipe,N,Intersection Related,Right Turn Lane,Daylight,No Defects,"Two-way, Divided, Positive Median Barrier",Ice,Clear,Nine o'clock,Passenger Car,Functional,N,Moving Constant Speed,2015-03-06 7:08,23,39.39818199,-77.42082596
N,Apparently Normal,No Misuse,Y,Possible Incapacitating Injury,483f085e-6831-4afe-a073-2a84bf3dc768,D,MSP58470032,Shoulder/Lap Belt(s),M,379f3fb9-4761-4c17-8a5c-32ea4da9314e,Same Direction Sideswipe,N,Intersection Related,Right Turn Lane,Daylight,No Defects,"Two-way, Divided, Positive Median Barrier",Ice,Clear,Three o'clock,Passenger Car,Disabling,N,Moving Constant Speed,2015-03-06 7:08,29,39.39818199,-77.42082596
N,Apparently Normal,No Misuse,Y,No Injury,61eba581-1830-4ed8-b2a1-00cb0e1e4595,D,MSP58540024,Shoulder/Lap Belt(s),F,6a3c5f2c-f6c6-4feb-b987-4a9b89d58162,Single Vehicle ,N,Non Intersection,Right Turn Lane,Dawn,No Defects,"Two-way, Divided, Positive Median Barrier",Dry,Clear,Twelve o'clock,Passenger Car,Disabling,N,Moving Constant Speed,2015-01-02 7:32,35,39.52038033,-76.19895317
N,Apparently Normal,No Misuse,Y,No Injury,f11a0339-d2fa-4670-9b3c-a2758c16228e,D,MSP58540025,Shoulder/Lap Belt(s),F,e07420c2-efa4-4f33-b9fb-3174cbafa33b,Single Vehicle ,N,Non Intersection,Right Turn Lane,Dark Lights On,No Defects,One-way Trafficway,Wet,Raining,Twelve o'clock,Pickup Truck,Functional,N,Moving Constant Speed,2015-01-04 5:03,18,39.613568,-76.0066245
N,Apparently Normal,No Misuse,N,No Injury,705fbedf-1ba4-43d3-a9cb-f829c13f7556,D,MSP58540026,Shoulder/Lap Belt(s),F,f1bdf69f-43b5-46c4-adeb-5a937685989d,Same Direction Rear End,N,Non Intersection,Right Turn Lane,Daylight,No Defects,"Two-way, Divided, Positive Median Barrier",Wet,Raining,Six o'clock,Passenger Car,Functional,N,Slowing or Stopping,2015-01-04 12:06,33,39.5855475,-76.08449617
N,Apparently Normal,No Misuse,N,No Injury,2ab001e4-ac90-4860-82d1-e2a75f38a29d,D,MSP58540026,Shoulder/Lap Belt(s),M,0502075e-19ac-492c-a1b3-487d71713e30,Same Direction Rear End,N,Non Intersection,Right Turn Lane,Daylight,No Defects,"Two-way, Divided, Positive Median Barrier",Wet,Raining,Six o'clock,Passenger Car,Disabling,N,Slowing or Stopping,2015-01-04 12:06,31,39.5855475,-76.08449617
N,Apparently Normal,No Misuse,Y,No Injury,5d8c0692-2197-4e0e-95ae-bc0f8dafedd0,D,MSP58540026,Shoulder/Lap Belt(s),M,7c55bad4-e542-4fd5-a8eb-eb57c2a85fa1,Same Direction Rear End,N,Non Intersection,Right Turn Lane,Daylight,No Defects,"Two-way, Divided, Positive Median Barrier",Wet,Raining,Twelve o'clock,Passenger Car,Disabling,N,Moving Constant Speed,2015-01-04 12:06,59,39.5855475,-76.08449617
N,Apparently Normal,No Misuse,N,No Injury,09cfd3c7-a37e-4124-a594-ea767e4c456c,D,MSP58540029,Shoulder/Lap Belt(s),F,cbaacc92-9478-473b-ae3d-655f0d64b78d,Same Direction Right Turn,N,Non Intersection,Right Turn Lane,Dark No Lights,No Defects,"Two-way, Divided, Positive Median Barrier",Slush,Sleet,Twelve o'clock,Passenger Car,Functional,N,Moving Constant Speed,2015-03-01 18:37,23,39.36837133,-76.46421867
N,Apparently Normal,No Misuse,N,No Injury,ec047285-889c-44db-96c6-c0b54d633769,D,MSP58540029,Shoulder/Lap Belt(s),M,e225c3ab-7745-4592-ba19-e77112cab932,Same Direction Right Turn,N,Non Intersection,Right Turn Lane,Dark No Lights,No Defects,"Two-way, Divided, Positive Median Barrier",Slush,Sleet,Twelve o'clock,Passenger Car,Functional,N,Moving Constant Speed,2015-03-01 18:37,40,39.36837133,-76.46421867
N,Apparently Normal,No Misuse,Y,No Injury,017da4d3-1f2c-4b60-8dca-70e797eccbc5,D,MSP58540029,Shoulder/Lap Belt(s),M,0e3509a5-b0e3-43a6-85c2-c3b731487e47,Same Direction Right Turn,N,Non Intersection,Right Turn Lane,Dark No Lights,No Defects,"Two-way, Divided, Positive Median Barrier",Slush,Sleet,Six o'clock,Pickup Truck,Functional,N,Entering Traffic Lane,2015-03-01 18:37,54,39.36837133,-76.46421867
N,Apparently Normal,No Misuse,Y,No Injury,18b798cd-c2be-4dfd-bb5e-77d1112288cf,D,MSP5854002B,Shoulder/Lap Belt(s),F,b5334ede-5ec4-43c6-8fdb-6949ed12f7a7,Same Direction Sideswipe,N,Non Intersection,Right Turn Lane,Dark No Lights,No Defects,One-way Trafficway,Slush,Sleet,Twelve o'clock,Passenger Car,Disabling,N,Moving Constant Speed,2015-03-01 20:17,22,39.35126183,-76.49447517
N,Apparently Normal,No Misuse,N,No Injury,db95d0ed-09c3-47c2-ab66-ecf54a63340f,D,MSP5854002B,Shoulder/Lap Belt(s),M,67d27707-54af-4fcd-bb59-d93ab80f0365,Same Direction Sideswipe,N,Non Intersection,Right Turn Lane,Dark No Lights,No Defects,One-way Trafficway,Slush,Sleet,Twelve o'clock,Passenger Car,Disabling,N,Moving Constant Speed,2015-03-01 20:17,63,39.35126183,-76.49447517
N,Apparently Normal,No Misuse,Y,No Injury,3d292869-e313-490b-a766-7c71cda642a3,D,MSP5854002C,Shoulder/Lap Belt(s),F,9f3d369f-3927-445f-aa05-0c9f5266dd7c,Single Vehicle ,N,Non Intersection,Acceleration Lane,Dark Lights On,No Defects,"Two-way, Divided, Positive Median Barrier",Slush,Sleet,Eleven o'clock,Passenger Car,Disabling,N,Moving Constant Speed,2015-03-03 18:16,24,39.58550817,-76.09536183
N,Apparently Normal,No Misuse,N,No Injury,93b3c150-aa94-4800-8b59-826c74d7528d,D,MSP5857000J,Shoulder/Lap Belt(s),F,cc68d0eb-1dbd-4614-9e9a-ccb8a61ee1e1,Single Vehicle ,N,Non Intersection,Right Turn Lane,Dawn,No Defects,"Two-way, Not Divided",Dry,Clear,Twelve o'clock,Passenger Car,Disabling,N,Moving Constant Speed,2015-01-09 8:20,42,38.45859186,-76.53983295
N,Apparently Normal,No Misuse,Y,No Injury,c66f5d24-83c4-44ed-bad1-b75562e3f8f7,D,MSP58580041,Shoulder/Lap Belt(s),F,1a196282-c449-4ded-a9e6-42ad5f8bdc2b,Same Direction Rear End,N,Non Intersection,Right Turn Lane,Dark Lights On,No Defects,"Two-way, Divided, Positive Median Barrier",Dry,Cloudy,Twelve o'clock,Passenger Car,Disabling,N,Moving Constant Speed,2015-01-13 18:20,27,38.871746,-76.843733
N,Apparently Normal,No Misuse,N,Non-incapacitating Injury,7b8f5572-e304-4589-892c-1f257bd73414,D,MSP58580041,Shoulder/Lap Belt(s),F,3405ad74-d580-478d-b8f2-de3dd1ed255c,Same Direction Rear End,N,Non Intersection,Right Turn Lane,Dark Lights On,No Defects,"Two-way, Divided, Positive Median Barrier",Dry,Cloudy,Six o'clock,Passenger Car,Functional,N,Slowing or Stopping,2015-01-13 18:20,27,38.871746,-76.843733
N,Apparently Normal,No Misuse,N,No Injury,3c49ccf7-4f33-42aa-8ba0-660305956d8f,D,MSP58580041,Shoulder/Lap Belt(s),M,cd0bc83d-8234-4ab6-b97e-ec14adaaea7b,Same Direction Rear End,N,Non Intersection,Right Turn Lane,Dark Lights On,No Defects,"Two-way, Divided, Positive Median Barrier",Dry,Cloudy,Six o'clock,Passenger Car,Functional,N,Slowing or Stopping,2015-01-13 18:20,49,38.871746,-76.843733
N,Apparently Normal,No Misuse,N,No Injury,f794ce92-d54c-4476-8b1e-aa3d93611163,D,MSP58580048,Shoulder/Lap Belt(s),F,d5c4f69d-325b-4cda-a1ad-d45124ef8735,Same Direction Rear End,N,Non Intersection,Right Turn Lane,Dawn,No Defects,"Two-way, Divided, Unprotected (painted >4 feet) Median",Dry,Clear,Twelve o'clock,Passenger Car,Disabling,N,Slowing or Stopping,2015-01-30 7:27,25,38.77476433,-76.80067117
N,Apparently Normal,No Misuse,Y,No Injury,5dc835ea-406a-4854-8c7e-41b2c352ba50,D,MSP58580048,Shoulder/Lap Belt(s),F,0a77b392-1c3c-4301-b287-6973ced9e3b6,Same Direction Rear End,N,Non Intersection,Right Turn Lane,Dawn,No Defects,"Two-way, Divided, Unprotected (painted >4 feet) Median",Dry,Clear,Twelve o'clock,Van,Disabling,N,Moving Constant Speed,2015-01-30 7:27,64,38.77476433,-76.80067117
N,Apparently Normal,No Misuse,N,No Injury,b644dd01-bb0d-499c-9509-54b5c1d6782f,D,MSP58580048,Shoulder/Lap Belt(s),M,b1acaba4-56ca-473c-b57c-8276f143cd8a,Same Direction Rear End,N,Non Intersection,Right Turn Lane,Dawn,No Defects,"Two-way, Divided, Unprotected (painted >4 feet) Median",Dry,Clear,Six o'clock,Pickup Truck,Functional,N,Moving Constant Speed,2015-01-30 7:27,26,38.77476433,-76.80067117
N,Apparently Normal,No Misuse,Y,No Injury,85d7c1ae-a460-472c-9fc9-518240266781,D,MSP5859001M,Shoulder/Lap Belt(s),F,5c498e40-a793-4b8c-b051-b2ccc0b85236,Same Direction Rear End,N,Non Intersection,Right Turn Lane,Dark Lights On,No Defects,"Two-way, Divided, Unprotected (painted >4 feet) Median",Dry,Clear,Twelve o'clock,Passenger Car,Disabling,N,Moving Constant Speed,2015-01-05 6:50,53,38.818171,-76.84018367
N,Apparently Normal,No Misuse,Y,Non-incapacitating Injury,6727720b-d398-4628-bfb0-196909f14e32,D,MSP5859001M,Shoulder/Lap Belt(s),M,8447e644-a833-4c56-b18b-7d4ae7bc52c0,Same Direction Rear End,N,Non Intersection,Right Turn Lane,Dark Lights On,No Defects,"Two-way, Divided, Unprotected (painted >4 feet) Median",Dry,Clear,Six o'clock,(Sport) Utility Vehicle,Functional,N,Slowing or Stopping,2015-01-05 6:50,47,38.818171,-76.84018367
N,Apparently Normal,No Misuse,N,No Injury,226a5a25-029f-40f2-a562-58beeff41337,D,MSP5859001R,Shoulder/Lap Belt(s),F,9ff61730-875d-4cc7-bcbf-0ad0e50abe73,Same Direction Rear End,N,Non Intersection,Deceleration Lane,Daylight,No Defects,"Two-way, Divided, Positive Median Barrier",Wet,Raining,Six o'clock,(Sport) Utility Vehicle,Functional,N,Slowing or Stopping,2015-03-20 16:22,37,38.98280817,-76.87733467
N,Apparently Normal,No Misuse,Y,No Injury,ebfdb70a-cda4-4444-8038-61bf28754387,D,MSP5859001R,Shoulder/Lap Belt(s),M,2d0ceef3-5bea-4645-b47f-9e6512c39e26,Same Direction Rear End,N,Non Intersection,Deceleration Lane,Daylight,No Defects,"Two-way, Divided, Positive Median Barrier",Wet,Raining,Twelve o'clock,Passenger Car,Disabling,N,Moving Constant Speed,2015-03-20 16:22,28,38.98280817,-76.87733467
N,Apparently Normal,No Misuse,Y,No Injury,85debcaa-9d18-40c1-9804-50281f0f5d51,D,MSP58620023,Shoulder/Lap Belt(s),F,19d3527a-81f0-4b02-9166-bb4284f1829f,Same Direction Rear End,N,Intersection Related,Left Turn Lane,Dark No Lights,No Defects,"Two-way, Not Divided",Dry,Clear,Twelve o'clock,Passenger Car,Disabling,N,Moving Constant Speed,2015-01-14 17:28,23,38.647493,-76.938517
N,Apparently Normal,No Misuse,N,Possible Incapacitating Injury,6e3a4fac-0b2a-4739-b63d-6c8f4f2d912d,D,MSP58620023,Shoulder/Lap Belt(s),M,3ec1b1c2-96e9-4f07-8895-32b96fe8a8d4,Same Direction Rear End,N,Intersection Related,Left Turn Lane,Dark No Lights,No Defects,"Two-way, Not Divided",Dry,Clear,Six o'clock,(Sport) Utility Vehicle,Superficial,N,Slowing or Stopping,2015-01-14 17:28,43,38.647493,-76.938517
N,Apparently Normal,No Misuse,N,No Injury,fca04c41-47a5-4a6f-af23-dbc3243d3749,D,MSP58620024,Shoulder/Lap Belt(s),F,708f8fef-9d8d-4661-86bf-348757c70731,Single Vehicle ,N,Non Intersection,Right Turn Lane,Dark No Lights,No Defects,"Two-way, Not Divided",Dry,Clear,Twelve o'clock,Passenger Car,Disabling,N,Moving Constant Speed,2015-01-17 20:06,19,38.590769,-77.051249
N,Apparently Normal,No Misuse,N,No Injury,e9a8c6a2-9ea7-4681-a3ec-f7cf1f49dcb4,D,MSP58620025,Shoulder/Lap Belt(s),F,469ee723-5025-4f1c-a902-fd7aa2649740,Same Direction Rear End,N,Intersection Related,Right Turn Lane,Dark No Lights,No Defects,"Two-way, Not Divided",Wet,Raining,Six o'clock,Passenger Car,Superficial,N,Stopped in Traffic Lane,2015-01-18 18:45,53,38.61377167,-76.88077917
N,Apparently Normal,No Misuse,Y,No Injury,3fec0ecf-45aa-4339-9765-b2ff2f1941d9,D,MSP58620025,Shoulder/Lap Belt(s),F,4cc5d657-f816-47a0-b534-52b48fa9f642,Same Direction Rear End,N,Intersection Related,Right Turn Lane,Dark No Lights,No Defects,"Two-way, Not Divided",Wet,Raining,Twelve o'clock,(Sport) Utility Vehicle,Superficial,N,Starting From Lane,2015-01-18 18:45,41,38.61377167,-76.88077917
N,Apparently Normal,No Misuse,Y,No Injury,628632ea-b191-41c3-b29a-48071d7f7984,D,MSP58620029,Shoulder/Lap Belt(s),F,ad17bd91-f37b-4db5-9e3b-56672a742ec8,Same Direction Rear End,N,Intersection Related,Acceleration Lane,Dark No Lights,No Defects,"Two-way, Not Divided",Dry,Clear,Twelve o'clock,Pickup Truck,Superficial,N,Moving Constant Speed,2015-02-08 18:06,25,38.625152,-76.911742
N,Apparently Normal,No Misuse,N,No Injury,58614c46-f2c9-4b5b-a6b8-f287818736b7,D,MSP58620029,Shoulder/Lap Belt(s),M,135751eb-3d17-4e3c-945b-e53e0a51a888,Same Direction Rear End,N,Intersection Related,Acceleration Lane,Dark No Lights,No Defects,"Two-way, Not Divided",Dry,Clear,Six o'clock,(Sport) Utility Vehicle,Superficial,N,Stopped in Traffic Lane,2015-02-08 18:06,59,38.625152,-76.911742
N,Apparently Normal,No Misuse,N,No Injury,97a7e544-93b1-4662-aaaf-3c8aae6b46c9,D,MSP5862002K,Shoulder/Lap Belt(s),F,6b81394b-6605-40fd-b223-23191842e788,Same Direction Rear End,N,Intersection Related,Acceleration Lane,Daylight,No Defects,"Two-way, Not Divided",Wet,Raining,Six o'clock,Passenger Car,Superficial,N,Stopped in Traffic Lane,2015-03-26 9:13,28,38.667912,-76.876162