CDL_FLAG,CONDITION_CODE,EQUIP_PROB_CODE,FAULT_FLAG,INJ_SEVER_CODE,PERSON_ID,PERSON_TYPE,REPORT_NO,SAF_EQUIP_CODE,SEX_CODE,VEHICLE_ID,COLLISION_TYPE_CODE,C_M_ZONE_FLAG,JUNCTION_CODE,LANE_CODE,LIGHT_CODE,RD_COND_CODE,RD_DIV_CODE,SURF_COND_CODE,WEATHER_CODE,AREA_DAMAGED_CODE_MAIN,BODY_TYPE_CODE,DAMAGE_CODE,HIT_AND_RUN_FLAG,MOVEMENT_CODE,TIME,AGE,LATITUDE,LONGITUDE
N,Apparently Normal,No Misuse,Y,No Injury,35fa6dbb-3bae-49bf-9e98-3029b1ae34f8,D,MSP5862002K,Shoulder/Lap Belt(s),M,d7b52184-3d1f-412a-a971-32e4e9e25a62,Same Direction Rear End,N,Intersection Related,Acceleration Lane,Daylight,No Defects,"Two-way, Not Divided",Wet,Raining,Twelve o'clock,Passenger Car,Disabling,N,Moving Constant Speed,2015-03-26 9:13,31,38.667912,-76.876162
N,Apparently Normal,No Misuse,N,No Injury,cf3daad4-7fec-4b88-85bd-1674b2472192,D,MSP5867000F,Shoulder/Lap Belt(s),F,0dffe9ca-2bbb-4a80-9f6e-127b39d1eb05,Same Direction Right Turn,N,Non Intersection,Right Turn Lane,Daylight,No Defects,"Two-way, Divided, Positive Median Barrier",Dry,Clear,Eleven o'clock,Passenger Car,Functional,N,Moving Constant Speed,2015-03-23 15:58,40,39.36905881,-76.46198988
N,Apparently Normal,No Misuse,N,No Injury,4c9309c3-1599-4558-a1ad-18b11a98ea01,D,MSP5910001J,Shoulder/Lap Belt(s),F,a9a3a35f-f9ee-4f5a-8288-768d0ee2a118,Same Direction Rear End,N,Intersection Related,Left Turn Lane,Dark No Lights,No Defects,"Two-way, Divided, Positive Median Barrier",Dry,Clear,Six o'clock,Passenger Car,Functional,N,Starting From Lane,2015-01-19 20:17,45,38.648306,-76.955152
N,Apparently Normal,No Misuse,N,No Injury,85112a35-68b1-4f13-98cc-0a7d008f6bfa,D,MSP5910001J,Shoulder/Lap Belt(s),M,e7d3c1da-8251-46ef-a48f-61892a06735b,Same Direction Rear End,N,Intersection Related,Left Turn Lane,Dark No Lights,No Defects,"Two-way, Divided, Positive Median Barrier",Dry,Clear,Six o'clock,(Sport) Utility Vehicle,Functional,N,Starting From Lane,2015-01-19 20:17,53,38.648306,-76.955152
N,Using Drugs,No Misuse,Y,Incapacitating/Disabled Injury,203fa140-d942-449a-a9bd-b7518f1fa726,D,MSP5910001J,Shoulder/Lap Belt(s),M,9bb5ea37-e89c-4c21-bd78-849392e6560d,Same Direction Rear End,N,Intersection Related,Left Turn Lane,Dark No Lights,No Defects,"Two-way, Divided, Positive Median Barrier",Dry,Clear,Twelve o'clock,Passenger Car,Disabling,N,Moving Constant Speed,2015-01-19 20:17,48,38.648306,-76.955152
N,Apparently Normal,No Misuse,N,No Injury,d39a49fa-5327-4cbc-b754-ea4361a1e545,D,MSP5910001K,Shoulder/Lap Belt(s),F,2c5b6b2f-3a12-45c8-99a1-d33ba1312ea7,Same Direction Rear End,N,Intersection Related,Left Turn Lane,Daylight,No Defects,"Two-way, Divided, Positive Median Barrier",Dry,Clear,Twelve o'clock,Passenger Car,Disabling,N,Slowing or Stopping,2015-02-07 13:00,46,38.6578965,-76.8747715
N,Apparently Normal,No Misuse,N,No Injury,b17e3953-f321-4162-921b-55abad912221,D,MSP5910001K,Shoulder/Lap Belt(s),M,1e3249dd-0c32-46a8-9fee-d27d6adf8fe1,Same Direction Rear End,N,Intersection Related,Left Turn Lane,Daylight,No Defects,"Two-way, Divided, Positive Median Barrier",Dry,Clear,Six o'clock,Passenger Car,Functional,N,Slowing or Stopping,2015-02-07 13:00,84,38.6578965,-76.8747715
N,Apparently Normal,No Misuse,Y,No Injury,c45c1a8f-59a8-4f18-abbe-604e3699f212,D,MSP5910001K,Shoulder/Lap Belt(s),M,03d27a5a-6eba-49fe-a5bb-1076d96dafaa,Same Direction Rear End,N,Intersection Related,Left Turn Lane,Daylight,No Defects,"Two-way, Divided, Positive Median Barrier",Dry,Clear,Twelve o'clock,Van,Functional,Y,Moving Constant Speed,2015-02-07 13:00,34,38.6578965,-76.8747715
N,Apparently Normal,No Misuse,Y,No Injury,271b9ea3-a03c-4967-b5eb-c1567dac865a,D,MSP5910001S,Shoulder/Lap Belt(s),F,ad7e48a9-1c8e-4183-b23e-2085c55c31ee,Single Vehicle ,N,Non Intersection,Right Turn Lane,Daylight,No Defects,"Two-way, Divided, Positive Median Barrier",Snow,Snow,Twelve o'clock,Passenger Car,Functional,N,Moving Constant Speed,2015-03-05 13:12,32,38.58508737,-76.94837417
N,Apparently Normal,No Misuse,N,No Injury,934745d4-f224-4892-857e-06c8906a4c36,D,MSP5910001V,Shoulder/Lap Belt(s),F,42c5e1c0-6f08-4f82-8687-944f3c63d349,Head On Left Turn,N,Non Intersection,Left Turn Lane,Daylight,No Defects,"Two-way, Not Divided with a Continuous Left Turn Lane",Wet,Clear,Eleven o'clock,Passenger Car,Disabling,N,Moving Constant Speed,2015-03-06 12:50,21,38.61998427,-76.89921338
N,Apparently Normal,No Misuse,Y,No Injury,80cf4efc-5760-4500-b995-87bb18dabdbc,D,MSP5910001V,Shoulder/Lap Belt(s),F,75df8926-50ce-4fab-867b-bebc23aeb956,Head On Left Turn,N,Non Intersection,Left Turn Lane,Daylight,No Defects,"Two-way, Not Divided with a Continuous Left Turn Lane",Wet,Clear,Twelve o'clock,(Sport) Utility Vehicle,Disabling,N,Making Left Turn,2015-03-06 12:50,49,38.61998427,-76.89921338
N,Apparently Normal,No Misuse,Y,No Injury,94ef27ea-7686-4077-bbe4-1cae7e642d56,D,MSP59190031,Shoulder/Lap Belt(s),F,d5cfd579-5d06-4eca-8731-e01f76ef1f61,Single Vehicle ,N,Non Intersection,Right Turn Lane,Daylight,No Defects,"Two-way, Divided, Positive Median Barrier",Dry,Clear,Twelve o'clock,Passenger Car,Disabling,N,Negotiating a Curve,2015-01-09 15:13,19,39.48676717,-77.556122
N,Apparently Normal,No Misuse,Y,No Injury,8e6172e0-0ada-403b-b634-edc324e981e7,D,MSP5920000N,Shoulder/Lap Belt(s),F,d639f0c2-2ca3-46e2-bdd4-eaba06a84ce1,Single Vehicle ,N,Non Intersection,Right Turn Lane,Daylight,No Defects,"Two-way, Not Divided",Snow,Snow,One o'clock,(Sport) Utility Vehicle,Disabling,N,Moving Constant Speed,2015-03-05 14:31,20,38.533381,-76.603326
N,Apparently Normal,No Misuse,N,No Injury,7b431be6-91e7-407a-9a82-79ff2b1d4fb9,D,MSP59320021,Shoulder/Lap Belt(s),F,7725b486-4ed0-4af7-916f-16282a81bd48,Same Direction Rear End,N,Non Intersection,Left Turn Lane,Daylight,No Defects,"Two-way, Divided, Positive Median Barrier",Dry,Clear,Twelve o'clock,Passenger Car,Disabling,N,Moving Constant Speed,2015-03-29 16:44,37,39.50280883,-76.16816983
N,Apparently Normal,No Misuse,N,No Injury,6c682b51-2708-4146-927d-194a9e3d94a4,D,MSP5951001D,Shoulder/Lap Belt(s),F,a83c0c56-50ef-4983-bf01-75753c671379,Same Direction Rear End,N,Intersection,Left Turn Lane,Dark Lights On,No Defects,"Two-way, Divided, Positive Median Barrier",Dry,Clear,Six o'clock,Passenger Car,Functional,N,Slowing or Stopping,2015-01-01 1:24,32,39.375931,-76.72189417
N,Had Been Drinking,No Misuse,Y,No Injury,ba97f021-e7f8-42d8-87eb-792808f460da,D,MSP5951001D,Shoulder/Lap Belt(s),M,7d1b9c82-9196-4e2e-89ee-b1a34f7dd1af,Same Direction Rear End,N,Intersection,Left Turn Lane,Dark Lights On,No Defects,"Two-way, Divided, Positive Median Barrier",Dry,Clear,Twelve o'clock,Passenger Car,Functional,N,Slowing or Stopping,2015-01-01 1:24,24,39.375931,-76.72189417
N,Apparently Normal,No Misuse,N,No Injury,63f4eeba-5818-46c8-abbc-dddd07c6bb02,D,MSP59530031,Shoulder/Lap Belt(s),F,c876bd50-d0b4-4888-8a8c-0b4a083a9ada,Same Direction Rear End,N,Non Intersection,Right Turn Lane,Daylight,No Defects,"Two-way, Not Divided",Dry,Clear,Six o'clock,(Sport) Utility Vehicle,Functional,N,Slowing or Stopping,2015-02-25 16:21,27,39.642667,-77.654272
N,Apparently Normal,No Misuse,Y,No Injury,240355e5-1b00-4c54-a1c8-7115899c4c1c,D,MSP59530031,Shoulder/Lap Belt(s),M,7c5d33d0-f516-4747-ab5d-4c23d7faf3b4,Same Direction Rear End,N,Non Intersection,Right Turn Lane,Daylight,No Defects,"Two-way, Not Divided",Dry,Clear,Twelve o'clock,Van,Disabling,N,Moving Constant Speed,2015-02-25 16:21,30,39.642667,-77.654272
N,Apparently Normal,No Misuse,N,No Injury,3ab4f55a-9ae2-41f8-9b57-25826d5a288d,D,MSP5957003R,Shoulder/Lap Belt(s),F,bf41ab69-2076-4910-8e0e-48d2960062c2,Same Direction Rear End,N,Non Intersection,Left Turn Lane,Dark Lights On,No Defects,"Two-way, Divided, Positive Median Barrier",Wet,Raining,Six o'clock,Passenger Car,Disabling,N,Moving Constant Speed,2015-01-03 19:32,32,39.018602,-76.919143
N,Apparently Normal,No Misuse,Y,No Injury,f0a5fc2a-3ad2-48f5-bd97-d1dadebe994b,D,MSP5957003R,Shoulder/Lap Belt(s),M,f4e26c97-29e7-4296-9c5d-ba21b2cb94c0,Same Direction Rear End,N,Non Intersection,Left Turn Lane,Dark Lights On,No Defects,"Two-way, Divided, Positive Median Barrier",Wet,Raining,Twelve o'clock,(Sport) Utility Vehicle,Disabling,N,Changing Lanes,2015-01-03 19:32,30,39.018602,-76.919143
N,Apparently Normal,No Misuse,N,No Injury,4995c3a9-2f63-4a09-ac70-d24bea63710a,D,MSP5957003V,Shoulder/Lap Belt(s),F,e2cf08bb-e98e-41ec-8f97-3966f45afe19,Same Direction Rear End,N,Interchange Related,Left Turn Lane,Dark No Lights,No Defects,One-way Trafficway,Wet,Cloudy,Six o'clock,Passenger Car,Disabling,N,Slowing or Stopping,2015-01-04 17:54,63,39.0192235,-76.957722
N,Apparently Normal,No Misuse,Y,No Injury,09ac2aeb-8a2b-4159-9ebb-03d7419788ac,D,MSP5957003V,Shoulder/Lap Belt(s),M,38a338b0-8bf0-479c-b818-3885752f94e4,Same Direction Rear End,N,Interchange Related,Left Turn Lane,Dark No Lights,No Defects,One-way Trafficway,Wet,Cloudy,Twelve o'clock,Van,Functional,N,Moving Constant Speed,2015-01-04 17:54,51,39.0192235,-76.957722
N,Apparently Normal,No Misuse,Y,No Injury,55ad1978-7578-4f58-8fff-7d95324ab592,D,MSP5957003W,Shoulder/Lap Belt(s),F,29999fe9-9a32-4cd4-b215-5688b2d08461,Single Vehicle ,N,Interchange Related,Left Turn Lane,Dark Lights On,No Defects,One-way Trafficway,Wet,Raining,Six o'clock,Passenger Car,Disabling,N,Moving Constant Speed,2015-01-04 19:46,19,39.019024,-76.95713
N,Apparently Normal,No Misuse,N,No Injury,5ae6b448-8778-4768-806c-a6272967233d,D,MSP5957003X,Shoulder/Lap Belt(s),F,e251f469-3901-48db-acbf-821d26280cc6,Same Direction Rear End,N,Non Intersection,Left Turn Lane,Daylight,No Defects,"Two-way, Divided, Positive Median Barrier",Dry,Clear,Five o'clock,(Sport) Utility Vehicle,Functional,N,Moving Constant Speed,2015-01-05 15:36,45,38.985993,-76.881012
N,Apparently Normal,No Misuse,N,No Injury,57e7abea-a8d0-4653-af04-3ed40b9e689e,D,MSP5957003X,Shoulder/Lap Belt(s),M,de466087-a2e3-4751-bc73-8cdbac72c570,Same Direction Rear End,N,Non Intersection,Left Turn Lane,Daylight,No Defects,"Two-way, Divided, Positive Median Barrier",Dry,Clear,Six o'clock,Truck Tractor,Superficial,N,Moving Constant Speed,2015-01-05 15:36,44,38.985993,-76.881012
N,Apparently Normal,No Misuse,Y,Incapacitating/Disabled Injury,66b17c21-346b-4563-879b-e6549caddf70,D,MSP5957003X,MC/Bike Helmet,M,9c04c450-978e-4e15-ae19-c16c7b8158f1,Same Direction Rear End,N,Non Intersection,Left Turn Lane,Daylight,No Defects,"Two-way, Divided, Positive Median Barrier",Dry,Clear,Twelve o'clock,Motorcycle,Destroyed,N,Moving Constant Speed,2015-01-05 15:36,25,38.985993,-76.881012
N,Apparently Normal,No Misuse,N,No Injury,98b11e6b-2375-4767-aadc-eacfc467f59b,D,MSP5957003Y,Shoulder/Lap Belt(s),F,47b9fb1c-99e6-4f4b-9055-3a3648202a64,Same Direction Rear End,N,Non Intersection,Right Turn Lane,Dark Lights On,No Defects,"Two-way, Divided, Positive Median Barrier",Dry,Clear,Six o'clock,Passenger Car,Functional,N,Slowing or Stopping,2015-01-05 18:40,52,39.018669,-76.918552
N,Apparently Normal,No Misuse,N,No Injury,2fe676d0-8bf1-4de4-9e34-47b1907222c2,D,MSP5968001P,Shoulder/Lap Belt(s),F,1320d810-4233-45db-805f-3ddf232ce015,Single Vehicle ,N,Non Intersection,Right Turn Lane,Dark Lights On,No Defects,"Two-way, Divided, Positive Median Barrier",Wet,Raining,Twelve o'clock,Passenger Car,Disabling,N,Moving Constant Speed,2015-01-03 23:44,17,38.622056,-76.916123
N,Apparently Normal,No Misuse,Y,No Injury,6ede7004-34ff-436e-84e3-42357cbaab83,D,MSP5968001T,Shoulder/Lap Belt(s),F,419349c9-cd56-4fff-9a43-3e6230669e7a,Same Direction Rear End,N,Intersection Related,Right Turn Lane,Daylight,No Defects,"Two-way, Divided, Positive Median Barrier",Wet,Raining,Twelve o'clock,Passenger Car,Disabling,N,Slowing or Stopping,2015-01-21 16:42,21,38.5556,-76.842213
N,Apparently Normal,No Misuse,N,No Injury,a5939aa0-ed7e-4202-9a13-61aa3542d96f,D,MSP5968001T,Shoulder/Lap Belt(s),M,3fe76563-bd88-4e11-a740-9446861d29d8,Same Direction Rear End,N,Intersection Related,Right Turn Lane,Daylight,No Defects,"Two-way, Divided, Positive Median Barrier",Wet,Raining,Six o'clock,Passenger Car,Functional,N,Stopped in Traffic Lane,2015-01-21 16:42,27,38.5556,-76.842213
N,Apparently Normal,No Misuse,N,No Injury,1939bdf2-6812-428a-bcdf-910957bf17ca,D,MSP59680021,Shoulder/Lap Belt(s),F,3313c714-7816-4f75-8e11-ae1e76218aed,Single Vehicle ,N,Non Intersection,Right Turn Lane,Dark No Lights,No Defects,"Two-way, Not Divided",Wet,Raining,Twelve o'clock,Passenger Car,Disabling,N,Moving Constant Speed,2015-03-04 6:03,41,38.5137495,-76.94621583
N,Apparently Normal,No Misuse,Y,No Injury,d8c9ee27-b6f1-4858-b446-70aa5a530513,D,MSP5969000W,Shoulder/Lap Belt(s),F,3eb2901a-ec78-43df-8cc1-483e4c790694,Single Vehicle ,N,Non Intersection,Right Turn Lane,Daylight,No Defects,"Two-way, Not Divided",Snow,Snow,Twelve o'clock,(Sport) Utility Vehicle,Functional,N,Moving Constant Speed,2015-02-26 8:07,27,38.813,-76.751
N,Apparently Normal,No Misuse,Y,No Injury,a73aa9c7-d78f-4ef8-8839-a03b07f2763c,D,MSP59710029,Shoulder/Lap Belt(s),F,db629125-1db9-45b9-ae36-6928e8f3da05,Single Vehicle ,N,Non Intersection,Left Turn Lane,Dark No Lights,No Defects,"Two-way, Divided, Positive Median Barrier",Snow,Snow,Twelve o'clock,Pickup Truck,Disabling,N,Changing Lanes,2015-03-05 20:59,30,39.10551183,-76.62978717
N,Apparently Normal,No Misuse,N,No Injury,a097d5f6-d85f-45f4-968e-68a0b3f9e1ac,D,MSP5982000H,Shoulder/Lap Belt(s),F,85913b85-d6b0-4c0e-baf8-c23d9e2a30c3,Same Direction Rear End,N,Intersection Related,Left Turn Lane,Daylight,No Defects,"Two-way, Divided, Positive Median Barrier",Dry,Clear,Twelve o'clock,(Sport) Utility Vehicle,Superficial,N,Stopped in Traffic Lane,2015-01-13 15:53,35,38.34070733,-75.1550705
N,Apparently Normal,No Misuse,N,No Injury,e261875b-a7f6-4578-b9ef-ba8b6d66a6f3,D,MSP5982000H,Shoulder/Lap Belt(s),F,9eeace55-c7c5-4e12-8743-18c9d159e82f,Same Direction Rear End,N,Intersection Related,Left Turn Lane,Daylight,No Defects,"Two-way, Divided, Positive Median Barrier",Dry,Clear,Six o'clock,Passenger Car,Superficial,N,Stopped in Traffic Lane,2015-01-13 15:53,31,38.34070733,-75.1550705
Y,Apparently Normal,No Misuse,N,No Injury,7654d6c4-27e5-4ed3-bdcf-fc4a85a900b9,D,MSP5982000L,Shoulder/Lap Belt(s),F,92133632-3b6e-476a-bf98-02488646a99d,Same Direction Rear End,N,Non Intersection,Left Turn Lane,Daylight,No Defects,"Two-way, Not Divided",Dry,Clear,Six o'clock,School Bus,Disabling,N,Stopped in Traffic Lane,2015-03-31 15:30,64,39.09278,-75.501518
N,Apparently Normal,No Misuse,Y,Possible Incapacitating Injury,7645a8ae-ca94-4148-8ad3-d558933afbf7,D,MSP5982000L,Shoulder/Lap Belt(s),M,e9889235-f8a0-4afa-9c48-5934ae915bac,Same Direction Rear End,N,Non Intersection,Left Turn Lane,Daylight,No Defects,"Two-way, Not Divided",Dry,Clear,Twelve o'clock,Passenger Car,Disabling,N,Moving Constant Speed,2015-03-31 15:30,24,39.09278,-75.501518
N,Apparently Normal,No Misuse,N,No Injury,97bf3a8f-3bf8-4cf4-a87e-f164bbfb459e,D,MSP6029003V,Shoulder/Lap Belt(s),F,8711d94c-2b63-4f95-bc11-e03fb49b6971,Same Direction Rear End,N,Non Intersection,Left Turn Lane,Daylight,No Defects,"Two-way, Divided, Positive Median Barrier",Dry,Clear,Twelve o'clock,Passenger Car,Functional,N,Skidding,2015-02-19 8:24,63,39.42388686,-77.42837906
N,Apparently Normal,No Misuse,N,No Injury,067b7a56-8eba-4b09-9c51-b7e95f4beae0,D,MSP6029003V,Shoulder/Lap Belt(s),M,32b95d34-3ca2-4dd2-ba31-b940165d592e,Same Direction Rear End,N,Non Intersection,Left Turn Lane,Daylight,No Defects,"Two-way, Divided, Positive Median Barrier",Dry,Clear,Six o'clock,Passenger Car,Functional,N,Stopped in Traffic Lane,2015-02-19 8:24,34,39.42388686,-77.42837906
N,Apparently Normal,No Misuse,Y,No Injury,f37036c0-3bcc-46eb-a5e0-83c734bab6c5,D,MSP6029003V,Shoulder/Lap Belt(s),M,cc3186ca-713b-4428-b569-c54a6445c16c,Same Direction Rear End,N,Non Intersection,Left Turn Lane,Daylight,No Defects,"Two-way, Divided, Positive Median Barrier",Dry,Clear,Twelve o'clock,Passenger Car,Disabling,N,Skidding,2015-02-19 8:24,58,39.42388686,-77.42837906
N,Apparently Normal,No Misuse,N,No Injury,2575f0b2-247a-4968-a489-295295efc829,D,MSP60290041,Shoulder/Lap Belt(s),F,4e56bc3f-1a20-4f09-8656-063756f6f2d8,Same Direction Rear End,N,Non Intersection,Right Turn Lane,Daylight,No Defects,"Two-way, Divided, Positive Median Barrier",Dry,Cloudy,Six o'clock,Passenger Car,Functional,N,Slowing or Stopping,2015-03-24 8:35,54,39.41826467,-77.4338655
N,Apparently Normal,No Misuse,Y,No Injury,d1691a2e-28ce-4c4d-9155-d0ce1a217592,D,MSP60290041,Shoulder/Lap Belt(s),M,d2027f2f-56fd-40c9-8256-8184f36cdfdb,Same Direction Rear End,N,Non Intersection,Right Turn Lane,Daylight,No Defects,"Two-way, Divided, Positive Median Barrier",Dry,Cloudy,Twelve o'clock,Passenger Car,Disabling,N,Skidding,2015-03-24 8:35,45,39.41826467,-77.4338655
N,Apparently Normal,No Misuse,N,No Injury,3316ec20-0f09-41d0-8d2f-b2aee8bc28b3,D,MSP60330090,Shoulder/Lap Belt(s),F,f71accbe-e91f-46ca-b206-45606e2e4c4f,Same Direction Rear End,N,Non Intersection,Right Turn Lane,Daylight,No Defects,"Two-way, Divided, Positive Median Barrier",Wet,Raining,Six o'clock,Passenger Car,Functional,N,Slowing or Stopping,2015-03-03 13:19,56,39.53415083,-76.36793183
N,Apparently Normal,No Misuse,Y,No Injury,5430a8b8-3556-4e1e-9f00-3abec16993a6,D,MSP60330090,Shoulder/Lap Belt(s),F,6851b22d-5606-4113-bbaa-12143247e4aa,Same Direction Rear End,N,Non Intersection,Right Turn Lane,Daylight,No Defects,"Two-way, Divided, Positive Median Barrier",Wet,Raining,Twelve o'clock,Passenger Car,Disabling,N,Accelerating,2015-03-03 13:19,47,39.53415083,-76.36793183
N,Apparently Normal,No Misuse,Y,No Injury,d653e824-fe55-4c64-b18f-b26ee092967a,D,MSP60330096,Shoulder/Lap Belt(s),F,f53d5b5a-5a72-43b4-9c4b-e33c822c140b,Head On Left Turn,N,Intersection,Right Turn Lane,Daylight,No Defects,"Two-way, Not Divided",Dry,Cloudy,Twelve o'clock,Passenger Car,Disabling,N,Making Left Turn,2015-03-13 15:12,32,39.52462083,-76.28666317
N,Apparently Normal,No Misuse,N,No Injury,5b47bd20-2cc2-429a-8979-4f26be213527,D,MSP60330096,Shoulder/Lap Belt(s),M,afb6a79e-6afd-4c32-931f-6afe59c6ec8e,Head On Left Turn,N,Intersection,Right Turn Lane,Daylight,No Defects,"Two-way, Not Divided",Dry,Cloudy,One o'clock,Passenger Car,Disabling,N,Slowing or Stopping,2015-03-13 15:12,25,39.52462083,-76.28666317
N,Apparently Normal,No Misuse,N,No Injury,dff19bf9-ae49-4f7f-bcc0-b51b3ce90e7d,D,MSP60390015,Shoulder/Lap Belt(s),F,e5eb3768-149b-40a0-9afb-97381a1dc79f,Same Direction Right Turn,N,Non Intersection,Right Turn Lane,Daylight,No Defects,"Two-way, Divided, Positive Median Barrier",Dry,Clear,One o'clock,Passenger Car,Superficial,N,Moving Constant Speed,2015-01-02 7:40,51,39.44218983,-76.34717167
N,Apparently Normal,No Misuse,Y,No Injury,929e6283-4959-460d-a7a8-9899a125beca,D,MSP60390015,Shoulder/Lap Belt(s),M,ac82b571-ec9e-4c0d-847d-2c7cd1bc999b,Same Direction Right Turn,N,Non Intersection,Right Turn Lane,Daylight,No Defects,"Two-way, Divided, Positive Median Barrier",Dry,Clear,Six o'clock,Passenger Car,Disabling,N,Moving Constant Speed,2015-01-02 7:40,32,39.44218983,-76.34717167
N,Apparently Normal,No Misuse,Y,No Injury,5c985018-eeab-4773-9118-d736f964229e,D,MSP60390017,Shoulder/Lap Belt(s),F,2060570a-8acc-4813-a719-bb603f7d3280,Same Direction Left Turn,N,Non Intersection,Right Turn Lane,Dark No Lights,No Defects,"Two-way, Divided, Positive Median Barrier",Dry,Clear,Seven o'clock,Passenger Car,Disabling,N,Moving Constant Speed,2015-01-26 6:42,35,39.44554217,-76.33396133
Y,Apparently Normal,No Misuse,N,No Injury,a4689e7e-aff4-4745-be51-b61edcb5d5b8,D,MSP60390017,Shoulder/Lap Belt(s),M,0d5c56c8-875d-478c-bce1-756dfc2caeed,Same Direction Left Turn,N,Non Intersection,Right Turn Lane,Dark No Lights,No Defects,"Two-way, Divided, Positive Median Barrier",Dry,Clear,Twelve o'clock,Truck Tractor,Superficial,N,Moving Constant Speed,2015-01-26 6:42,49,39.44554217,-76.33396133
N,Apparently Normal,No Misuse,N,No Injury,db614b39-d4db-4854-845d-2c1c2621cb71,D,MSP60410035,Shoulder/Lap Belt(s),F,c0a53b71-de85-4640-a3cf-8996005e6357,Same Direction Rear End,N,Non Intersection,Right Turn Lane,Daylight,No Defects,"Two-way, Divided, Positive Median Barrier",Dry,Cloudy,Six o'clock,Passenger Car,Functional,N,Slowing or Stopping,2015-02-06 12:59,24,38.91684567,-76.91994217
N,Apparently Normal,No Misuse,N,No Injury,70528b1c-6535-416c-91ca-ef01ec1bc32d,D,MSP60420012,Shoulder/Lap Belt(s),F,3d90469d-421f-4a58-8eff-5c3691e1076c,Single Vehicle ,N,Non Intersection,Right Turn Lane,Daylight,No Defects,"Two-way, Not Divided",Ice,Clear,Twelve o'clock,Passenger Car,Functional,N,Accelerating,2015-02-11 7:49,34,39.607096,-75.855042
N,Apparently Normal,No Misuse,N,No Injury,2f4135b9-c470-4046-9163-b9000237bc24,D,MSP60420014,Shoulder/Lap Belt(s),F,96d64f17-8700-4e14-89a2-434a22bc9fd7,Same Movement Angle,N,Intersection,Right Turn Lane,Daylight,No Defects,"Two-way, Not Divided",Dry,Clear,One o'clock,Passenger Car,Disabling,N,Moving Constant Speed,2015-03-16 16:31,23,39.698768,-75.814193
N,Apparently Normal,No Misuse,Y,No Injury,ca28859b-9397-41e2-b918-e04c3c4b2432,D,MSP6043001L,Shoulder/Lap Belt(s),M,6693824f-2719-4f4c-90d8-5cd15168ac86,Same Direction Left Turn,N,Intersection,Right Turn Lane,Dark No Lights,No Defects,"Two-way, Not Divided",Wet,Wintry Mix,Twelve o'clock,Pickup Truck,Disabling,N,Moving Constant Speed,2015-03-01 21:25,30,38.70146217,-75.8968635
N,Apparently Normal,No Misuse,N,No Injury,353a3168-f1d1-4676-ac33-1e662e6d8df2,D,MSP6043001Q,Shoulder/Lap Belt(s),F,710a2bef-82fe-4d1c-be02-4e4913fd4212,Single Vehicle ,N,Non Intersection,Right Turn Lane,Dark No Lights,No Defects,"Two-way, Not Divided",Wet,Raining,Twelve o'clock,Pickup Truck,Disabling,N,Moving Constant Speed,2015-03-25 19:35,55,38.76425817,-75.81073733
N,Apparently Normal,No Misuse,Y,No Injury,5fcf464a-3dfc-4c0a-b551-8d49889f9b45,D,MSP6044001Z,Shoulder/Lap Belt(s),F,d5cf8666-e643-4464-afa4-636232e2daf7,Same Direction Rear End,N,Non Intersection,Left Turn Lane,Dark Lights On,No Defects,One-way Trafficway,Dry,Clear,Twelve o'clock,Recreational Vehicle,Disabling,N,Moving Constant Speed,2015-01-28 18:54,20,39.3550405,-76.490612
N,Apparently Normal,No Misuse,N,No Injury,7b2e7787-373d-4cbb-846f-d10b095b77df,D,MSP6044001Z,Shoulder/Lap Belt(s),M,25ea76dd-0658-45d1-bc73-95a408933e09,Same Direction Rear End,N,Non Intersection,Left Turn Lane,Dark Lights On,No Defects,One-way Trafficway,Dry,Clear,Six o'clock,Recreational Vehicle,Functional,N,Slowing or Stopping,2015-01-28 18:54,22,39.3550405,-76.490612
N,Apparently Normal,No Misuse,N,No Injury,9257687d-8f3c-4df1-be8b-d20e89c49df3,D,MSP60440022,Shoulder/Lap Belt(s),F,1b94704d-2c0c-4d14-b829-d820bc5d8d58,Same Direction Sideswipe,N,Non Intersection,Deceleration Lane,Dawn,No Defects,"Two-way, Divided, Positive Median Barrier",Dry,Clear,Ten o'clock,Passenger Car,Disabling,N,Moving Constant Speed,2015-02-12 6:37,61,39.43579417,-76.37828433
Y,Apparently Normal,No Misuse,Y,No Injury,ee3db742-7156-4e3a-b5ed-55d2ad62abf1,D,MSP60440022,Shoulder/Lap Belt(s),F,b1327eec-c249-4045-9db8-a5d6d451bf64,Same Direction Sideswipe,N,Non Intersection,Deceleration Lane,Dawn,No Defects,"Two-way, Divided, Positive Median Barrier",Dry,Clear,Five o'clock,Truck Tractor,Superficial,N,Changing Lanes,2015-02-12 6:37,54,39.43579417,-76.37828433
N,Apparently Normal,No Misuse,N,No Injury,c6bf4270-f485-4d7b-bc6d-0c97b9208ccc,D,MSP6046001K,Shoulder/Lap Belt(s),F,8367792b-6049-44bd-9df8-9adbce94858a,Same Direction Rear End,N,Non Intersection,Right Turn Lane,Daylight,No Defects,"Two-way, Divided, Positive Median Barrier",Dry,Clear,Twelve o'clock,Passenger Car,Functional,N,Moving Constant Speed,2015-02-19 8:30,27,39.34942333,-76.501025