CDL_FLAG,CONDITION_CODE,EQUIP_PROB_CODE,FAULT_FLAG,INJ_SEVER_CODE,PERSON_ID,PERSON_TYPE,REPORT_NO,SAF_EQUIP_CODE,SEX_CODE,VEHICLE_ID,COLLISION_TYPE_CODE,C_M_ZONE_FLAG,JUNCTION_CODE,LANE_CODE,LIGHT_CODE,RD_COND_CODE,RD_DIV_CODE,SURF_COND_CODE,WEATHER_CODE,AREA_DAMAGED_CODE_MAIN,BODY_TYPE_CODE,DAMAGE_CODE,HIT_AND_RUN_FLAG,MOVEMENT_CODE,TIME,AGE,LATITUDE,LONGITUDE
N,Apparently Normal,No Misuse,N,No Injury,34b6f9ca-6959-43fb-a47d-d0cd7863d683,D,MSP6050002T,Shoulder/Lap Belt(s),F,8087fb7b-7c28-484d-849e-4f37fcf0c97e,Same Direction Rear End,N,Non Intersection,Deceleration Lane,Dark Lights On,No Defects,"Two-way, Divided, Positive Median Barrier",Dry,Clear,Six o'clock,Passenger Car,Disabling,N,Moving Constant Speed,2015-01-10 4:23,37,39.14882004,-77.21678
N,Apparently Normal,No Misuse,Y,No Injury,4a000a22-b5df-4ff8-bfa1-c4435391a284,D,MSP6050002T,Shoulder/Lap Belt(s),M,bc497091-825e-4cb1-b981-e79487d6f011,Same Direction Rear End,N,Non Intersection,Deceleration Lane,Dark Lights On,No Defects,"Two-way, Divided, Positive Median Barrier",Dry,Clear,Twelve o'clock,Passenger Car,Disabling,N,Moving Constant Speed,2015-01-10 4:23,31,39.14882004,-77.21678
N,Apparently Normal,No Misuse,N,No Injury,d487ad4a-895a-4b50-b007-bed35ade507f,D,MSP60510028,Shoulder/Lap Belt(s),F,11866cf4-776b-47f3-94a4-88d32fdc867f,Same Direction Rear End,N,Interchange Related,Right Turn Lane,Daylight,No Defects,One-way Trafficway,Dry,Clear,Twelve o'clock,Passenger Car,Disabling,N,Slowing or Stopping,2015-01-20 8:04,28,39.587,-76.076
Y,Apparently Normal,No Misuse,Y,No Injury,07dffe62-d188-47f6-8ff7-8f9098aa8609,D,MSP60510028,Shoulder/Lap Belt(s),M,cbeed5e8-39e7-487f-82f2-fbe3d4f5c2eb,Same Direction Rear End,N,Interchange Related,Right Turn Lane,Daylight,No Defects,One-way Trafficway,Dry,Clear,Six o'clock,Truck Tractor,Superficial,N,Backing,2015-01-20 8:04,59,39.587,-76.076
N,Apparently Normal,No Misuse,N,No Injury,57c2ac8f-36dc-4a0d-967f-efb89f0c2ac2,D,MSP6051002C,Shoulder/Lap Belt(s),F,3afb4d53-610e-4e0e-a07b-021b72cd346e,Same Direction Rear End,N,Non Intersection,Acceleration Lane,Dark - Unknown Lighting,No Defects,"Two-way, Divided, Positive Median Barrier",Dry,Clear,Six o'clock,Passenger Car,Functional,N,Slowing or Stopping,2015-02-12 5:56,49,39.587,-76.0741
N,Apparently Normal,No Misuse,Y,No Injury,ed085879-b1e7-4e31-a95b-efa46a888cf5,D,MSP6051002C,Shoulder/Lap Belt(s),M,e6371c52-6bdd-420f-9e79-2070e91944d5,Same Direction Rear End,N,Non Intersection,Acceleration Lane,Dark - Unknown Lighting,No Defects,"Two-way, Divided, Positive Median Barrier",Dry,Clear,Twelve o'clock,Passenger Car,Disabling,N,Slowing or Stopping,2015-02-12 5:56,45,39.587,-76.0741
N,Apparently Normal,No Misuse,Y,No Injury,772d2af2-2e65-4b73-afff-719b15feb6de,D,MSP6051002D,Shoulder/Lap Belt(s),F,b52dcbe3-ad3a-4969-8eb3-e09ecc7a7ed3,Same Movement Angle,N,Non Intersection,Left Turn Lane,Dark Lights On,No Defects,"Two-way, Divided, Positive Median Barrier",Snow,Raining,Two o'clock,Passenger Car,Functional,N,Skidding,2015-02-21 21:50,24,39.454,-76.316
N,Apparently Normal,No Misuse,N,No Injury,e1fe5176-ef1f-42e8-b3cc-852e479731ce,D,MSP6052003H,Shoulder/Lap Belt(s),F,5f73eaef-0621-4a85-8744-c07e96db09a9,Angle Meets Right Turn,N,Intersection,Left Turn Lane,Daylight,No Defects,"Two-way, Divided, Positive Median Barrier",Dry,Clear,One o'clock,Passenger Car,Disabling,N,Moving Constant Speed,2015-01-29 16:36,62,39.45630783,-76.26390567
N,Apparently Normal,No Misuse,Y,No Injury,dc11acb9-056c-4d13-b5e9-3361ee95f740,D,MSP6052003H,Shoulder/Lap Belt(s),M,577ed614-2ac6-47c1-bab7-7436aa6bfab5,Angle Meets Right Turn,N,Intersection,Left Turn Lane,Daylight,No Defects,"Two-way, Divided, Positive Median Barrier",Dry,Clear,One o'clock,Pickup Truck,Functional,N,Making Right Turn,2015-01-29 16:36,50,39.45630783,-76.26390567
N,Apparently Normal,No Misuse,Y,No Injury,d5a48586-03c1-4e26-badf-7f966ed4077e,D,MSP6052003K,Shoulder/Lap Belt(s),F,039fb604-2497-4018-81e6-1e89e9ad3ad9,Single Vehicle ,N,Non Intersection,Right Turn Lane,Dark Lights On,No Defects,"Two-way, Not Divided",Snow,Snow,Twelve o'clock,(Sport) Utility Vehicle,Disabling,N,Skidding,2015-02-15 6:39,42,39.602325,-76.482942
N,Apparently Normal,No Misuse,Y,No Injury,03d5eeef-95cb-42e0-8e2b-9e917c2b2764,D,MSP6052003M,Shoulder/Lap Belt(s),F,d2ef7053-e663-484e-ba60-699d870bfa41,Single Vehicle ,N,Intersection,Right Turn Lane,Daylight,No Defects,"Two-way, Not Divided",Slush,Clear,Twelve o'clock,Passenger Car,Disabling,N,Making Left Turn,2015-02-19 10:20,19,39.59252267,-76.47449567
N,Apparently Normal,No Misuse,N,No Injury,3fd2349b-0038-4e8f-b0ca-35869e563efa,D,MSP6052003P,Shoulder/Lap Belt(s),F,cb5809a5-916b-4978-992e-634f70ded2b3,Head On Left Turn,N,Intersection,Right Turn Lane,Dark Lights On,No Defects,"Two-way, Not Divided",Dry,Clear,Twelve o'clock,Van,Functional,N,Moving Constant Speed,2015-02-26 20:04,56,39.55526533,-76.286584
N,Apparently Normal,No Misuse,Y,No Injury,d41356d8-0b1f-450c-b279-04b6c5b1dae3,D,MSP6052003P,Shoulder/Lap Belt(s),F,a1dea508-c87c-4524-803e-1f08e1a054a4,Head On Left Turn,N,Intersection,Right Turn Lane,Dark Lights On,No Defects,"Two-way, Not Divided",Dry,Clear,One o'clock,Passenger Car,Disabling,N,Making Left Turn,2015-02-26 20:04,19,39.55526533,-76.286584
N,Apparently Normal,No Misuse,N,No Injury,f5bfb07d-6f93-43fe-ab7d-0a6e66cd03a4,D,MSP60530012,Shoulder/Lap Belt(s),F,b72a5153-1be8-4ba8-a60e-32acf60f0a45,Single Vehicle ,N,Non Intersection,Right Turn Lane,Dark Lights On,No Defects,"Two-way, Not Divided",Snow,Snow,Twelve o'clock,Pickup Truck,Superficial,N,Accelerating,2015-02-16 19:56,28,38.55317459,-76.00255966
N,Apparently Normal,No Misuse,Y,No Injury,23a743b8-db88-4740-8edb-fd846cbc870d,D,MSP6056002N,Shoulder/Lap Belt(s),F,9a526652-286e-45cc-975b-10eb25ac8eea,Same Direction Rear End Right Turn,N,Non Intersection,Right Turn Lane,Dark Lights On,No Defects,"Two-way, Divided, Positive Median Barrier",Dry,Clear,Twelve o'clock,Passenger Car,Disabling,N,Moving Constant Speed,2015-01-16 18:04,38,39.185267,-76.632771
N,Apparently Normal,No Misuse,N,No Injury,43fffa71-f089-436a-956a-a92400b515f7,D,MSP6056002N,Shoulder/Lap Belt(s),M,144e2ccf-799f-4a4e-a67e-825309dc4f3f,Same Direction Rear End Right Turn,N,Non Intersection,Right Turn Lane,Dark Lights On,No Defects,"Two-way, Divided, Positive Median Barrier",Dry,Clear,Eight o'clock,Passenger Car,Disabling,N,Moving Constant Speed,2015-01-16 18:04,24,39.185267,-76.632771
N,Apparently Normal,No Misuse,Y,No Injury,c6f1492a-8afd-49fd-9ef0-ded068df824d,D,MSP6056002T,Shoulder/Lap Belt(s),F,a85b46b4-00cf-4ad8-976a-95bf1851be92,Same Direction Left Turn,N,Non Intersection,Right Turn Lane,Daylight,No Defects,"Two-way, Divided, Positive Median Barrier",Snow,Snow,Twelve o'clock,Passenger Car,Disabling,N,Skidding,2015-02-26 7:12,29,39.10003055,-76.62851587
N,Apparently Normal,No Misuse,N,No Injury,b8ab41cb-503f-4aa0-804f-5a5ff5066942,D,MSP6056002T,Shoulder/Lap Belt(s),M,93db64db-49e1-4c79-b289-40ec754c7283,Same Direction Left Turn,N,Non Intersection,Right Turn Lane,Daylight,No Defects,"Two-way, Divided, Positive Median Barrier",Snow,Snow,Twelve o'clock,(Sport) Utility Vehicle,Functional,N,Moving Constant Speed,2015-02-26 7:12,56,39.10003055,-76.62851587
N,Apparently Normal,No Misuse,Y,No Injury,1f3dbc73-e452-4227-b2c3-5d71b573fc62,D,MSP6056002V,Shoulder/Lap Belt(s),F,ed50891c-f172-49e8-976b-32e80fd53e4e,Same Direction Right Turn,N,Non Intersection,Acceleration Lane,Daylight,No Defects,"Two-way, Divided, Positive Median Barrier",Snow,Snow,Three o'clock,Passenger Car,No Damage,N,Skidding,2015-02-26 9:02,57,39.0964877,-76.62710883
N,Apparently Normal,No Misuse,N,No Injury,6524c982-f138-4c61-b9e3-72a211cd5c96,D,MSP6056002V,None  ,M,75059bf3-474f-4916-908a-a115b40487e3,Same Direction Right Turn,N,Non Intersection,Acceleration Lane,Daylight,No Defects,"Two-way, Divided, Positive Median Barrier",Snow,Snow,Eleven o'clock,Pickup Truck,Functional,N,Moving Constant Speed,2015-02-26 9:02,52,39.0964877,-76.62710883
N,Apparently Normal,No Misuse,Y,No Injury,27d705e6-8637-4675-a20a-20e015e9024a,D,MSP60560030,Shoulder/Lap Belt(s),F,32e41e22-f0f5-4a99-be26-f4b83be2bab9,Single Vehicle ,N,Interchange Related,Right Turn Lane,Daylight,No Defects,One-way Trafficway,Dry,Clear,Twelve o'clock,Passenger Car,Disabling,N,Moving Constant Speed,2015-03-21 11:29,28,39.15289418,-76.64915887
N,Apparently Normal,No Misuse,Y,No Injury,a7ea60a6-06d0-4706-9684-5aada19558e6,D,MSP60560031,Shoulder/Lap Belt(s),F,3ad7fb29-df29-44cd-815e-cea1d05b5485,Same Direction Rear End,N,Non Intersection,Left Turn Lane,Daylight,No Defects,One-way Trafficway,Dry,Clear,Twelve o'clock,Passenger Car,Destroyed,N,Moving Constant Speed,2015-03-22 7:13,29,39.18416395,-76.71868373
N,Apparently Normal,No Misuse,N,No Injury,90d5a873-3c1c-4a9c-95eb-332d76faa27f,D,MSP60560031,Shoulder/Lap Belt(s),M,aa1ec102-dd12-4a76-9cf9-5bda8fe5ce5e,Same Direction Rear End,N,Non Intersection,Left Turn Lane,Daylight,No Defects,One-way Trafficway,Dry,Clear,Six o'clock,(Sport) Utility Vehicle,Functional,N,Moving Constant Speed,2015-03-22 7:13,26,39.18416395,-76.71868373
N,Apparently Normal,No Misuse,N,Non-incapacitating Injury,14812fe0-974f-436d-aa51-b4175a3f9d30,D,MSP6059003X,Shoulder/Lap Belt(s),M,1f360837-cb64-47a3-8d2d-e28a096e7587,Same Direction Rear End,N,Non Intersection,Acceleration Lane,Daylight,No Defects,"Two-way, Divided, Positive Median Barrier",Dry,Clear,Six o'clock,Pickup Truck,Disabling,N,Slowing or Stopping,2015-02-11 15:03,62,39.01944333,-77.10354683
N,Apparently Normal,No Misuse,N,No Injury,d4a36386-7dc0-472f-9c29-230d88891e46,D,MSP6060001G,Shoulder/Lap Belt(s),F,e09022fc-41ce-43c9-9e1c-35733ea07693,Same Movement Angle,N,Intersection,Right Turn Lane,Daylight,No Defects,"Two-way, Not Divided",Wet,Clear,Ten o'clock,(Sport) Utility Vehicle,Disabling,N,Stopped in Traffic Lane,2015-01-28 17:00,53,39.59199933,-77.034376
N,Apparently Normal,No Misuse,N,No Injury,5264d0a1-c601-4a5e-a0c7-58e7b3274829,D,MSP6060001G,Shoulder/Lap Belt(s),F,8bd6decc-6a11-4c66-b7df-94f718cc77e2,Same Movement Angle,N,Intersection,Right Turn Lane,Daylight,No Defects,"Two-way, Not Divided",Wet,Clear,Twelve o'clock,Passenger Car,Disabling,N,Moving Constant Speed,2015-01-28 17:00,19,39.59199933,-77.034376
N,Apparently Normal,No Misuse,N,No Injury,003e892a-e66e-414c-9d44-4cb2af855710,D,MSP6060001G,Shoulder/Lap Belt(s),M,f2f9fb41-2b52-4129-a43b-978c834d87b4,Same Movement Angle,N,Intersection,Right Turn Lane,Daylight,No Defects,"Two-way, Not Divided",Wet,Clear,Roof Top,Passenger Car,Functional,N,Stopped in Traffic Lane,2015-01-28 17:00,39,39.59199933,-77.034376
N,Apparently Normal,No Misuse,Y,No Injury,e71060a9-23b0-4b42-9ce6-b7577d90fc87,D,MSP6060001G,Shoulder/Lap Belt(s),M,bc1dacfb-afee-4a8e-b810-595469215dec,Same Movement Angle,N,Intersection,Right Turn Lane,Daylight,No Defects,"Two-way, Not Divided",Wet,Clear,Five o'clock,Pickup Truck,Disabling,N,Making Left Turn,2015-01-28 17:00,19,39.59199933,-77.034376
N,Apparently Normal,No Misuse,N,No Injury,efd0b722-5d1d-485d-bb95-399926243711,D,MSP6060001J,Shoulder/Lap Belt(s),F,4877ac7b-f389-4a0a-a772-9b64458dc79f,Same Direction Rear End,N,Non Intersection,Left Turn Lane,Daylight,No Defects,"Two-way, Divided, Unprotected (painted >4 feet) Median",Dry,Clear,Six o'clock,Van,Functional,N,Slowing or Stopping,2015-03-11 12:32,44,39.56808633,-76.97987433
N,Apparently Normal,No Misuse,Y,No Injury,b7d1cf3f-a5b3-43d2-9282-7ed4361ab866,D,MSP6060001J,Shoulder/Lap Belt(s),M,bcd25dbe-40fb-4e5e-ad74-98024e2aeb20,Same Direction Rear End,N,Non Intersection,Left Turn Lane,Daylight,No Defects,"Two-way, Divided, Unprotected (painted >4 feet) Median",Dry,Clear,Twelve o'clock,Pickup Truck,Disabling,N,Skidding,2015-03-11 12:32,41,39.56808633,-76.97987433
N,Apparently Normal,No Misuse,Y,No Injury,62b685dc-297c-4793-9ce7-c95e0b8b5dd0,D,MSP6060001M,Shoulder/Lap Belt(s),F,c4b91c6e-8a09-4792-a95f-fc57299fd2b7,Same Direction Sideswipe,N,Non Intersection,Left Turn Lane,Dusk,No Defects,"Two-way, Divided, Unprotected (painted >4 feet) Median",Dry,Clear,Eleven o'clock,(Sport) Utility Vehicle,Superficial,N,Accelerating,2015-03-23 18:43,85,39.58537167,-76.990986
N,Apparently Normal,No Misuse,N,No Injury,18bcf540-4887-49de-9534-f5dc1fe72669,D,MSP6060001M,Shoulder/Lap Belt(s),M,736da520-2f61-4d5a-b6c4-08845daa94f2,Same Direction Sideswipe,N,Non Intersection,Left Turn Lane,Dusk,No Defects,"Two-way, Divided, Unprotected (painted >4 feet) Median",Dry,Clear,Roof Top,Pickup Truck,Disabling,N,Moving Constant Speed,2015-03-23 18:43,69,39.58537167,-76.990986
N,Apparently Normal,No Misuse,N,No Injury,d3e55e76-eb03-4b16-979c-d5f8e89bd330,D,MSP6061002X,Shoulder/Lap Belt(s),F,913f8d53-8ed2-4649-874a-7eeec3dd0697,Single Vehicle ,N,Non Intersection,Right Turn Lane,Dusk,No Defects,"Two-way, Divided, Unprotected (painted >4 feet) Median",Dry,Clear,Twelve o'clock,Passenger Car,Disabling,N,Moving Constant Speed,2015-02-06 5:50,35,38.48330967,-77.10527317
N,Apparently Normal,No Misuse,N,No Injury,ebcda473-95a4-4236-aff3-e680f9447138,D,MSP60630036,Shoulder/Lap Belt(s),F,ba69a119-a792-499f-97a8-93a9023ead9d,Same Direction Rear End,N,Non Intersection,Right Turn Lane,Daylight,No Defects,"Two-way, Divided, Positive Median Barrier",Dry,Clear,Six o'clock,Passenger Car,Functional,N,Stopped in Traffic Lane,2015-02-12 13:46,51,39.57109367,-76.38276983
N,Apparently Normal,No Misuse,Y,No Injury,dec4b9e9-352d-4b90-bc48-4d20ed953826,D,MSP60630036,Shoulder/Lap Belt(s),M,feef9bca-37ff-4454-b0a5-37fe303dce64,Same Direction Rear End,N,Non Intersection,Right Turn Lane,Daylight,No Defects,"Two-way, Divided, Positive Median Barrier",Dry,Clear,Twelve o'clock,Passenger Car,Functional,N,Slowing or Stopping,2015-02-12 13:46,57,39.57109367,-76.38276983
N,Apparently Normal,No Misuse,N,No Injury,16c69c90-3493-4efe-bcfd-9f635dd8c062,D,MSP6068003N,Shoulder/Lap Belt(s),F,17779bc8-6730-4175-9ce6-7bb56e639b74,Same Direction Rear End,N,Intersection Related,Right Turn Lane,Dark No Lights,No Defects,"Two-way, Divided, Positive Median Barrier",Dry,Clear,Six o'clock,(Sport) Utility Vehicle,Functional,N,Slowing or Stopping,2015-01-22 19:26,55,38.8113875,-76.96678017
N,Apparently Normal,No Misuse,N,No Injury,a9f0e58c-7dba-4758-9b3d-dccb5aa5ecfd,D,MSP6068003N,Shoulder/Lap Belt(s),M,187369e1-ec90-449a-b0bc-1f6d40705c22,Same Direction Rear End,N,Intersection Related,Right Turn Lane,Dark No Lights,No Defects,"Two-way, Divided, Positive Median Barrier",Dry,Clear,Six o'clock,Passenger Car,Functional,N,Slowing or Stopping,2015-01-22 19:26,45,38.8113875,-76.96678017
N,Apparently Normal,No Misuse,Y,No Injury,e84b7f31-e8bf-4b98-a483-64e025449eeb,D,MSP6068003N,Shoulder/Lap Belt(s),M,efbfc42e-7942-4442-9745-e6fa89982c20,Same Direction Rear End,N,Intersection Related,Right Turn Lane,Dark No Lights,No Defects,"Two-way, Divided, Positive Median Barrier",Dry,Clear,Twelve o'clock,Passenger Car,Functional,N,Slowing or Stopping,2015-01-22 19:26,37,38.8113875,-76.96678017
N,Apparently Normal,No Misuse,N,No Injury,aef14867-d38c-4b2b-80d1-68edd300a118,D,MSP6079002J,Shoulder/Lap Belt(s),F,1cde4848-8b96-4efb-a6a6-681385bb752c,Same Direction Rear End,N,Non Intersection,Acceleration Lane,Dawn,No Defects,"Two-way, Divided, Positive Median Barrier",Ice,Clear,Six o'clock,(Sport) Utility Vehicle,Disabling,N,Moving Constant Speed,2015-02-15 6:40,46,39.16933483,-76.64070833
N,Apparently Normal,No Misuse,Y,No Injury,58cfd349-d885-4f0b-97f4-8f25e29c92a7,D,MSP6079002J,Shoulder/Lap Belt(s),M,58e69819-ff9a-4f50-977c-672e43cc1790,Same Direction Rear End,N,Non Intersection,Acceleration Lane,Dawn,No Defects,"Two-way, Divided, Positive Median Barrier",Ice,Clear,Twelve o'clock,Pickup Truck,Disabling,N,Moving Constant Speed,2015-02-15 6:40,34,39.16933483,-76.64070833
N,Apparently Normal,No Misuse,Y,No Injury,9ce28ea2-b75b-48a1-8126-164c21744c57,D,MSP6079002K,Shoulder/Lap Belt(s),F,4751122d-22f4-48d1-ae3d-ec5b41919b12,Single Vehicle ,N,Non Intersection,Right Turn Lane,Daylight,No Defects,"Two-way, Divided, Positive Median Barrier",Ice,Clear,Nine o'clock,Passenger Car,Functional,N,Moving Constant Speed,2015-02-15 8:59,24,39.20077917,-76.63197517
N,Apparently Normal,No Misuse,Y,No Injury,7c53ffa6-c175-416c-8783-f9aa3c6fab14,D,MSP6079002L,Shoulder/Lap Belt(s),F,06a24a94-9c3f-4b8a-a600-c92d72d75790,Same Direction Rear End,N,Non Intersection,Deceleration Lane,Daylight,No Defects,"Two-way, Divided, Positive Median Barrier",Dry,Clear,Twelve o'clock,(Sport) Utility Vehicle,Functional,N,Moving Constant Speed,2015-02-15 13:14,31,39.22756567,-76.66336683
N,Apparently Normal,No Misuse,N,Non-incapacitating Injury,26018c11-7196-407c-8961-35196636916f,D,MSP6079002L,Shoulder/Lap Belt(s),F,b2a4266d-f2ac-4918-9a96-f00da28ce31c,Same Direction Rear End,N,Non Intersection,Deceleration Lane,Daylight,No Defects,"Two-way, Divided, Positive Median Barrier",Dry,Clear,Six o'clock,(Sport) Utility Vehicle,Functional,N,Stopped in Traffic Lane,2015-02-15 13:14,65,39.22756567,-76.66336683
N,Apparently Normal,No Misuse,Y,No Injury,4e0c2aca-d229-4f03-a343-9e691f1e29a3,D,MSP6079002L,Shoulder/Lap Belt(s),M,aeb5a6b7-b764-4538-8543-747e65c4bec1,Same Direction Rear End,N,Non Intersection,Deceleration Lane,Daylight,No Defects,"Two-way, Divided, Positive Median Barrier",Dry,Clear,Twelve o'clock,Passenger Car,Disabling,N,Moving Constant Speed,2015-02-15 13:14,50,39.22756567,-76.66336683
N,Apparently Normal,No Misuse,N,No Injury,55a8b2fc-c649-4155-b38c-74943fa2cda8,D,MSP6079002N,Shoulder/Lap Belt(s),F,94d5dbd3-2fd0-43e7-aa61-3e9973fa30e1,Same Direction Rear End,N,Non Intersection,Acceleration Lane,Daylight,No Defects,"Two-way, Divided, Positive Median Barrier",Dry,Clear,Six o'clock,Passenger Car,Functional,N,Slowing or Stopping,2015-02-23 16:55,59,39.21589317,-76.66785967
N,Apparently Normal,No Misuse,N,No Injury,b375a36d-d592-4197-a55a-5bd859d8e133,D,MSP6079002N,Shoulder/Lap Belt(s),F,5ec6a627-87a3-45e7-9d68-806984510f62,Same Direction Rear End,N,Non Intersection,Acceleration Lane,Daylight,No Defects,"Two-way, Divided, Positive Median Barrier",Dry,Clear,Six o'clock,(Sport) Utility Vehicle,Disabling,N,Moving Constant Speed,2015-02-23 16:55,55,39.21589317,-76.66785967
N,Apparently Normal,No Misuse,Y,No Injury,f43db46b-7b7b-48cb-bfbc-af810bc56a82,D,MSP6079002N,Shoulder/Lap Belt(s),M,9f8e1786-4bd7-4707-aeea-2e60830ffab7,Same Direction Rear End,N,Non Intersection,Acceleration Lane,Daylight,No Defects,"Two-way, Divided, Positive Median Barrier",Dry,Clear,Twelve o'clock,Pickup Truck,Disabling,N,Moving Constant Speed,2015-02-23 16:55,42,39.21589317,-76.66785967
N,Apparently Normal,No Misuse,Y,Non-incapacitating Injury,e06106d6-0cc2-4ff0-8bf2-8186c2784888,D,MSP6079002N,Shoulder/Lap Belt(s),M,f2ebe120-9b0e-4037-afdb-47f1aed53305,Same Direction Rear End,N,Non Intersection,Acceleration Lane,Daylight,No Defects,"Two-way, Divided, Positive Median Barrier",Dry,Clear,Twelve o'clock,Van,Destroyed,N,Moving Constant Speed,2015-02-23 16:55,34,39.21589317,-76.66785967
N,Apparently Normal,No Misuse,Y,No Injury,24669583-c39b-4b2a-885b-02a5622804fa,D,MSP6079002Q,Shoulder/Lap Belt(s),F,e2c1cf17-b4fe-4197-ae82-5aef286264a7,Single Vehicle ,N,Non Intersection,Right Turn Lane,Dark Lights On,No Defects,"Two-way, Divided, Positive Median Barrier",Wet,Cloudy,Eleven o'clock,Passenger Car,Functional,N,Starting From Lane,2015-02-26 20:43,24,39.1997945,-76.631972
N,Apparently Normal,No Misuse,N,No Injury,ab2e70bc-c1ec-4f07-b3ef-c387f8db8efd,D,MSP6079002S,Shoulder/Lap Belt(s),F,0ec54bbe-9adf-4ac4-a369-dc41133d2e7a,Same Direction Rear End,N,Non Intersection,Right Turn Lane,Daylight,No Defects,"Two-way, Divided, Positive Median Barrier",Dry,Clear,Six o'clock,Passenger Car,Disabling,N,Slowing or Stopping,2015-03-12 8:57,28,39.07836533,-76.62809483
N,Apparently Normal,No Misuse,Y,Non-incapacitating Injury,856bc5df-061d-4397-98f4-6f626c291dd0,D,MSP6079002S,Shoulder/Lap Belt(s),F,40fecfdf-1171-4074-9ca3-a6baf3c8fcf5,Same Direction Rear End,N,Non Intersection,Right Turn Lane,Daylight,No Defects,"Two-way, Divided, Positive Median Barrier",Dry,Clear,Twelve o'clock,Passenger Car,Disabling,N,Moving Constant Speed,2015-03-12 8:57,52,39.07836533,-76.62809483
N,Apparently Normal,No Misuse,N,No Injury,508a0dde-a5a0-426a-aa83-7fca64751712,D,MSP6079002S,Shoulder/Lap Belt(s),M,b6ebc98d-f671-4f9c-9911-8e1cc6973b12,Same Direction Rear End,N,Non Intersection,Right Turn Lane,Daylight,No Defects,"Two-way, Divided, Positive Median Barrier",Dry,Clear,Six o'clock,(Sport) Utility Vehicle,Functional,N,Slowing or Stopping,2015-03-12 8:57,44,39.07836533,-76.62809483
N,Apparently Normal,No Misuse,N,No Injury,6b4c9e0a-2f5a-40f5-a148-9762c4092b58,D,MSP6079002X,Shoulder/Lap Belt(s),F,7dbeb0ab-23f3-44b1-88c3-f899ac529800,Same Direction Rear End,N,Non Intersection,Right Turn Lane,Daylight,No Defects,"Two-way, Divided, Positive Median Barrier",Wet,Raining,Six o'clock,Passenger Car,Functional,N,Slowing or Stopping,2015-03-20 16:34,33,39.182013,-76.63275733
N,Apparently Normal,No Misuse,Y,No Injury,59a71fbf-127b-4118-9498-f356e10cf99b,D,MSP6079002X,Shoulder/Lap Belt(s),F,0299babc-f58b-48f9-a95a-de23a8021648,Same Direction Rear End,N,Non Intersection,Right Turn Lane,Daylight,No Defects,"Two-way, Divided, Positive Median Barrier",Wet,Raining,Twelve o'clock,Passenger Car,Functional,N,Moving Constant Speed,2015-03-20 16:34,27,39.182013,-76.63275733
N,Apparently Normal,No Misuse,Y,No Injury,9b497795-f696-4071-8b8b-bcd2cac7911b,D,MSP6082000X,Shoulder/Lap Belt(s),F,42badf67-d6ce-4d24-9f37-e0cb27ecad98,Single Vehicle ,N,Non Intersection,Right Turn Lane,Dark No Lights,No Defects,"Two-way, Not Divided",Dry,Clear,Twelve o'clock,Passenger Car,Disabling,Y,Moving Constant Speed,2015-01-09 5:00,22,38.80379033,-76.13793417
N,Apparently Normal,No Misuse,N,No Injury,31724ce2-2085-49f0-b77f-60382d4a09fa,D,MSP6084001C,Shoulder/Lap Belt(s),F,a720ee3d-9f87-4aa0-9f0c-cdd46d1c2df9,Opposite Direction Sideswipe,N,Intersection,Right Turn Lane,Daylight,No Defects,"Two-way, Not Divided",Dry,Clear,Eleven o'clock,(Sport) Utility Vehicle,Functional,N,Negotiating a Curve,2015-03-23 14:03,44,39.378538,-77.15236217
N,Apparently Normal,No Misuse,N,No Injury,26f708fa-f5d3-4513-9aba-ca01c1afaed3,D,MSP6085002K,Shoulder/Lap Belt(s),F,ddbf12a0-6de4-4500-8054-dd78e9a62ba6,Same Direction Rear End,N,Non Intersection,Right Turn Lane,Daylight,No Defects,"Two-way, Not Divided",Dry,Clear,Six o'clock,(Sport) Utility Vehicle,Functional,N,Stopped in Traffic Lane,2015-01-05 16:43,76,39.50511938,-76.2680935
N,Apparently Normal,No Misuse,Y,No Injury,11c3d2f5-b7d6-4b84-84b2-0d4c0bcd0622,D,MSP6085002K,Shoulder/Lap Belt(s),F,965fe61b-b469-4012-a851-cc1ac18b5f04,Same Direction Rear End,N,Non Intersection,Right Turn Lane,Daylight,No Defects,"Two-way, Not Divided",Dry,Clear,Twelve o'clock,Passenger Car,Disabling,N,Moving Constant Speed,2015-01-05 16:43,19,39.50511938,-76.2680935
N,Apparently Normal,No Misuse,N,No Injury,2835fee0-9de9-481a-b4ad-367184922664,D,MSP6085002Q,Shoulder/Lap Belt(s),F,4f1e2428-1e09-43ed-a7a1-8413cdf83eea,Same Direction Rear End,N,Intersection,Right Turn Lane,Daylight,No Defects,"Two-way, Not Divided",Dry,Clear,Six o'clock,Passenger Car,Disabling,N,Stopped in Traffic Lane,2015-02-18 7:34,18,39.51748322,-76.26574828
N,Apparently Normal,No Misuse,Y,No Injury,f30f759d-5ef1-4355-b994-ef8726306d77,D,MSP6085002Q,Shoulder/Lap Belt(s),M,2b873425-0c0d-4b85-a113-acc19ec15f9e,Same Direction Rear End,N,Intersection,Right Turn Lane,Daylight,No Defects,"Two-way, Not Divided",Dry,Clear,Twelve o'clock,Passenger Car,Disabling,N,Moving Constant Speed,2015-02-18 7:34,22,39.51748322,-76.26574828
N,Apparently Normal,No Misuse,Y,No Injury,0ef55ec6-150e-4d30-909c-cd48f20b8906,D,MSP6085002R,Shoulder/Lap Belt(s),F,19fb94e4-5255-45ce-96a0-45d6edeeeda0,Same Direction Rear End,N,Intersection Related,Left Turn Lane,Daylight,No Defects,"Two-way, Divided, Positive Median Barrier",Dry,Clear,Twelve o'clock,"Other Light Trucks (10,000 lbs (4,536 kg))",Disabling,N,Moving Constant Speed,2015-02-24 16:14,31,39.45124595,-76.30505237