CDL_FLAG,CONDITION_CODE,EQUIP_PROB_CODE,FAULT_FLAG,INJ_SEVER_CODE,PERSON_ID,PERSON_TYPE,REPORT_NO,SAF_EQUIP_CODE,SEX_CODE,VEHICLE_ID,COLLISION_TYPE_CODE,C_M_ZONE_FLAG,JUNCTION_CODE,LANE_CODE,LIGHT_CODE,RD_COND_CODE,RD_DIV_CODE,SURF_COND_CODE,WEATHER_CODE,AREA_DAMAGED_CODE_MAIN,BODY_TYPE_CODE,DAMAGE_CODE,HIT_AND_RUN_FLAG,MOVEMENT_CODE,TIME,AGE,LATITUDE,LONGITUDE
N,Apparently Normal,No Misuse,Y,No Injury,9c1c4921-8fe5-4034-ab0f-669a3469a1fb,D,MSP6477000Q,Shoulder/Lap Belt(s),F,4df5d352-21d8-490e-aa12-49f6173a11d3,Single Vehicle ,N,Non Intersection,Right Turn Lane,Daylight,No Defects,"Two-way, Divided, Positive Median Barrier",Ice,Sleet,Twelve o'clock,Passenger Car,Disabling,N,Moving Constant Speed,2015-03-01 12:08,21,39.08524317,-77.17312417
N,Apparently Normal,No Misuse,N,No Injury,77117e59-42bf-496b-b14c-3f5d380e5060,D,MSP6479000B,Shoulder/Lap Belt(s),F,6823f9de-0773-48eb-b8bd-e2c5276a27ae,Same Movement Angle,N,Intersection,Right Turn Lane,Daylight,No Defects,"Two-way, Not Divided",Dry,Clear,Twelve o'clock,(Sport) Utility Vehicle,Disabling,N,Moving Constant Speed,2015-03-21 15:02,31,39.638872,-78.83079183
N,Apparently Normal,No Misuse,Y,No Injury,0334a41e-c193-4ca3-b2fc-1f432b992e23,D,MSP6479000B,Shoulder/Lap Belt(s),F,b08e8319-8a5f-4067-a0f5-2d4c4626c2ba,Same Movement Angle,N,Intersection,Right Turn Lane,Daylight,No Defects,"Two-way, Not Divided",Dry,Clear,Twelve o'clock,Passenger Car,Disabling,N,Right Turn on Red,2015-03-21 15:02,20,39.638872,-78.83079183
N,Apparently Normal,No Misuse,N,No Injury,8cefe1e1-43c6-4ec1-ab3a-1bfe56228735,D,MSP6488000C,Shoulder/Lap Belt(s),F,ae734e47-1f79-490a-a05a-ac6d98ed8fb7,Same Direction Sideswipe,N,Non Intersection,Acceleration Lane,Daylight,No Defects,"Two-way, Divided, Positive Median Barrier",Dry,Clear,Eight o'clock,Passenger Car,Functional,N,Moving Constant Speed,2015-01-28 9:32,46,39.01015283,-77.08954833
Y,Apparently Normal,No Misuse,Y,No Injury,9e8b3d95-f0e8-4b91-8c9c-78b77276aeec,D,MSP6488000C,Shoulder/Lap Belt(s),M,f0f1edbb-38e5-4b30-b07a-6c32e8fffa91,Same Direction Sideswipe,N,Non Intersection,Acceleration Lane,Daylight,No Defects,"Two-way, Divided, Positive Median Barrier",Dry,Clear,Twelve o'clock,"Medium/Heavy Truck 2 axles (10,000 lbs (4,536 kg) or less)",Functional,N,Changing Lanes,2015-01-28 9:32,62,39.01015283,-77.08954833
N,Apparently Normal,No Misuse,Y,Non-incapacitating Injury,7985a1c8-ad52-41c9-bb85-c43519ef33c3,D,MSP6488000J,Shoulder/Lap Belt(s),F,877bee2b-a8f4-4018-8020-ed6f4ccca697,Same Direction Rear End,N,Non Intersection,Acceleration Lane,Dark Lights On,No Defects,"Two-way, Divided, Positive Median Barrier",Dry,Clear,Twelve o'clock,Passenger Car,Disabling,N,Slowing or Stopping,2015-02-24 18:59,61,39.01718867,-77.0999895
N,Apparently Normal,No Misuse,N,No Injury,276eea96-2d33-4b32-bff5-e477166470cd,D,MSP6488000K,Shoulder/Lap Belt(s),F,67350c74-258c-45a6-8976-28e507c18b44,Same Direction Rear End,N,Non Intersection,Right Turn Lane,Dusk,No Defects,"Two-way, Divided, Positive Median Barrier",Dry,Clear,Six o'clock,Passenger Car,Functional,N,Slowing or Stopping,2015-02-28 17:45,41,39.01412233,-77.05631733
N,Apparently Normal,No Misuse,N,No Injury,60306d2d-d6df-4812-8183-9ef4d8ffe7c0,D,MSP6488000K,Shoulder/Lap Belt(s),F,0ba792c5-e981-4045-b48d-7bf0af19dc78,Same Direction Rear End,N,Non Intersection,Right Turn Lane,Dusk,No Defects,"Two-way, Divided, Positive Median Barrier",Dry,Clear,Six o'clock,Passenger Car,Functional,N,Slowing or Stopping,2015-02-28 17:45,29,39.01412233,-77.05631733
N,Apparently Normal,No Misuse,Y,No Injury,ddd69cd1-1cd4-4c95-b018-b417db7bf3a3,D,MSP6488000K,Shoulder/Lap Belt(s),F,e82e57eb-9c0d-4b1b-bcd8-9422f74ce004,Same Direction Rear End,N,Non Intersection,Right Turn Lane,Dusk,No Defects,"Two-way, Divided, Positive Median Barrier",Dry,Clear,Twelve o'clock,Passenger Car,Disabling,N,Slowing or Stopping,2015-02-28 17:45,26,39.01412233,-77.05631733
N,Apparently Normal,No Misuse,N,No Injury,0328917e-66c9-4621-ba90-c9a35893a6d6,D,MSP6488000K,Shoulder/Lap Belt(s),M,affcaa9b-891f-4b68-b595-9c4fe33cd954,Same Direction Rear End,N,Non Intersection,Right Turn Lane,Dusk,No Defects,"Two-way, Divided, Positive Median Barrier",Dry,Clear,Twelve o'clock,Passenger Car,Disabling,N,Slowing or Stopping,2015-02-28 17:45,50,39.01412233,-77.05631733
N,Apparently Normal,No Misuse,N,No Injury,0b27a835-cadf-4dbc-9700-7571c220c8c6,D,MSP6488000R,Shoulder/Lap Belt(s),F,55660280-b4d7-4c2d-a367-007abe4d11fa,Same Direction Rear End,N,Non Intersection,Left Turn Lane,Daylight,No Defects,"Two-way, Divided, Positive Median Barrier",Dry,Clear,Six o'clock,Passenger Car,Functional,N,Slowing or Stopping,2015-03-25 19:18,40,38.99012167,-77.157146
N,Apparently Normal,No Misuse,Y,No Injury,1692d31d-9a2f-42ad-8a56-d652672fed77,D,MSP6488000R,Shoulder/Lap Belt(s),F,8808fa53-15a7-4176-906d-bd1b94e24618,Same Direction Rear End,N,Non Intersection,Left Turn Lane,Daylight,No Defects,"Two-way, Divided, Positive Median Barrier",Dry,Clear,Twelve o'clock,Van,Disabling,N,Slowing or Stopping,2015-03-25 19:18,22,38.99012167,-77.157146
N,Apparently Normal,No Misuse,N,No Injury,a2396750-aa95-4628-ac1d-06eaf2471678,D,MSP6489001B,Shoulder/Lap Belt(s),F,1eaf09ce-90ae-4d43-9253-882374d35e11,Same Direction Rear End,N,Non Intersection,Right Turn Lane,Dark Lights On,No Defects,"Two-way, Divided, Positive Median Barrier",Dry,Clear,Six o'clock,Passenger Car,Disabling,N,Slowing or Stopping,2015-02-04 18:54,50,39.40488888,-76.57309771
N,Apparently Normal,No Misuse,N,No Injury,f0e421d6-3d44-41be-b1a6-ceb52f876657,D,MSP6489001B,Shoulder/Lap Belt(s),F,888c5ed3-b36a-42b8-99f7-3dc095dddd7e,Same Direction Rear End,N,Non Intersection,Right Turn Lane,Dark Lights On,No Defects,"Two-way, Divided, Positive Median Barrier",Dry,Clear,Six o'clock,Van,Functional,N,Slowing or Stopping,2015-02-04 18:54,37,39.40488888,-76.57309771
N,Apparently Normal,No Misuse,Y,No Injury,a98ca044-4184-4313-970c-c87be0e2755f,D,MSP6489001B,Shoulder/Lap Belt(s),F,ac9e506d-ed96-43e2-9117-25b6a59e831a,Same Direction Rear End,N,Non Intersection,Right Turn Lane,Dark Lights On,No Defects,"Two-way, Divided, Positive Median Barrier",Dry,Clear,Twelve o'clock,Passenger Car,Functional,N,Moving Constant Speed,2015-02-04 18:54,21,39.40488888,-76.57309771
N,Apparently Normal,No Misuse,N,No Injury,ce2b2909-e629-4bc6-bc1b-da1d28fc4f34,D,MSP64910005,Shoulder/Lap Belt(s),F,860fa837-f982-4576-ae8a-6274a5ce7612,Head On Left Turn,N,Non Intersection,Left Turn Lane,Daylight,No Defects,"Two-way, Divided, Positive Median Barrier",Wet,Raining,Eleven o'clock,Passenger Car,Disabling,N,Moving Constant Speed,2015-03-20 14:12,25,38.63889883,-76.92784133
N,Had Been Drinking,No Misuse,Y,No Injury,0d77f7c4-d965-45fd-8d4e-a651c2052708,D,MSP64910005,Shoulder/Lap Belt(s),M,b208dedf-2276-454f-884f-69d1a6663a8f,Head On Left Turn,N,Non Intersection,Left Turn Lane,Daylight,No Defects,"Two-way, Divided, Positive Median Barrier",Wet,Raining,Twelve o'clock,Passenger Car,Disabling,N,Making Left Turn,2015-03-20 14:12,36,38.63889883,-76.92784133
N,Apparently Normal,No Misuse,N,No Injury,9db0d598-0d6c-4332-bbb3-12254c548c95,D,MSP64970005,Shoulder/Lap Belt(s),F,e12c4f48-50e5-4ef5-81d2-ab55fec32872,Same Direction Sideswipe,N,Non Intersection,Left Turn Lane,Dark Lights On,No Defects,"Two-way, Divided, Positive Median Barrier",Dry,Clear,Seven o'clock,Passenger Car,Functional,N,Moving Constant Speed,2015-02-07 1:18,36,38.85732833,-76.85233
N,Apparently Normal,No Misuse,Y,No Injury,da860a56-062f-4d57-94c7-de12aeeee93d,D,MSP64970009,Shoulder/Lap Belt(s),F,3e5d222d-eff5-42fa-9014-329ef8d8c7e3,Angle Meets Right Turn,N,Intersection,Acceleration Lane,Daylight,No Defects,"Two-way, Divided, Positive Median Barrier",Dry,Clear,Twelve o'clock,Passenger Car,Disabling,N,Making Right Turn,2015-02-20 16:40,25,38.81743345,-76.73716843
N,Apparently Normal,No Misuse,N,No Injury,661ca575-4c75-434e-9fa3-e5ae96149ea5,D,MSP64970009,Shoulder/Lap Belt(s),M,a1e8f025-e3fe-42d7-a35c-1d00a6a82cbe,Angle Meets Right Turn,N,Intersection,Acceleration Lane,Daylight,No Defects,"Two-way, Divided, Positive Median Barrier",Dry,Clear,Six o'clock,Recreational Vehicle,Functional,N,Moving Constant Speed,2015-02-20 16:40,48,38.81743345,-76.73716843
N,Apparently Normal,No Misuse,Y,No Injury,6cc7f24e-4abf-431a-bd0f-659970642e81,D,MSP6497000B,Shoulder/Lap Belt(s),F,a3f2123c-297a-4969-98ea-9d0a7cc9a220,Same Direction Rear End,N,Non Intersection,Acceleration Lane,Daylight,No Defects,"Two-way, Divided, Positive Median Barrier",Dry,Clear,Twelve o'clock,Passenger Car,Disabling,N,Moving Constant Speed,2015-02-22 16:15,33,38.94048233,-76.7176745
Y,Apparently Normal,No Misuse,N,No Injury,554a298c-d3c1-46a4-a8a2-a9bff4f71d89,D,MSP6497000B,Shoulder/Lap Belt(s),M,d750126a-d6b1-44d4-a88b-fb8916683e09,Same Direction Rear End,N,Non Intersection,Acceleration Lane,Daylight,No Defects,"Two-way, Divided, Positive Median Barrier",Dry,Clear,Six o'clock,Truck Tractor,Superficial,N,Moving Constant Speed,2015-02-22 16:15,44,38.94048233,-76.7176745
N,Apparently Normal,No Misuse,Y,No Injury,466bddc0-11e0-4dae-94ec-f496768c2675,D,MSP6497000H,Shoulder/Lap Belt(s),F,0f55dd0a-5bcc-46c3-804c-a352c44aae97,Same Direction Sideswipe,N,Non Intersection,Acceleration Lane,Daylight,No Defects,"Two-way, Divided, Positive Median Barrier",Dry,Clear,Five o'clock,Passenger Car,Disabling,N,Changing Lanes,2015-03-17 15:38,75,38.847185,-76.86200767
Y,Apparently Normal,No Misuse,N,No Injury,589c2698-a0b8-440a-b331-0c193286cda7,D,MSP6497000H,None  ,M,38ad77ad-014b-41b4-94b0-d4c74df04eb3,Same Direction Sideswipe,N,Non Intersection,Acceleration Lane,Daylight,No Defects,"Two-way, Divided, Positive Median Barrier",Dry,Clear,Twelve o'clock,Truck Tractor,Superficial,N,Moving Constant Speed,2015-03-17 15:38,62,38.847185,-76.86200767
N,Apparently Normal,No Misuse,N,No Injury,4668de08-7c85-4aaa-be3a-a3a359845fc9,D,MSP6497000K,Shoulder/Lap Belt(s),F,9e693cc8-95dd-4feb-be16-9bf031588841,Same Direction Rear End,N,Non Intersection,Left Turn Lane,Daylight,No Defects,"Two-way, Divided, Positive Median Barrier",Dry,Clear,Six o'clock,Recreational Vehicle,Functional,N,Moving Constant Speed,2015-03-30 18:49,43,38.92175567,-76.7178665
N,Apparently Normal,No Misuse,N,No Injury,7dc56fa6-9ad6-4034-9a87-28089109ede9,D,MSP6498000C,Shoulder/Lap Belt(s),F,e10b403d-7be4-4ac5-9b38-e46512a3fc1b,Same Direction Rear End,N,Intersection,Acceleration Lane,Daylight,No Defects,"Two-way, Divided, Positive Median Barrier",Dry,Clear,Six o'clock,Passenger Car,Superficial,N,Slowing or Stopping,2015-01-28 14:57,66,39.57234738,-76.98329866
N,Apparently Normal,No Misuse,N,No Injury,aaaf7a17-5a66-4ba3-9c3a-5bf8446fbf88,D,MSP6498000C,Shoulder/Lap Belt(s),M,20cf52ee-c42b-464c-9a6b-e0e4dedc26e8,Same Direction Rear End,N,Intersection,Acceleration Lane,Daylight,No Defects,"Two-way, Divided, Positive Median Barrier",Dry,Clear,Six o'clock,Pickup Truck,Superficial,N,Stopped in Traffic Lane,2015-01-28 14:57,25,39.57234738,-76.98329866
N,Apparently Normal,No Misuse,Y,No Injury,f29edd73-c889-4f15-a2df-63b4b755649b,D,MSP6498000C,Shoulder/Lap Belt(s),M,440c7e7a-61d1-49a2-a6ba-353db41e64fa,Same Direction Rear End,N,Intersection,Acceleration Lane,Daylight,No Defects,"Two-way, Divided, Positive Median Barrier",Dry,Clear,Twelve o'clock,Passenger Car,Functional,N,Moving Constant Speed,2015-01-28 14:57,64,39.57234738,-76.98329866
N,Apparently Normal,No Misuse,N,No Injury,1d1e8697-9274-45c1-b5dc-4f53119c23fa,D,MSP6498000G,Shoulder/Lap Belt(s),F,538860d1-b054-4041-8c05-00a4b21899c6,Same Direction Rear End,N,Intersection Related,Left Turn Lane,Daylight,No Defects,"Two-way, Divided, Unprotected (painted >4 feet) Median",Dry,Clear,Six o'clock,Passenger Car,Superficial,N,Stopped in Traffic Lane,2015-02-15 13:41,22,39.49065867,-76.8839745
Y,Apparently Normal,No Misuse,Y,No Injury,8ce26100-ea3f-4c35-b7fb-b16c542c215b,D,MSP65010005,Shoulder/Lap Belt(s),F,88c18694-8b9e-4a8d-aba3-45cf853470b0,Single Vehicle ,N,Non Intersection,Right Turn Lane,Dark Lights On,No Defects,"Two-way, Divided, Positive Median Barrier",Slush,Wintry Mix,Nine o'clock,Pickup Truck,Disabling,N,Moving Constant Speed,2015-01-14 4:00,32,38.28197853,-75.64988941
Y,Apparently Normal,No Misuse,Y,No Injury,020b981b-a614-4b46-bbce-1fee4771f72e,D,MSP65010007,Shoulder/Lap Belt(s),F,d471c925-c808-48a7-806b-dc2c13f0366c,Same Movement Angle,N,Intersection,Right Turn Lane,Daylight,No Defects,"Two-way, Divided, Positive Median Barrier",Dry,Clear,Eight o'clock,Passenger Car,Disabling,N,Accelerating,2015-01-25 11:13,59,38.24824326,-75.675762
N,Apparently Normal,No Misuse,N,Non-incapacitating Injury,d3f72177-fff4-40e7-9eeb-e9fbc46d08cd,D,MSP65010007,Shoulder/Lap Belt(s),F,879a8c21-1e7d-4721-8b1c-f609af28d5e0,Same Movement Angle,N,Intersection,Right Turn Lane,Daylight,No Defects,"Two-way, Divided, Positive Median Barrier",Dry,Clear,Twelve o'clock,Passenger Car,Disabling,N,Moving Constant Speed,2015-01-25 11:13,52,38.24824326,-75.675762
N,Apparently Normal,No Misuse,N,No Injury,a41c313a-8c51-460a-bccb-d64ca9706d6f,D,MSP65020004,Shoulder/Lap Belt(s),F,ecdf0763-70be-43a9-81f8-1176f7021b3c,Same Direction Rear End,N,Non Intersection,Deceleration Lane,Daylight,No Defects,"Two-way, Divided, Positive Median Barrier",Dry,Clear,Six o'clock,(Sport) Utility Vehicle,Functional,N,Slowing or Stopping,2015-01-15 15:30,56,38.8408725,-76.86564167
N,Apparently Normal,No Misuse,Y,No Injury,e8b9397f-7204-4c0e-8e34-9721d244c398,D,MSP65020004,Shoulder/Lap Belt(s),F,2370087a-9843-4b71-852d-5397d6b55777,Same Direction Rear End,N,Non Intersection,Deceleration Lane,Daylight,No Defects,"Two-way, Divided, Positive Median Barrier",Dry,Clear,Twelve o'clock,Passenger Car,Disabling,N,Moving Constant Speed,2015-01-15 15:30,21,38.8408725,-76.86564167
N,Apparently Normal,No Misuse,Y,No Injury,4272ba15-c218-4b73-9f97-37a4eedea9a5,D,MSP65020009,Shoulder/Lap Belt(s),F,dbf91b77-0941-4759-8e59-7e4cde402603,Same Movement Angle,N,Intersection,Left Turn Lane,Daylight,No Defects,"Two-way, Divided, Unprotected (painted >4 feet) Median",Dry,Clear,Eight o'clock,Passenger Car,Disabling,N,Moving Constant Speed,2015-01-29 10:05,51,38.90330167,-76.74272683
N,Apparently Normal,No Misuse,N,Non-incapacitating Injury,e0bc405d-375e-4bc3-ad33-e7ef28156327,D,MSP65020009,Shoulder/Lap Belt(s),F,a2ada84f-d481-4681-b6ee-d7508ef0c27d,Same Movement Angle,N,Intersection,Left Turn Lane,Daylight,No Defects,"Two-way, Divided, Unprotected (painted >4 feet) Median",Dry,Clear,Twelve o'clock,Passenger Car,Disabling,N,Starting From Lane,2015-01-29 10:05,78,38.90330167,-76.74272683
N,Apparently Normal,No Misuse,N,Non-incapacitating Injury,eb1c4ace-3362-4056-b91f-d9fa6201fb00,D,MSP6502000C,Shoulder/Lap Belt(s),F,a20efc44-3db4-4ae5-81bb-5889f0018eca,Same Movement Angle,N,Intersection,Left Turn Lane,Daylight,No Defects,"Two-way, Divided, Unprotected (painted >4 feet) Median",Dry,Clear,Two o'clock,Passenger Car,Disabling,N,Starting From Lane,2015-02-05 17:26,19,38.87413517,-76.78424667
N,Apparently Normal,No Misuse,Y,No Injury,f2173525-4eba-4bcb-9d70-106cdca7aceb,D,MSP6502000C,Shoulder/Lap Belt(s),M,bbc84f6c-e8e3-4a82-bc39-d9aaee1957e9,Same Movement Angle,N,Intersection,Left Turn Lane,Daylight,No Defects,"Two-way, Divided, Unprotected (painted >4 feet) Median",Dry,Clear,Twelve o'clock,Passenger Car,Disabling,N,Moving Constant Speed,2015-02-05 17:26,24,38.87413517,-76.78424667
N,Apparently Normal,No Misuse,N,No Injury,92dc46e5-6457-4059-a21a-019e01d16026,D,MSP6502000D,Shoulder/Lap Belt(s),F,71412324-0646-439e-9093-a98801f85044,Same Direction Rear End,N,Non Intersection,Right Turn Lane,Dusk,No Defects,"Two-way, Divided, Positive Median Barrier",Dry,Clear,Six o'clock,Passenger Car,Disabling,N,Slowing or Stopping,2015-02-06 17:37,49,38.7946095,-77.01917533
N,Apparently Normal,No Misuse,Y,No Injury,b6e6f830-692b-42be-8cfb-2ddc5da7c2c6,D,MSP6502000D,Shoulder/Lap Belt(s),F,3411e8b3-5173-47c1-9393-e7f665351998,Same Direction Rear End,N,Non Intersection,Right Turn Lane,Dusk,No Defects,"Two-way, Divided, Positive Median Barrier",Dry,Clear,Twelve o'clock,Passenger Car,Functional,N,Moving Constant Speed,2015-02-06 17:37,21,38.7946095,-77.01917533
N,Apparently Normal,No Misuse,N,No Injury,ac444c4d-98b1-4135-b82e-ed5901fbe22b,D,MSP6502000D,Shoulder/Lap Belt(s),M,6e89828a-37a1-4d73-bebe-dbd8b639fa85,Same Direction Rear End,N,Non Intersection,Right Turn Lane,Dusk,No Defects,"Two-way, Divided, Positive Median Barrier",Dry,Clear,Six o'clock,Passenger Car,Functional,N,Stopped in Traffic Lane,2015-02-06 17:37,46,38.7946095,-77.01917533
N,Apparently Normal,No Misuse,N,No Injury,ad9f6e36-cdee-49a6-92fa-d1484fac7bcc,D,MSP6502000M,Shoulder/Lap Belt(s),F,9556c603-8777-4d6a-a291-96c228424581,Same Direction Rear End,N,Intersection,Right Turn Lane,Daylight,No Defects,"Two-way, Divided, Positive Median Barrier",Dry,Clear,Six o'clock,Passenger Car,Functional,N,Stopped in Traffic Lane,2015-03-21 9:00,67,38.88837726,-76.8205905
N,Apparently Normal,No Misuse,N,No Injury,bacb4a49-5119-485e-91ec-6bc3c2b3af0c,D,MSP6502000M,Shoulder/Lap Belt(s),F,97555df9-20d3-4909-9cf9-38da6b823ae1,Same Direction Rear End,N,Intersection,Right Turn Lane,Daylight,No Defects,"Two-way, Divided, Positive Median Barrier",Dry,Clear,Six o'clock,Passenger Car,Disabling,N,Stopped in Traffic Lane,2015-03-21 9:00,48,38.88837726,-76.8205905
N,Apparently Normal,No Misuse,Y,No Injury,6c17f114-5d86-46cf-a111-f596b413f5ef,D,MSP6502000M,Shoulder/Lap Belt(s),M,2ff5fe14-f814-4799-9348-db003d0f858e,Same Direction Rear End,N,Intersection,Right Turn Lane,Daylight,No Defects,"Two-way, Divided, Positive Median Barrier",Dry,Clear,Twelve o'clock,"Other Light Trucks (10,000 lbs (4,536 kg))",Disabling,N,Moving Constant Speed,2015-03-21 9:00,52,38.88837726,-76.8205905
N,Apparently Normal,No Misuse,Y,No Injury,685f799b-ac8f-4351-bf94-49539c029a48,D,MSP6502000N,Shoulder/Lap Belt(s),F,50cc68f7-f4ce-49ec-9b9e-37b91c95058c,Same Direction Rear End,N,Intersection,Left Turn Lane,Daylight,No Defects,"Two-way, Divided, Positive Median Barrier",Dry,Clear,Twelve o'clock,Passenger Car,Disabling,N,Moving Constant Speed,2015-03-22 9:02,65,38.66411731,-76.87479258
N,Apparently Normal,No Misuse,N,Non-incapacitating Injury,b77f07f0-cb70-4562-83fa-07f13f9bbff2,D,MSP6502000N,Shoulder/Lap Belt(s),F,3503b342-3dcb-4822-9090-f9b5e2e8a430,Same Direction Rear End,N,Intersection,Left Turn Lane,Daylight,No Defects,"Two-way, Divided, Positive Median Barrier",Dry,Clear,Six o'clock,Passenger Car,Disabling,N,Stopped in Traffic Lane,2015-03-22 9:02,44,38.66411731,-76.87479258
N,Apparently Normal,No Misuse,N,No Injury,e992798c-b658-4c8a-a4e9-6317d51260c6,D,MSP6502000P,Shoulder/Lap Belt(s),F,e745c1cf-82f8-4eed-a152-24be92e22f75,Same Direction Sideswipe,N,Intersection,Left Turn Lane,Daylight,No Defects,"Two-way, Divided, Positive Median Barrier",Dry,Clear,Seven o'clock,Passenger Car,Disabling,N,Moving Constant Speed,2015-03-23 8:08,23,38.70233517,-76.87630717
N,Apparently Normal,No Misuse,N,No Injury,22091af6-e8be-4901-9ebf-437614960d27,D,MSP6502000P,Shoulder/Lap Belt(s),M,18837b21-1aef-4cc0-9757-f620f09ec7c2,Same Direction Sideswipe,N,Intersection,Left Turn Lane,Daylight,No Defects,"Two-way, Divided, Positive Median Barrier",Dry,Clear,Twelve o'clock,Passenger Car,Disabling,N,Stopped in Traffic Lane,2015-03-23 8:08,58,38.70233517,-76.87630717
N,Apparently Normal,No Misuse,N,No Injury,3d5511f3-1cfe-4427-a085-d9dd4df22559,D,MSP6502000P,Shoulder/Lap Belt(s),M,7636a10c-9157-4166-8fbc-a50dc3dd904d,Same Direction Sideswipe,N,Intersection,Left Turn Lane,Daylight,No Defects,"Two-way, Divided, Positive Median Barrier",Dry,Clear,Twelve o'clock,Passenger Car,Disabling,N,Moving Constant Speed,2015-03-23 8:08,47,38.70233517,-76.87630717
N,Apparently Normal,No Misuse,Y,No Injury,bd7d5fd4-a3be-4dfe-989a-ed8c676a6639,D,MSP6502000P,Shoulder/Lap Belt(s),M,53fcd8e0-f16b-4b5e-975b-7a6c4877ea88,Same Direction Sideswipe,N,Intersection,Left Turn Lane,Daylight,No Defects,"Two-way, Divided, Positive Median Barrier",Dry,Clear,One o'clock,Passenger Car,Functional,N,Moving Constant Speed,2015-03-23 8:08,31,38.70233517,-76.87630717
N,Apparently Normal,No Misuse,Y,No Injury,55dacb49-1b33-487a-8003-9c1c65ec5d31,D,MSP6502000R,Shoulder/Lap Belt(s),F,0c6f16c7-60e1-4d0b-a699-14f084e0073c,Same Direction Sideswipe,N,Non Intersection,Left Turn Lane,Daylight,No Defects,"Two-way, Divided, Positive Median Barrier",Dry,Clear,Eleven o'clock,Passenger Car,Disabling,N,Moving Constant Speed,2015-03-23 11:57,21,38.89851717,-76.7176885
Y,Apparently Normal,No Misuse,N,No Injury,3fcff0fb-cf3e-4599-ba1b-8a831da68328,D,MSP6502000R,Shoulder/Lap Belt(s),M,3b187798-d567-434c-9ebd-598756e67245,Same Direction Sideswipe,N,Non Intersection,Left Turn Lane,Daylight,No Defects,"Two-way, Divided, Positive Median Barrier",Dry,Clear,Four o'clock,"Medium/Heavy Truck 2 axles (10,000 lbs (4,536 kg) or less)",Functional,N,Moving Constant Speed,2015-03-23 11:57,50,38.89851717,-76.7176885
N,Apparently Normal,No Misuse,N,No Injury,f66b3c0b-f399-4f7e-a782-00b6578dea09,D,MSP65030006,Shoulder/Lap Belt(s),F,17eb54b3-b65f-4103-aa8e-0a392238ba5f,Head On Left Turn,N,Intersection,Right Turn Lane,Daylight,No Defects,"Two-way, Not Divided",Dry,Clear,Twelve o'clock,"Other Light Trucks (10,000 lbs (4,536 kg))",Superficial,N,Slowing or Stopping,2015-02-11 16:07,80,39.70071529,-76.04624748
N,Apparently Normal,No Misuse,N,No Injury,8dad03ca-5e94-48b5-8133-e7c90044b20f,D,MSP6505000C,Shoulder/Lap Belt(s),F,82e38d80-39c9-441a-b8f0-2333ec01d423,Same Direction Rear End,N,Non Intersection,Right Turn Lane,Daylight,No Defects,"Two-way, Divided, Positive Median Barrier",Dry,Clear,Six o'clock,Passenger Car,Superficial,N,Moving Constant Speed,2015-02-16 15:06,44,39.34418835,-77.38737345
N,Apparently Normal,No Misuse,Y,No Injury,6793988d-5e2f-4135-8a91-1a919e2f2c5e,D,MSP6505000C,Shoulder/Lap Belt(s),F,1032d17d-f86c-4985-8f98-9695d4041482,Same Direction Rear End,N,Non Intersection,Right Turn Lane,Daylight,No Defects,"Two-way, Divided, Positive Median Barrier",Dry,Clear,Twelve o'clock,Passenger Car,Disabling,N,Moving Constant Speed,2015-02-16 15:06,42,39.34418835,-77.38737345
N,Apparently Normal,No Misuse,Y,No Injury,d0caaf1c-feef-4101-8ff7-19e082f5bc80,D,MSP65070007,Shoulder/Lap Belt(s),F,940624a9-0273-4ee6-aacd-87edc6c5cb64,Single Vehicle ,N,Non Intersection,Right Turn Lane,Dark Lights On,No Defects,"Two-way, Not Divided",Dry,Clear,Twelve o'clock,Passenger Car,Disabling,N,Moving Constant Speed,2015-03-15 10:58,22,38.66519749,-76.53083118
Y,Apparently Normal,No Misuse,N,No Injury,3ae674d7-8e23-4c06-a554-e4964d7175de,D,MTA01160009,Shoulder/Lap Belt(s),F,e4f77cbc-ca0e-4b67-ab4b-2237fc7903c2,Same Direction Right Turn,N,Intersection Related,Right Turn Lane,Dawn,No Defects,One-way Trafficway,Dry,Clear,Eleven o'clock,Transit Bus,No Damage,N,Changing Lanes,2015-01-01 16:09,45,39.28769506,-76.61221504
N,Apparently Normal,No Misuse,Y,No Injury,8c891961-d2bf-4cdb-ad5c-49471daa0b8b,D,MTA01160009,Shoulder/Lap Belt(s),F,2f48b596-3817-4340-9dbe-f5989262f7ca,Same Direction Right Turn,N,Intersection Related,Right Turn Lane,Dawn,No Defects,One-way Trafficway,Dry,Clear,One o'clock,Passenger Car,Superficial,N,Accelerating,2015-01-01 16:09,37,39.28769506,-76.61221504
Y,Apparently Normal,No Misuse,N,No Injury,6d76d8d3-9b45-418a-8041-00c169e513d3,D,MTA01200009,Shoulder/Lap Belt(s),F,4bd78dfd-c1df-42f8-9308-44e26f9a7556,Same Direction Right Turn,N,Intersection Related,Left Turn Lane,Daylight,No Defects,"Two-way, Divided, Unprotected (painted >4 feet) Median",Dry,Cloudy,Eleven o'clock,Transit Bus,Superficial,N,Starting From Lane,2015-02-12 9:53,61,39.29498547,-76.65043116