CDL_FLAG,CONDITION_CODE,EQUIP_PROB_CODE,FAULT_FLAG,INJ_SEVER_CODE,PERSON_ID,PERSON_TYPE,REPORT_NO,SAF_EQUIP_CODE,SEX_CODE,VEHICLE_ID,COLLISION_TYPE_CODE,C_M_ZONE_FLAG,JUNCTION_CODE,LANE_CODE,LIGHT_CODE,RD_COND_CODE,RD_DIV_CODE,SURF_COND_CODE,WEATHER_CODE,AREA_DAMAGED_CODE_MAIN,BODY_TYPE_CODE,DAMAGE_CODE,HIT_AND_RUN_FLAG,MOVEMENT_CODE,TIME,AGE,LATITUDE,LONGITUDE
N,Apparently Normal,No Misuse,Y,No Injury,78de3581-027a-4d75-9f63-ef7b5ac5cc51,D,ZH0465000D,Shoulder/Lap Belt(s),F,e588a885-9cb6-49af-abbf-90be8acfbc73,Same Direction Rear End,N,Intersection Related,Left Turn Lane,Daylight,No Defects,"Two-way, Divided, Positive Median Barrier",Dry,Clear,Twelve o'clock,(Sport) Utility Vehicle,Superficial,Y,Moving Constant Speed,2015-01-13 11:10,60,38.62748,-76.91969167
N,Apparently Normal,No Misuse,N,No Injury,5dd42349-8e60-4218-a5ee-4ecc6fcd81ba,D,ZH0481000G,Shoulder/Lap Belt(s),F,82a54572-8493-4a17-ba5f-9227fd2e14d5,Same Direction Sideswipe,N,Non Intersection,Left Turn Lane,Daylight,No Defects,"Two-way, Divided, Positive Median Barrier",Ice,Sleet,Seven o'clock,Passenger Car,Superficial,N,Slowing or Stopping,2015-03-01 10:12,48,38.64293634,-76.93289995
N,Apparently Normal,No Misuse,Y,No Injury,e3f025dd-b80f-4cfd-a256-5feb3b919706,D,ZH0481000G,Shoulder/Lap Belt(s),F,03d8d5df-f5c8-485c-b738-04ac31d4f0a3,Same Direction Sideswipe,N,Non Intersection,Left Turn Lane,Daylight,No Defects,"Two-way, Divided, Positive Median Barrier",Ice,Sleet,One o'clock,Passenger Car,Superficial,N,Slowing or Stopping,2015-03-01 10:12,31,38.64293634,-76.93289995
N,Apparently Normal,No Misuse,N,No Injury,a2a5c2d9-a515-4c98-8d3a-cc76379cdde4,D,ZH05120006,Shoulder/Lap Belt(s),F,9cc6460c-38b0-465c-a52d-6608aea3d28a,Same Movement Angle,N,Intersection,Right Turn Lane,Daylight,No Defects,"Two-way, Not Divided",Dry,Clear,Two o'clock,Passenger Car,Superficial,N,Accelerating,2015-01-10 15:51,46,38.6090237,-77.01282978
N,Apparently Normal,No Misuse,Y,No Injury,1681c8ed-6490-4f9a-a5f9-8a751c25619a,D,ZH05120006,Shoulder/Lap Belt(s),F,83de7643-edcc-497a-93dc-762f710953b0,Same Movement Angle,N,Intersection,Right Turn Lane,Daylight,No Defects,"Two-way, Not Divided",Dry,Clear,Twelve o'clock,Passenger Car,Superficial,N,Accelerating,2015-01-10 15:51,28,38.6090237,-77.01282978
N,Apparently Normal,No Misuse,Y,No Injury,ca6797d2-6db8-4185-8f52-2d6dc203ff71,D,ZH0526000F,Shoulder/Lap Belt(s),F,0ea40398-cd85-46f5-88ae-5ef259711360,Same Movement Angle,N,Intersection Related,Right Turn Lane,Daylight,No Defects,"Two-way, Not Divided",Dry,Clear,Twelve o'clock,Passenger Car,Superficial,N,Making Left Turn,2015-02-19 12:23,19,38.56106101,-77.00590968
N,Apparently Normal,No Misuse,N,No Injury,867d31b8-0143-43cb-a131-41316cb3baae,D,ZH0526000F,Shoulder/Lap Belt(s),M,fe6e4ba2-f2f0-4ce3-a648-b43d7de38250,Same Movement Angle,N,Intersection Related,Right Turn Lane,Daylight,No Defects,"Two-way, Not Divided",Dry,Clear,Four o'clock,Passenger Car,Disabling,N,Moving Constant Speed,2015-02-19 12:23,23,38.56106101,-77.00590968
N,Apparently Normal,No Misuse,N,No Injury,44aca5c7-6f3b-43f8-99fa-b1e38c2ab09f,D,ZH05440003,Shoulder/Lap Belt(s),F,0d86d4c4-ebb2-4156-b3bf-1dcbb34ecd42,Same Direction Rear End,N,Intersection,Right Turn Lane,Dark Lights On,No Defects,"Two-way, Divided, Positive Median Barrier",Dry,Clear,Six o'clock,Passenger Car,Functional,N,Slowing or Stopping,2015-01-01 4:00,45,38.30415667,-77.18115333
N,Had Been Drinking,No Misuse,Y,No Injury,486ca462-2e04-4030-b155-b73897b25640,D,ZH05440003,Shoulder/Lap Belt(s),M,b40a7c28-99ef-4f73-a8b1-dc1b555b07a9,Same Direction Rear End,N,Intersection,Right Turn Lane,Dark Lights On,No Defects,"Two-way, Divided, Positive Median Barrier",Dry,Clear,Twelve o'clock,Passenger Car,Disabling,Y,Moving Constant Speed,2015-01-01 4:00,27,38.30415667,-77.18115333
N,Apparently Normal,No Misuse,N,No Injury,f65e31f6-5d5a-4aad-82db-1c19d6f03b4d,D,ZH0545000J,Shoulder/Lap Belt(s),F,5f16d5e7-0f06-419e-8817-2e41f521ccad,Same Direction Rear End,N,Non Intersection,Right Turn Lane,Dark No Lights,No Defects,"Two-way, Not Divided",Snow,Snow,Six o'clock,Passenger Car,Superficial,N,Moving Constant Speed,2015-02-21 23:04,20,38.63733842,-76.8959713
N,Apparently Normal,No Misuse,Y,No Injury,08d0d1c8-1d5d-4aeb-b5d6-013b4eb5bd37,D,ZH0546000H,Shoulder/Lap Belt(s),F,06593fe4-680a-44a1-a73f-5682f975614b,Single Vehicle ,N,Non Intersection,Left Turn Lane,Daylight,No Defects,"Two-way, Divided, Positive Median Barrier",Dry,Clear,One o'clock,Passenger Car,Disabling,N,Moving Constant Speed,2015-01-23 14:25,63,38.64037208,-76.90403938
N,Apparently Normal,No Misuse,N,No Injury,15f4f8bb-8bc1-49d0-9866-f87ceff35928,D,ZH0547000G,Shoulder/Lap Belt(s),F,5579f1f3-09fa-4b21-b54b-23eb7e621a28,Same Movement Angle,N,Intersection,Right Turn Lane,Dark Lights On,No Defects,"Two-way, Not Divided",Dry,Clear,Twelve o'clock,Passenger Car,Superficial,N,Moving Constant Speed,2015-01-25 0:46,39,38.6245152,-76.90837383
N,Apparently Normal,No Misuse,Y,No Injury,712ad667-e152-4bd4-beed-ad4ab245ded2,D,ZH0547000G,Shoulder/Lap Belt(s),M,2a5399c9-0151-4496-9166-8e553cc660be,Same Movement Angle,N,Intersection,Right Turn Lane,Dark Lights On,No Defects,"Two-way, Not Divided",Dry,Clear,Four o'clock,(Sport) Utility Vehicle,Disabling,N,Making Left Turn,2015-01-25 0:46,24,38.6245152,-76.90837383
N,Apparently Normal,No Misuse,Y,No Injury,78fe4143-11e8-420e-9cf6-ad2e0d5eb5ac,D,ZH0547000K,Shoulder/Lap Belt(s),F,2223565b-8060-4473-be84-325bfbe6d173,Head On Left Turn,N,Intersection,Left Turn Lane,Daylight,No Defects,"Two-way, Divided, Positive Median Barrier",Dry,Clear,Two o'clock,Passenger Car,Disabling,N,Making Right Turn,2015-03-30 8:42,19,38.609955,-76.974655
N,Apparently Normal,No Misuse,N,Possible Incapacitating Injury,eeab6c60-9895-4650-9ae3-fdd9276489cd,D,ZH0547000K,Shoulder/Lap Belt(s),F,ff4120e7-1fb5-402f-95b9-94166c03fd6b,Head On Left Turn,N,Intersection,Left Turn Lane,Daylight,No Defects,"Two-way, Divided, Positive Median Barrier",Dry,Clear,Twelve o'clock,Passenger Car,Disabling,N,Moving Constant Speed,2015-03-30 8:42,32,38.609955,-76.974655
N,Apparently Normal,No Misuse,Y,No Injury,6d8027b0-11e3-4c07-b08e-0b1c1a2b65e9,D,ZH05480007,Shoulder/Lap Belt(s),F,d5401a41-2000-4f4e-902b-685d3f3e7a55,Same Direction Rear End,N,Intersection,Right Turn Lane,Dark Lights On,No Defects,"Two-way, Divided, Positive Median Barrier",Dry,Clear,Twelve o'clock,Passenger Car,Disabling,N,Slowing or Stopping,2015-03-28 22:17,31,38.640565,-76.89740167
N,Apparently Normal,No Misuse,N,No Injury,04bfdcbb-fe6d-4716-8c13-31d97a3ca826,D,ZH05480007,Shoulder/Lap Belt(s),M,f2e5f102-fc4a-4041-95bc-646ea881dc63,Same Direction Rear End,N,Intersection,Right Turn Lane,Dark Lights On,No Defects,"Two-way, Divided, Positive Median Barrier",Dry,Clear,Six o'clock,Passenger Car,Disabling,N,Stopped in Traffic Lane,2015-03-28 22:17,19,38.640565,-76.89740167
N,Apparently Normal,No Misuse,Y,No Injury,bb805da0-0cf6-4f6c-92b3-6fd768f93fb8,D,ZH0568000P,Shoulder/Lap Belt(s),F,8a0fd6da-3239-4470-8086-e0fa1e695499,Single Vehicle ,N,Non Intersection,Right Turn Lane,Dark No Lights,No Defects,"Two-way, Divided, Positive Median Barrier",Snow,Snow,Seven o'clock,Passenger Car,Disabling,N,Moving Constant Speed,2015-02-26 6:11,25,38.64900833,-76.872845
N,Apparently Normal,No Misuse,Y,No Injury,7f00f47b-ed87-4cc8-9095-d0788e6cfa82,D,ZH05900006,Shoulder/Lap Belt(s),F,44a38806-7900-42c9-88b3-083c3ee98764,Same Movement Angle,N,Intersection Related,Right Turn Lane,Daylight,No Defects,"Two-way, Not Divided",Dry,Clear,Twelve o'clock,Passenger Car,Functional,N,Accelerating,2015-02-18 15:26,75,38.61365833,-76.77681
N,Apparently Normal,No Misuse,N,No Injury,0018d4b5-5e15-4cbc-9390-3cb423952ae3,D,ZH05900006,Shoulder/Lap Belt(s),M,908ad28d-1955-4c14-9cd6-8a0b6462c9ba,Same Movement Angle,N,Intersection Related,Right Turn Lane,Daylight,No Defects,"Two-way, Not Divided",Dry,Clear,Six o'clock,Passenger Car,Disabling,N,Moving Constant Speed,2015-02-18 15:26,36,38.61365833,-76.77681
N,Apparently Normal,No Misuse,Y,No Injury,a3faf087-14ec-474a-96bd-20346eea775a,D,ZH05930005,Shoulder/Lap Belt(s),F,4683e2fc-50fc-441f-9abb-00b231a4d777,Single Vehicle ,N,Non Intersection,Right Turn Lane,Dawn,No Defects,"Two-way, Not Divided",Dry,Clear,Twelve o'clock,(Sport) Utility Vehicle,No Damage,N,Accelerating,2015-01-06 7:11,52,38.6392659,-76.90109968
N,Apparently Normal,No Misuse,Y,No Injury,b8a2a40b-4c36-48f5-bbc0-445b60f4a49f,D,ZH05930006,Shoulder/Lap Belt(s),F,ee93674d-c2c0-4a25-99d9-69c4b4ffe60f,Same Movement Angle,N,Intersection,Right Turn Lane,Dark Lights On,No Defects,"Two-way, Divided, Positive Median Barrier",Dry,Clear,One o'clock,Passenger Car,Disabling,Y,Moving Constant Speed,2015-01-16 19:27,35,38.61814045,-76.94869816
N,Apparently Normal,No Misuse,N,Possible Incapacitating Injury,5264249f-3d69-4a4f-a212-ad35ea4ad82c,D,ZH05930006,Shoulder/Lap Belt(s),F,15e1003b-c405-4b72-8107-9ef54052089e,Same Movement Angle,N,Intersection,Right Turn Lane,Dark Lights On,No Defects,"Two-way, Divided, Positive Median Barrier",Dry,Clear,Twelve o'clock,Passenger Car,Destroyed,N,Accelerating,2015-01-16 19:27,27,38.61814045,-76.94869816
N,Apparently Normal,No Misuse,Y,No Injury,64ffd1bd-a43c-4de6-bf00-7420a20caf04,D,ZH0597000C,Shoulder/Lap Belt(s),F,07e1e51f-fc51-49d3-bc14-eec17261c4b0,Single Vehicle ,N,Non Intersection,Right Turn Lane,Dark Lights On,No Defects,"Two-way, Not Divided",Ice,Wintry Mix,Roof Top,Passenger Car,Functional,N,Moving Constant Speed,2015-02-21 21:16,48,38.52065493,-77.02703476
N,Apparently Normal,No Misuse,Y,No Injury,a4b9fc12-b06e-4780-9b2f-72508ea9174f,D,ZH06010002,Shoulder/Lap Belt(s),F,fe7bc57b-7cbb-4d5e-ae49-113d1fe2a1fc,Single Vehicle ,N,Non Intersection,Right Turn Lane,Daylight,No Defects,"Two-way, Not Divided",Ice,Wintry Mix,Twelve o'clock,Passenger Car,Disabling,N,Slowing or Stopping,2015-03-01 10:50,20,38.58270333,-77.12133833
N,Apparently Normal,No Misuse,Y,No Injury,f84b2def-d32c-4b12-a94a-b8fb51d1138a,D,ZJ02740011,Shoulder/Lap Belt(s),F,ea70b5c5-b61c-40da-b87b-f32018e140fb,Same Direction Sideswipe,N,Non Intersection,Left Turn Lane,Daylight,No Defects,One-way Trafficway,Wet,Cloudy,Two o'clock,Pickup Truck,Functional,Y,Moving Constant Speed,2015-02-02 11:48,41,39.41671467,-77.411841
N,Apparently Normal,No Misuse,Y,No Injury,364c712c-a44c-49a3-9643-c50e19122d51,D,ZJ02880004,Shoulder/Lap Belt(s),F,1d0f63dd-5880-4b6d-99e3-ac9762930f25,Same Direction Rear End,N,Intersection Related,Left Turn Lane,Dark Lights On,No Defects,"Two-way, Not Divided",Snow,Snow,Six o'clock,(Sport) Utility Vehicle,Superficial,N,Slowing or Stopping,2015-01-06 6:16,34,39.42870185,-77.43232727
N,Apparently Normal,No Misuse,Y,No Injury,3e375f3c-8fc3-45e9-929e-b7eef975647a,D,ZJ02910007,Shoulder/Lap Belt(s),F,f0ad1800-1b28-4831-bed5-64b0016ba168,Single Vehicle ,N,Non Intersection,Right Turn Lane,Dark No Lights,No Defects,"Two-way, Not Divided",Dry,Clear,Underside,(Sport) Utility Vehicle,Disabling,N,Moving Constant Speed,2015-01-31 23:00,48,39.61983818,-77.38370419
N,Apparently Normal,No Misuse,Y,No Injury,61c56c9f-bb7a-457b-95e4-3522e5a9b55a,D,ZJ02910008,Shoulder/Lap Belt(s),F,db22a165-d7e4-407a-bf67-a7a2233afda6,Single Vehicle ,N,Non Intersection,Right Turn Lane,Dark No Lights,No Defects,"Two-way, Not Divided",Snow,Severe Winds,Seven o'clock,Passenger Car,Disabling,N,Moving Constant Speed,2015-02-19 4:00,23,39.59096481,-77.36047626
N,Apparently Normal,No Misuse,N,No Injury,beee22dd-98c7-4783-9ae3-089915033a3f,D,ZJ03210006,Shoulder/Lap Belt(s),F,6f94a5c6-34a0-4c13-8db5-5c229e76cc8e,Same Movement Angle,N,Intersection,Right Turn Lane,Daylight,No Defects,"Two-way, Not Divided",Dry,Clear,Twelve o'clock,(Sport) Utility Vehicle,Functional,N,Moving Constant Speed,2015-02-20 16:05,68,39.44478736,-77.5449264
N,Apparently Normal,No Misuse,N,No Injury,98062b35-8ba8-46a4-80c6-c1fe068be207,D,ZJ03210006,Shoulder/Lap Belt(s),F,e01bf736-f5b9-4f7c-b1b9-d6cb96eae610,Same Movement Angle,N,Intersection,Right Turn Lane,Daylight,No Defects,"Two-way, Not Divided",Dry,Clear,Eleven o'clock,Passenger Car,Superficial,N,Stopped in Traffic Lane,2015-02-20 16:05,43,39.44478736,-77.5449264
N,Apparently Normal,No Misuse,Y,No Injury,246ae9be-13fa-41c2-b3b1-eb9b19338ac9,D,ZJ03210006,Shoulder/Lap Belt(s),F,62c1ceb0-5d30-46f4-a62a-3c493710e078,Same Movement Angle,N,Intersection,Right Turn Lane,Daylight,No Defects,"Two-way, Not Divided",Dry,Clear,Four o'clock,(Sport) Utility Vehicle,Functional,N,Accelerating,2015-02-20 16:05,17,39.44478736,-77.5449264
N,Apparently Normal,No Misuse,N,No Injury,9f08c57d-556e-4fba-8eca-8f3b9b102941,D,ZJ03300008,Shoulder/Lap Belt(s),F,7a13ff17-bbc1-4699-be15-041741207ef1,Single Vehicle ,N,Non Intersection,Right Turn Lane,Dawn,No Defects,"Two-way, Not Divided",Dry,Clear,Twelve o'clock,Passenger Car,Disabling,N,Moving Constant Speed,2015-02-23 6:10,40,39.48674067,-77.26802767
N,Apparently Normal,No Misuse,Y,No Injury,54188672-db0c-470d-ac3a-2af317de468a,D,ZJ0334000B,Shoulder/Lap Belt(s),F,0e1eafce-64fe-4066-9ce1-b556b8e0f978,Single Vehicle ,N,Non Intersection,Right Turn Lane,Dark No Lights,No Defects,"Two-way, Not Divided",Ice,Blowing Snow,One o'clock,Passenger Car,Functional,N,Skidding,2015-01-07 18:51,24,39.29167717,-77.45539383
N,Apparently Normal,No Misuse,N,No Injury,8c80895c-0201-41b3-8834-2b52464022a6,D,ZJ03390006,Shoulder/Lap Belt(s),F,a95c7458-b778-4368-9d61-623aec6a32ee,Same Movement Angle,N,Intersection,Right Turn Lane,Daylight,No Defects,"Two-way, Not Divided",Dry,Clear,One o'clock,(Sport) Utility Vehicle,Disabling,N,Moving Constant Speed,2015-02-11 8:04,28,39.39180612,-77.4224618
N,Apparently Normal,No Misuse,Y,No Injury,351d9f89-9527-4d19-bfdc-57686453215a,D,ZJ03480009,Shoulder/Lap Belt(s),F,c08678ac-57ef-432a-ab3b-0a6d17b9d133,Single Vehicle ,N,Non Intersection,Right Turn Lane,Daylight,Loose Surface Material,"Two-way, Not Divided",Ice,Wintry Mix,One o'clock,Passenger Car,Functional,N,Moving Constant Speed,2015-02-10 8:49,21,39.52225317,-77.31617633
N,Apparently Normal,No Misuse,Y,No Injury,792273ab-ead9-468f-a54a-053daceec38c,D,ZJ0348000D,Shoulder/Lap Belt(s),F,02fc5dfc-55c1-41b2-a5ad-07e04b8b914b,Head On Left Turn,N,Non Intersection,Right Turn Lane,Daylight,No Defects,"Two-way, Not Divided",Dry,Clear,One o'clock,Passenger Car,Disabling,N,Making Left Turn,2015-03-29 14:32,20,39.3775575,-77.47629283
N,Apparently Normal,No Misuse,N,No Injury,8a7ccc3c-d9d3-424f-aed7-9c50d5534fc0,D,ZJ0348000D,Shoulder/Lap Belt(s),M,78e323e9-5a74-4e8f-905d-28e26841e2e9,Head On Left Turn,N,Non Intersection,Right Turn Lane,Daylight,No Defects,"Two-way, Not Divided",Dry,Clear,Twelve o'clock,Passenger Car,Disabling,N,Moving Constant Speed,2015-03-29 14:32,64,39.3775575,-77.47629283
N,Apparently Normal,No Misuse,Y,No Injury,abc58f71-5fcc-4e4d-af01-5a8615b1d12a,D,ZJ03540006,Shoulder/Lap Belt(s),F,ca5aa4a2-a53c-4997-b06e-e2aaf478aa72,Single Vehicle ,N,Non Intersection,Right Turn Lane,Daylight,No Defects,"Two-way, Not Divided",Ice,Clear,Twelve o'clock,Passenger Car,Disabling,N,Moving Constant Speed,2015-02-20 11:20,21,39.43455683,-77.59181333
N,Apparently Normal,No Misuse,Y,No Injury,2dc745d9-2a95-4227-b4a5-107fae929cdb,D,ZJ03760039,Shoulder/Lap Belt(s),F,7c2f775a-db72-40a2-9441-06bec1ce703b,Same Direction Rear End,N,Intersection Related,Right Turn Lane,Daylight,No Defects,"Two-way, Not Divided",Dry,Clear,Twelve o'clock,Passenger Car,Disabling,N,Moving Constant Speed,2015-02-25 16:50,49,39.40167833,-77.37506683
N,Apparently Normal,No Misuse,Y,No Injury,70d44c2b-9f0d-4ea1-afca-806b473fbfc5,D,ZJ0376003H,Shoulder/Lap Belt(s),F,4eea6fb1-b3fe-4ada-aa6c-91258fca271b,Single Vehicle ,N,Intersection,Right Turn Lane,Daylight,No Defects,"Two-way, Not Divided",Slush,Clear,Non-collision,Passenger Car,Disabling,N,Stopped in Traffic Lane,2015-03-06 7:06,45,39.463056,-77.360831
N,Apparently Normal,No Misuse,Y,No Injury,de3d78f5-7945-498d-8214-309e818a1c91,D,ZJ04070009,Shoulder/Lap Belt(s),F,aa5ce90a-e74f-4797-87da-67dbfdd690c6,Single Vehicle ,N,Non Intersection,Right Turn Lane,Dark No Lights,No Defects,"Two-way, Not Divided",Snow,Clear,Twelve o'clock,Passenger Car,Disabling,N,Moving Constant Speed,2015-01-07 22:12,22,39.3055365,-77.44599233
N,Apparently Normal,No Misuse,Y,No Injury,199ba0f8-4dea-4df9-9d23-e9d3eab140da,D,ZJ0427001Y,Shoulder/Lap Belt(s),F,24022c17-61c9-4a8a-9dab-1583a99bd589,Single Vehicle ,N,Non Intersection,Right Turn Lane,Daylight,No Defects,"Two-way, Not Divided",Snow,Blowing Snow,Twelve o'clock,(Sport) Utility Vehicle,Disabling,N,Moving Constant Speed,2015-01-30 15:50,22,39.42623905,-77.23024422
N,Apparently Normal,No Misuse,Y,No Injury,038589f8-1851-4f0c-8ae6-7f141d1abcb8,D,ZJ0433000D,Shoulder/Lap Belt(s),F,d2c37ff6-dcf9-423e-9634-ee5338ccd959,Same Direction Rear End,N,Intersection,Left Turn Lane,Dark Lights On,No Defects,"Two-way, Divided, Positive Median Barrier",Dry,Clear,Twelve o'clock,Passenger Car,Disabling,N,Moving Constant Speed,2015-02-12 18:32,25,39.38670043,-77.409558
N,Apparently Normal,No Misuse,Y,No Injury,306849e5-bab8-4418-9e59-231cd17e1ff9,D,ZJ0442000B,Shoulder/Lap Belt(s),F,2adfe4d1-a4ee-4030-b1b8-9c9b21c597f7,Single Vehicle ,N,Non Intersection,Right Turn Lane,Dark No Lights,No Defects,"Two-way, Not Divided",Ice,Raining,Seven o'clock,Passenger Car,Disabling,N,Moving Constant Speed,2015-01-12 3:45,34,39.424414,-77.501581
N,Apparently Normal,No Misuse,Y,No Injury,2478f36a-0d89-4676-a339-fd1859e86633,D,ZJ0442000C,Shoulder/Lap Belt(s),F,a0153884-6983-4ed7-8262-0fce7910b630,Single Vehicle ,N,Non Intersection,Right Turn Lane,Dark No Lights,No Defects,"Two-way, Not Divided",Dry,Clear,One o'clock,Passenger Car,Disabling,N,Moving Constant Speed,2015-01-29 2:10,25,39.462285,-77.46414067
N,Apparently Normal,No Misuse,N,No Injury,4e4e1248-f0f0-498d-9e7f-586e19d3a976,D,ZJ0448003D,Shoulder/Lap Belt(s),F,5e01956c-6154-40c7-8767-d627e6fa6c43,Same Movement Angle,N,Intersection,Right Turn Lane,Daylight,No Defects,"Two-way, Divided, Positive Median Barrier",Wet,Cloudy,Eleven o'clock,Passenger Car,Disabling,N,Moving Constant Speed,2015-01-14 9:27,49,39.33447323,-77.3351568
N,Apparently Normal,No Misuse,Y,No Injury,fb7d0b26-e6b9-469a-874e-4c0e8b646341,D,ZJ0448003D,Shoulder/Lap Belt(s),F,722c9c23-3302-4955-96ce-ed749faadb81,Same Movement Angle,N,Intersection,Right Turn Lane,Daylight,No Defects,"Two-way, Divided, Positive Median Barrier",Wet,Cloudy,One o'clock,Passenger Car,Disabling,N,Accelerating,2015-01-14 9:27,39,39.33447323,-77.3351568
N,Apparently Normal,No Misuse,N,No Injury,0dafd5c3-20d8-4204-89c3-2f214d81580c,D,ZJ04480044,Shoulder/Lap Belt(s),M,f8b17870-9a82-4985-bfc6-933ccdcce4bb,Same Movement Angle,N,Intersection,Right Turn Lane,Dusk,No Defects,"Two-way, Divided, Positive Median Barrier",Wet,Raining,Nine o'clock,Passenger Car,Functional,N,Moving Constant Speed,2015-03-04 17:43,59,39.39173243,-77.43421357
N,Apparently Normal,No Misuse,Y,No Injury,d3786bc4-027e-4876-bd8b-bc5a1d0c02b0,D,ZJ04480046,Shoulder/Lap Belt(s),F,bdeefc15-b74a-4190-82fa-c3b7250b5770,Same Movement Angle,N,Intersection,Right Turn Lane,Daylight,No Defects,"Two-way, Not Divided",Dry,Clear,One o'clock,Passenger Car,Disabling,N,Making Left Turn,2015-03-06 15:55,18,39.54217596,-76.78344727
N,Apparently Normal,No Misuse,N,Possible Incapacitating Injury,681bedcd-b941-4918-9e5a-788a222f8f11,D,ZJ04480046,Shoulder/Lap Belt(s),F,dfa70f46-b651-4142-ac6c-245910537173,Same Movement Angle,N,Intersection,Right Turn Lane,Daylight,No Defects,"Two-way, Not Divided",Dry,Clear,Twelve o'clock,Passenger Car,Disabling,N,Moving Constant Speed,2015-03-06 15:55,45,39.54217596,-76.78344727
N,Apparently Normal,No Misuse,Y,No Injury,674027c5-118d-4717-b9c7-11ce0b8e4992,D,ZJ0459000D,Shoulder/Lap Belt(s),F,5320bd0a-c7f8-4c8e-afc4-960790eaafdf,Single Vehicle ,N,Non Intersection,Right Turn Lane,Dark No Lights,No Defects,"Two-way, Not Divided",Ice,Cloudy,Twelve o'clock,Pickup Truck,Functional,N,Slowing or Stopping,2015-03-03 22:10,22,39.45037758,-77.13475227
N,Apparently Normal,No Misuse,N,No Injury,4fe63ebd-844f-4cdd-b83e-6f59a0aaa38d,D,ZJ0466000J,Shoulder/Lap Belt(s),F,049d936b-39bc-4879-beab-887d73bd8b83,Same Direction Rear End,N,Non Intersection,Right Turn Lane,Dark Lights On,No Defects,"Two-way, Not Divided",Dry,Clear,Six o'clock,(Sport) Utility Vehicle,Functional,N,Slowing or Stopping,2015-02-15 23:44,32,39.50819621,-77.55712509
N,Apparently Normal,No Misuse,Y,No Injury,dafad0c6-2e5e-4ccb-a4e7-461a8ad82734,D,ZJ04720008,Shoulder/Lap Belt(s),F,46329dd5-4d32-4ffb-b9db-1ef66f25670d,Single Vehicle ,N,Non Intersection,Right Turn Lane,Daylight,No Defects,"Two-way, Not Divided",Ice,Clear,Five o'clock,Passenger Car,Disabling,N,Moving Constant Speed,2015-01-07 10:37,24,39.436761,-77.25887467
N,Apparently Normal,No Misuse,N,Possible Incapacitating Injury,ae7e2291-9b3f-4558-817b-09d26d476473,D,ZJ04720009,Shoulder Belt Only,F,9a2cdda2-96cb-4a2a-af50-390df46f0ce5,Same Direction Rear End,N,Intersection,Left Turn Lane,Dark No Lights,No Defects,"Two-way, Divided, Unprotected (painted >4 feet) Median",Dry,Clear,Six o'clock,Passenger Car,Disabling,N,Moving Constant Speed,2015-01-16 0:00,50,39.38381883,-77.28244333
N,Apparently Normal,No Misuse,Y,No Injury,071d369f-27a3-4ff1-a6c1-bf52b065507b,D,ZJ0474000G,Shoulder/Lap Belt(s),F,ee67f4b1-30c7-49bb-b339-175d82ff9a2b,Same Movement Angle,N,Intersection,Right Turn Lane,Daylight,No Defects,"Two-way, Not Divided",Dry,Clear,Twelve o'clock,(Sport) Utility Vehicle,Disabling,N,Accelerating,2015-01-17 13:27,57,39.45836583,-77.4396035
N,Apparently Normal,No Misuse,N,No Injury,51f3140d-0539-408c-9c0c-015e1a9b6394,D,ZJ0474000G,Shoulder/Lap Belt(s),M,df4d67cc-765a-4c1e-8754-e446b9086aa0,Same Movement Angle,N,Intersection,Right Turn Lane,Daylight,No Defects,"Two-way, Not Divided",Dry,Clear,One o'clock,(Sport) Utility Vehicle,Disabling,N,Moving Constant Speed,2015-01-17 13:27,40,39.45836583,-77.4396035
N,Apparently Normal,No Misuse,N,No Injury,a8c3c5f6-30e7-42b1-9ac1-7a4186036145,D,ZK01130005,Shoulder/Lap Belt(s),F,0033fa18-b4ba-4b0d-9a58-e4e17a0944f2,Head On,N,Non Intersection,Right Turn Lane,Daylight,Loose Surface Material,"Two-way, Not Divided",Snow,Blowing Snow,Nine o'clock,Station Wagon,Functional,N,Moving Constant Speed,2015-01-09 10:43,48,39.50575012,-79.26866412
N,Apparently Normal,No Misuse,Y,No Injury,e2ff3947-c2a2-4cbc-83c8-e4a93be79840,D,ZK01130005,Shoulder/Lap Belt(s),M,695ec612-5ee6-493f-9296-df6c66abd910,Head On,N,Non Intersection,Right Turn Lane,Daylight,Loose Surface Material,"Two-way, Not Divided",Snow,Blowing Snow,Eleven o'clock,Passenger Car,Disabling,N,Moving Constant Speed,2015-01-09 10:43,20,39.50575012,-79.26866412
N,Apparently Normal,No Misuse,Y,No Injury,2e004de2-e028-4d99-a054-498d4886d301,D,ZK01340005,Shoulder/Lap Belt(s),F,ec236792-e31c-4155-91e4-a9233961f372,Single Vehicle ,N,Non Intersection,Right Turn Lane,Dark - Unknown Lighting,No Defects,"Two-way, Not Divided",Snow,Blowing Snow,Twelve o'clock,Passenger Car,Disabling,N,Moving Constant Speed,2015-01-09 1:33,32,39.34919965,-79.43331957
N,Apparently Normal,No Misuse,Y,No Injury,36a255e6-8244-4484-8905-293547b1b217,D,ZK01340006,Shoulder/Lap Belt(s),F,21227d09-66a9-4724-98fb-a6245ca3889e,Single Vehicle ,N,Non Intersection,Right Turn Lane,Dark - Unknown Lighting,No Defects,"Two-way, Not Divided",Snow,Blowing Snow,Twelve o'clock,Passenger Car,Disabling,N,Moving Constant Speed,2015-01-30 19:18,17,39.43628415,-79.28771853
N,Apparently Normal,No Misuse,Y,No Injury,c8720b14-0e1a-4ab6-9717-9e6a62b2a5f7,D,ZK01340008,Shoulder/Lap Belt(s),F,44230f49-7ca5-4f26-a41d-73f146007a41,Single Vehicle ,N,Non Intersection,Right Turn Lane,Dark No Lights,No Defects,"Two-way, Not Divided",Ice,Wintry Mix,Four o'clock,Passenger Car,Disabling,N,Moving Constant Speed,2015-02-01 20:46,24,39.38297925,-79.40731287