CDL_FLAG,CONDITION_CODE,EQUIP_PROB_CODE,FAULT_FLAG,INJ_SEVER_CODE,PERSON_ID,PERSON_TYPE,REPORT_NO,SAF_EQUIP_CODE,SEX_CODE,VEHICLE_ID,COLLISION_TYPE_CODE,C_M_ZONE_FLAG,JUNCTION_CODE,LANE_CODE,LIGHT_CODE,RD_COND_CODE,RD_DIV_CODE,SURF_COND_CODE,WEATHER_CODE,AREA_DAMAGED_CODE_MAIN,BODY_TYPE_CODE,DAMAGE_CODE,HIT_AND_RUN_FLAG,MOVEMENT_CODE,TIME,AGE,LATITUDE,LONGITUDE
N,Apparently Normal,No Misuse,Y,No Injury,28ace320-049d-4ac5-abfd-8af93729291a,D,ZK0134000C,Shoulder/Lap Belt(s),F,4dafa20d-6af1-4310-94d3-5ef96d64adac,Single Vehicle ,N,Non Intersection,Right Turn Lane,Dusk,No Defects,"Two-way, Not Divided",Wet,Raining,Twelve o'clock,Station Wagon,Disabling,N,Moving Constant Speed,2015-03-01 17:59,27,39.42845323,-79.38800097
N,Apparently Normal,No Misuse,Y,No Injury,db8e72cd-90a3-4f1e-bb85-2c1c84747f72,D,ZK01870001,Shoulder/Lap Belt(s),F,5fde16e6-74ed-4c10-8acd-cb5dd7772ea8,Head On,N,Non Intersection,Right Turn Lane,Daylight,No Defects,"Two-way, Not Divided",Snow,Snow,Twelve o'clock,(Sport) Utility Vehicle,Destroyed,N,Skidding,2015-01-26 8:04,27,39.39116767,-79.19243574
N,Apparently Normal,No Misuse,Y,Possible Incapacitating Injury,2421efa0-6eba-45c3-8b58-078e695eb3a3,D,ZK01870001,Shoulder/Lap Belt(s),M,e63419f2-8097-4646-a0d0-d3079f2ddced,Head On,N,Non Intersection,Right Turn Lane,Daylight,No Defects,"Two-way, Not Divided",Snow,Snow,Twelve o'clock,Passenger Car,Destroyed,N,Slowing or Stopping,2015-01-26 8:04,38,39.39116767,-79.19243574
N,Apparently Normal,No Misuse,Y,No Injury,a398c56b-e8fc-450c-8253-2e0acf9cdbcd,D,ZK01870002,Shoulder/Lap Belt(s),F,6a78cacd-45de-42ad-b956-8621f839bb93,Single Vehicle ,N,Non Intersection,Right Turn Lane,Daylight,No Defects,"Two-way, Not Divided",Dry,Clear,One o'clock,Passenger Car,Destroyed,N,Moving Constant Speed,2015-02-10 15:10,22,39.40645567,-79.4195652
N,Apparently Normal,No Misuse,Y,No Injury,334518e5-5360-443f-bcad-979c2cdcee86,D,ZK02010009,Shoulder/Lap Belt(s),F,b6b1c102-8262-4a2c-9434-284d8be8001a,Single Vehicle ,N,Non Intersection,Right Turn Lane,Daylight,Foreign Material,"Two-way, Not Divided",Snow,Cloudy,Twelve o'clock,(Sport) Utility Vehicle,Superficial,N,Moving Constant Speed,2015-02-22 10:04,18,39.42394488,-79.39364433
N,Apparently Normal,No Misuse,Y,No Injury,386a59d5-8a01-451b-a93d-7c5673f093cb,D,ZK0201000B,Shoulder/Lap Belt(s),F,86b7ef0f-2ec6-47b6-9096-4454dfac2154,Single Vehicle ,N,Non Intersection,Right Turn Lane,Dark No Lights,Loose Surface Material,"Two-way, Not Divided",Ice,Clear,Twelve o'clock,Passenger Car,Functional,N,Moving Constant Speed,2015-03-06 20:53,19,39.3821956,-79.32435751
N,Apparently Normal,No Misuse,Y,No Injury,36143585-b335-419e-a549-4f63122afdfd,D,ZK02040002,Shoulder/Lap Belt(s),F,1fce7f12-71c6-4a38-a4d6-47dfc88155ce,Same Direction Right Turn,N,Non Intersection,Right Turn Lane,Dark Lights On,No Defects,"Two-way, Not Divided",Snow,Blowing Snow,Twelve o'clock,Station Wagon,Disabling,N,Moving Constant Speed,2015-01-07 18:01,42,39.42377084,-79.39491034
N,Apparently Normal,No Misuse,N,No Injury,a794fad4-ce6a-4aa9-a996-0763ad81952a,D,ZK02040002,Shoulder/Lap Belt(s),M,5651d38d-dbb8-4ba9-8a5d-ffc02aca5075,Same Direction Right Turn,N,Non Intersection,Right Turn Lane,Dark Lights On,No Defects,"Two-way, Not Divided",Snow,Blowing Snow,Three o'clock,Pickup Truck,Functional,N,Making Right Turn,2015-01-07 18:01,51,39.42377084,-79.39491034
N,Apparently Normal,No Misuse,Y,No Injury,0c9dd2f9-db96-4d6c-928e-539d784c2c44,D,ZK02040005,Shoulder/Lap Belt(s),F,791b4c27-3947-4ae3-990a-f78b8473318e,Single Vehicle ,N,Non Intersection,Right Turn Lane,Daylight,Foreign Material,"Two-way, Not Divided",Slush,Snow,Twelve o'clock,(Sport) Utility Vehicle,Disabling,N,Moving Constant Speed,2015-02-01 13:02,50,39.46734639,-79.40487742
N,Apparently Normal,No Misuse,Y,No Injury,6c2fb62b-008a-44ce-9598-950d8455b653,D,ZK02060007,Shoulder/Lap Belt(s),F,1d5af719-6e2b-4b90-a17f-9aca13e6c91f,Same Movement Angle,N,Non Intersection,Right Turn Lane,Daylight,No Defects,"Two-way, Not Divided",Dry,Clear,One o'clock,Passenger Car,Disabling,N,Accelerating,2015-01-15 15:40,21,39.47794307,-79.07216549
N,Apparently Normal,No Misuse,N,No Injury,b4a1885c-5210-4285-ba44-22a6d4ee0430,D,ZK02060007,Shoulder/Lap Belt(s),M,d3701378-3461-4803-9b2e-b6ba655db002,Same Movement Angle,N,Non Intersection,Right Turn Lane,Daylight,No Defects,"Two-way, Not Divided",Dry,Clear,Twelve o'clock,Passenger Car,Functional,Y,Moving Constant Speed,2015-01-15 15:40,31,39.47794307,-79.07216549
N,Apparently Normal,No Misuse,Y,No Injury,36073c12-6e48-486e-b07b-01906b8c13f5,D,ZK02060009,Shoulder/Lap Belt(s),F,c3ff0832-b0fb-42c5-9fe9-5a7dc1300303,Single Vehicle ,N,Non Intersection,Right Turn Lane,Daylight,No Defects,"Two-way, Not Divided",Snow,Blowing Snow,Eleven o'clock,Passenger Car,Disabling,N,Moving Constant Speed,2015-02-16 16:35,26,39.3883153,-79.45855379
N,Apparently Normal,No Misuse,N,No Injury,e77b4ce7-474c-4954-94ae-a835f1aed6c7,D,ZK02090008,Shoulder/Lap Belt(s),F,ab3dbfd9-190c-4e8c-8178-fab2b05187ba,Same Direction Rear End,N,Intersection Related,Right Turn Lane,Daylight,No Defects,"Two-way, Not Divided",Dry,Cloudy,Six o'clock,(Sport) Utility Vehicle,Functional,N,Stopped in Traffic Lane,2015-02-11 13:14,18,39.39177295,-79.40057516
N,Apparently Normal,No Misuse,Y,No Injury,5163fc9c-8486-4317-9617-ab04ed1e09aa,D,ZK02090008,Shoulder/Lap Belt(s),F,b26885dc-fb6c-4953-aefa-c13ba3edd8c3,Same Direction Rear End,N,Intersection Related,Right Turn Lane,Daylight,No Defects,"Two-way, Not Divided",Dry,Cloudy,Twelve o'clock,Passenger Car,Destroyed,N,Moving Constant Speed,2015-02-11 13:14,69,39.39177295,-79.40057516
N,Apparently Normal,No Misuse,Y,No Injury,e708f08f-70a0-4377-a6ad-d953928b57ac,D,ZK0209000C,Shoulder/Lap Belt(s),F,84174194-7df0-48fc-bf51-bfff1f01b352,Single Vehicle ,N,Non Intersection,Right Turn Lane,Dark No Lights,Loose Surface Material,"Two-way, Not Divided",Slush,Clear,Twelve o'clock,Passenger Car,Destroyed,N,Moving Constant Speed,2015-03-06 20:12,43,39.42835482,-79.27105665
N,Apparently Normal,No Misuse,Y,No Injury,665c6ddf-dc4c-4b49-8fb2-e841f93f430e,D,ZK0209000D,Shoulder/Lap Belt(s),F,c8ae410a-32a8-456a-ab83-9855f47c54f3,Single Vehicle ,N,Non Intersection,Right Turn Lane,Dark No Lights,Loose Surface Material,"Two-way, Not Divided",Slush,Clear,One o'clock,(Sport) Utility Vehicle,Disabling,N,Moving Constant Speed,2015-03-06 20:31,33,39.42837036,-79.27100301
N,Apparently Normal,No Misuse,Y,No Injury,973dac70-e0f3-46ac-a9d7-a328f4f73763,D,ZK0209000G,Shoulder/Lap Belt(s),F,7b0b1471-da24-439a-be5d-51116fb0d645,Single Vehicle ,N,Non Intersection,Right Turn Lane,Dawn,No Defects,"Two-way, Not Divided",Slush,Raining,Twelve o'clock,(Sport) Utility Vehicle,Disabling,N,Moving Constant Speed,2015-03-30 6:56,37,39.38032351,-79.33344483
N,Apparently Normal,No Misuse,Y,No Injury,9f1f87c1-ebe9-42d5-b126-71bf73e6e259,D,ZL0524000L,Shoulder/Lap Belt(s),F,4bf5dc85-0ff3-47dc-a337-363ec35d2e21,Head On,N,Non Intersection,Right Turn Lane,Dark Lights On,No Defects,"Two-way, Not Divided",Dry,Clear,Eleven o'clock,Station Wagon,Functional,N,Moving Constant Speed,2015-02-27 21:02,53,39.49430063,-76.30490328
N,Apparently Normal,No Misuse,N,No Injury,c5aa7640-2d62-4d88-8da3-1d3204a0457e,D,ZL05480005,Shoulder/Lap Belt(s),F,83776e10-b4a1-46de-b2a8-d4e21a215c30,Same Direction Sideswipe,N,Non Intersection,Right Turn Lane,Daylight,No Defects,"Two-way, Not Divided",Ice,Raining,Twelve o'clock,(Sport) Utility Vehicle,Disabling,N,Moving Constant Speed,2015-01-18 8:10,19,37.89804168,-77.21761376
N,Apparently Normal,No Misuse,N,Possible Incapacitating Injury,2e05cb41-a9cf-49b2-bca9-3d530673569b,D,ZL05480005,Shoulder/Lap Belt(s),F,ca9e836a-43ad-4025-8c23-767f0bf2e786,Same Direction Sideswipe,N,Non Intersection,Right Turn Lane,Daylight,No Defects,"Two-way, Not Divided",Ice,Raining,Twelve o'clock,Passenger Car,Disabling,N,Moving Constant Speed,2015-01-18 8:10,35,37.89804168,-77.21761376
N,Apparently Normal,No Misuse,Y,No Injury,53422016-1e28-4eb0-92da-bc0aca389b01,D,ZL05480006,Shoulder/Lap Belt(s),F,85e1be03-8a1e-40ab-95c9-bf9eeec346a7,Single Vehicle ,N,Non Intersection,Right Turn Lane,Daylight,No Defects,"Two-way, Not Divided",Ice,Clear,One o'clock,(Sport) Utility Vehicle,Disabling,N,Moving Constant Speed,2015-02-19 9:00,20,37.42942729,-77.73014903
N,Apparently Normal,No Misuse,Y,No Injury,c99bae54-f4f9-4287-a3cd-07bb180e98b4,D,ZL05620001,Shoulder Belt Only,F,b78f27b7-b864-46e3-b84a-980c4a6039ab,Same Direction Rear End,N,Intersection,Right Turn Lane,Daylight,No Defects,"Two-way, Divided, Unprotected (painted >4 feet) Median",Dry,Clear,Eleven o'clock,Station Wagon,Disabling,N,Moving Constant Speed,2015-03-09 14:30,17,39.92658842,-77.9095459
N,Apparently Normal,No Misuse,N,No Injury,d12f7825-b2b0-495a-8d69-90801352fcac,D,ZL05620001,Shoulder Belt Only,M,7c764ff6-e8fa-46a2-abf0-266dd72ef22a,Same Direction Rear End,N,Intersection,Right Turn Lane,Daylight,No Defects,"Two-way, Divided, Unprotected (painted >4 feet) Median",Dry,Clear,Five o'clock,Pickup Truck,Functional,N,Stopped in Traffic Lane,2015-03-09 14:30,52,39.92658842,-77.9095459
N,Apparently Normal,No Misuse,N,No Injury,2b31cf32-68f3-4de5-9c0a-465679658d33,D,ZL0656000H,Shoulder/Lap Belt(s),F,6cabb662-31c7-4d0d-9b5a-abd2015d6284,Same Direction Rear End,N,Intersection Related,Right Turn Lane,Daylight,No Defects,"Two-way, Not Divided",Dry,Clear,Six o'clock,Passenger Car,Destroyed,N,Stopped in Traffic Lane,2015-01-28 10:19,20,39.56924193,-76.33285761
N,Apparently Normal,No Misuse,Y,No Injury,748c5e5e-395b-40bb-abc2-eb784f29c736,D,ZL0656000H,Shoulder/Lap Belt(s),M,eb38dd1f-957e-47c6-96c5-fe2848610a4d,Same Direction Rear End,N,Intersection Related,Right Turn Lane,Daylight,No Defects,"Two-way, Not Divided",Dry,Clear,Twelve o'clock,(Sport) Utility Vehicle,Destroyed,N,Moving Constant Speed,2015-01-28 10:19,52,39.56924193,-76.33285761
N,Apparently Normal,No Misuse,N,No Injury,21f3e6be-7e94-40eb-9544-f1c1c746f417,D,ZL0661000C,Shoulder/Lap Belt(s),F,7ab07102-1f14-4a28-bd71-b45f746ea0e8,Same Movement Angle,N,Intersection,Right Turn Lane,Daylight,No Defects,"Two-way, Not Divided",Water (standing/moving),Snow,One o'clock,Passenger Car,Disabling,N,Moving Constant Speed,2015-03-20 15:58,38,39.56845833,-76.35708425
N,Apparently Normal,No Misuse,Y,No Injury,9584c049-185f-454c-8aa8-5b4da08cc8dd,D,ZL06930009,Shoulder/Lap Belt(s),F,5fe523ef-f271-48a3-8b0b-c154846a50dd,Same Movement Angle,N,Intersection,Right Turn Lane,Daylight,No Defects,One-way Trafficway,Wet,Snow,Twelve o'clock,(Sport) Utility Vehicle,Disabling,N,Moving Constant Speed,2015-02-26 7:57,32,39.53564985,-76.34847075
N,Apparently Normal,No Misuse,N,No Injury,487d9a43-19ff-446c-a4ea-b3af7bc9ea9e,D,ZL06930009,Shoulder/Lap Belt(s),M,ef4f5de9-f33f-48a0-877b-cdc0cf04b60a,Same Movement Angle,N,Intersection,Right Turn Lane,Daylight,No Defects,One-way Trafficway,Wet,Snow,Four o'clock,(Sport) Utility Vehicle,Functional,N,Moving Constant Speed,2015-02-26 7:57,50,39.53564985,-76.34847075
N,Apparently Normal,No Misuse,Y,No Injury,a9a46091-0acb-4168-b7b9-a3f20703c2cd,D,ZL07590006,Shoulder/Lap Belt(s),F,eb6537fa-302f-4f4e-945b-060ce459f176,Single Vehicle ,N,Non Intersection,Right Turn Lane,Daylight,Foreign Material,"Two-way, Not Divided",Snow,Clear,Twelve o'clock,(Sport) Utility Vehicle,Disabling,N,Moving Constant Speed,2015-02-19 16:11,19,39.57997027,-76.28226465
N,Apparently Normal,No Misuse,N,No Injury,ef507d65-4e7d-4ed3-8762-bc930df271f5,D,ZL07720008,Shoulder/Lap Belt(s),F,d6ed1a74-1bfd-4b9f-a8d5-cc0cf69b6e2e,Single Vehicle ,N,Non Intersection,Right Turn Lane,Daylight,Foreign Material,"Two-way, Divided, Unprotected (painted >4 feet) Median",Ice,Clear,Twelve o'clock,Passenger Car,Disabling,N,Skidding,2015-02-23 8:40,18,39.574088,-76.291884
N,Apparently Normal,No Misuse,N,No Injury,0dd7dfe8-687d-4b42-8938-454bf2715e71,D,ZL07720009,Shoulder/Lap Belt(s),F,8fc3daa0-0858-4645-8999-61d6f9776709,Single Vehicle ,N,Non Intersection,Right Turn Lane,Daylight,Foreign Material,"Two-way, Divided, Unprotected (painted >4 feet) Median",Ice,Clear,Twelve o'clock,Passenger Car,Disabling,N,Skidding,2015-02-23 9:20,19,39.574088,-76.291884
N,Apparently Normal,No Misuse,N,No Injury,0de3ff3f-c047-46b6-946a-b69c2a9a2b31,D,ZL0772000B,Shoulder/Lap Belt(s),F,c839d5e7-3f3c-492b-8161-9f9286d6369a,Single Vehicle ,N,Non Intersection,Right Turn Lane,Daylight,Foreign Material,"Two-way, Not Divided",Ice,Clear,Eleven o'clock,Station Wagon,Disabling,N,Skidding,2015-03-06 10:10,40,39.54594862,-76.44338608
N,Apparently Normal,No Misuse,N,No Injury,8cbfcc61-3d58-467f-8103-24aefa5f0ad4,D,ZL07860009,Shoulder/Lap Belt(s),M,773ded5d-ac2e-4eea-ba02-92a0fa6c7cc8,Same Direction Right Turn,N,Non Intersection,Right Turn Lane,Dark No Lights,No Defects,"Two-way, Not Divided",Dry,Clear,Eleven o'clock,Pickup Truck,Functional,N,Moving Constant Speed,2015-02-12 20:36,45,39.51151961,-76.20637
N,Apparently Normal,No Misuse,Y,No Injury,2155c56f-e431-49ed-9edb-5f7e4b2ab7fd,D,ZL07860009,Shoulder/Lap Belt(s),M,000541d7-ace7-4471-94bc-9d85e2f0861c,Same Direction Right Turn,N,Non Intersection,Right Turn Lane,Dark No Lights,No Defects,"Two-way, Not Divided",Dry,Clear,Five o'clock,Passenger Car,Functional,N,Passing,2015-02-12 20:36,34,39.51151961,-76.20637
N,Apparently Normal,No Misuse,N,No Injury,3fd7adf9-4c7b-4c7a-b7a9-fdbec974650e,D,ZL08070007,Shoulder/Lap Belt(s),F,a3336232-11f2-413d-b601-4f8895a25632,Single Vehicle ,N,Non Intersection,Right Turn Lane,Dark No Lights,No Defects,"Two-way, Not Divided",Ice,Clear,Roof Top,Passenger Car,Destroyed,N,Negotiating a Curve,2015-03-03 5:35,27,39.51420215,-76.45739213
N,Apparently Normal,No Misuse,Y,No Injury,5f6bdc2f-7a0c-4143-9a15-a5e9ca7be338,D,ZL08370005,Shoulder/Lap Belt(s),F,41d319b1-cc01-44bd-b943-bb9115c85ff3,Single Vehicle ,N,Non Intersection,Right Turn Lane,Daylight,No Defects,"Two-way, Not Divided",Ice,Cloudy,Eleven o'clock,(Sport) Utility Vehicle,Disabling,N,Accelerating,2015-01-19 8:28,40,39.493493,-76.33374
N,Apparently Normal,No Misuse,N,No Injury,407447bd-9ce3-427e-b9b5-77ce5e98b629,D,ZL08370006,Shoulder/Lap Belt(s),F,ae072033-e39f-4274-bc6f-57441d81d48e,Same Direction Rear End,N,Non Intersection,Right Turn Lane,Daylight,No Defects,"Two-way, Not Divided",Dry,Clear,Six o'clock,Station Wagon,Functional,N,Moving Constant Speed,2015-01-30 12:42,71,39.51290973,-76.29761248
N,Apparently Normal,No Misuse,Y,No Injury,87274eac-c49b-45f5-bfbb-90d76834e90d,D,ZL08370006,Shoulder/Lap Belt(s),M,fc3b0bbc-824a-4b9c-b438-72c3de98437a,Same Direction Rear End,N,Non Intersection,Right Turn Lane,Daylight,No Defects,"Two-way, Not Divided",Dry,Clear,Twelve o'clock,Passenger Car,Disabling,N,Moving Constant Speed,2015-01-30 12:42,19,39.51290973,-76.29761248
N,Apparently Normal,No Misuse,N,No Injury,e0e3fa2f-7db9-4114-9ab9-4059412d3aad,D,ZL08900006,Shoulder/Lap Belt(s),F,35ef8f0f-db77-4d5b-bf79-5272c0445fbe,Single Vehicle ,N,Non Intersection,Right Turn Lane,Dark No Lights,No Defects,"Two-way, Not Divided",Dry,Clear,Twelve o'clock,Police Vehicle/Emergency,Functional,N,Moving Constant Speed,2015-03-17 5:26,31,39.602099,-76.338731
N,Apparently Normal,No Misuse,Y,No Injury,06c23749-4ef0-4ca6-a9eb-e6026f3a26cc,D,ZL09070005,Shoulder/Lap Belt(s),F,42d65e8f-ea0b-4cca-98e9-25ca3a7fb8b6,Single Vehicle ,N,Non Intersection,Right Turn Lane,Dark No Lights,No Defects,"Two-way, Not Divided",Ice,Cloudy,Twelve o'clock,Farm Vehicle,Disabling,N,Moving Constant Speed,2015-01-13 3:33,56,39.60902757,-76.45926476
N,Apparently Normal,No Misuse,Y,No Injury,b37fccad-d106-45b4-b25f-679d7f8368b5,D,ZL09380006,Shoulder/Lap Belt(s),F,2e543c0a-c3f2-4152-9bf8-1521f80586ad,Same Movement Angle,N,Intersection Related,Right Turn Lane,Dawn,No Defects,"Two-way, Not Divided",Snow,Snow,Eleven o'clock,Passenger Car,Functional,N,Skidding,2015-01-06 6:00,32,39.46977145,-76.31880598
N,Apparently Normal,No Misuse,N,No Injury,dcefe6a1-fa9d-40c7-8354-92707fd33322,D,ZL09380006,Shoulder/Lap Belt(s),M,beb76af7-6b0e-469c-9d17-29af296d95a4,Same Movement Angle,N,Intersection Related,Right Turn Lane,Dawn,No Defects,"Two-way, Not Divided",Snow,Snow,One o'clock,Passenger Car,Disabling,N,Moving Constant Speed,2015-01-06 6:00,39,39.46977145,-76.31880598
N,Apparently Normal,No Misuse,Y,No Injury,8c9c1586-5d02-4cf4-a613-623b4e47cc3d,D,ZL0938000B,Shoulder/Lap Belt(s),F,03b95a00-d0a1-4510-9958-5553e067dbbd,Same Direction Rear End,N,Non Intersection,Right Turn Lane,Dawn,No Defects,"Two-way, Not Divided",Dry,Clear,Twelve o'clock,Passenger Car,Disabling,N,Moving Constant Speed,2015-03-29 6:19,22,39.41420288,-76.35961832
N,Apparently Normal,No Misuse,Y,No Injury,4ce103d1-2014-43b3-8ada-740d557406ca,D,ZL0939000F,Shoulder/Lap Belt(s),F,5b73736d-0a0a-4e6f-bb54-a1f3d70c6983,Single Vehicle ,N,Non Intersection,Right Turn Lane,Daylight,No Defects,"Two-way, Not Divided",Snow,Snow,One o'clock,Passenger Car,Functional,N,Moving Constant Speed,2015-01-07 16:30,65,39.5793407,-76.2825305
N,Apparently Normal,No Misuse,N,No Injury,74f1ab63-b76d-4601-b9f2-9d2c3c57ae7e,D,ZL09540005,Shoulder/Lap Belt(s),F,439f5ecc-1c68-49ff-b439-70d5a55851f8,Same Movement Angle,N,Intersection,Right Turn Lane,Daylight,No Defects,"Two-way, Not Divided",Dry,Clear,Twelve o'clock,(Sport) Utility Vehicle,Disabling,N,Moving Constant Speed,2015-02-18 16:30,56,39.55703992,-76.37195003
N,Apparently Normal,No Misuse,N,No Injury,c5a479b4-34af-442c-a8c1-83a5f4e77dbf,D,ZN00340002,Shoulder/Lap Belt(s),F,f5cf2e01-7b60-4b16-a29e-a9703e715ed8,Single Vehicle ,N,Non Intersection,Right Turn Lane,Dark No Lights,No Defects,"Two-way, Not Divided",Dry,Clear,Twelve o'clock,Police Vehicle/Non Emergency,Functional,N,Moving Constant Speed,2015-02-03 20:40,24,39.26257967,-75.90752363
N,Apparently Normal,No Misuse,Y,No Injury,7f22baf1-dd77-4af4-b17c-19a82ec7d505,D,ZQ01510006,Shoulder/Lap Belt(s),F,360fa078-dca2-47c9-bf48-3a7ad139e381,Single Vehicle ,N,Non Intersection,Right Turn Lane,Dark No Lights,No Defects,"Two-way, Not Divided",Wet,Foggy,One o'clock,Passenger Car,Disabling,N,Moving Constant Speed,2015-03-15 1:29,29,39.05746711,-76.12471819
N,Apparently Normal,No Misuse,N,No Injury,23f1cfd3-fea6-473f-977c-57ed555c65a5,D,ZQ01560006,Shoulder/Lap Belt(s),F,08903288-dffa-41c8-bf9e-588db888d633,Same Direction Rear End,N,Residential Driveway,Right Turn Lane,Daylight,Loose Surface Material,"Two-way, Divided, Unprotected (painted >4 feet) Median",Ice,Cloudy,Six o'clock,Van,Functional,N,Slowing or Stopping,2015-03-06 15:31,23,39.1887179,-75.94645992
N,Apparently Normal,No Misuse,Y,No Injury,65f60f05-6226-4eec-aed8-a3050ef9eab5,D,ZQ01560006,Shoulder/Lap Belt(s),M,698ef683-3359-48b2-a892-b01114dbe127,Same Direction Rear End,N,Residential Driveway,Right Turn Lane,Daylight,Loose Surface Material,"Two-way, Divided, Unprotected (painted >4 feet) Median",Ice,Cloudy,One o'clock,(Sport) Utility Vehicle,Disabling,N,Moving Constant Speed,2015-03-06 15:31,19,39.1887179,-75.94645992
N,Apparently Normal,No Misuse,N,No Injury,e9236e22-ec62-477f-bca9-033035955c51,D,ZR00730003,Shoulder/Lap Belt(s),F,727ed80b-e733-4d2c-92bd-ef5dcfd0195b,Same Direction Rear End,N,Non Intersection,Right Turn Lane,Daylight,No Defects,"Two-way, Divided, Unprotected (painted >4 feet) Median",Snow,Blowing Snow,Six o'clock,Passenger Car,Disabling,N,Moving Constant Speed,2015-02-26 8:24,39,38.43745529,-76.70293808
N,Apparently Normal,No Misuse,Y,No Injury,497588de-502e-4131-9f86-89d69108f418,D,ZR00730003,Shoulder/Lap Belt(s),F,1a40e042-23f6-4d38-999e-4ffa301921da,Same Direction Rear End,N,Non Intersection,Right Turn Lane,Daylight,No Defects,"Two-way, Divided, Unprotected (painted >4 feet) Median",Snow,Blowing Snow,Twelve o'clock,Passenger Car,Superficial,N,Moving Constant Speed,2015-02-26 8:24,29,38.43745529,-76.70293808
N,Apparently Normal,No Misuse,N,No Injury,6fc5d181-5681-4044-ba67-de79cf46b056,D,ZR00890004,Shoulder/Lap Belt(s),F,8c76faaa-c128-43bb-82fc-da8fe6d32ab1,Same Direction Rear End,N,Intersection,Right Turn Lane,Daylight,No Defects,"Two-way, Not Divided",Dry,Clear,Six o'clock,(Sport) Utility Vehicle,No Damage,N,Slowing or Stopping,2015-01-09 16:12,42,38.47308684,-76.77502513
N,Apparently Normal,No Misuse,Y,No Injury,9f0247d4-2746-412f-aecf-6fab0178382c,D,ZR00890004,Shoulder/Lap Belt(s),F,24439d83-0ab0-46b8-b012-73e4a3cd69ff,Same Direction Rear End,N,Intersection,Right Turn Lane,Daylight,No Defects,"Two-way, Not Divided",Dry,Clear,Twelve o'clock,Passenger Car,Functional,N,Slowing or Stopping,2015-01-09 16:12,56,38.47308684,-76.77502513
N,Apparently Normal,No Misuse,Y,No Injury,4ac182bc-8e76-487e-8a6e-3f73a5a17733,D,ZR01060005,Shoulder/Lap Belt(s),F,8e4a5d83-0494-4f5a-a4ec-31a23f044f94,Same Direction Rear End,N,Non Intersection,Right Turn Lane,Daylight,No Defects,"Two-way, Not Divided",Wet,Raining,Twelve o'clock,Passenger Car,Disabling,N,Skidding,2015-01-26 7:20,41,38.36732971,-76.68513089
N,Apparently Normal,No Misuse,N,No Injury,010639ae-432b-4312-ab51-01873d619b04,D,ZR01060005,Shoulder/Lap Belt(s),M,b7451a79-47e4-4d77-b752-89c59ec25f8e,Same Direction Rear End,N,Non Intersection,Right Turn Lane,Daylight,No Defects,"Two-way, Not Divided",Wet,Raining,Six o'clock,Passenger Car,Disabling,N,Stopped in Traffic Lane,2015-01-26 7:20,61,38.36732971,-76.68513089
N,Apparently Normal,No Misuse,Y,No Injury,4a58346a-86c6-40e6-a97d-874b29636608,D,ZR01060006,Shoulder/Lap Belt(s),F,60552ef6-5bb7-4dd2-8c7b-e51a58b250cb,Same Direction Rear End,N,Non Intersection,Left Turn Lane,Daylight,No Defects,"Two-way, Divided, Unprotected (painted >4 feet) Median",Ice,Snow,Twelve o'clock,Passenger Car,Superficial,N,Skidding,2015-02-26 7:15,42,38.42578573,-76.71201468
N,Apparently Normal,No Misuse,N,Possible Incapacitating Injury,de53ab81-2aa1-4e85-a8de-cc454d0d539e,D,ZR01060006,Shoulder/Lap Belt(s),F,29cfc865-0eba-43be-bfd2-1e58a968d5b4,Same Direction Rear End,N,Non Intersection,Left Turn Lane,Daylight,No Defects,"Two-way, Divided, Unprotected (painted >4 feet) Median",Ice,Snow,Six o'clock,Pickup Truck,Superficial,N,Moving Constant Speed,2015-02-26 7:15,30,38.42578573,-76.71201468
N,Apparently Normal,No Misuse,N,No Injury,0ca0e204-ed1d-4851-ad1e-a4c6811eb44c,D,ZR0106000B,Shoulder/Lap Belt(s),F,01fbd38e-76dd-4be4-a70d-3d69b0afccf8,Single Vehicle ,N,Non Intersection,Right Turn Lane,Daylight,No Defects,"Two-way, Not Divided",Dry,Clear,One o'clock,(Sport) Utility Vehicle,Disabling,N,Moving Constant Speed,2015-03-10 7:59,31,38.32890229,-76.56576052
N,Apparently Normal,No Misuse,N,No Injury,e9bc8901-c58f-4da9-856a-2502854180d9,D,ZR0129000B,Shoulder/Lap Belt(s),F,928e0159-6c6d-49cc-9e88-3a3497102862,Same Direction Rear End,N,Intersection Related,Acceleration Lane,Daylight,No Defects,"Two-way, Divided, Unprotected (painted >4 feet) Median",Dry,Cloudy,Six o'clock,Passenger Car,Superficial,N,Stopped in Traffic Lane,2015-01-23 15:25,55,38.29765395,-76.50771081
N,Apparently Normal,No Misuse,Y,No Injury,ef8c9fcb-0f67-4ec3-8b5f-e0017afdcce9,D,ZR0129000B,Shoulder/Lap Belt(s),F,d324bf5e-ff3b-42ef-ba87-5505608b1883,Same Direction Rear End,N,Intersection Related,Acceleration Lane,Daylight,No Defects,"Two-way, Divided, Unprotected (painted >4 feet) Median",Dry,Cloudy,Twelve o'clock,(Sport) Utility Vehicle,No Damage,N,Starting From Lane,2015-01-23 15:25,30,38.29765395,-76.50771081
N,Apparently Normal,No Misuse,N,No Injury,200991be-cba3-4971-8809-bbb50dbf6af2,D,ZR01310003,Shoulder/Lap Belt(s),F,24419a76-b6eb-44e8-b054-257355fe4756,Same Direction Rear End,N,Intersection Related,Left Turn Lane,Dark Lights On,No Defects,"Two-way, Divided, Positive Median Barrier",Dry,Clear,Six o'clock,Passenger Car,Superficial,N,Stopped in Traffic Lane,2015-03-06 18:58,62,38.26586566,-76.45239294