CDL_FLAG,CONDITION_CODE,EQUIP_PROB_CODE,FAULT_FLAG,INJ_SEVER_CODE,PERSON_ID,PERSON_TYPE,REPORT_NO,SAF_EQUIP_CODE,SEX_CODE,VEHICLE_ID,COLLISION_TYPE_CODE,C_M_ZONE_FLAG,JUNCTION_CODE,LANE_CODE,LIGHT_CODE,RD_COND_CODE,RD_DIV_CODE,SURF_COND_CODE,WEATHER_CODE,AREA_DAMAGED_CODE_MAIN,BODY_TYPE_CODE,DAMAGE_CODE,HIT_AND_RUN_FLAG,MOVEMENT_CODE,TIME,AGE,LATITUDE,LONGITUDE
N,Apparently Normal,No Misuse,Y,No Injury,cc2a0540-1575-4777-8db1-a9b6778b6f3b,D,ZR0296000G,Shoulder/Lap Belt(s),M,81fbf60e-2f93-4617-8e8f-93b3893a1e26,Same Direction Rear End,N,Non Intersection,Right Turn Lane,Daylight,No Defects,"Two-way, Not Divided",Dry,Clear,Twelve o'clock,Pickup Truck,Disabling,N,Slowing or Stopping,2015-03-07 14:32,24,38.41390412,-76.76198155
N,Apparently Normal,No Misuse,N,No Injury,8c667311-d9f0-45d6-a761-41ce76664f54,D,ZR0296000H,Shoulder/Lap Belt(s),F,160f920f-a260-4bee-83a1-2d8e73b0b0e7,Same Direction Rear End,N,Commercial Driveway,Right Turn Lane,Daylight,No Defects,"Two-way, Not Divided",Wet,Raining,Seven o'clock,Pickup Truck,Superficial,N,Stopped in Traffic Lane,2015-03-11 10:36,35,38.31522017,-76.66875601
N,Apparently Normal,No Misuse,N,No Injury,862ec532-f8c0-4322-aff8-3e601560e411,D,ZR0296000H,Shoulder/Lap Belt(s),F,e5a7d123-475f-45f5-baf7-92e549e84384,Same Direction Rear End,N,Commercial Driveway,Right Turn Lane,Daylight,No Defects,"Two-way, Not Divided",Wet,Raining,Six o'clock,Passenger Car,Functional,N,Slowing or Stopping,2015-03-11 10:36,18,38.31522017,-76.66875601
N,Apparently Normal,No Misuse,Y,No Injury,a2e34b81-b743-4e44-a42d-6f124c53aa5b,D,ZR0296000H,Shoulder/Lap Belt(s),F,b71853b5-e8bf-4fde-b409-05dc59dd92f9,Same Direction Rear End,N,Commercial Driveway,Right Turn Lane,Daylight,No Defects,"Two-way, Not Divided",Wet,Raining,Twelve o'clock,Passenger Car,Functional,N,Slowing or Stopping,2015-03-11 10:36,69,38.31522017,-76.66875601
N,Apparently Normal,No Misuse,Y,No Injury,43e3972d-47b9-4884-944b-e9468a41733c,D,ZR0296000J,Shoulder/Lap Belt(s),F,8b716a36-a42c-41b3-8ef5-f389af5b5d71,Same Movement Angle,N,Crossover Related,Right Turn Lane,Daylight,No Defects,"Two-way, Divided, Positive Median Barrier",Dry,Clear,Twelve o'clock,Passenger Car,Disabling,N,Making U Turn,2015-03-12 17:27,29,38.49311818,-76.77499563
Y,Apparently Normal,No Misuse,N,No Injury,3fce5e35-85f8-4000-a256-ad8a4608689e,D,ZR0296000J,Shoulder/Lap Belt(s),M,24b17b6d-090a-495f-9c3b-2346584ab938,Same Movement Angle,N,Crossover Related,Right Turn Lane,Daylight,No Defects,"Two-way, Divided, Positive Median Barrier",Dry,Clear,Eight o'clock,Transit Bus,Superficial,N,Moving Constant Speed,2015-03-12 17:27,40,38.49311818,-76.77499563
Y,Apparently Normal,No Misuse,N,No Injury,95ca2440-9e4f-4dee-bbff-e8d3deed7b99,D,ZR0296000K,Shoulder/Lap Belt(s),F,cfbf7cbd-f3d7-457e-abfd-9903372676c7,Single Vehicle ,N,Non Intersection,Right Turn Lane,Dark No Lights,No Defects,"Two-way, Not Divided",Dry,Cloudy,Twelve o'clock,School Bus,Superficial,N,Moving Constant Speed,2015-03-25 6:21,57,38.30323199,-76.51291832
N,Apparently Normal,No Misuse,N,No Injury,d24ef90e-f706-4f1c-bca3-5bc903e00788,D,ZR02990005,Shoulder/Lap Belt(s),F,9820ea94-7530-44e7-94f1-58a8b063f6f8,Same Direction Sideswipe,N,Intersection Related,Acceleration Lane,Dawn,No Defects,"Two-way, Divided, Positive Median Barrier",Dry,Clear,Nine o'clock,(Sport) Utility Vehicle,Functional,N,Accelerating,2015-02-11 6:46,31,38.30321515,-76.5190807
N,Apparently Normal,No Misuse,N,No Injury,abd992ba-a63b-47ad-82e4-76b0ded198ec,D,ZR03010008,Shoulder/Lap Belt(s),F,395bc3cc-f937-4840-8776-847f89bf4fa0,Same Movement Angle,N,Intersection,Right Turn Lane,Daylight,No Defects,"Two-way, Divided, Unprotected (painted >4 feet) Median",Dry,Clear,One o'clock,Passenger Car,Disabling,N,Slowing or Stopping,2015-01-30 15:31,31,38.29544366,-76.52861595
N,Apparently Normal,No Misuse,Y,No Injury,e39de917-e965-4192-9b51-11f436c5b4f6,D,ZR03010008,Shoulder/Lap Belt(s),M,2a3fde02-0c35-40fd-b7cf-b06554f08efe,Same Movement Angle,N,Intersection,Right Turn Lane,Daylight,No Defects,"Two-way, Divided, Unprotected (painted >4 feet) Median",Dry,Clear,Twelve o'clock,Passenger Car,Functional,N,Making Left Turn,2015-01-30 15:31,56,38.29544366,-76.52861595
N,Had Been Drinking,No Misuse,Y,No Injury,d0874c06-6af0-4d83-82bf-7f50cfe8d3da,D,ZR0303000B,Shoulder/Lap Belt(s),M,1a03502b-318f-4b09-bf80-8c244e9fc1b4,Same Movement Angle,N,Intersection,Right Turn Lane,Dark Lights On,No Defects,"Two-way, Not Divided",Wet,Clear,Twelve o'clock,Van,Functional,Y,Making Right Turn,2015-02-28 22:54,21,38.25365027,-76.43295765
N,Apparently Normal,No Misuse,N,No Injury,ceca5302-ec43-426e-806c-fbf53e4dfbd0,D,ZR0304000B,Shoulder/Lap Belt(s),M,3dadb185-c7a2-4140-9ff0-295a04de71d2,Same Movement Angle,N,Residential Driveway,Right Turn Lane,Daylight,No Defects,"Two-way, Not Divided",Wet,Raining,One o'clock,Van,Disabling,N,Moving Constant Speed,2015-02-02 11:43,18,38.28442596,-76.57069713
N,Apparently Normal,No Misuse,Y,No Injury,0d919276-138c-4414-adb4-0ce7cb89973e,D,ZR03050006,Shoulder/Lap Belt(s),F,78b8f069-1760-46db-82fe-4b7b27c61f67,Same Direction Rear End,N,Intersection Related,Left Turn Lane,Dark Lights On,No Defects,"Two-way, Divided, Unprotected (painted >4 feet) Median",Dry,Clear,Twelve o'clock,(Sport) Utility Vehicle,Superficial,N,Starting From Lane,2015-01-20 17:22,46,38.3032825,-76.51864082
N,Apparently Normal,No Misuse,N,Non-incapacitating Injury,cb010e83-7be5-44a6-9ea3-567191a96294,D,ZR03050006,Shoulder/Lap Belt(s),F,8c3b6c8f-908c-459c-a6e0-e11a18a86778,Same Direction Rear End,N,Intersection Related,Left Turn Lane,Dark Lights On,No Defects,"Two-way, Divided, Unprotected (painted >4 feet) Median",Dry,Clear,Six o'clock,Passenger Car,Superficial,N,Stopped in Traffic Lane,2015-01-20 17:22,33,38.3032825,-76.51864082
N,Apparently Normal,No Misuse,Y,No Injury,09b1b5fc-4acb-4d4c-aee7-e89845271245,D,ZR0305000B,Shoulder/Lap Belt(s),F,fd5ed97b-1b41-4049-9320-ac7a8326b7e5,Single Vehicle ,N,Non Intersection,Left Turn Lane,Dark Lights On,No Defects,"Two-way, Divided, Unprotected (painted >4 feet) Median",Dry,Clear,One o'clock,Passenger Car,Disabling,N,Moving Constant Speed,2015-03-22 21:38,26,38.25203158,-76.48601979
N,Apparently Normal,No Misuse,N,No Injury,fbb0b6de-cc77-44e4-96a1-b1521fec5d31,D,ZR03060005,Shoulder/Lap Belt(s),F,81f984c6-8b3c-4654-834e-ab9c5b76e642,Same Movement Angle,N,Intersection,Right Turn Lane,Dark Lights On,No Defects,"Two-way, Divided, Unprotected (painted >4 feet) Median",Dry,Clear,Twelve o'clock,Passenger Car,Superficial,N,Moving Constant Speed,2015-01-27 18:43,40,38.30823186,-76.53162807
N,Apparently Normal,No Misuse,Y,No Injury,d415efdf-dc58-4dce-8303-61de37fd29c2,D,ZR03060005,Shoulder/Lap Belt(s),F,202e7334-2203-466c-b67f-b88dee60af70,Same Movement Angle,N,Intersection,Right Turn Lane,Dark Lights On,No Defects,"Two-way, Divided, Unprotected (painted >4 feet) Median",Dry,Clear,Two o'clock,Van,Disabling,N,Accelerating,2015-01-27 18:43,49,38.30823186,-76.53162807
N,Apparently Normal,No Misuse,N,No Injury,a9cf0c58-c87f-4069-afdd-e4571aff9027,D,ZR03060006,Shoulder/Lap Belt(s),F,ed40393d-3d30-44ba-a60e-2765aabc29bd,Same Movement Angle,N,Commercial Driveway,Right Turn Lane,Daylight,No Defects,"Two-way, Not Divided",Wet,Cloudy,Twelve o'clock,Van,Disabling,N,Moving Constant Speed,2015-03-04 10:55,33,38.22552707,-76.51864886
N,Apparently Normal,No Misuse,Y,No Injury,3018c774-b686-48ae-bbce-178a1d2b9cfe,D,ZR03060006,Shoulder/Lap Belt(s),M,08d281ff-acb2-459d-bb67-5dd24055be90,Same Movement Angle,N,Commercial Driveway,Right Turn Lane,Daylight,No Defects,"Two-way, Not Divided",Wet,Cloudy,Eight o'clock,Passenger Car,Disabling,N,Making Left Turn,2015-03-04 10:55,80,38.22552707,-76.51864886
N,Apparently Normal,No Misuse,Y,No Injury,ae88e557-78a7-41c1-a2d6-ef7343d0fb97,D,ZR03090008,Shoulder/Lap Belt(s),F,64ba1d11-ecb4-4202-afbd-9cd2dd4570e4,Same Direction Rear End,N,Intersection Related,Acceleration Lane,Dark Lights On,No Defects,"Two-way, Divided, Unprotected (painted >4 feet) Median",Wet,Raining,Twelve o'clock,Pickup Truck,Disabling,N,Slowing or Stopping,2015-01-23 20:15,44,38.2943827,-76.50060296
N,Apparently Normal,No Misuse,N,No Injury,70efdcfe-c092-4c26-a4cc-3bcf915a55a9,D,ZR03090008,Shoulder/Lap Belt(s),M,cee2d3f9-e650-4f3a-9b8e-507a47daf149,Same Direction Rear End,N,Intersection Related,Acceleration Lane,Dark Lights On,No Defects,"Two-way, Divided, Unprotected (painted >4 feet) Median",Wet,Raining,Six o'clock,(Sport) Utility Vehicle,Functional,N,Stopped in Traffic Lane,2015-01-23 20:15,53,38.2943827,-76.50060296
N,Apparently Normal,No Misuse,N,No Injury,3f669d5e-86aa-404f-a36f-3a430efd4748,D,ZR03090008,Shoulder/Lap Belt(s),M,944b216a-e446-4b13-b7ce-cebaef31613b,Same Direction Rear End,N,Intersection Related,Acceleration Lane,Dark Lights On,No Defects,"Two-way, Divided, Unprotected (painted >4 feet) Median",Wet,Raining,Six o'clock,Passenger Car,Functional,N,Stopped in Traffic Lane,2015-01-23 20:15,29,38.2943827,-76.50060296
N,Apparently Normal,No Misuse,N,No Injury,3a28e576-dc52-44a4-a092-cc834d629ab3,D,ZR03090008,Shoulder/Lap Belt(s),M,98b0c60a-11d4-47f7-9bee-d71125c88333,Same Direction Rear End,N,Intersection Related,Acceleration Lane,Dark Lights On,No Defects,"Two-way, Divided, Unprotected (painted >4 feet) Median",Wet,Raining,Six o'clock,(Sport) Utility Vehicle,Disabling,N,Stopped in Traffic Lane,2015-01-23 20:15,23,38.2943827,-76.50060296
N,Apparently Normal,No Misuse,N,No Injury,ecde98ec-8e0e-4504-82a9-b24cced357b0,D,ZS65140004,Shoulder/Lap Belt(s),F,7ff0e463-c043-4068-be70-60200377cbbc,Same Direction Sideswipe,N,Intersection,Right Turn Lane,Daylight,No Defects,"Two-way, Not Divided",Dry,Clear,Five o'clock,Pickup Truck,No Damage,N,Slowing or Stopping,2015-03-08 16:20,54,38.27204839,-75.63520432
N,Apparently Normal,No Misuse,Y,No Injury,bceb2783-058c-4a23-9f92-278f3708ddc8,D,ZS65260004,Shoulder/Lap Belt(s),F,cbfe835e-9bd8-47b6-8df7-3516ef80f7d3,Single Vehicle ,N,Non Intersection,Right Turn Lane,Daylight,No Defects,"Two-way, Not Divided",Ice,Foggy,One o'clock,Passenger Car,Disabling,N,Moving Constant Speed,2015-03-02 7:45,26,38.25995199,-75.66925764
N,Apparently Normal,No Misuse,N,No Injury,6f3441a3-b2c4-4f13-b037-3ae163b10317,D,ZS65260005,Shoulder/Lap Belt(s),F,2d067060-b00c-47d6-9607-5c79af256854,Same Direction Rear End Left Turn,N,Intersection,Left Turn Lane,Daylight,No Defects,"Two-way, Not Divided",Wet,Raining,Six o'clock,Van,Functional,N,Starting From Lane,2015-03-30 8:15,34,38.08021515,-75.57605624
N,Apparently Normal,No Misuse,Y,No Injury,5b5372e3-a1c5-458a-b1cd-15475e6705c9,D,ZT00260005,Shoulder/Lap Belt(s),F,b3f9e3c0-8fb0-4d17-9144-c3669605a1f0,Single Vehicle ,N,Non Intersection,Right Turn Lane,Daylight,No Defects,"Two-way, Not Divided",Dry,Cloudy,Twelve o'clock,Passenger Car,Destroyed,N,Moving Constant Speed,2015-03-24 14:49,22,38.84878244,-75.94709158
N,Apparently Normal,No Misuse,Y,No Injury,2179bab7-4037-4460-b5f4-4701de4d019c,D,ZU5368000R,Shoulder/Lap Belt(s),F,c113f971-c710-4f8a-8b3d-7139e88bf185,Same Direction Rear End,N,Non Intersection,Right Turn Lane,Daylight,No Defects,"Two-way, Not Divided",Dry,Clear,Twelve o'clock,Passenger Car,Disabling,N,Slowing or Stopping,2015-02-13 15:56,87,39.71606728,-77.72346497
N,Apparently Normal,No Misuse,N,No Injury,a41f4a26-a074-4ccd-9889-1f72a5eefa45,D,ZU5368000R,Shoulder/Lap Belt(s),M,6c68cc45-762d-43ff-8d0f-2ca03c723f60,Same Direction Rear End,N,Non Intersection,Right Turn Lane,Daylight,No Defects,"Two-way, Not Divided",Dry,Clear,Six o'clock,(Sport) Utility Vehicle,Functional,N,Slowing or Stopping,2015-02-13 15:56,59,39.71606728,-77.72346497
N,Apparently Normal,No Misuse,Y,No Injury,fadfeaf5-abbf-465e-a799-23fff172cd9b,D,ZU61770007,Shoulder/Lap Belt(s),F,c21c7beb-0ee3-43fa-a741-03baa51cec6b,Same Direction Rear End,N,Intersection Related,Right Turn Lane,Daylight,No Defects,"Two-way, Not Divided",Dry,Clear,Twelve o'clock,Passenger Car,Functional,N,Moving Constant Speed,2015-02-04 15:49,17,39.59252333,-77.82068667
N,Apparently Normal,No Misuse,N,No Injury,ab07a9ce-dd3a-4fcb-9fad-1fecec975fb1,D,ZU62480004,Shoulder/Lap Belt(s),F,a7211e11-4f37-4298-bd66-51bcd117ec8b,Same Direction Rear End,N,Intersection,Left Turn Lane,Daylight,No Defects,"Two-way, Not Divided",Wet,Clear,Twelve o'clock,(Sport) Utility Vehicle,Superficial,N,Stopped in Traffic Lane,2015-03-06 13:40,43,39.62143938,-77.755685
N,Apparently Normal,No Misuse,N,No Injury,5c466ba9-fd9d-4293-8522-8ec240e47c92,D,ZU62480004,Shoulder/Lap Belt(s),M,c0db7cbc-809c-4b1f-baf9-405bc117cce2,Same Direction Rear End,N,Intersection,Left Turn Lane,Daylight,No Defects,"Two-way, Not Divided",Wet,Clear,Twelve o'clock,Pickup Truck,Superficial,N,Stopped in Traffic Lane,2015-03-06 13:40,54,39.62143938,-77.755685
N,Apparently Normal,No Misuse,Y,No Injury,4010130f-ebd9-4b04-b9b2-cfc79f7a1019,D,ZU62970002,Shoulder/Lap Belt(s),F,9ee3a1d6-d626-4ee2-87db-8d2d2af5291d,Single Vehicle ,N,Non Intersection,Right Turn Lane,Dark No Lights,No Defects,"Two-way, Not Divided",Dry,Clear,Eleven o'clock,Passenger Car,Destroyed,Y,Moving Constant Speed,2015-01-10 2:30,48,39.67110223,-77.7481435
N,Apparently Normal,No Misuse,N,No Injury,1ed9c0fc-eac4-4098-944d-b616ad7021b3,D,ZU65160001,Shoulder/Lap Belt(s),F,5b0269cd-ba78-4934-a33e-bc789a6b4711,Same Direction Rear End Left Turn,N,Non Intersection,Right Turn Lane,Dusk,No Defects,"Two-way, Not Divided",Wet,Raining,Six o'clock,(Sport) Utility Vehicle,Disabling,N,Making Left Turn,2015-02-09 15:46,51,39.5904032,-77.80790353
N,Apparently Normal,No Misuse,N,No Injury,863873ba-497b-4ddc-8947-353770c42c46,D,ZU72310002,Shoulder/Lap Belt(s),M,216eb9a0-2986-4107-b5de-6a2cce952bb4,Same Movement Angle,N,Intersection,Right Turn Lane,Daylight,Loose Surface Material,"Two-way, Not Divided",Snow,Blowing Snow,Eleven o'clock,Pickup Truck,Disabling,N,Moving Constant Speed,2015-02-17 7:51,47,39.63470155,-77.65964046
N,Apparently Normal,No Misuse,N,No Injury,731f938a-33b6-4724-83f8-a53715f2405b,D,ZU76010004,Shoulder/Lap Belt(s),F,9f718721-cfe4-4b04-ab59-18f596d1699a,Same Direction Rear End,Y,Intersection Related,Right Turn Lane,Daylight,No Defects,"Two-way, Divided, Positive Median Barrier",Dry,Clear,Seven o'clock,Passenger Car,Superficial,Y,Stopped in Traffic Lane,2015-02-02 15:55,52,39.62069147,-77.67947406
N,Apparently Normal,No Misuse,Y,No Injury,2357997f-58cc-4880-8f50-7f289eeab820,D,ZU76010007,Shoulder/Lap Belt(s),F,ba181333-dedf-4d2d-8fa5-df5899f8cc1d,Single Vehicle ,N,Non Intersection,Right Turn Lane,Dark No Lights,No Defects,"Two-way, Not Divided",Ice,Snow,Eleven o'clock,Passenger Car,Disabling,N,Slowing or Stopping,2015-02-14 19:12,28,39.48797923,-77.71425962
N,Apparently Normal,No Misuse,Y,No Injury,e0153c97-04f3-455e-8b7c-3d37a1bb732d,D,ZU77080008,Shoulder/Lap Belt(s),F,4922d3b2-2f2f-4fcc-b5e2-553232c381ca,Same Movement Angle,N,Intersection,Right Turn Lane,Dark Lights On,No Defects,"Two-way, Not Divided",Dry,Clear,Ten o'clock,(Sport) Utility Vehicle,Functional,N,Starting From Lane,2015-03-19 23:40,37,39.60902757,-77.70501137
N,Had Been Drinking,No Misuse,N,No Injury,d884dce1-7dcd-42d8-899a-10e36619eb16,D,ZU77080008,Shoulder/Lap Belt(s),F,5c0ee004-ed04-44a7-a5e2-7924fe5eed41,Same Movement Angle,N,Intersection,Right Turn Lane,Dark Lights On,No Defects,"Two-way, Not Divided",Dry,Clear,Twelve o'clock,Passenger Car,Disabling,N,Moving Constant Speed,2015-03-19 23:40,28,39.60902757,-77.70501137
N,Apparently Normal,No Misuse,Y,No Injury,e8b89db3-2df1-4951-9428-70807925f76d,D,ZU77800004,Shoulder/Lap Belt(s),F,9abb4edb-d11f-4203-9de0-483ec433e7c1,Single Vehicle ,N,Non Intersection,Right Turn Lane,Dark No Lights,No Defects,"Two-way, Not Divided",Snow,Snow,Eight o'clock,(Sport) Utility Vehicle,Disabling,N,Moving Constant Speed,2015-02-17 1:29,65,39.64224945,-77.9309907
N,Apparently Normal,No Misuse,N,No Injury,72bc1d49-1b2b-415a-9c89-060c49fa9a96,D,ZU78500001,Shoulder/Lap Belt(s),F,6b8f1e10-d26b-48bb-9c0b-6ea1b7771b90,Same Direction Rear End,N,Intersection Related,Right Turn Lane,Daylight,No Defects,"Two-way, Not Divided",Dry,Clear,Six o'clock,Passenger Car,Disabling,N,Slowing or Stopping,2015-01-16 13:38,17,39.67605004,-77.71992445
N,Apparently Normal,No Misuse,N,No Injury,ea2f485a-2516-449d-a6b8-d7765eef8d6e,D,ZU78500002,Shoulder/Lap Belt(s),F,bfffa78a-b868-4884-b101-d5b4a9385c2c,Same Movement Angle,N,Intersection,Right Turn Lane,Daylight,No Defects,"Two-way, Not Divided",Dry,Clear,Twelve o'clock,Passenger Car,Disabling,N,Accelerating,2015-01-28 8:20,43,39.6189167,-77.76342988
N,Apparently Normal,No Misuse,Y,No Injury,5257bae8-cd77-45de-aef3-793b495369b5,D,ZU78500002,Shoulder/Lap Belt(s),F,624ec537-0df0-4d96-91da-9b76a0c5914a,Same Movement Angle,N,Intersection,Right Turn Lane,Daylight,No Defects,"Two-way, Not Divided",Dry,Clear,Ten o'clock,Passenger Car,Disabling,N,Moving Constant Speed,2015-01-28 8:20,61,39.6189167,-77.76342988
N,Apparently Normal,No Misuse,Y,No Injury,a1da679a-7ea9-4637-9f93-de9b9f00c087,D,ZVW238000D,Shoulder/Lap Belt(s),F,cb77c74c-9741-4f68-a274-bb94b07c52bb,Single Vehicle ,N,Non Intersection,Left Turn Lane,Dark No Lights,No Defects,"Two-way, Not Divided",Ice,Snow,One o'clock,Passenger Car,No Damage,N,Moving Constant Speed,2015-03-05 23:57,25,38.35943469,-75.57044506
N,Apparently Normal,No Misuse,N,No Injury,b817c8e0-0cbc-48a3-a044-3ed6edf61a7b,D,ZVW249000C,Shoulder/Lap Belt(s),F,e9b5f5f8-999b-4405-80db-ed10f6296cda,Same Direction Rear End Left Turn,N,Non Intersection,Right Turn Lane,Dark No Lights,No Defects,"Two-way, Not Divided",Dry,Clear,Six o'clock,Passenger Car,Disabling,N,Stopped in Traffic Lane,2015-01-16 18:01,44,38.40169685,-75.67942858
N,Apparently Normal,No Misuse,Y,No Injury,433dfd36-2b44-478f-988f-aa61f65346dc,D,ZVW249000D,Shoulder/Lap Belt(s),F,3bd9939b-35eb-423d-8047-003c14b8dac2,Single Vehicle ,N,Non Intersection,Right Turn Lane,Dark No Lights,No Defects,"Two-way, Not Divided",Ice,Severe Winds,Twelve o'clock,(Sport) Utility Vehicle,Disabling,N,Moving Constant Speed,2015-02-15 0:41,17,38.39535699,-75.66071749
N,Apparently Normal,No Misuse,Y,No Injury,ab332a8f-5fdd-4d59-a4c4-395bafea9c82,D,ZVW2910008,Shoulder/Lap Belt(s),F,1b79dfdc-4aa0-427d-a280-aa534db93e6b,Same Direction Rear End Left Turn,N,Crossover Related,Right Turn Lane,Daylight,No Defects,"Two-way, Divided, Positive Median Barrier",Dry,Clear,Twelve o'clock,Passenger Car,Functional,N,Slowing or Stopping,2015-02-13 11:35,52,38.45557153,-75.55707693
N,Apparently Normal,No Misuse,N,Non-incapacitating Injury,4b720f18-125a-436d-9d00-9669961faf56,D,ZVW2910008,Shoulder/Lap Belt(s),M,30a27461-980b-4b5d-a927-6249c4a60574,Same Direction Rear End Left Turn,N,Crossover Related,Right Turn Lane,Daylight,No Defects,"Two-way, Divided, Positive Median Barrier",Dry,Clear,Six o'clock,Passenger Car,Functional,N,Stopped in Traffic Lane,2015-02-13 11:35,43,38.45557153,-75.55707693
N,Apparently Normal,No Misuse,Y,No Injury,fb142e93-c216-4099-bc1f-6f14057f10f8,D,ZW00440005,Shoulder/Lap Belt(s),F,2c6c64ed-17ca-4fcb-861b-2818243ef0ad,Single Vehicle ,N,Intersection,Right Turn Lane,Dark No Lights,No Defects,"Two-way, Not Divided",Dry,Clear,Twelve o'clock,Passenger Car,Superficial,N,Moving Constant Speed,2015-02-14 5:58,45,38.21073694,-75.45032501
N,Apparently Normal,No Misuse,Y,No Injury,3b69376a-2f6b-4b6c-8054-3d33b43929c0,D,ZW00450008,Shoulder/Lap Belt(s),F,449e7115-0015-4c1d-975c-6c8b03d8d178,Single Vehicle ,N,Non Intersection,Right Turn Lane,Daylight,No Defects,"Two-way, Not Divided",Wet,Raining,Six o'clock,Passenger Car,Disabling,N,Moving Constant Speed,2015-03-26 16:27,18,38.240537,-75.175901
N,Apparently Normal,No Misuse,N,No Injury,ca147157-0ec9-4081-82a1-fa429ec8b6b1,D,ZW00630007,Shoulder/Lap Belt(s),F,d2199809-c92c-489e-a48a-6f2007f68823,Single Vehicle ,N,Non Intersection,Right Turn Lane,Daylight,No Defects,"Two-way, Not Divided",Wet,Raining,Twelve o'clock,(Sport) Utility Vehicle,Disabling,N,Moving Constant Speed,2015-02-10 7:40,29,38.30436667,-75.17713333
N,Apparently Normal,No Misuse,N,No Injury,e3ad02be-1cda-4c30-8eef-d06c0cbc2eb8,D,ZW0130000G,Shoulder/Lap Belt(s),F,74f85b95-8027-48fd-ac30-8a3922717d61,Same Direction Rear End,N,Intersection,Right Turn Lane,Daylight,No Defects,"Two-way, Divided, Unprotected (painted >4 feet) Median",Dry,Clear,Seven o'clock,Passenger Car,Functional,N,Stopped in Traffic Lane,2015-02-13 7:54,69,38.380787,-75.169708
N,Apparently Normal,No Misuse,N,Possible Incapacitating Injury,2702c938-c444-42fb-8d91-2adc8ace9742,D,ZW0130000G,Shoulder/Lap Belt(s),F,bf0035f6-6ac0-4200-a5b7-6a363f95c41f,Same Direction Rear End,N,Intersection,Right Turn Lane,Daylight,No Defects,"Two-way, Divided, Unprotected (painted >4 feet) Median",Dry,Clear,Five o'clock,Passenger Car,Disabling,N,Stopped in Traffic Lane,2015-02-13 7:54,35,38.380787,-75.169708
N,Apparently Normal,No Misuse,Y,No Injury,748b15b3-7302-4dbd-a253-457ad1059973,D,ZW0130000G,Shoulder/Lap Belt(s),M,2a7f6cd7-917e-4304-bb37-1cda29ce34d7,Same Direction Rear End,N,Intersection,Right Turn Lane,Daylight,No Defects,"Two-way, Divided, Unprotected (painted >4 feet) Median",Dry,Clear,Eleven o'clock,(Sport) Utility Vehicle,Disabling,N,Moving Constant Speed,2015-02-13 7:54,28,38.380787,-75.169708
N,Apparently Normal,No Misuse,N,No Injury,b21412bf-5b67-4d0a-a624-35e1d03a6a8d,D,ZW0152000C,Shoulder/Lap Belt(s),F,49a85d1f-8251-47da-be0c-fa0713544662,Single Vehicle ,N,Non Intersection,Right Turn Lane,Daylight,No Defects,"Two-way, Not Divided",Ice,Sleet,Twelve o'clock,Pickup Truck,Disabling,N,Moving Constant Speed,2015-02-10 9:41,20,38.044036,-75.448379
N,Apparently Normal,No Misuse,Y,Non-incapacitating Injury,7800ca59-1a86-45b5-9245-45a7daa9b38c,D,AC0993000D,Shoulder/Lap Belt(s),F,b46520ca-03ce-4e6c-adbb-78dc8653621a,Single Vehicle ,N,Non Intersection,Right Turn Lane,Dark Lights On,Foreign Material,"Two-way, Divided, Positive Median Barrier",Snow,Snow,Eleven o'clock,Passenger Car,Functional,N,Moving Constant Speed,2015-01-06 6:39,26,39.15915809,-76.71863437
N,Apparently Normal,No Misuse,Y,Non-incapacitating Injury,260bf091-e42d-40a0-93bf-81e9e8df543a,D,AC0993000K,Shoulder/Lap Belt(s),F,3b715642-4369-4b0c-8efe-2705fbb34eb5,Head On Left Turn,N,Intersection,Right Turn Lane,Daylight,No Defects,"Two-way, Not Divided",Wet,Raining,One o'clock,Passenger Car,Disabling,N,Making Left Turn,2015-03-04 9:24,81,39.15816811,-76.51730776
N,Apparently Normal,No Misuse,N,No Injury,aa6885df-cdd1-4823-a776-9e0d489ed0da,D,AC0993000K,Shoulder/Lap Belt(s),M,fcb4e671-437a-4a91-a356-d4424e15733d,Head On Left Turn,N,Intersection,Right Turn Lane,Daylight,No Defects,"Two-way, Not Divided",Wet,Raining,Twelve o'clock,Passenger Car,Functional,N,Moving Constant Speed,2015-03-04 9:24,45,39.15816811,-76.51730776
N,Apparently Normal,No Misuse,Y,Non-incapacitating Injury,7f8dc481-16cd-457b-b43b-d0cc3fbe54b9,D,AC1028000K,Shoulder/Lap Belt(s),F,ad42abe5-5bad-4e54-b23e-8008a35a7115,Single Vehicle ,N,Non Intersection,Left Turn Lane,Dawn,No Defects,"Two-way, Divided, Positive Median Barrier",Ice,Cloudy,Twelve o'clock,(Sport) Utility Vehicle,Destroyed,N,Moving Constant Speed,2015-02-22 7:44,23,39.07704247,-76.66946411
N,Apparently Normal,No Misuse,N,Non-incapacitating Injury,de0b1526-8439-4939-9152-c407784048e4,D,AC1052000K,Shoulder/Lap Belt(s),M,da59d567-bbde-46a3-9198-4a2f015295f3,Head On Left Turn,N,Intersection,Right Turn Lane,Dark Lights On,No Defects,"Two-way, Divided, Positive Median Barrier",Dry,Clear,Twelve o'clock,Passenger Car,Disabling,N,Moving Constant Speed,2015-01-07 7:00,51,39.20751672,-76.6416843