CDL_FLAG,CONDITION_CODE,EQUIP_PROB_CODE,FAULT_FLAG,INJ_SEVER_CODE,PERSON_ID,PERSON_TYPE,REPORT_NO,SAF_EQUIP_CODE,SEX_CODE,VEHICLE_ID,COLLISION_TYPE_CODE,C_M_ZONE_FLAG,JUNCTION_CODE,LANE_CODE,LIGHT_CODE,RD_COND_CODE,RD_DIV_CODE,SURF_COND_CODE,WEATHER_CODE,AREA_DAMAGED_CODE_MAIN,BODY_TYPE_CODE,DAMAGE_CODE,HIT_AND_RUN_FLAG,MOVEMENT_CODE,TIME,AGE,LATITUDE,LONGITUDE
N,Apparently Normal,No Misuse,N,Non-incapacitating Injury,a285cb00-ab83-4de7-85a9-edd1b6b6304a,D,AC1052000L,Shoulder/Lap Belt(s),F,129b2774-198f-42cc-8bb7-1e692b24e193,Same Direction Rear End,N,Intersection,Right Turn Lane,Daylight,"Holes, Ruts, Etc.","Two-way, Not Divided",Dry,Clear,Six o'clock,Passenger Car,Superficial,N,Stopped in Traffic Lane,2015-01-15 16:41,52,39.20326036,-76.6534996
N,Apparently Normal,No Misuse,Y,Possible Incapacitating Injury,184294a3-6dad-4b3c-a991-42997970a376,D,AC1052000L,Shoulder/Lap Belt(s),F,767e1a1b-479e-4f80-973f-078219da7209,Same Direction Rear End,N,Intersection,Right Turn Lane,Daylight,"Holes, Ruts, Etc.","Two-way, Not Divided",Dry,Clear,Twelve o'clock,Passenger Car,Superficial,N,Slowing or Stopping,2015-01-15 16:41,24,39.20326036,-76.6534996
N,Apparently Normal,No Misuse,Y,No Injury,df048713-e583-4ae7-897c-6afea8136bdc,D,AC1052000L,Shoulder/Lap Belt(s),M,4529247d-b1a0-4727-bc88-a55c879b71ee,Same Direction Rear End,N,Intersection,Right Turn Lane,Daylight,"Holes, Ruts, Etc.","Two-way, Not Divided",Dry,Clear,Twelve o'clock,"Cargo Van/Light Truck 2 axles (10,000 lbs (4,536 kg) or less)",Superficial,N,Slowing or Stopping,2015-01-15 16:41,22,39.20326036,-76.6534996
N,Apparently Normal,No Misuse,Y,Non-incapacitating Injury,a9598748-d934-4352-9546-ae41c9073b4c,D,AC1187000K,None  ,F,42fd2acc-3ecc-4a8d-ad21-42ac8c7a6163,Head On Left Turn,N,Intersection,Right Turn Lane,Daylight,No Defects,"Two-way, Not Divided",Dry,Clear,One o'clock,(Sport) Utility Vehicle,Destroyed,N,Making Left Turn,2015-03-26 17:20,70,39.03498624,-76.45055294
N,Apparently Normal,No Misuse,N,No Injury,e4b5963d-7133-4f10-b294-5262463e390d,D,AC1187000K,Shoulder/Lap Belt(s),M,26fb4b5d-6be3-479a-bfac-900f8e5ce875,Head On Left Turn,N,Intersection,Right Turn Lane,Daylight,No Defects,"Two-way, Not Divided",Dry,Clear,Twelve o'clock,(Sport) Utility Vehicle,Destroyed,N,Moving Constant Speed,2015-03-26 17:20,35,39.03498624,-76.45055294
N,Apparently Normal,No Misuse,Y,Non-incapacitating Injury,c0b52d21-5aa5-42bb-93c9-eed6c45410de,D,AC1245000T,Shoulder/Lap Belt(s),F,418b04e9-742f-4198-8a68-adc0dbfbd9f8,Single Vehicle ,N,Non Intersection,Right Turn Lane,Daylight,No Defects,"Two-way, Not Divided",Ice,Clear,Twelve o'clock,(Sport) Utility Vehicle,Disabling,N,Moving Constant Speed,2015-03-07 9:59,50,38.9570895,-76.62614107
N,Apparently Normal,No Misuse,N,Non-incapacitating Injury,8e85e8ff-1591-464c-9ecb-92a4a4455c8b,D,AC13730017,Shoulder/Lap Belt(s),F,536afdd8-bd75-4b80-844c-3d7d85e118db,Same Direction Rear End,N,Intersection,Right Turn Lane,Dark Lights On,No Defects,"Two-way, Divided, Unprotected (painted >4 feet) Median",Dry,Clear,Six o'clock,(Sport) Utility Vehicle,Disabling,N,Stopped in Traffic Lane,2015-01-07 17:26,57,39.1281606,-76.54378116
N,Apparently Normal,No Misuse,Y,Non-incapacitating Injury,dae4a584-cf7c-4f85-ae60-a751732b85c4,D,AC13730017,Shoulder/Lap Belt(s),M,a963d50a-904f-4def-9bfe-02e75c934ad2,Same Direction Rear End,N,Intersection,Right Turn Lane,Dark Lights On,No Defects,"Two-way, Divided, Unprotected (painted >4 feet) Median",Dry,Clear,Twelve o'clock,Van,Disabling,N,Moving Constant Speed,2015-01-07 17:26,86,39.1281606,-76.54378116
N,Apparently Normal,No Misuse,Y,Non-incapacitating Injury,1a317825-c93c-401f-93e1-0abcf6f46ea7,D,AC14120019,Shoulder/Lap Belt(s),F,b642e559-670b-4e46-871d-dcdaabe68be0,Same Direction Rear End,N,Non Intersection,Right Turn Lane,Daylight,No Defects,"Two-way, Not Divided",Dry,Cloudy,Twelve o'clock,"Other Light Trucks (10,000 lbs (4,536 kg))",Disabling,N,Slowing or Stopping,2015-03-25 16:14,28,39.086925,-76.60516833
Y,Apparently Normal,No Misuse,N,No Injury,833a6cf3-ca9d-441d-9734-5ca0a3e9c4f1,D,AC14120019,Shoulder/Lap Belt(s),M,c70b3336-fa0e-4788-8dbc-1156512b19f2,Same Direction Rear End,N,Non Intersection,Right Turn Lane,Daylight,No Defects,"Two-way, Not Divided",Dry,Cloudy,Six o'clock,School Bus,Superficial,N,Stopped in Traffic Lane,2015-03-25 16:14,49,39.086925,-76.60516833
N,Apparently Normal,Air Bag Failed,N,Non-incapacitating Injury,32aeb137-304c-41cf-850c-a7b069a7cab7,D,AC1552000T,Shoulder/Lap Belt(s),F,012d8983-8248-4a74-be5d-35f920593a21,Single Vehicle ,N,Intersection,Right Turn Lane,Daylight,No Defects,"Two-way, Not Divided",Dry,Clear,Twelve o'clock,Pickup Truck,Functional,N,Moving Constant Speed,2015-02-25 17:04,49,39.13409323,-76.63140745
N,Apparently Normal,No Misuse,Y,Non-incapacitating Injury,5ec0ae25-cfc1-484c-a753-860a8f0f79ee,D,AC1639000F,Shoulder/Lap Belt(s),F,d107895d-16c1-4483-b1e2-b5f967b2ec57,Single Vehicle ,N,Non Intersection,Left Turn Lane,Dark Lights On,No Defects,"Two-way, Divided, Positive Median Barrier",Snow,Snow,Twelve o'clock,Passenger Car,Destroyed,N,Moving Constant Speed,2015-02-16 20:40,30,39.15808492,-76.71759367
N,Apparently Normal,No Misuse,Y,Non-incapacitating Injury,96cde732-c94b-42ae-bf72-d70879685c24,D,AC1668000M,Shoulder/Lap Belt(s),F,eda787a4-6bed-454c-993e-81052ff92a15,Single Vehicle ,N,Non Intersection,Right Turn Lane,Dark Lights On,Foreign Material,"Two-way, Divided, Positive Median Barrier",Snow,Blowing Snow,Six o'clock,Passenger Car,Disabling,N,Moving Constant Speed,2015-02-16 20:37,50,39.10160811,-76.62871599
N,Apparently Normal,No Misuse,Y,Non-incapacitating Injury,ea117ea2-391d-4a8d-88b4-030c239c7a40,D,AC17820013,Shoulder/Lap Belt(s),M,23f3d6e9-a142-4e81-8284-b83da8f12199,Same Movement Angle,N,Intersection,Right Turn Lane,Daylight,No Defects,"Two-way, Not Divided",Wet,Cloudy,Twelve o'clock,(Sport) Utility Vehicle,Disabling,N,Making Left Turn,2015-01-22 10:22,35,39.17474962,-76.59757138
N,Apparently Normal,No Misuse,N,Non-incapacitating Injury,26b02421-6c99-4250-8da7-b592b41ebb9b,D,AC1793000F,Shoulder/Lap Belt(s),F,3eff18ab-f9b2-499c-8249-615cc2fb6e34,Head On Left Turn,N,Intersection,Right Turn Lane,Daylight,No Defects,"Two-way, Divided, Positive Median Barrier",Dry,Clear,Twelve o'clock,Passenger Car,Disabling,N,Moving Constant Speed,2015-01-19 10:10,53,38.97906136,-76.53988123
N,Apparently Normal,No Misuse,Y,Non-incapacitating Injury,a9185e4e-2ebf-440e-8fb5-d596bcf0fba9,D,AC1856000K,Shoulder/Lap Belt(s),F,fb145058-eb35-43ae-8938-649a63c04b62,Single Vehicle ,N,Non Intersection,Right Turn Lane,Daylight,No Defects,"Two-way, Divided, Positive Median Barrier",Ice,Snow,Twelve o'clock,Passenger Car,Disabling,N,Skidding,2015-01-06 8:33,32,39.17137092,-76.63955318
N,Apparently Normal,No Misuse,N,Non-incapacitating Injury,99b7dfac-8baf-4fa7-8f77-13845aefef8f,D,AC18660010,Shoulder/Lap Belt(s),F,bca79517-9624-4212-87bf-d8e8c8e3fa45,Same Direction Rear End,N,Intersection,Right Turn Lane,Daylight,No Defects,"Two-way, Not Divided",Dry,Cloudy,Six o'clock,Passenger Car,Superficial,N,Slowing or Stopping,2015-01-14 12:35,63,39.14429667,-76.525185
N,Apparently Normal,No Misuse,N,No Injury,7bbbfc9d-29e2-4865-90b6-2a51829717db,D,AC18660010,Shoulder/Lap Belt(s),M,f1feabf8-6d59-46d0-98ed-22ab506f47e5,Same Direction Rear End,N,Intersection,Right Turn Lane,Daylight,No Defects,"Two-way, Not Divided",Dry,Cloudy,Twelve o'clock,Passenger Car,Functional,N,Slowing or Stopping,2015-01-14 12:35,84,39.14429667,-76.525185
N,Apparently Normal,No Misuse,Y,No Injury,be840a6d-8d9f-470c-a319-0ec34b189d07,D,AC18660010,Shoulder/Lap Belt(s),M,70da57c0-8b5b-4ce1-9ad7-9e847b616300,Same Direction Rear End,N,Intersection,Right Turn Lane,Daylight,No Defects,"Two-way, Not Divided",Dry,Cloudy,Twelve o'clock,Passenger Car,Disabling,N,Moving Constant Speed,2015-01-14 12:35,63,39.14429667,-76.525185
N,Apparently Normal,No Misuse,N,Non-incapacitating Injury,23e4f19b-a865-44fc-aa92-9f85fc235af6,D,AC1975000T,Shoulder/Lap Belt(s),F,1510efbc-0089-4ed0-9c6a-a4d5bf2c4005,Same Direction Rear End,N,Non Intersection,Left Turn Lane,Dark Lights On,No Defects,"Two-way, Not Divided",Dry,Clear,Six o'clock,Passenger Car,Disabling,N,Starting From Lane,2015-03-25 5:24,55,39.15842393,-76.69410557
N,Apparently Normal,No Misuse,Y,No Injury,57ccb8ee-2e33-4f9a-aa7b-aa37d6b9cd5c,D,AC1975000T,Shoulder/Lap Belt(s),M,89c64d6b-47f4-432c-902b-c70ba32a7119,Same Direction Rear End,N,Non Intersection,Left Turn Lane,Dark Lights On,No Defects,"Two-way, Not Divided",Dry,Clear,Twelve o'clock,"Cargo Van/Light Truck 2 axles (10,000 lbs (4,536 kg) or less)",Functional,N,Moving Constant Speed,2015-03-25 5:24,24,39.15842393,-76.69410557
N,Apparently Normal,No Misuse,Y,Non-incapacitating Injury,21e624d6-8116-48da-83c5-bc2c9860bb7e,D,AC19900010,Shoulder/Lap Belt(s),F,261b5a7f-dfc0-4d64-96a5-8e0cc1562546,Single Vehicle ,N,Non Intersection,Right Turn Lane,Daylight,No Defects,"Two-way, Not Divided",Ice,Cloudy,Ten o'clock,Passenger Car,Functional,N,Slowing or Stopping,2015-01-07 12:04,61,39.02100083,-76.68186128
N,Apparently Normal,No Misuse,N,No Injury,b6db24fd-6a0b-4e14-a3fa-a151a4a4c3b9,D,AC19900012,Shoulder/Lap Belt(s),M,6d9b40a0-5e74-41b8-a783-7c5746499120,Same Movement Angle,N,Intersection,Right Turn Lane,Daylight,No Defects,"Two-way, Divided, Unprotected (painted >4 feet) Median",Wet,Cloudy,Ten o'clock,Passenger Car,Disabling,N,Moving Constant Speed,2015-01-27 7:28,39,39.16195227,-76.67336747
N,Apparently Normal,No Misuse,N,Non-incapacitating Injury,6dc7d129-3be0-461b-8870-534ed43a5cf4,D,AC1991001B,Shoulder/Lap Belt(s),F,c9960d34-4657-4bcf-baaf-0c283be0963c,Same Movement Angle,N,Intersection,Left Turn Lane,Dark Lights On,No Defects,"Two-way, Divided, Positive Median Barrier",Dry,Clear,Nine o'clock,Passenger Car,Disabling,N,Moving Constant Speed,2015-02-25 21:13,51,39.05413,-76.66006667
N,Apparently Normal,No Misuse,Y,No Injury,96f888bd-9518-46fc-a23a-751fa27a5f25,D,AC1991001B,Shoulder/Lap Belt(s),M,a099e032-2fbe-456b-9246-20786aee7721,Same Movement Angle,N,Intersection,Left Turn Lane,Dark Lights On,No Defects,"Two-way, Divided, Positive Median Barrier",Dry,Clear,Twelve o'clock,Pickup Truck,Disabling,N,Accelerating,2015-02-25 21:13,18,39.05413,-76.66006667
N,Apparently Normal,No Misuse,N,Non-incapacitating Injury,ac3408a4-2962-41c1-8b9d-8a0d5e926193,D,AC20090012,Shoulder/Lap Belt(s),F,7e57c13e-5127-4fbb-ae87-cf19610dcbdb,Head On Left Turn,N,Intersection Related,Right Turn Lane,Dark Lights On,No Defects,"Two-way, Divided, Unprotected (painted >4 feet) Median",Dry,Clear,Eleven o'clock,Passenger Car,Disabling,N,Moving Constant Speed,2015-02-19 18:31,63,39.130055,-76.71578333
N,Apparently Normal,No Misuse,Y,No Injury,a5e70d96-55de-41c4-aa6e-c1e71e6a4856,D,AC20090012,Shoulder/Lap Belt(s),M,c77feeab-a737-4db7-a81c-7ae122e6b91d,Head On Left Turn,N,Intersection Related,Right Turn Lane,Dark Lights On,No Defects,"Two-way, Divided, Unprotected (painted >4 feet) Median",Dry,Clear,Twelve o'clock,Passenger Car,Destroyed,N,Making Left Turn,2015-02-19 18:31,22,39.130055,-76.71578333
N,Apparently Normal,No Misuse,Y,Non-incapacitating Injury,e3dc63d8-a62c-4fb7-bdff-8f18e56af0d3,D,AC2030000S,Shoulder/Lap Belt(s),F,01dcc0f9-e488-4376-8d98-6e7c1166d55b,Same Direction Rear End,N,Non Intersection,Right Turn Lane,Dark - Unknown Lighting,No Defects,"Two-way, Not Divided",Dry,Clear,Twelve o'clock,Passenger Car,Functional,N,Slowing or Stopping,2015-03-19 6:42,59,39.00830488,-76.67953849
N,Apparently Normal,No Misuse,N,Non-incapacitating Injury,4e45ad30-d737-4dbd-9106-9e9ab748b26f,D,ADE2510001,Shoulder/Lap Belt(s),F,73c964a6-c646-411f-9a5c-562f0020fb25,Same Direction Left Turn,N,Intersection,Right Turn Lane,Daylight,No Defects,"Two-way, Divided, Positive Median Barrier",Dry,Clear,Twelve o'clock,Passenger Car,Disabling,N,Moving Constant Speed,2015-01-28 15:48,59,39.3108673,-76.62521839
N,Apparently Normal,No Misuse,Y,Non-incapacitating Injury,a1cfd271-bdfc-43e7-9baa-7a8c409970fc,D,ADE3350003,Shoulder/Lap Belt(s),F,3678cdee-82d1-4eb7-a19e-b4f67931e0db,Same Movement Angle,N,Intersection,Acceleration Lane,Dark Lights On,No Defects,"Two-way, Divided, Positive Median Barrier",Wet,Raining,One o'clock,Passenger Car,Disabling,N,Accelerating,2015-01-24 1:35,28,39.34548269,-76.6966939
N,Apparently Normal,No Misuse,N,Non-incapacitating Injury,852814ca-e59c-4e78-bc22-e8a043002408,D,ADE3350003,Shoulder/Lap Belt(s),M,7e0ef666-ebbf-4934-8d19-c8a096185bbb,Same Movement Angle,N,Intersection,Acceleration Lane,Dark Lights On,No Defects,"Two-way, Divided, Positive Median Barrier",Wet,Raining,Eleven o'clock,Passenger Car,Disabling,N,Moving Constant Speed,2015-01-24 1:35,24,39.34548269,-76.6966939
N,Apparently Normal,No Misuse,N,Non-incapacitating Injury,f6ddba11-a489-48dd-b88c-55b33e1f18e6,D,ADE3350004,Shoulder/Lap Belt(s),F,63615a33-9b37-4db7-9595-7fc0bd8a41ba,Same Direction Rear End,N,Non Intersection,Right Turn Lane,Dark Lights On,No Defects,"Two-way, Not Divided",Dry,Clear,Six o'clock,Passenger Car,Superficial,N,Slowing or Stopping,2015-02-08 2:20,38,39.31092541,-76.6946125
N,Apparently Normal,No Misuse,N,Non-incapacitating Injury,d94c706a-c1f3-4199-8941-783a09ffc64a,D,ADE7460006,Shoulder/Lap Belt(s),F,cf1de7d7-f2b6-4c28-b775-3b0a7e150286,Same Movement Angle,N,Intersection,Right Turn Lane,Dark Lights On,No Defects,One-way Trafficway,Dry,Clear,Ten o'clock,(Sport) Utility Vehicle,Disabling,N,Moving Constant Speed,2015-01-22 17:17,48,39.31114124,-76.61658168
N,Apparently Normal,No Misuse,N,Non-incapacitating Injury,8592b099-71f1-442a-9858-ea4c652ade0f,D,ADF2280003,Shoulder/Lap Belt(s),F,77413058-46ed-4bb7-85d0-79d68731b153,Same Direction Rear End Right Turn,N,Intersection,Left Turn Lane,Dark Lights On,No Defects,"Two-way, Not Divided",Dry,Clear,Six o'clock,Passenger Car,Functional,N,Slowing or Stopping,2015-02-27 23:15,51,39.33068341,-76.65989935
N,Apparently Normal,No Misuse,Y,Non-incapacitating Injury,d4a9a68c-b9de-4353-a0d1-ef6574452adf,D,ADF2280003,Shoulder/Lap Belt(s),F,51d19814-db96-42f0-b81e-f43fc9d3e1e1,Same Direction Rear End Right Turn,N,Intersection,Left Turn Lane,Dark Lights On,No Defects,"Two-way, Not Divided",Dry,Clear,Twelve o'clock,Passenger Car,Disabling,N,Slowing or Stopping,2015-02-27 23:15,67,39.33068341,-76.65989935
N,Apparently Normal,No Misuse,N,Non-incapacitating Injury,b146c621-700a-43a0-ade5-b2e886b78f71,D,ADF783000C,Shoulder/Lap Belt(s),F,e1651a5a-6984-4aa2-a7a8-b441a91e450a,Same Direction Rear End,N,Intersection,Right Turn Lane,Daylight,No Defects,"Two-way, Not Divided",Dry,Clear,Twelve o'clock,Passenger Car,Superficial,N,Moving Constant Speed,2015-01-04 15:32,53,39.29511209,-76.57639146
N,Apparently Normal,No Misuse,Y,No Injury,4d394f3a-c8b1-4aa5-8072-a77c0aa5b2b1,D,ADF783000C,Shoulder/Lap Belt(s),M,a1741922-91a1-4c0b-af81-ffbb2b045043,Same Direction Rear End,N,Intersection,Right Turn Lane,Daylight,No Defects,"Two-way, Not Divided",Dry,Clear,Twelve o'clock,Police Vehicle/Non Emergency,Superficial,N,Backing,2015-01-04 15:32,33,39.29511209,-76.57639146
N,Apparently Normal,No Misuse,N,Non-incapacitating Injury,16fff574-1b90-4031-b856-b319de394a98,D,ADG6250002,Shoulder/Lap Belt(s),F,2f7c24d0-64e9-4fe4-829a-b30d43f880c2,Same Movement Angle,N,Intersection,Right Turn Lane,Dark Lights On,No Defects,One-way Trafficway,Dry,Clear,Nine o'clock,(Sport) Utility Vehicle,Disabling,N,Moving Constant Speed,2015-01-08 1:45,29,39.2905017,-76.59041405
N,Apparently Normal,No Misuse,Y,No Injury,8105e409-9d1b-4575-b65e-98d1d10073a2,D,ADG6250002,Shoulder/Lap Belt(s),M,72a5710b-1921-469e-bb4c-d663e236d3f0,Same Movement Angle,N,Intersection,Right Turn Lane,Dark Lights On,No Defects,One-way Trafficway,Dry,Clear,Twelve o'clock,Passenger Car,Disabling,N,Moving Constant Speed,2015-01-08 1:45,33,39.2905017,-76.59041405
N,Apparently Normal,No Misuse,N,No Injury,bbb8e5d6-845e-486d-b01c-5b78c68f125e,D,ADH5320007,Shoulder/Lap Belt(s),M,a58d02f6-e042-4179-9e65-096ea561f7d5,Single Vehicle ,N,Non Intersection,Left Turn Lane,Daylight,No Defects,"Two-way, Divided, Positive Median Barrier",Dry,Clear,Twelve o'clock,Passenger Car,Functional,N,Making Left Turn,2015-03-22 18:19,25,39.34871275,-76.69165201
N,Apparently Normal,No Misuse,Y,Non-incapacitating Injury,0b370501-b2c9-4b0f-924f-49b6d7d83fbf,D,ADI4440001,Shoulder/Lap Belt(s),F,449a6217-5b55-489c-830b-2e25d6d1220e,Single Vehicle ,N,Non Intersection,Right Turn Lane,Daylight,No Defects,"Two-way, Divided, Positive Median Barrier",Snow,Snow,Twelve o'clock,Passenger Car,Disabling,N,Moving Constant Speed,2015-02-17 7:30,26,39.35556283,-76.64940119
N,Apparently Normal,No Misuse,Y,No Injury,38fd005c-db0c-4446-a3db-50124bd2fdfc,D,ADI5160001,Shoulder/Lap Belt(s),M,5fdd733f-72ff-4d38-b5b4-eb6b93e80b2c,Same Direction Rear End,N,Non Intersection,Left Turn Lane,Dawn,No Defects,"Two-way, Divided, Positive Median Barrier",Dry,Clear,Twelve o'clock,"Cargo Van/Light Truck 2 axles (10,000 lbs (4,536 kg) or less)",Superficial,N,Slowing or Stopping,2015-03-16 19:03,27,39.34315949,-76.63976669
N,Apparently Normal,No Misuse,N,Non-incapacitating Injury,86a06054-6731-4013-82a2-00190228e85a,D,ADI5160001,Shoulder/Lap Belt(s),M,69e9cfc4-31ef-4ab0-a236-74083ee1e820,Same Direction Rear End,N,Non Intersection,Left Turn Lane,Dawn,No Defects,"Two-way, Divided, Positive Median Barrier",Dry,Clear,Six o'clock,Passenger Car,Disabling,N,Slowing or Stopping,2015-03-16 19:03,19,39.34315949,-76.63976669
N,Apparently Normal,No Misuse,N,Non-incapacitating Injury,9efb7620-f36a-45ec-867d-9584bc2f6883,D,ADI5440001,Shoulder/Lap Belt(s),F,08b768b0-1a10-49f3-ad6d-75a7d56c7c4c,Same Movement Angle,N,Intersection,Right Turn Lane,Dark Lights On,No Defects,"Two-way, Divided, Unprotected (painted >4 feet) Median",Dry,Clear,Twelve o'clock,Passenger Car,Disabling,N,Moving Constant Speed,2015-02-20 22:40,50,39.3203422,-76.57172173
N,Apparently Normal,No Misuse,Y,No Injury,6e5d33b8-3bb9-45c7-9e68-49bd6b041df3,D,ADI5440001,Shoulder/Lap Belt(s),M,1936153b-67ba-4093-975a-69c87e368f5c,Same Movement Angle,N,Intersection,Right Turn Lane,Dark Lights On,No Defects,"Two-way, Divided, Unprotected (painted >4 feet) Median",Dry,Clear,One o'clock,Passenger Car,Disabling,N,Accelerating,2015-02-20 22:40,23,39.3203422,-76.57172173
N,Apparently Normal,No Misuse,N,No Injury,4ff416be-08ed-4398-9179-b947ea849ca8,D,ADI6450002,Shoulder/Lap Belt(s),M,e58aaed2-9a31-4590-82ad-e177d771e934,Same Movement Angle,N,Intersection,Left Turn Lane,Dark Lights On,No Defects,"Two-way, Not Divided",Dry,Cloudy,Twelve o'clock,Passenger Car,Superficial,N,Moving Constant Speed,2015-01-05 6:31,74,39.27533782,-76.64215922
N,Apparently Normal,No Misuse,N,Non-incapacitating Injury,aa2e8333-83de-4c68-a890-8e3c719d9a99,D,ADI6930007,Shoulder/Lap Belt(s),F,06d32471-0c37-4547-9786-cf459a66a764,Same Direction Rear End,N,Non Intersection,Acceleration Lane,Dark Lights On,No Defects,"Two-way, Divided, Positive Median Barrier",Wet,Raining,Six o'clock,Passenger Car,No Damage,N,Stopped in Traffic Lane,2015-02-09 22:00,68,39.31025563,-76.6723904
N,Apparently Normal,No Misuse,Y,No Injury,b46cc15f-c615-441a-b4d1-ec6b5c1176b6,D,ADI6930007,Shoulder/Lap Belt(s),M,eba3c386-d453-4f47-9565-7ae8e331bdba,Same Direction Rear End,N,Non Intersection,Acceleration Lane,Dark Lights On,No Defects,"Two-way, Divided, Positive Median Barrier",Wet,Raining,Twelve o'clock,"Cargo Van/Light Truck 2 axles (10,000 lbs (4,536 kg) or less)",No Damage,N,Slowing or Stopping,2015-02-09 22:00,36,39.31025563,-76.6723904
N,Apparently Normal,No Misuse,N,Non-incapacitating Injury,5043aaf5-b9fe-4cc4-9d0e-c64c3382cb92,D,ADI7540005,Shoulder/Lap Belt(s),F,f2339077-a3bf-4fcf-8e40-34af66775b5a,Same Direction Rear End,N,Intersection,Left Turn Lane,Daylight,No Defects,"Two-way, Divided, Positive Median Barrier",Dry,Clear,Six o'clock,Passenger Car,No Damage,N,Slowing or Stopping,2015-03-09 16:30,37,39.36494476,-76.60990834
N,Apparently Normal,No Misuse,N,Non-incapacitating Injury,bca84195-5404-4deb-b577-7d85e8bb9c6a,D,ADI7540009,Shoulder/Lap Belt(s),F,b5fa536b-d990-4beb-8f83-bdba5f3b09b6,Same Direction Right Turn,N,Intersection Related,Deceleration Lane,Dark Lights On,No Defects,"Two-way, Divided, Positive Median Barrier",Dry,Clear,Seven o'clock,Passenger Car,Disabling,N,Moving Constant Speed,2015-03-30 21:30,27,39.36605624,-76.59851432
N,Apparently Normal,No Misuse,N,Non-incapacitating Injury,ae144640-13f8-4ac0-974b-8a488ed79e84,D,ADI8550003,Shoulder/Lap Belt(s),F,86c2a915-fd15-40d0-87dc-37905de1cfb8,Same Movement Angle,N,Intersection,Right Turn Lane,Daylight,No Defects,"Two-way, Divided, Unprotected (painted >4 feet) Median",Dry,Clear,Eleven o'clock,Passenger Car,Destroyed,N,Moving Constant Speed,2015-02-28 10:04,59,39.32800078,-76.5836522
N,Apparently Normal,No Misuse,N,Possible Incapacitating Injury,ac8cd6ab-d071-4ee6-ade7-7a37f07cf8a2,D,ADI8550003,Shoulder/Lap Belt(s),F,90c7173a-135a-42bf-af7a-834c94c6c10c,Same Movement Angle,N,Intersection,Right Turn Lane,Daylight,No Defects,"Two-way, Divided, Unprotected (painted >4 feet) Median",Dry,Clear,Three o'clock,Passenger Car,Destroyed,N,Moving Constant Speed,2015-02-28 10:04,60,39.32800078,-76.5836522
N,Apparently Normal,No Misuse,Y,Non-incapacitating Injury,6d884da6-5039-4d02-be23-7749cb16ba44,D,ADI8550003,Shoulder/Lap Belt(s),M,9d6fe379-f46b-4911-b86d-f9e32c955fe6,Same Movement Angle,N,Intersection,Right Turn Lane,Daylight,No Defects,"Two-way, Divided, Unprotected (painted >4 feet) Median",Dry,Clear,Twelve o'clock,Passenger Car,Destroyed,N,Moving Constant Speed,2015-02-28 10:04,62,39.32800078,-76.5836522
N,Apparently Normal,No Misuse,Y,Non-incapacitating Injury,57725421-b773-42c5-9823-8b041a130714,D,ADI8920002,Shoulder/Lap Belt(s),F,6e65cbb4-ff6f-4c95-905c-2e786358491e,Same Movement Angle,N,Intersection,Right Turn Lane,Daylight,No Defects,"Two-way, Divided, Positive Median Barrier",Snow,Blowing Snow,Ten o'clock,Passenger Car,Disabling,N,Slowing or Stopping,2015-02-19 8:23,60,39.32814394,-76.67806059
N,Apparently Normal,No Misuse,Y,No Injury,ba25862b-bf7f-483a-882c-32bc4ced85eb,D,ADI8920002,Shoulder/Lap Belt(s),M,0614f7b0-08af-40c5-83aa-58f4fd7b99e4,Same Movement Angle,N,Intersection,Right Turn Lane,Daylight,No Defects,"Two-way, Divided, Positive Median Barrier",Snow,Blowing Snow,Twelve o'clock,Passenger Car,Functional,N,Slowing or Stopping,2015-02-19 8:23,49,39.32814394,-76.67806059
N,Apparently Normal,No Misuse,Y,Non-incapacitating Injury,8d7f06e0-2cf0-4dac-8cb2-9a2ddb624076,D,ADI9200002,Shoulder/Lap Belt(s),F,bd342eb5-0ca6-4ee2-9190-22aa66055fca,Angle Meets Left Turn,N,Intersection,Right Turn Lane,Daylight,No Defects,"Two-way, Divided, Unprotected (painted >4 feet) Median",Dry,Clear,Twelve o'clock,(Sport) Utility Vehicle,Disabling,N,Making Left Turn,2015-01-30 7:45,47,39.35044724,-76.69418335
N,Apparently Normal,No Misuse,N,Possible Incapacitating Injury,f0538874-f5f7-4316-9d59-78781dda4456,D,ADI9200002,Shoulder/Lap Belt(s),F,d50b937b-79e0-4d51-85e5-18f84cb2c4e3,Angle Meets Left Turn,N,Intersection,Right Turn Lane,Daylight,No Defects,"Two-way, Divided, Unprotected (painted >4 feet) Median",Dry,Clear,Twelve o'clock,Passenger Car,Disabling,N,Moving Constant Speed,2015-01-30 7:45,25,39.35044724,-76.69418335
N,Apparently Normal,No Misuse,N,Non-incapacitating Injury,4e4cc3a3-2578-4a44-9257-e8dc61fd8fc3,D,ADI9750007,Shoulder/Lap Belt(s),F,50ca8c24-4d61-4b56-ac94-bb3dd8d5496d,Same Direction Right Turn,N,Non Intersection,Left Turn Lane,Daylight,No Defects,"Two-way, Not Divided",Dry,Clear,Twelve o'clock,Passenger Car,Superficial,N,Moving Constant Speed,2015-03-08 12:45,31,39.33031412,-76.69219851
N,Apparently Normal,No Misuse,N,Non-incapacitating Injury,945f976c-0057-4a08-b541-2c0acab64d0f,D,ADJ1740005,Shoulder/Lap Belt(s),F,f2ddee4b-3e7a-4d98-9b1b-c9a0f9ffcb90,Same Direction Rear End,N,Non Intersection,Right Turn Lane,Daylight,No Defects,"Two-way, Not Divided",Dry,Clear,Six o'clock,Passenger Car,Functional,N,Moving Constant Speed,2015-03-15 14:30,47,39.36592197,-76.56696752