CDL_FLAG,CONDITION_CODE,EQUIP_PROB_CODE,FAULT_FLAG,INJ_SEVER_CODE,PERSON_ID,PERSON_TYPE,REPORT_NO,SAF_EQUIP_CODE,SEX_CODE,VEHICLE_ID,COLLISION_TYPE_CODE,C_M_ZONE_FLAG,JUNCTION_CODE,LANE_CODE,LIGHT_CODE,RD_COND_CODE,RD_DIV_CODE,SURF_COND_CODE,WEATHER_CODE,AREA_DAMAGED_CODE_MAIN,BODY_TYPE_CODE,DAMAGE_CODE,HIT_AND_RUN_FLAG,MOVEMENT_CODE,TIME,AGE,LATITUDE,LONGITUDE
N,Apparently Normal,No Misuse,N,No Injury,f27481f6-28cc-49ae-a654-016ecfaa9d1f,D,DD5508000X,Shoulder/Lap Belt(s),M,be142cd2-512e-4aba-b9b4-8131d579a792,Same Direction Sideswipe,N,Non Intersection,Right Turn Lane,Daylight,No Defects,"Two-way, Not Divided",Dry,Clear,One o'clock,Pickup Truck,Functional,N,Moving Constant Speed,2015-03-28 12:55,43,39.06700333,-77.12242333
N,Apparently Normal,No Misuse,Y,No Injury,f4b3ade1-524f-4999-aa16-f30c0b7736c9,D,DD5594000W,Shoulder/Lap Belt(s),M,a554f215-b451-4ae4-b6ef-a7464ea72110,Single Vehicle ,N,Non Intersection,Left Turn Lane,Dark Lights On,No Defects,"Two-way, Not Divided",Wet,Raining,Twelve o'clock,Passenger Car,Functional,N,Moving Constant Speed,2015-03-10 19:37,71,39.11973,-77.18068667
N,Apparently Normal,No Misuse,Y,Non-incapacitating Injury,394606c1-61fc-46ee-91ee-ca75c1b823f6,D,DE3111000M,Shoulder/Lap Belt(s),F,9ea38fc3-7354-4ab5-8468-3699c33e0338,Single Vehicle ,N,Non Intersection,Right Turn Lane,Daylight,No Defects,"Two-way, Not Divided",Wet,Raining,Roof Top,(Sport) Utility Vehicle,Disabling,N,Moving Constant Speed,2015-03-01 12:39,23,38.37247341,-75.52466512
N,Apparently Normal,No Misuse,N,Non-incapacitating Injury,2d846be4-1b24-454c-981f-129371e63f73,D,DE4147000Q,Shoulder/Lap Belt(s),F,3d59eda5-e171-4789-ac2a-c3901afda6eb,Same Direction Rear End,N,Intersection Related,Left Turn Lane,Daylight,No Defects,"Two-way, Divided, Positive Median Barrier",Dry,Clear,Six o'clock,Passenger Car,Superficial,N,Stopped in Traffic Lane,2015-02-25 10:32,25,38.36723718,-75.59884161
N,Apparently Normal,No Misuse,Y,No Injury,c26ebcc8-b15e-4d91-bfe7-b6d6bb5f2f60,D,DE4147000Q,Shoulder/Lap Belt(s),M,50f9db68-5791-49af-906a-98db108d2da5,Same Direction Rear End,N,Intersection Related,Left Turn Lane,Daylight,No Defects,"Two-way, Divided, Positive Median Barrier",Dry,Clear,Twelve o'clock,Pickup Truck,Superficial,N,Slowing or Stopping,2015-02-25 10:32,68,38.36723718,-75.59884161
N,Apparently Normal,No Misuse,Y,Non-incapacitating Injury,f32fe56d-ffd2-4001-9042-741b3715e4aa,D,DE4147000S,Shoulder/Lap Belt(s),F,a6f1dc5f-a4c2-4a6e-95d9-f2faaee00935,Same Movement Angle,N,Intersection,Right Turn Lane,Dawn,No Defects,"Two-way, Not Divided",Dry,Clear,Twelve o'clock,(Sport) Utility Vehicle,Disabling,N,Moving Constant Speed,2015-03-12 6:58,33,38.3543784,-75.60625792
N,Apparently Normal,No Misuse,N,Non-incapacitating Injury,08e4700a-da04-4b52-ab69-6b1b5e786dc5,D,DE4147000S,Shoulder/Lap Belt(s),M,a55462f3-f6a3-4588-af57-2fc618085334,Same Movement Angle,N,Intersection,Right Turn Lane,Dawn,No Defects,"Two-way, Not Divided",Dry,Clear,Nine o'clock,(Sport) Utility Vehicle,Destroyed,N,Accelerating,2015-03-12 6:58,33,38.3543784,-75.60625792
N,Apparently Normal,No Misuse,N,Non-incapacitating Injury,2e95d2af-795c-46dc-ab3d-d3c382d4cb0a,D,DE5121000Y,Shoulder/Lap Belt(s),F,2ce0fd3f-9d1f-40b1-a66f-079ebcf59311,Head On Left Turn,N,Intersection Related,Right Turn Lane,Daylight,No Defects,"Two-way, Not Divided",Wet,Clear,Eleven o'clock,Passenger Car,Functional,N,Stopped in Traffic Lane,2015-02-22 17:40,23,38.38291111,-75.58488607
N,Apparently Normal,No Misuse,N,No Injury,8905a8ae-2d24-47d6-89d0-c1c18982c110,D,DE5121000Y,Shoulder/Lap Belt(s),M,542ae0b6-5d43-496b-9fed-2551dabaf69e,Head On Left Turn,N,Intersection Related,Right Turn Lane,Daylight,No Defects,"Two-way, Not Divided",Wet,Clear,Twelve o'clock,(Sport) Utility Vehicle,Functional,N,Making Right Turn,2015-02-22 17:40,33,38.38291111,-75.58488607
N,Apparently Normal,No Misuse,Y,No Injury,450ccdb6-59a2-4e81-9da9-f1c19becb8f9,D,DE5121000Y,Shoulder/Lap Belt(s),M,6801f47a-91aa-4abe-8e5f-5c732d93769c,Head On Left Turn,N,Intersection Related,Right Turn Lane,Daylight,No Defects,"Two-way, Not Divided",Wet,Clear,Eleven o'clock,Passenger Car,Superficial,N,Accelerating,2015-02-22 17:40,34,38.38291111,-75.58488607
N,Apparently Normal,No Misuse,N,Non-incapacitating Injury,5c41978f-cbb8-41f9-a713-d9eecc6d7e91,D,DX01560001,Shoulder/Lap Belt(s),F,98c95342-ca7c-4b74-a051-8d10ebb00b51,Same Movement Angle,N,Intersection,Right Turn Lane,Daylight,No Defects,"Two-way, Not Divided",Dry,Clear,Twelve o'clock,Van,Disabling,N,Moving Constant Speed,2015-03-10 8:55,55,38.80165762,-76.23067617
N,Apparently Normal,No Misuse,Y,Non-incapacitating Injury,09890136-4bf6-4375-8b0c-ba726e3f0179,D,DX01560001,Shoulder/Lap Belt(s),F,80e06d19-0c2f-46c8-ac72-845a3d4d8091,Same Movement Angle,N,Intersection,Right Turn Lane,Daylight,No Defects,"Two-way, Not Divided",Dry,Clear,Nine o'clock,(Sport) Utility Vehicle,Disabling,N,Making Left Turn,2015-03-10 8:55,69,38.80165762,-76.23067617
N,Apparently Normal,No Misuse,Y,Non-incapacitating Injury,97fa0af1-73db-4ca1-af8c-c64132b0d423,D,FD02440007,Shoulder/Lap Belt(s),M,b7131f38-2b7c-4e20-b0b0-fe479c8b0947,Same Movement Angle,N,Intersection Related,Right Turn Lane,Daylight,No Defects,"Two-way, Not Divided",Dry,Cloudy,Nine o'clock,Van,Disabling,N,Making Left Turn,2015-02-01 14:15,44,39.6498808,-76.87861204
N,Apparently Normal,No Misuse,N,Non-incapacitating Injury,2a991d95-bd2b-4398-bf90-3563783a5217,D,MCP0251000H,Shoulder/Lap Belt(s),F,5fced137-53d8-4d4d-8337-966d43f4be9a,Same Direction Sideswipe,N,Intersection Related,Right Turn Lane,Dark Lights On,No Defects,"Two-way, Divided, Positive Median Barrier",Dry,Clear,Six o'clock,Passenger Car,Superficial,N,Stopped in Traffic Lane,2015-01-20 19:07,26,39.17907167,-77.26705833
N,Apparently Normal,No Misuse,N,Incapacitating/Disabled Injury,73ac012d-0e11-4045-8c0d-0e0c7fee26c5,D,MCP0251000H,Shoulder/Lap Belt(s),F,24f999c0-8b2a-451e-a7df-e23365f96a88,Same Direction Sideswipe,N,Intersection Related,Right Turn Lane,Dark Lights On,No Defects,"Two-way, Divided, Positive Median Barrier",Dry,Clear,Twelve o'clock,Passenger Car,Disabling,N,Moving Constant Speed,2015-01-20 19:07,63,39.17907167,-77.26705833
N,Apparently Normal,No Misuse,Y,No Injury,57d7424b-c3e3-4975-97e4-cc46474f12f0,D,MCP0251000H,Shoulder/Lap Belt(s),M,8f86255d-3e4d-4f71-83fd-4d0312f450c0,Same Direction Sideswipe,N,Intersection Related,Right Turn Lane,Dark Lights On,No Defects,"Two-way, Divided, Positive Median Barrier",Dry,Clear,Two o'clock,Passenger Car,Disabling,N,Changing Lanes,2015-01-20 19:07,52,39.17907167,-77.26705833
N,Apparently Normal,No Misuse,N,Non-incapacitating Injury,d493d0fe-df1b-4a50-8382-7b534167c539,D,MCP12210010,Shoulder/Lap Belt(s),F,06f081c4-c3d7-47e6-b706-809a5bbb9440,Same Direction Rear End,N,Intersection,Right Turn Lane,Daylight,No Defects,"Two-way, Divided, Positive Median Barrier",Dry,Clear,Six o'clock,Passenger Car,Functional,N,Slowing or Stopping,2015-03-31 8:47,48,39.12827667,-77.23745667
N,Apparently Normal,No Misuse,N,Possible Incapacitating Injury,511bbf41-ea90-475f-b15f-289c32b3de26,D,MCP12210010,Shoulder/Lap Belt(s),F,24cb312d-0d09-434c-ba23-9197f1a9f902,Same Direction Rear End,N,Intersection,Right Turn Lane,Daylight,No Defects,"Two-way, Divided, Positive Median Barrier",Dry,Clear,Six o'clock,Passenger Car,Disabling,N,Slowing or Stopping,2015-03-31 8:47,66,39.12827667,-77.23745667
N,Apparently Normal,No Misuse,Y,No Injury,76a29e4c-c66d-4af1-acbf-3054f2d68b73,D,MCP12210010,Shoulder/Lap Belt(s),M,273f9bec-120a-4046-ad6c-3e068ad015a8,Same Direction Rear End,N,Intersection,Right Turn Lane,Daylight,No Defects,"Two-way, Divided, Positive Median Barrier",Dry,Clear,Twelve o'clock,Passenger Car,Disabling,N,Slowing or Stopping,2015-03-31 8:47,60,39.12827667,-77.23745667
N,Apparently Normal,No Misuse,N,Non-incapacitating Injury,893ed5e4-ac7a-453e-8347-b4904ab1c332,D,MCP12210010,Shoulder/Lap Belt(s),M,c33700db-3dda-4f81-b607-fa5f95fd971e,Same Direction Rear End,N,Intersection,Right Turn Lane,Daylight,No Defects,"Two-way, Divided, Positive Median Barrier",Dry,Clear,Six o'clock,Passenger Car,Functional,N,Slowing or Stopping,2015-03-31 8:47,30,39.12827667,-77.23745667
N,Apparently Normal,No Misuse,Y,Non-incapacitating Injury,b25c14f5-eca8-43a6-b944-53a38c4789d4,D,MCP1378003Z,Shoulder/Lap Belt(s),F,895a59e7-b497-4b97-9ef1-06c362e3e024,Same Movement Angle,N,Intersection,Right Turn Lane,Dark Lights On,No Defects,"Two-way, Not Divided",Dry,Cloudy,Three o'clock,Passenger Car,Disabling,N,Accelerating,2015-01-16 18:06,32,39.14061167,-77.20215
N,Apparently Normal,No Misuse,N,No Injury,b8468fee-d8e5-4c8a-8e79-2e3f93a2db79,D,MCP1378003Z,Shoulder/Lap Belt(s),M,857db23e-206a-40da-b16b-1356aefb4eaf,Same Movement Angle,N,Intersection,Right Turn Lane,Dark Lights On,No Defects,"Two-way, Not Divided",Dry,Cloudy,Twelve o'clock,(Sport) Utility Vehicle,Disabling,N,Moving Constant Speed,2015-01-16 18:06,19,39.14061167,-77.20215
N,Apparently Normal,No Misuse,N,Non-incapacitating Injury,a2a817bc-5379-49b0-9a0f-cbaaf33ec933,D,MCP1378004V,Shoulder/Lap Belt(s),F,ee9bed00-4f82-4e64-ae0a-722dd40b0b0e,Same Movement Angle,N,Intersection,Left Turn Lane,Daylight,No Defects,"Two-way, Divided, Unprotected (painted >4 feet) Median",Wet,Raining,Eleven o'clock,Passenger Car,Disabling,N,Accelerating,2015-03-03 15:51,63,39.15204,-77.172555
N,Apparently Normal,No Misuse,N,Non-incapacitating Injury,30c103a5-7157-46b5-8c30-8267fae0cbe5,D,MCP1378004V,Shoulder/Lap Belt(s),F,cad3c658-ada6-464e-879a-c2e4d9436e64,Same Movement Angle,N,Intersection,Left Turn Lane,Daylight,No Defects,"Two-way, Divided, Unprotected (painted >4 feet) Median",Wet,Raining,Twelve o'clock,(Sport) Utility Vehicle,Disabling,N,Accelerating,2015-03-03 15:51,42,39.15204,-77.172555
N,Apparently Normal,No Misuse,Y,No Injury,9a0caf03-67d5-46d1-b3b4-47d735648461,D,MCP1378004V,Shoulder/Lap Belt(s),M,7a9a4c06-d886-4426-a57e-f5e838e48c34,Same Movement Angle,N,Intersection,Left Turn Lane,Daylight,No Defects,"Two-way, Divided, Unprotected (painted >4 feet) Median",Wet,Raining,One o'clock,Passenger Car,Disabling,N,Moving Constant Speed,2015-03-03 15:51,20,39.15204,-77.172555
N,Apparently Normal,No Misuse,N,Non-incapacitating Injury,e925d220-32b3-4fb5-bee9-138861a5f75d,D,MCP13780057,Shoulder/Lap Belt(s),F,aa181e92-4afc-4bb4-a992-9644e44b2e39,Same Movement Angle,N,Intersection,Right Turn Lane,Daylight,No Defects,"Two-way, Divided, Unprotected (painted >4 feet) Median",Dry,Clear,Twelve o'clock,(Sport) Utility Vehicle,Disabling,N,Making Left Turn,2015-03-23 14:55,70,39.12056,-77.17998167
N,Apparently Normal,No Misuse,Y,No Injury,d6034f74-636f-4357-b0f1-eb621b90d763,D,MCP13780057,Shoulder/Lap Belt(s),M,3f3a7729-78e0-450a-b8de-e69d8304eefe,Same Movement Angle,N,Intersection,Right Turn Lane,Daylight,No Defects,"Two-way, Divided, Unprotected (painted >4 feet) Median",Dry,Clear,Four o'clock,Van,Disabling,N,Moving Constant Speed,2015-03-23 14:55,63,39.12056,-77.17998167
N,Apparently Normal,No Misuse,Y,Non-incapacitating Injury,d26e83e6-b0ad-4d12-91f0-bc74ac480a10,D,MCP2116001C,Shoulder/Lap Belt(s),F,9c9ac25a-a56c-4366-b83a-7e5bae32f893,Same Movement Angle,N,Intersection,Right Turn Lane,Daylight,No Defects,"Two-way, Divided, Positive Median Barrier",Dry,Clear,Three o'clock,Passenger Car,Disabling,N,Moving Constant Speed,2015-01-16 10:55,80,39.103414,-77.155925
N,Apparently Normal,No Misuse,N,No Injury,aa5660e7-1404-4145-9ded-e8cdfcdd94da,D,MCP2116001C,Shoulder/Lap Belt(s),M,8ef217fa-3701-46b4-8982-5b788fe8ce75,Same Movement Angle,N,Intersection,Right Turn Lane,Daylight,No Defects,"Two-way, Divided, Positive Median Barrier",Dry,Clear,Twelve o'clock,Passenger Car,Disabling,N,Making Left Turn,2015-01-16 10:55,72,39.103414,-77.155925
N,Apparently Normal,No Misuse,N,No Injury,052f39c1-67b1-4362-bfc2-03f9f481b526,D,MCP2116001C,Shoulder/Lap Belt(s),M,c7221e4b-c70a-44b0-9763-95667b5ee523,Same Movement Angle,N,Intersection,Right Turn Lane,Daylight,No Defects,"Two-way, Divided, Positive Median Barrier",Dry,Clear,Twelve o'clock,Passenger Car,Disabling,N,Stopped in Traffic Lane,2015-01-16 10:55,64,39.103414,-77.155925
N,Apparently Normal,No Misuse,N,No Injury,8acef641-7d2d-4ebf-bb3b-73c894d31efb,D,MCP2116001C,Shoulder/Lap Belt(s),M,f3bb726a-6866-409a-af77-4aa330e6159c,Same Movement Angle,N,Intersection,Right Turn Lane,Daylight,No Defects,"Two-way, Divided, Positive Median Barrier",Dry,Clear,Ten o'clock,Passenger Car,Functional,N,Stopped in Traffic Lane,2015-01-16 10:55,30,39.103414,-77.155925
N,Apparently Normal,No Misuse,N,Possible Incapacitating Injury,406d0cc1-75a1-4d6c-bc5d-0e2325c7eb36,D,MCP2116001C,Shoulder/Lap Belt(s),M,7a2de254-2a5e-460a-9cbd-4301dd16ea3c,Same Movement Angle,N,Intersection,Right Turn Lane,Daylight,No Defects,"Two-way, Divided, Positive Median Barrier",Dry,Clear,Twelve o'clock,Passenger Car,Disabling,N,Stopped in Traffic Lane,2015-01-16 10:55,50,39.103414,-77.155925
N,Apparently Normal,No Misuse,N,Non-incapacitating Injury,c92146ba-2b19-46ce-8634-b4a3ab983f06,D,MCP22540004,Shoulder/Lap Belt(s),M,84b2bd40-83cc-4bc9-af2d-da9caf11ac0e,Opposite Direction Sideswipe,N,Intersection Related,Right Turn Lane,Daylight,No Defects,"Two-way, Divided, Positive Median Barrier",Wet,Raining,Eleven o'clock,Van,Functional,N,Accelerating,2015-01-04 14:28,29,39.19891,-77.26088667
N,Apparently Normal,No Misuse,Y,Non-incapacitating Injury,a885f1bf-d0ea-4d5f-bcae-d1b692884e7e,D,MCP22740007,Shoulder/Lap Belt(s),F,6b16095d-eafb-4206-a62b-93b1fb9966ba,Single Vehicle ,N,Non Intersection,Left Turn Lane,Daylight,No Defects,"Two-way, Not Divided",Dry,Clear,One o'clock,Passenger Car,Disabling,N,Moving Constant Speed,2015-01-15 10:20,27,39.167905,-77.15201
N,Apparently Normal,No Misuse,N,Non-incapacitating Injury,1252ae01-f167-4d5c-8fa8-c9e123ee42f3,D,MCP22910010,Shoulder/Lap Belt(s),F,73db4a9f-284d-4ada-bdce-42f9655a1bc8,Same Direction Rear End,N,Non Intersection,Acceleration Lane,Dark Lights On,No Defects,"Two-way, Divided, Positive Median Barrier",Wet,Snow,Six o'clock,Passenger Car,Superficial,N,Moving Constant Speed,2015-02-18 18:02,58,38.97651667,-77.09027
N,Apparently Normal,No Misuse,N,Non-incapacitating Injury,b655371a-c938-4739-97b4-af173940fd61,D,MCP2766000Z,Shoulder/Lap Belt(s),F,6a3d4bcb-6575-458b-9e6c-66327b4c238f,Same Direction Rear End,N,Intersection,Acceleration Lane,Dark Lights On,No Defects,"Two-way, Divided, Positive Median Barrier",Wet,Raining,Six o'clock,Passenger Car,Superficial,N,Starting From Lane,2015-01-23 19:28,35,39.06835667,-77.06131667
N,Apparently Normal,No Misuse,Y,No Injury,b40b5871-6a99-4cfa-a1c1-9744aa8f5868,D,MCP2766000Z,Shoulder/Lap Belt(s),M,0baa57ea-fdd4-4787-9852-213c1afab3fb,Same Direction Rear End,N,Intersection,Acceleration Lane,Dark Lights On,No Defects,"Two-way, Divided, Positive Median Barrier",Wet,Raining,Twelve o'clock,"Cargo Van/Light Truck 2 axles (10,000 lbs (4,536 kg) or less)",No Damage,N,Starting From Lane,2015-01-23 19:28,28,39.06835667,-77.06131667
N,Apparently Normal,No Misuse,N,Non-incapacitating Injury,b084f333-d39c-49aa-87ed-1baa1aa91137,D,MCP27660010,Shoulder/Lap Belt(s),F,e7a92a57-3509-4d74-9c90-8479c3838cec,Same Direction Rear End,N,Intersection,Right Turn Lane,Dark No Lights,No Defects,"Two-way, Divided, Positive Median Barrier",Snow,Snow,Six o'clock,Passenger Car,Functional,N,Slowing or Stopping,2015-01-26 18:38,24,39.05736167,-77.07599833
N,Apparently Normal,No Misuse,N,Non-incapacitating Injury,09d36854-59eb-4bcb-9330-c6c5a6f3f84f,D,MCP2784001B,Shoulder/Lap Belt(s),F,afcb5710-8fb3-4cb1-bcc1-ddd073ee0e91,Head On,N,Non Intersection,Right Turn Lane,Dark Lights On,No Defects,"Two-way, Not Divided",Snow,Blowing Snow,Twelve o'clock,Passenger Car,Disabling,N,Slowing or Stopping,2015-02-14 19:05,24,39.09320167,-77.00842167
N,Apparently Normal,No Misuse,Y,Non-incapacitating Injury,936647a3-1c50-4ac0-af5f-fd45273b6a0f,D,MCP2784001B,Shoulder/Lap Belt(s),F,d54251de-400d-44f0-b09e-d8f524cf1f3b,Head On,N,Non Intersection,Right Turn Lane,Dark Lights On,No Defects,"Two-way, Not Divided",Snow,Blowing Snow,Twelve o'clock,Passenger Car,Disabling,N,Slowing or Stopping,2015-02-14 19:05,53,39.09320167,-77.00842167
N,Apparently Normal,No Misuse,N,No Injury,afc05ce7-ef88-4da6-98aa-c5be2fd4f0e8,D,MCP2784001B,Shoulder/Lap Belt(s),M,f4382065-385f-4f81-9446-bf0931717182,Head On,N,Non Intersection,Right Turn Lane,Dark Lights On,No Defects,"Two-way, Not Divided",Snow,Blowing Snow,Twelve o'clock,Passenger Car,Functional,N,Slowing or Stopping,2015-02-14 19:05,37,39.09320167,-77.00842167
N,Apparently Normal,No Misuse,N,Non-incapacitating Injury,4a25793a-9713-4195-a4c7-5a912bfbd26e,D,MCP2847000Q,Shoulder/Lap Belt(s),F,f4ffe773-ddf8-47d7-a204-fbc4aa45b433,Single Vehicle ,N,Non Intersection,Acceleration Lane,Daylight,No Defects,"Two-way, Divided, Positive Median Barrier",Ice,Clear,Twelve o'clock,Passenger Car,Disabling,N,Moving Constant Speed,2015-02-16 8:21,47,39.05822,-77.04836
N,Apparently Normal,No Misuse,N,Non-incapacitating Injury,9b4107ed-ad9a-4590-9320-534039713670,D,MCP2879000Q,Shoulder/Lap Belt(s),F,ef5e470f-e440-411f-b3d2-853d99e4a792,Same Movement Angle,N,Intersection Related,Acceleration Lane,Daylight,No Defects,"Two-way, Divided, Positive Median Barrier",Dry,Clear,Twelve o'clock,Passenger Car,Functional,N,Moving Constant Speed,2015-03-26 17:53,40,39.11743072,-77.25103006
N,Apparently Normal,No Misuse,Y,Non-incapacitating Injury,247a6444-0db7-45f0-a254-658145883445,D,MCP2879000Q,Shoulder/Lap Belt(s),M,6e8a4a7e-a74e-4203-915d-667692cdea65,Same Movement Angle,N,Intersection Related,Acceleration Lane,Daylight,No Defects,"Two-way, Divided, Positive Median Barrier",Dry,Clear,Five o'clock,Passenger Car,Disabling,N,Making Left Turn,2015-03-26 17:53,25,39.11743072,-77.25103006
N,Apparently Normal,No Misuse,N,Non-incapacitating Injury,e72f97d2-9e82-46de-b206-695143c47e73,D,MCP2899000L,Shoulder/Lap Belt(s),F,1b899f23-e5fa-413f-adb7-76bd70a2178b,Same Movement Angle,N,Intersection,Right Turn Lane,Dark Lights On,No Defects,"Two-way, Divided, Unprotected (painted >4 feet) Median",Dry,Clear,Twelve o'clock,(Sport) Utility Vehicle,Disabling,N,Moving Constant Speed,2015-03-29 1:36,50,39.05609664,-76.9542557
N,Apparently Normal,No Misuse,Y,Non-incapacitating Injury,ad97a0a0-c7e5-4e5c-b545-167d539476f9,D,MCP2899000L,Shoulder/Lap Belt(s),F,d8a6bd79-7a87-4a46-84c3-73564323e523,Same Movement Angle,N,Intersection,Right Turn Lane,Dark Lights On,No Defects,"Two-way, Divided, Unprotected (painted >4 feet) Median",Dry,Clear,Twelve o'clock,(Sport) Utility Vehicle,Disabling,N,Accelerating,2015-03-29 1:36,23,39.05609664,-76.9542557
N,Apparently Normal,No Misuse,Y,Non-incapacitating Injury,4b65ea6b-b56f-49cd-b6df-fe95f1939308,D,MSP0486001Z,Shoulder/Lap Belt(s),F,98fb2c96-3a81-4b5b-acfd-f010a3f8fd83,Single Vehicle ,N,Non Intersection,Right Turn Lane,Daylight,No Defects,"Two-way, Divided, Positive Median Barrier",Snow,Snow,Eleven o'clock,Pickup Truck,Disabling,Y,Skidding,2015-01-14 10:30,60,39.53702131,-77.60599494
N,Apparently Normal,No Misuse,Y,Non-incapacitating Injury,ad32c2f4-4162-4f37-ad8b-9cebd4e180a6,D,MSP1205000Z,Shoulder/Lap Belt(s),F,cbf46ba6-2085-4b4e-aeed-2b14a008c7ed,Same Direction Rear End,N,Non Intersection,Right Turn Lane,Daylight,No Defects,"Two-way, Divided, Unprotected (painted >4 feet) Median",Dry,Clear,Twelve o'clock,Passenger Car,Disabling,N,Moving Constant Speed,2015-02-04 17:14,23,38.53045854,-76.97199583
N,Apparently Normal,No Misuse,N,No Injury,70abafd7-aeeb-413a-a5b3-d06da2d1225a,D,MSP1205000Z,Shoulder/Lap Belt(s),M,5493b57e-e9d3-4eb4-b47b-9a77aa773918,Same Direction Rear End,N,Non Intersection,Right Turn Lane,Daylight,No Defects,"Two-way, Divided, Unprotected (painted >4 feet) Median",Dry,Clear,Six o'clock,Pickup Truck,Superficial,N,Slowing or Stopping,2015-02-04 17:14,31,38.53045854,-76.97199583
N,Apparently Normal,No Misuse,N,Non-incapacitating Injury,441b9a60-5682-4838-a4ac-973c2a1c760c,D,MSP37710002,Shoulder/Lap Belt(s),F,767668a9-5df7-45dc-93a8-b2ac8e3869a7,Same Movement Angle,N,Intersection,Right Turn Lane,Daylight,No Defects,"Two-way, Divided, Positive Median Barrier",Dry,Clear,Twelve o'clock,(Sport) Utility Vehicle,Disabling,N,Moving Constant Speed,2015-01-14 12:37,55,39.63354736,-78.9178741
N,Apparently Normal,No Misuse,Y,Non-incapacitating Injury,3b951906-3085-4a3e-a386-4e6eeb15c5b8,D,MSP37710002,Shoulder/Lap Belt(s),F,d465f45b-77d3-487c-8b57-242d06b28c13,Same Movement Angle,N,Intersection,Right Turn Lane,Daylight,No Defects,"Two-way, Divided, Positive Median Barrier",Dry,Clear,Ten o'clock,Passenger Car,Disabling,N,Making Left Turn,2015-01-14 12:37,26,39.63354736,-78.9178741
N,Apparently Normal,No Misuse,N,Non-incapacitating Injury,3fc04a89-496d-40b1-a283-fc2ba6fcd2a4,D,MSP4761001T,Shoulder/Lap Belt(s),F,e6e0f5bd-7fc5-4b7c-9ece-1fa7565462e2,Same Direction Sideswipe,N,Non Intersection,Left Turn Lane,Daylight,No Defects,"Two-way, Divided, Positive Median Barrier",Snow,Snow,One o'clock,Passenger Car,Disabling,N,Moving Constant Speed,2015-02-17 10:44,40,39.020697,-76.933577
N,Apparently Normal,No Misuse,Y,No Injury,5b411975-8798-4eae-a0e5-b0c6551d09d1,D,MSP4761001T,Shoulder/Lap Belt(s),M,3529db96-6a1c-460d-a160-5773f423d67f,Same Direction Sideswipe,N,Non Intersection,Left Turn Lane,Daylight,No Defects,"Two-way, Divided, Positive Median Barrier",Snow,Snow,Twelve o'clock,Passenger Car,Functional,N,Changing Lanes,2015-02-17 10:44,24,39.020697,-76.933577
N,Apparently Normal,No Misuse,N,Non-incapacitating Injury,882b98f0-81cd-4b7d-ab93-99ac79a5a562,D,MSP4879000N,Shoulder/Lap Belt(s),F,2cc697c0-5d77-4bd7-a3b9-e863d641876c,Same Movement Angle,N,Intersection,Right Turn Lane,Daylight,No Defects,"Two-way, Not Divided",Dry,Clear,Twelve o'clock,Passenger Car,Disabling,N,Moving Constant Speed,2015-01-22 16:07,74,38.248183,-75.286525
N,Apparently Normal,No Misuse,Y,Non-incapacitating Injury,9da1a455-baca-4387-8147-43f0027147e4,D,MSP4879000N,Shoulder/Lap Belt(s),F,6c3b0f0e-68ea-468d-9629-5152c9adf550,Same Movement Angle,N,Intersection,Right Turn Lane,Daylight,No Defects,"Two-way, Not Divided",Dry,Clear,Two o'clock,Van,Destroyed,N,Slowing or Stopping,2015-01-22 16:07,45,38.248183,-75.286525
N,Apparently Normal,No Misuse,N,Non-incapacitating Injury,ce374162-a637-4fe6-a451-77b2816def24,D,MSP4899004R,Shoulder/Lap Belt(s),F,1dd21932-84f3-4726-bc53-4936586ae07c,Same Direction Sideswipe,N,Non Intersection,Left Turn Lane,Daylight,No Defects,"Two-way, Divided, Positive Median Barrier",Wet,Raining,Seven o'clock,Passenger Car,Disabling,N,Moving Constant Speed,2015-03-14 14:31,41,39.40200392,-76.56143546
N,Apparently Normal,No Misuse,Y,Non-incapacitating Injury,de4925a6-38e6-4c45-82d7-8fa22cffe3f2,D,MSP4899004R,Shoulder/Lap Belt(s),F,2eb4d559-f432-457e-b26c-f6444c6811d2,Same Direction Sideswipe,N,Non Intersection,Left Turn Lane,Daylight,No Defects,"Two-way, Divided, Positive Median Barrier",Wet,Raining,Twelve o'clock,Passenger Car,Disabling,N,Moving Constant Speed,2015-03-14 14:31,18,39.40200392,-76.56143546
N,Apparently Normal,No Misuse,N,Non-incapacitating Injury,abf156b2-0a38-4c35-a5f4-1fe3ce590c3b,D,MSP50150009,Shoulder/Lap Belt(s),F,4cf00c18-9c11-479e-903a-58aace3675ad,Same Direction Rear End,N,Non Intersection,Right Turn Lane,Daylight,No Defects,"Two-way, Divided, Positive Median Barrier",Dry,Clear,Six o'clock,Passenger Car,Superficial,N,Accelerating,2015-01-27 9:46,35,39.165163,-76.736059
N,Apparently Normal,No Misuse,Y,No Injury,835b86e5-dc97-4c60-a5e1-a95d27142c8d,D,MSP50150009,Shoulder/Lap Belt(s),M,53614eac-f594-4e2d-bbe4-cb0d0c1af33e,Same Direction Rear End,N,Non Intersection,Right Turn Lane,Daylight,No Defects,"Two-way, Divided, Positive Median Barrier",Dry,Clear,Twelve o'clock,Van,Functional,N,Accelerating,2015-01-27 9:46,59,39.165163,-76.736059