CDL_FLAG,CONDITION_CODE,EQUIP_PROB_CODE,FAULT_FLAG,INJ_SEVER_CODE,PERSON_ID,PERSON_TYPE,REPORT_NO,SAF_EQUIP_CODE,SEX_CODE,VEHICLE_ID,COLLISION_TYPE_CODE,C_M_ZONE_FLAG,JUNCTION_CODE,LANE_CODE,LIGHT_CODE,RD_COND_CODE,RD_DIV_CODE,SURF_COND_CODE,WEATHER_CODE,AREA_DAMAGED_CODE_MAIN,BODY_TYPE_CODE,DAMAGE_CODE,HIT_AND_RUN_FLAG,MOVEMENT_CODE,TIME,AGE,LATITUDE,LONGITUDE
N,Apparently Normal,No Misuse,Y,Non-incapacitating Injury,4606dfb3-da44-4e90-9136-332fb2d98aa7,D,ZK0201000D,Shoulder/Lap Belt(s),F,f466d904-2290-4385-b162-8de0b1f7ade6,Single Vehicle ,N,Non Intersection,Right Turn Lane,Daylight,Loose Surface Material,"Two-way, Not Divided",Snow,Snow,Twelve o'clock,(Sport) Utility Vehicle,Disabling,N,Moving Constant Speed,2015-03-20 7:38,57,39.43612671,-79.25114393
N,Apparently Normal,No Misuse,N,Non-incapacitating Injury,65108b70-483b-4356-8765-d4250279ce28,D,ZL05480007,Shoulder/Lap Belt(s),M,ca4214d5-6b6d-4e57-be1f-71f6dc5920c4,Head On Left Turn,N,Non Intersection,Right Turn Lane,Daylight,No Defects,"Two-way, Not Divided",Dry,Clear,Twelve o'clock,(Sport) Utility Vehicle,Disabling,N,Moving Constant Speed,2015-03-19 15:53,32,39.57670141,-76.36884212
N,Apparently Normal,No Misuse,N,Non-incapacitating Injury,c7630a39-e580-4337-945e-9c01992ea1d2,D,ZL06730003,Shoulder/Lap Belt(s),F,db337f0f-32db-4261-aab3-325f7ac49be4,Same Direction Rear End,N,Intersection Related,Right Turn Lane,Dark Lights On,No Defects,"Two-way, Not Divided",Dry,Clear,Six o'clock,Passenger Car,Disabling,N,Stopped in Traffic Lane,2015-01-15 19:22,50,39.55567647,-76.28684032
N,Apparently Normal,No Misuse,Y,Non-incapacitating Injury,c0e1fa5c-cb55-4227-aa46-e30a0e06f7c2,D,ZL06730003,Shoulder/Lap Belt(s),M,ab2735e2-f224-488b-97e2-417335ad9752,Same Direction Rear End,N,Intersection Related,Right Turn Lane,Dark Lights On,No Defects,"Two-way, Not Divided",Dry,Clear,Twelve o'clock,Pickup Truck,Disabling,N,Moving Constant Speed,2015-01-15 19:22,27,39.55567647,-76.28684032
N,Apparently Normal,No Misuse,N,Non-incapacitating Injury,8b26840c-8b87-46ca-9c92-072d09a719d3,D,ZR00780008,Shoulder/Lap Belt(s),F,81290998-72a6-4e94-9958-eb541c19b530,Same Direction Rear End,N,Intersection Related,Right Turn Lane,Dark No Lights,No Defects,"Two-way, Divided, Unprotected (painted >4 feet) Median",Dry,Clear,Six o'clock,Passenger Car,Disabling,N,Stopped in Traffic Lane,2015-02-19 18:32,24,38.44653078,-76.74377203
N,Apparently Normal,No Misuse,N,No Injury,3c615304-70ee-4785-a365-266b1d4413ee,D,ZR00780008,Shoulder/Lap Belt(s),M,d025bdb3-8b43-44f3-81fc-b596a917962b,Same Direction Rear End,N,Intersection Related,Right Turn Lane,Dark No Lights,No Defects,"Two-way, Divided, Unprotected (painted >4 feet) Median",Dry,Clear,Six o'clock,Passenger Car,Disabling,N,Stopped in Traffic Lane,2015-02-19 18:32,51,38.44653078,-76.74377203
N,Apparently Normal,No Misuse,Y,Non-incapacitating Injury,c851d286-6d6c-498d-9552-4151604b4d28,D,ZR00780008,Shoulder/Lap Belt(s),M,4fe9e996-e15c-4d37-a487-21ca079224d9,Same Direction Rear End,N,Intersection Related,Right Turn Lane,Dark No Lights,No Defects,"Two-way, Divided, Unprotected (painted >4 feet) Median",Dry,Clear,Twelve o'clock,Van,Disabling,N,Moving Constant Speed,2015-02-19 18:32,45,38.44653078,-76.74377203
N,Apparently Normal,No Misuse,N,Non-incapacitating Injury,dce15cf0-0f2f-4b32-bbbe-17621e880798,D,ZR00890005,Shoulder/Lap Belt(s),F,eaeb853f-d330-49d0-8991-e54d73b9b3ec,Single Vehicle ,N,Non Intersection,Right Turn Lane,Daylight,No Defects,"Two-way, Not Divided",Wet,Raining,Roof Top,Passenger Car,Destroyed,N,Moving Constant Speed,2015-02-02 12:09,48,38.40041147,-76.83140248
N,Apparently Normal,No Misuse,Y,Non-incapacitating Injury,49a1a73f-9dcb-4cb0-bda3-77504f3c24ca,D,ZR01690006,Shoulder/Lap Belt(s),F,f5921bb7-4a02-4bff-afc6-f071410a210a,Same Movement Angle,N,Intersection,Left Turn Lane,Dark No Lights,No Defects,"Two-way, Divided, Positive Median Barrier",Dry,Clear,Twelve o'clock,Passenger Car,Disabling,N,Accelerating,2015-03-09 20:49,28,38.30814873,-76.53166294
N,Apparently Normal,No Misuse,N,Non-incapacitating Injury,68460523-e5b1-4221-a1c8-9bbd4e7b0d1e,D,ZR01690006,Shoulder/Lap Belt(s),M,fae0d578-81b0-4e5f-9f87-28a4b22bb0eb,Same Movement Angle,N,Intersection,Left Turn Lane,Dark No Lights,No Defects,"Two-way, Divided, Positive Median Barrier",Dry,Clear,Eleven o'clock,Passenger Car,Disabling,N,Moving Constant Speed,2015-03-09 20:49,64,38.30814873,-76.53166294
N,Apparently Normal,No Misuse,N,Non-incapacitating Injury,b9ae8dc3-0a0a-4b3d-b881-a56c40bb074a,D,ZR01970003,Shoulder/Lap Belt(s),F,4926f9e5-c50d-4fa0-bf79-063308a80040,Opposite Direction Sideswipe,N,Non Intersection,Right Turn Lane,Dawn,No Defects,"Two-way, Not Divided",Snow,Blowing Snow,Twelve o'clock,(Sport) Utility Vehicle,Disabling,N,Moving Constant Speed,2015-01-14 6:42,25,38.34195913,-76.58107996
N,Apparently Normal,No Misuse,Y,No Injury,03c7ec6d-31d2-4767-b733-9a5e5ea4b718,D,ZR01970003,Shoulder/Lap Belt(s),M,6edaf18b-5853-4a7f-a0a6-790607ea0394,Opposite Direction Sideswipe,N,Non Intersection,Right Turn Lane,Dawn,No Defects,"Two-way, Not Divided",Snow,Blowing Snow,Four o'clock,Van,Disabling,N,Skidding,2015-01-14 6:42,25,38.34195913,-76.58107996
N,Apparently Normal,No Misuse,Y,Non-incapacitating Injury,0c4c1f41-0ea8-4778-8fca-afd6d668f25e,D,ZR0280000M,Shoulder/Lap Belt(s),F,cab72044-1d1e-45e4-8d1b-f33e922ec6b5,Same Movement Angle,N,Non Intersection,Right Turn Lane,Daylight,No Defects,"Two-way, Not Divided with a Continuous Left Turn Lane",Wet,Raining,Four o'clock,Passenger Car,Disabling,N,Skidding,2015-01-26 7:35,17,38.29663933,-76.6343379
N,Apparently Normal,No Misuse,N,Possible Incapacitating Injury,e067d5b7-d7e8-431d-aeb5-e0ab048df9aa,D,ZR0280000M,Shoulder/Lap Belt(s),F,7fc040da-cbba-427c-b79e-1a96281d48e0,Same Movement Angle,N,Non Intersection,Right Turn Lane,Daylight,No Defects,"Two-way, Not Divided with a Continuous Left Turn Lane",Wet,Raining,Twelve o'clock,Passenger Car,Disabling,N,Moving Constant Speed,2015-01-26 7:35,39,38.29663933,-76.6343379
N,Apparently Normal,No Misuse,N,Non-incapacitating Injury,ccc39553-08a8-40ad-86f8-f51f7a4e83c3,D,ZR03020003,Shoulder/Lap Belt(s),F,06d3b976-e9ad-4f35-bdb8-357472b05ed7,Same Movement Angle,N,Crossover Related,Right Turn Lane,Dark Lights On,No Defects,"Two-way, Divided, Unprotected (painted >4 feet) Median",Wet,Clear,Twelve o'clock,(Sport) Utility Vehicle,Destroyed,N,Moving Constant Speed,2015-01-03 17:07,46,38.4905979,-76.77514851
N,Apparently Normal,No Misuse,Y,No Injury,158bbdbc-5c1b-4b53-98ba-b33f060968df,D,ZR03020003,Shoulder/Lap Belt(s),M,104ca568-725a-4cb8-b066-611f57070845,Same Movement Angle,N,Crossover Related,Right Turn Lane,Dark Lights On,No Defects,"Two-way, Divided, Unprotected (painted >4 feet) Median",Wet,Clear,Ten o'clock,(Sport) Utility Vehicle,Destroyed,N,Starting From Parked,2015-01-03 17:07,72,38.4905979,-76.77514851
N,Apparently Normal,No Misuse,N,Non-incapacitating Injury,356f0468-ca77-48a3-93f9-c0865799ef5c,D,ZR03040007,Shoulder/Lap Belt(s),F,6f653388-7c3d-4ec5-8493-cb3d392d5590,Same Movement Angle,N,Intersection,Right Turn Lane,Daylight,No Defects,"Two-way, Not Divided",Dry,Clear,Twelve o'clock,(Sport) Utility Vehicle,Disabling,N,Moving Constant Speed,2015-01-19 11:22,35,38.23811481,-76.52246296
N,Apparently Normal,No Misuse,N,No Injury,2b306b11-9d94-4494-aa21-efa44409bf54,D,ZR03040007,Shoulder/Lap Belt(s),M,7316edec-8da0-4b95-9f03-c0ca9e72abcb,Same Movement Angle,N,Intersection,Right Turn Lane,Daylight,No Defects,"Two-way, Not Divided",Dry,Clear,Twelve o'clock,"Cargo Van/Light Truck 2 axles (10,000 lbs (4,536 kg) or less)",Superficial,N,Stopped in Traffic Lane,2015-01-19 11:22,46,38.23811481,-76.52246296
N,Apparently Normal,No Misuse,Y,No Injury,536030c1-b317-446a-bc51-df8b0c61449b,D,ZR03040007,Shoulder/Lap Belt(s),M,ff1785ab-8a00-4c4a-b85a-721f2620b92b,Same Movement Angle,N,Intersection,Right Turn Lane,Daylight,No Defects,"Two-way, Not Divided",Dry,Clear,Two o'clock,Passenger Car,Disabling,N,Making Left Turn,2015-01-19 11:22,29,38.23811481,-76.52246296
N,Apparently Normal,No Misuse,N,Non-incapacitating Injury,09963b70-a3c3-416e-8a98-f3602e6277fd,D,ZR03090009,Shoulder/Lap Belt(s),F,84b386a6-8834-4bdd-8b77-8e0b82fe9557,Head On Left Turn,N,Intersection,Right Turn Lane,Dark Lights On,No Defects,"Two-way, Divided, Positive Median Barrier",Dry,Clear,Twelve o'clock,Passenger Car,Disabling,N,Moving Constant Speed,2015-02-12 21:37,26,38.27544699,-76.46378696
N,Apparently Normal,No Misuse,N,No Injury,a8145f66-dd12-4655-9dc5-5a6cbb5a6d3c,D,ZR03090009,Shoulder/Lap Belt(s),M,7b22d715-b437-4d01-a435-a1d8d95a89ae,Head On Left Turn,N,Intersection,Right Turn Lane,Dark Lights On,No Defects,"Two-way, Divided, Positive Median Barrier",Dry,Clear,Eleven o'clock,Van,Functional,N,Moving Constant Speed,2015-02-12 21:37,51,38.27544699,-76.46378696
N,Apparently Normal,No Misuse,Y,No Injury,2e7a9efd-f0ae-4b64-ba09-b05a1056de4a,D,ZR03090009,Shoulder/Lap Belt(s),M,09db61b2-67ec-413a-9b64-903270640385,Head On Left Turn,N,Intersection,Right Turn Lane,Dark Lights On,No Defects,"Two-way, Divided, Positive Median Barrier",Dry,Clear,Four o'clock,(Sport) Utility Vehicle,Disabling,N,Making Left Turn,2015-02-12 21:37,57,38.27544699,-76.46378696
N,Apparently Normal,No Misuse,Y,Non-incapacitating Injury,edbc40fe-0390-4c3e-9e90-918f20730756,D,ZT00840005,Shoulder/Lap Belt(s),F,0a4afd6b-c9c5-4ace-81fe-0cbbe32d28c2,Single Vehicle ,N,Non Intersection,Right Turn Lane,Daylight,No Defects,"Two-way, Not Divided",Dry,Clear,Twelve o'clock,(Sport) Utility Vehicle,Superficial,N,Moving Constant Speed,2015-03-12 12:30,32,38.81021897,-76.05088234
N,Apparently Normal,No Misuse,Y,Non-incapacitating Injury,cebf5d7d-fdb7-43c4-af6e-e1b2a0630f44,D,ZT01170004,Shoulder/Lap Belt(s),F,dbd27c45-4a3f-45f3-ad6f-d4c2b9dbb554,Single Vehicle ,N,Non Intersection,Right Turn Lane,Daylight,No Defects,"Two-way, Not Divided",Slush,Wintry Mix,Two o'clock,All Terrain Vehicle (ATV),Destroyed,N,Moving Constant Speed,2015-03-05 10:58,50,38.69318067,-76.091609
N,Apparently Normal,No Misuse,Y,Non-incapacitating Injury,823d409e-4e91-4dd6-8b33-491d690ab6d4,D,ZW00440007,Shoulder/Lap Belt(s),F,e1acd025-f5c3-4f32-904c-64fbf5025636,Single Vehicle ,N,Non Intersection,Right Turn Lane,Dusk,No Defects,"Two-way, Divided, Positive Median Barrier",Wet,Snow,Twelve o'clock,(Sport) Utility Vehicle,Disabling,N,Moving Constant Speed,2015-03-05 17:46,46,38.38198599,-75.29746056
N,Apparently Normal,No Misuse,Y,Non-incapacitating Injury,b46d8c7f-8cd6-4454-b0cf-9f22b197d961,D,ZW0120000F,Child Restraint System Forward Facing,F,b7861266-8dcf-4136-baca-351de44b1c50,Single Vehicle ,N,Non Intersection,Right Turn Lane,Daylight,No Defects,"Two-way, Not Divided",Ice,Cloudy,Twelve o'clock,(Sport) Utility Vehicle,Disabling,N,Moving Constant Speed,2015-02-23 9:00,34,38.24045181,-75.28231049
N,Apparently Normal,No Misuse,Y,Possible Incapacitating Injury,98454c7b-bd87-49b8-8a27-2a7bc9eb667d,D,AA01140003,Shoulder/Lap Belt(s),F,062cde5b-0910-48be-b992-5c232ffa5edf,Single Vehicle ,N,Non Intersection,Right Turn Lane,Daylight,No Defects,"Two-way, Not Divided",Snow,Snow,Twelve o'clock,Passenger Car,Functional,N,Moving Constant Speed,2015-03-01 11:59,18,39.51508288,-76.17776155
N,Apparently Normal,No Misuse,N,Possible Incapacitating Injury,59f5d953-fb8c-4fa0-a3b2-75600cdbe536,D,AB2696002B,Shoulder/Lap Belt(s),F,f7c85c28-3daf-4593-9c38-54a5c443149a,Same Movement Angle,N,Non Intersection,Right Turn Lane,Daylight,No Defects,"Two-way, Not Divided",Dry,Clear,Three o'clock,Passenger Car,Disabling,N,Moving Constant Speed,2015-01-09 11:17,39,38.97809387,-76.49282455
N,Apparently Normal,No Misuse,Y,No Injury,73075b43-6933-4ced-915c-feac2f8d14b8,D,AB2696002B,Shoulder/Lap Belt(s),M,0a2d0b7a-3e3b-43ff-ae5c-45133f83d7b9,Same Movement Angle,N,Non Intersection,Right Turn Lane,Daylight,No Defects,"Two-way, Not Divided",Dry,Clear,Twelve o'clock,(Sport) Utility Vehicle,Superficial,N,Accelerating,2015-01-09 11:17,50,38.97809387,-76.49282455
N,Apparently Normal,No Misuse,Y,No Injury,adb7fee4-6241-477e-907b-b517419b7222,D,AB2696002N,Shoulder/Lap Belt(s),M,5750d2b9-0190-41e2-b636-7eb30ade4038,Same Movement Angle,N,Intersection,Right Turn Lane,Daylight,No Defects,"Two-way, Not Divided",Dry,Cloudy,Twelve o'clock,"Other Light Trucks (10,000 lbs (4,536 kg))",Superficial,N,Accelerating,2015-02-10 11:24,47,38.97822732,-76.49368286
N,Apparently Normal,No Misuse,N,Possible Incapacitating Injury,7bff5e86-73fd-4a1c-8b3b-1220e48e7ad0,D,AB4518001X,Shoulder/Lap Belt(s),F,47efd0cc-4ec1-49f3-aa78-fe91a4ebfc54,Same Direction Rear End,N,Non Intersection,Right Turn Lane,Daylight,No Defects,"Two-way, Not Divided",Dry,Clear,Six o'clock,Passenger Car,Disabling,N,Stopped in Traffic Lane,2015-01-05 13:19,55,38.97524138,-76.52473748
N,Apparently Normal,No Misuse,N,No Injury,cc2634ee-3800-49b0-9953-c7c82aef2a30,D,AB4518001X,Shoulder/Lap Belt(s),M,a8a7b32e-5feb-4c45-8883-f23da5fdd648,Same Direction Rear End,N,Non Intersection,Right Turn Lane,Daylight,No Defects,"Two-way, Not Divided",Dry,Clear,Six o'clock,(Sport) Utility Vehicle,Functional,N,Stopped in Traffic Lane,2015-01-05 13:19,49,38.97524138,-76.52473748
N,Apparently Normal,No Misuse,N,No Injury,d51eccf5-07d1-4558-9d45-f51bbd4ae9c7,D,AB4518001X,Shoulder/Lap Belt(s),M,79bc7efc-bd67-4474-bc1a-28a8b3b72295,Same Direction Rear End,N,Non Intersection,Right Turn Lane,Daylight,No Defects,"Two-way, Not Divided",Dry,Clear,Six o'clock,Passenger Car,Functional,N,Stopped in Traffic Lane,2015-01-05 13:19,25,38.97524138,-76.52473748
N,Apparently Normal,No Misuse,Y,No Injury,2fd4e726-5b4b-4607-8a15-7563de89c22c,D,AB4518001X,Shoulder/Lap Belt(s),M,4bea8a1e-6493-4c27-80f2-917898f8b010,Same Direction Rear End,N,Non Intersection,Right Turn Lane,Daylight,No Defects,"Two-way, Not Divided",Dry,Clear,Twelve o'clock,(Sport) Utility Vehicle,Functional,N,Moving Constant Speed,2015-01-05 13:19,77,38.97524138,-76.52473748
N,Apparently Normal,No Misuse,N,Possible Incapacitating Injury,1c3b3262-711c-4173-aee8-18beb2cf284b,D,AC0924001B,Shoulder/Lap Belt(s),F,853676e3-0448-42ae-a2f9-f1e18b57e653,Same Direction Rear End,N,Intersection,Right Turn Lane,Dark Lights On,No Defects,"Two-way, Not Divided",Dry,Clear,Six o'clock,(Sport) Utility Vehicle,Functional,N,Slowing or Stopping,2015-03-27 22:30,26,39.13137519,-76.53900146
Y,Apparently Normal,No Misuse,N,No Injury,d2b8257f-78fb-463f-bb2c-5795a913629b,D,AC0944000C,Shoulder/Lap Belt(s),M,29207351-9e39-4f40-96aa-51a5c3394f1b,Same Direction Rear End,N,Intersection Related,Right Turn Lane,Dark Lights On,No Defects,"Two-way, Not Divided",Dry,Clear,Six o'clock,"Medium/Heavy Truck 2 axles (10,000 lbs (4,536 kg) or less)",Functional,N,Stopped in Traffic Lane,2015-03-27 22:57,43,39.18594658,-76.61390385
N,Apparently Normal,No Misuse,Y,Possible Incapacitating Injury,476f3639-7159-442b-bc19-632174d60a13,D,AC1028000L,Shoulder/Lap Belt(s),F,5d0ac93b-95a7-4095-98e8-9415241dbde4,Single Vehicle ,N,Non Intersection,Right Turn Lane,Daylight,No Defects,"Two-way, Not Divided",Dry,Clear,Twelve o'clock,Passenger Car,Disabling,N,Moving Constant Speed,2015-02-28 16:23,20,39.07357761,-76.6753006
N,Apparently Normal,No Misuse,Y,Possible Incapacitating Injury,6274c4fd-545f-4294-8253-632f8ae39944,D,AC1052000S,Shoulder/Lap Belt(s),F,946d07f7-2ea7-4a51-a183-af24423b7a58,Single Vehicle ,N,Non Intersection,Right Turn Lane,Dusk,No Defects,"Two-way, Not Divided",Dry,Clear,Twelve o'clock,Van,Disabling,N,Moving Constant Speed,2015-03-29 19:00,50,39.197184,-76.66082217
N,Apparently Normal,No Misuse,Y,Possible Incapacitating Injury,634de47d-9d29-442c-bd8f-88c616d06b85,D,AC1161000C,Shoulder/Lap Belt(s),F,94cbe9d5-37a3-4cad-a1c9-ab814eac9fe6,Same Direction Rear End,N,Intersection,Left Turn Lane,Daylight,No Defects,"Two-way, Divided, Positive Median Barrier",Dry,Clear,Twelve o'clock,Passenger Car,Destroyed,N,Slowing or Stopping,2015-02-24 8:05,57,39.16758482,-76.63838267
N,Apparently Normal,No Misuse,N,No Injury,3fad1d99-12d7-40df-83ca-b301fdde0c5f,D,AC1161000C,Shoulder/Lap Belt(s),M,f865215b-243e-4297-8c5f-391144b14ce1,Same Direction Rear End,N,Intersection,Left Turn Lane,Daylight,No Defects,"Two-way, Divided, Positive Median Barrier",Dry,Clear,Six o'clock,"Cargo Van/Light Truck 2 axles (10,000 lbs (4,536 kg) or less)",Superficial,N,Stopped in Traffic Lane,2015-02-24 8:05,63,39.16758482,-76.63838267
N,Apparently Normal,No Misuse,N,Possible Incapacitating Injury,cfecd926-c87a-4007-a52e-ca48b010b9e5,D,AC1222001S,Shoulder/Lap Belt(s),F,91468089-18da-4db4-a00e-49c6b07243e4,Same Direction Rear End,N,Non Intersection,Left Turn Lane,Daylight,No Defects,One-way Trafficway,Dry,Cloudy,Six o'clock,(Sport) Utility Vehicle,Disabling,N,Stopped in Traffic Lane,2015-02-09 15:35,59,39.05291819,-76.65912151
N,Apparently Normal,No Misuse,N,No Injury,8fee09da-f1a4-4aee-9909-c367dfdad5ea,D,AC1222001S,Shoulder/Lap Belt(s),M,81effb31-f95a-4e2d-81e3-dc8bbbc49825,Same Direction Rear End,N,Non Intersection,Left Turn Lane,Daylight,No Defects,One-way Trafficway,Dry,Cloudy,Six o'clock,Passenger Car,Functional,N,Stopped in Traffic Lane,2015-02-09 15:35,54,39.05291819,-76.65912151
N,Apparently Normal,No Misuse,Y,No Injury,8b0640ba-50b8-4f7c-9e9c-48474accdfce,D,AC1222001S,Shoulder/Lap Belt(s),M,957f08c5-4c8c-4ce6-b245-d02648587b01,Same Direction Rear End,N,Non Intersection,Left Turn Lane,Daylight,No Defects,One-way Trafficway,Dry,Cloudy,Twelve o'clock,Pickup Truck,Disabling,N,Moving Constant Speed,2015-02-09 15:35,38,39.05291819,-76.65912151
N,Apparently Normal,No Misuse,Y,Possible Incapacitating Injury,9968ef68-9df3-448b-b8e2-9b7e27f85452,D,AC1222001V,Shoulder/Lap Belt(s),F,11f8360d-ee8e-4fbc-bf3f-20439bef7c72,Single Vehicle ,N,Non Intersection,Right Turn Lane,Daylight,No Defects,"Two-way, Not Divided",Slush,Clear,Twelve o'clock,Passenger Car,Functional,N,Moving Constant Speed,2015-02-22 10:55,59,38.98393195,-76.62457466
N,Apparently Normal,No Misuse,N,Possible Incapacitating Injury,3bd007c6-9e0b-401b-992c-c081fd3efe8d,D,AC12880018,Shoulder/Lap Belt(s),F,f66485b4-7803-4964-a8f6-ec98ebf4dbc3,Same Direction Rear End,N,Non Intersection,Right Turn Lane,Dark Lights On,No Defects,"Two-way, Not Divided",Dry,Cloudy,Six o'clock,Passenger Car,Superficial,N,Slowing or Stopping,2015-02-26 18:20,48,39.1409091,-76.56649517
N,Apparently Normal,No Misuse,Y,Possible Incapacitating Injury,82cee6b7-3226-4366-9453-7b38898dbf84,D,AC1320001C,Shoulder/Lap Belt(s),F,f2fc0aa2-7af5-413d-bd54-8d292d3ee8bf,Single Vehicle ,N,Non Intersection,Right Turn Lane,Daylight,No Defects,"Two-way, Not Divided",Wet,Snow,Twelve o'clock,(Sport) Utility Vehicle,Disabling,N,Moving Constant Speed,2015-01-26 10:06,49,39.06064,-76.69699667
N,Apparently Normal,No Misuse,Y,Possible Incapacitating Injury,503e9f58-f2f0-48ee-be9f-ac48e0d08273,D,AC13380011,Shoulder/Lap Belt(s),F,224957db-f8f1-4ac9-bef1-d9ed9b524bf4,Single Vehicle ,N,Non Intersection,Right Turn Lane,Daylight,No Defects,"Two-way, Divided, Positive Median Barrier",Wet,Raining,Twelve o'clock,(Sport) Utility Vehicle,Disabling,N,Moving Constant Speed,2015-01-03 8:32,24,39.010225,-76.69792588
N,Apparently Normal,No Misuse,Y,Possible Incapacitating Injury,2f64f06b-138b-4249-b682-698e4d977114,D,AC13640014,Shoulder/Lap Belt(s),F,b7e4560c-9366-47dd-aa89-f860f14fb1eb,Same Movement Angle,N,Intersection,Right Turn Lane,Daylight,No Defects,"Two-way, Not Divided",Dry,Clear,Twelve o'clock,(Sport) Utility Vehicle,Disabling,N,Accelerating,2015-02-11 15:07,56,39.10622883,-76.61454856
N,Apparently Normal,No Misuse,Y,Possible Incapacitating Injury,a438fed5-58a5-4580-a420-39bac0f4ea62,D,AC13640014,Shoulder/Lap Belt(s),M,85d1197d-ac96-464a-b179-0f3a865bfd0c,Same Movement Angle,N,Intersection,Right Turn Lane,Daylight,No Defects,"Two-way, Not Divided",Dry,Clear,Three o'clock,Pickup Truck,Destroyed,N,Passing,2015-02-11 15:07,31,39.10622883,-76.61454856
N,Apparently Normal,No Misuse,N,Possible Incapacitating Injury,bedab000-93c5-4364-b40e-af69fbb64d10,D,AC1408000W,Shoulder/Lap Belt(s),F,69628965-0327-4576-9080-8ebeb749458b,Same Movement Angle,N,Intersection,Right Turn Lane,Daylight,No Defects,"Two-way, Not Divided",Wet,Raining,Twelve o'clock,Passenger Car,Disabling,N,Moving Constant Speed,2015-01-12 15:51,24,39.03721965,-76.47945642
N,Apparently Normal,No Misuse,Y,No Injury,10f5c8f7-aabf-41d4-a417-1c6da1a4d113,D,AC1408000W,Shoulder/Lap Belt(s),M,f8c9206c-6d09-4e17-9e28-3f0cc2488103,Same Movement Angle,N,Intersection,Right Turn Lane,Daylight,No Defects,"Two-way, Not Divided",Wet,Raining,Twelve o'clock,Passenger Car,Destroyed,N,Making Left Turn,2015-01-12 15:51,27,39.03721965,-76.47945642
N,Apparently Normal,No Misuse,Y,Possible Incapacitating Injury,9e9bbab1-6368-4c03-af8c-9105cc2326ff,D,AC1446000J,Shoulder/Lap Belt(s),M,25e8ff28-2395-44ef-82d0-e26b7bac1ac4,Same Direction Sideswipe,N,Non Intersection,Right Turn Lane,Dark No Lights,No Defects,One-way Trafficway,Snow,Snow,Nine o'clock,Pickup Truck,Disabling,N,Passing,2015-01-06 5:20,51,38.78013266,-76.66251183
N,Apparently Normal,No Misuse,Y,Possible Incapacitating Injury,e260d0dc-ffbf-4ad1-a7cb-00f5b92a4148,D,AC1490000M,Shoulder/Lap Belt(s),F,db7e7061-de81-4d30-8ac6-0afecb01471c,Single Vehicle ,N,Intersection Related,Right Turn Lane,Daylight,No Defects,"Two-way, Divided, Positive Median Barrier",Wet,Snow,Twelve o'clock,Passenger Car,Functional,N,Moving Constant Speed,2015-03-20 10:03,52,39.0231667,-76.69434042
N,Apparently Normal,No Misuse,Y,Possible Incapacitating Injury,4d8318d1-3f3e-47ba-9f3e-3e5109c90e4d,D,AC15030013,Shoulder/Lap Belt(s),F,f0553400-65c7-4cc4-b1a6-b16a7068f8bb,Same Direction Rear End,N,Non Intersection,Left Turn Lane,Dark Lights On,No Defects,"Two-way, Not Divided",Dry,Clear,Twelve o'clock,Passenger Car,Disabling,N,Accelerating,2015-02-05 18:47,47,39.12462853,-76.58980467
N,Apparently Normal,No Misuse,N,No Injury,0e940550-da7a-4033-a297-37956440be66,D,AC15030013,Shoulder/Lap Belt(s),M,ebbce72d-ce80-4ed7-abb6-2d4fec3a47e8,Same Direction Rear End,N,Non Intersection,Left Turn Lane,Dark Lights On,No Defects,"Two-way, Not Divided",Dry,Clear,Six o'clock,Pickup Truck,Functional,N,Stopped in Traffic Lane,2015-02-05 18:47,58,39.12462853,-76.58980467
N,Apparently Normal,No Misuse,N,Possible Incapacitating Injury,f4d80648-bee2-4604-9188-55a39599321f,D,AC1571000C,Shoulder/Lap Belt(s),F,08b919a9-413b-4131-9ffc-bfebbccacef0,Head On,N,Intersection,Right Turn Lane,Dawn,No Defects,"Two-way, Divided, Unprotected (painted >4 feet) Median",Dry,Cloudy,Twelve o'clock,Passenger Car,Functional,N,Stopped in Traffic Lane,2015-01-10 7:17,47,38.8955191,-76.51150614
N,Apparently Normal,No Misuse,Y,No Injury,d924121c-d6b3-4181-817a-1ec9cbcb470f,D,AC1571000C,Shoulder/Lap Belt(s),M,9720c8e7-e5b0-4c69-878e-eea38a06f1c8,Head On,N,Intersection,Right Turn Lane,Dawn,No Defects,"Two-way, Divided, Unprotected (painted >4 feet) Median",Dry,Cloudy,Eleven o'clock,School Bus,Functional,N,Making Left Turn,2015-01-10 7:17,70,38.8955191,-76.51150614
N,Apparently Normal,No Misuse,Y,Possible Incapacitating Injury,a2e33f3a-3501-4e46-a442-e26ab26e36a9,D,AC16970009,Shoulder/Lap Belt(s),F,c2fd1f66-9fc7-4fa8-9cb5-e4af29f2bc4d,Head On,N,Non Intersection,Right Turn Lane,Daylight,No Defects,"Two-way, Divided, Positive Median Barrier",Wet,Clear,Twelve o'clock,Passenger Car,Disabling,N,Moving Constant Speed,2015-01-05 8:38,35,39.01106434,-76.69255257
N,Apparently Normal,No Misuse,Y,Possible Incapacitating Injury,28e81af1-5b16-4624-8f47-187d869da5b3,D,AC1697000R,Shoulder/Lap Belt(s),F,934b28cf-89cc-4d4a-95ba-410578d8c029,Single Vehicle ,N,Non Intersection,Right Turn Lane,Daylight,No Defects,"Two-way, Not Divided",Dry,Clear,Underside,(Sport) Utility Vehicle,Disabling,N,Skidding,2015-03-26 16:07,51,39.08386617,-76.67293498