CDL_FLAG,CONDITION_CODE,EQUIP_PROB_CODE,FAULT_FLAG,INJ_SEVER_CODE,PERSON_ID,PERSON_TYPE,REPORT_NO,SAF_EQUIP_CODE,SEX_CODE,VEHICLE_ID,COLLISION_TYPE_CODE,C_M_ZONE_FLAG,JUNCTION_CODE,LANE_CODE,LIGHT_CODE,RD_COND_CODE,RD_DIV_CODE,SURF_COND_CODE,WEATHER_CODE,AREA_DAMAGED_CODE_MAIN,BODY_TYPE_CODE,DAMAGE_CODE,HIT_AND_RUN_FLAG,MOVEMENT_CODE,TIME,AGE,LATITUDE,LONGITUDE
N,Apparently Normal,No Misuse,N,Possible Incapacitating Injury,34abd733-8be3-46b0-a15c-6140580c1b02,D,AE3438002Q,Shoulder/Lap Belt(s),F,c883c7c7-cf28-4511-9cf2-c43f7e1fcd11,Same Movement Angle,N,Intersection,Right Turn Lane,Daylight,No Defects,"Two-way, Not Divided",Dry,Clear,Twelve o'clock,Passenger Car,Disabling,N,Starting From Lane,2015-03-12 9:05,78,39.4003873,-76.60238743
N,Apparently Normal,No Misuse,Y,No Injury,9bb9c0a0-af58-4fc5-948d-0c2e212116b3,D,AE3438002Q,Shoulder/Lap Belt(s),M,73d0f456-2af9-4808-8bf5-b95fb7c95e9d,Same Movement Angle,N,Intersection,Right Turn Lane,Daylight,No Defects,"Two-way, Not Divided",Dry,Clear,Four o'clock,Passenger Car,Disabling,N,Moving Constant Speed,2015-03-12 9:05,56,39.4003873,-76.60238743
N,Apparently Normal,No Misuse,Y,Possible Incapacitating Injury,a9afd526-00c9-4165-a83a-a97ccfda59bb,D,AE3438002R,Shoulder/Lap Belt(s),F,6a5fe5d4-5c6d-4cda-9186-2287a8d153a0,Same Movement Angle,N,Intersection,Left Turn Lane,Daylight,No Defects,"Two-way, Not Divided",Dry,Cloudy,One o'clock,Van,Disabling,N,Moving Constant Speed,2015-03-24 13:29,22,39.38476213,-76.61170542
N,Apparently Normal,No Misuse,Y,No Injury,f5ca80b5-3e91-485b-9de4-433de4a82465,D,AE3438002R,Shoulder/Lap Belt(s),M,87a551c2-cf8e-416a-a88f-d962fd81cf7e,Same Movement Angle,N,Intersection,Left Turn Lane,Daylight,No Defects,"Two-way, Not Divided",Dry,Cloudy,Twelve o'clock,(Sport) Utility Vehicle,Disabling,N,Starting From Lane,2015-03-24 13:29,21,39.38476213,-76.61170542
N,Apparently Normal,No Misuse,N,Possible Incapacitating Injury,8f5dd7cc-dafa-4393-ad0d-e6bbe9f143ac,D,AE37140005,Shoulder/Lap Belt(s),F,395dad90-0232-4b00-a427-bb3c6f12d932,Same Movement Angle,N,Intersection,Right Turn Lane,Dark Lights On,No Defects,"Two-way, Divided, Positive Median Barrier",Wet,Raining,Three o'clock,(Sport) Utility Vehicle,Disabling,N,Moving Constant Speed,2015-01-24 0:09,22,39.38019497,-76.4274779
N,Apparently Normal,No Misuse,Y,Possible Incapacitating Injury,ba8693f2-5a5e-4c77-a315-59ad3fbe7a9b,D,AE37140005,Shoulder/Lap Belt(s),M,d4c1928c-1812-4c02-a3a3-ff3e0a804007,Same Movement Angle,N,Intersection,Right Turn Lane,Dark Lights On,No Defects,"Two-way, Divided, Positive Median Barrier",Wet,Raining,Twelve o'clock,Pickup Truck,Disabling,N,Moving Constant Speed,2015-01-24 0:09,25,39.38019497,-76.4274779
N,Apparently Normal,No Misuse,Y,Possible Incapacitating Injury,c85da808-a16b-4a4f-a186-c94b72f84808,D,AE37880017,Shoulder/Lap Belt(s),F,17ef211e-fd7b-4e94-9aac-10c91c7cda60,Same Movement Angle,N,Intersection,Right Turn Lane,Daylight,No Defects,"Two-way, Not Divided",Wet,Clear,Nine o'clock,(Sport) Utility Vehicle,Disabling,N,Making Left Turn,2015-02-18 8:41,36,39.323643,-76.759141
N,Apparently Normal,No Misuse,N,No Injury,dc0b8b25-41e1-4237-904b-280184bd14e3,D,AE37880017,Shoulder/Lap Belt(s),M,c2f0162c-c79a-4d8f-83aa-e68cab15be62,Same Movement Angle,N,Intersection,Right Turn Lane,Daylight,No Defects,"Two-way, Not Divided",Wet,Clear,Twelve o'clock,Passenger Car,Functional,N,Moving Constant Speed,2015-02-18 8:41,51,39.323643,-76.759141
N,Apparently Normal,No Misuse,N,Possible Incapacitating Injury,beb66f35-dda2-42c0-b802-d200dfe39761,D,AE3788001Q,Shoulder/Lap Belt(s),F,b3c0e52a-21b4-4355-9bbe-b76e126e3d07,Same Movement Angle,N,Commercial Driveway,Right Turn Lane,Daylight,No Defects,"Two-way, Not Divided",Dry,Clear,Twelve o'clock,Passenger Car,Disabling,N,Moving Constant Speed,2015-03-09 8:47,22,39.35987012,-76.78131718
N,Apparently Normal,No Misuse,Y,Non-incapacitating Injury,412fce9c-8f83-4ddd-9ce8-6d2397721d62,D,AE3788001Q,Shoulder/Lap Belt(s),M,88b817f1-ed7d-423a-88e3-c1bf049b359d,Same Movement Angle,N,Commercial Driveway,Right Turn Lane,Daylight,No Defects,"Two-way, Not Divided",Dry,Clear,Eleven o'clock,Ambulance/Non Emergency,Functional,N,Making Left Turn,2015-03-09 8:47,29,39.35987012,-76.78131718
N,Apparently Normal,No Misuse,N,Possible Incapacitating Injury,0eaf0350-1c47-439f-b44a-6e13dc522b2b,D,AE3788001R,Shoulder/Lap Belt(s),F,1ff136f6-4dae-4a4c-99ea-4588dcdadecb,Head On Left Turn,N,Intersection,Right Turn Lane,Daylight,No Defects,"Two-way, Not Divided",Dry,Clear,Twelve o'clock,Passenger Car,Disabling,N,Moving Constant Speed,2015-03-10 8:08,18,39.33706902,-76.73450232
N,Apparently Normal,No Misuse,N,No Injury,e546f44c-3250-4313-a4fd-64e6b931d0cb,D,AE3788001R,Shoulder/Lap Belt(s),M,be07b1ea-ca45-4ade-9ebc-8c50a020fb0c,Head On Left Turn,N,Intersection,Right Turn Lane,Daylight,No Defects,"Two-way, Not Divided",Dry,Clear,Twelve o'clock,Passenger Car,Superficial,N,Moving Constant Speed,2015-03-10 8:08,34,39.33706902,-76.73450232
N,Apparently Normal,No Misuse,Y,No Injury,d22d5ee8-46c0-458b-96d2-b6fa53226213,D,AE3788001R,Shoulder/Lap Belt(s),M,3273ea9a-c584-42a6-9407-6346921b256e,Head On Left Turn,N,Intersection,Right Turn Lane,Daylight,No Defects,"Two-way, Not Divided",Dry,Clear,One o'clock,Passenger Car,Disabling,N,Making Left Turn,2015-03-10 8:08,43,39.33706902,-76.73450232
N,Apparently Normal,No Misuse,N,Possible Incapacitating Injury,74bb0e29-0dec-41d4-b221-76fb96e90391,D,AE38030003,Shoulder/Lap Belt(s),F,47c17781-d6cd-4a6c-b84d-e02035c11eb2,Same Movement Angle,N,Intersection,Left Turn Lane,Daylight,No Defects,"Two-way, Not Divided",Dry,Clear,Twelve o'clock,Passenger Car,Disabling,N,Moving Constant Speed,2015-01-15 10:37,43,39.43634215,-76.624403
N,Apparently Normal,No Misuse,Y,No Injury,d79f1d3d-b781-4931-bae4-f5bdc8578a3f,D,AE38030003,Shoulder/Lap Belt(s),M,e00ed233-ee1f-4489-b7e8-2f7ad9274958,Same Movement Angle,N,Intersection,Left Turn Lane,Daylight,No Defects,"Two-way, Not Divided",Dry,Clear,Three o'clock,Passenger Car,Disabling,N,Making Left Turn,2015-01-15 10:37,55,39.43634215,-76.624403
N,Apparently Normal,Belt(s) Misused,Y,Possible Incapacitating Injury,85e0e8ed-b6e0-4af0-9cb6-a974cca20e4c,D,AE3863000H,Shoulder/Lap Belt(s),F,f53ebf6b-71b8-415d-86d4-afd607499dd5,Head On,N,Non Intersection,Right Turn Lane,Daylight,No Defects,"Two-way, Divided, Unprotected (painted >4 feet) Median",Wet,Cloudy,Twelve o'clock,Passenger Car,Disabling,N,Moving Constant Speed,2015-03-21 9:45,21,39.40008884,-76.82498932
N,Apparently Normal,No Misuse,N,No Injury,c3aa5b87-d709-4dee-a0f3-7bad2406fa15,D,AE39780017,Shoulder/Lap Belt(s),M,6aa5cbb8-2d6f-4f45-a8d4-879276dc583c,Same Movement Angle,N,Intersection,Left Turn Lane,Daylight,No Defects,"Two-way, Divided, Unprotected (painted >4 feet) Median",Wet,Raining,Twelve o'clock,Passenger Car,Disabling,N,Moving Constant Speed,2015-03-04 16:21,20,39.4406467,-76.8063131
N,Apparently Normal,No Misuse,Y,Possible Incapacitating Injury,6654ad2a-bc47-4498-bb64-1fc2f8f66ae7,D,AE3978001F,Shoulder/Lap Belt(s),F,14abfe60-bf6c-4d81-99a7-e1ce9858b97f,Angle Meets Right Turn,N,Commercial Driveway,Left Turn Lane,Daylight,No Defects,"Two-way, Divided, Unprotected (painted >4 feet) Median",Wet,Cloudy,Ten o'clock,Passenger Car,Disabling,N,Making Right Turn,2015-03-29 12:26,28,39.42465658,-76.78660423
N,Apparently Normal,No Misuse,N,Possible Incapacitating Injury,33da8c80-b4d0-4461-ab69-d80ac0e8f000,D,AE4053000W,Shoulder/Lap Belt(s),F,03151b09-4ac2-41f3-985b-aabb2de6038d,Same Direction Rear End,N,Intersection Related,Left Turn Lane,Dark Lights On,No Defects,"Two-way, Divided, Positive Median Barrier",Dry,Clear,Six o'clock,Passenger Car,Disabling,N,Slowing or Stopping,2015-01-12 17:46,25,39.31205435,-76.45329952
N,Apparently Normal,No Misuse,Y,No Injury,5c4ba72c-f333-43b3-8a7a-664e6fcb11e3,D,AE4053000W,Shoulder/Lap Belt(s),M,aec35b23-2354-42d6-a66b-be9bd1057795,Same Direction Rear End,N,Intersection Related,Left Turn Lane,Dark Lights On,No Defects,"Two-way, Divided, Positive Median Barrier",Dry,Clear,Twelve o'clock,Passenger Car,Disabling,N,Slowing or Stopping,2015-01-12 17:46,31,39.31205435,-76.45329952
N,Apparently Normal,No Misuse,N,No Injury,7cc74f1e-346b-4277-ba09-6732aade1c09,D,AE4053001F,Shoulder/Lap Belt(s),M,335e70d8-edf5-4ee5-9ae5-ad1cffe55a29,Same Direction Rear End,N,Intersection Related,Right Turn Lane,Daylight,No Defects,"Two-way, Not Divided",Ice,Clear,Six o'clock,"Medium/Heavy Truck 2 axles (10,000 lbs (4,536 kg) or less)",Superficial,N,Stopped in Traffic Lane,2015-03-06 8:49,25,39.31656579,-76.47534192
N,Apparently Normal,No Misuse,Y,No Injury,7cb2c4e1-6465-443e-9331-1230ec502520,D,AE41340013,Shoulder/Lap Belt(s),M,03b2d440-3534-4a00-aa1a-da08676b73a5,Same Movement Angle,N,Intersection,Right Turn Lane,Daylight,No Defects,"Two-way, Not Divided",Dry,Clear,Twelve o'clock,Van,Functional,N,Starting From Lane,2015-02-26 15:37,64,39.30835202,-76.47301912
N,Apparently Normal,No Misuse,N,No Injury,84cf75f0-6211-4a76-85e8-4e8b22d47c94,D,AE4179000K,Shoulder/Lap Belt(s),M,bb934070-bbb7-46da-affa-71fa48820987,Same Direction Rear End,N,Intersection,Right Turn Lane,Daylight,No Defects,"Two-way, Not Divided",Dry,Cloudy,Twelve o'clock,Pickup Truck,Superficial,N,Moving Constant Speed,2015-01-29 14:49,51,39.56342761,-76.84002042
N,Apparently Normal,No Misuse,Y,No Injury,7018b762-1e9c-4758-bb51-e789d369aa99,D,AE42350003,Shoulder/Lap Belt(s),M,7ffb8092-a7e0-4078-9913-740caed4300b,Same Direction Rear End,N,Intersection Related,Right Turn Lane,Dark Lights On,No Defects,"Two-way, Divided, Positive Median Barrier",Dry,Clear,Six o'clock,(Sport) Utility Vehicle,Functional,N,Changing Lanes,2015-02-05 18:30,45,39.36073922,-76.44568205
N,Apparently Normal,No Misuse,N,Possible Incapacitating Injury,d3eea96c-b20f-46c8-aabb-d2544d533a1f,D,AE42640007,Shoulder/Lap Belt(s),F,556d289e-a5f5-435c-870e-a45c59a54aa2,Single Vehicle ,N,Non Intersection,Right Turn Lane,Dark Lights On,No Defects,"Two-way, Divided, Unprotected (painted >4 feet) Median",Dry,Clear,Six o'clock,Passenger Car,Disabling,N,Moving Constant Speed,2015-01-17 0:43,29,39.37468206,-76.58023238
N,Apparently Normal,No Misuse,N,Possible Incapacitating Injury,0eed8bfc-9e98-4dbe-ab60-0e6f94f90f3c,D,AE4546000S,Shoulder/Lap Belt(s),F,4ae4581a-7f39-4990-8acc-7c885daacc5a,Same Movement Angle,N,Intersection,Right Turn Lane,Daylight,No Defects,"Two-way, Not Divided",Wet,Clear,Twelve o'clock,(Sport) Utility Vehicle,Disabling,N,Moving Constant Speed,2015-03-06 13:49,29,39.4532274,-76.80052757
N,Apparently Normal,No Misuse,Y,No Injury,214f2419-c989-4641-99cd-3074d35ce861,D,AE4546000S,Shoulder/Lap Belt(s),M,2fd8b386-1956-4c7f-a0e4-8fe1593bc176,Same Movement Angle,N,Intersection,Right Turn Lane,Daylight,No Defects,"Two-way, Not Divided",Wet,Clear,Eleven o'clock,Passenger Car,Disabling,N,Making Left Turn,2015-03-06 13:49,18,39.4532274,-76.80052757
N,Apparently Normal,No Misuse,Y,Possible Incapacitating Injury,c014e97f-5529-40c9-a4fb-129114028885,D,AE45610011,Shoulder/Lap Belt(s),F,4368b38a-ee64-44ff-91c3-4bb5e0040037,Same Direction Rear End,N,Intersection Related,Deceleration Lane,Daylight,No Defects,"Two-way, Not Divided",Dry,Clear,One o'clock,Passenger Car,Disabling,N,Moving Constant Speed,2015-03-10 9:21,83,39.39418781,-76.68707952
N,Apparently Normal,No Misuse,N,No Injury,9378ba66-c326-40ba-995a-4c15ea43d3a4,D,AE45610011,Shoulder/Lap Belt(s),M,0c151a19-936c-498c-b127-c5294b180e4d,Same Direction Rear End,N,Intersection Related,Deceleration Lane,Daylight,No Defects,"Two-way, Not Divided",Dry,Clear,Seven o'clock,Passenger Car,Superficial,N,Stopped in Traffic Lane,2015-03-10 9:21,57,39.39418781,-76.68707952
N,Apparently Normal,No Misuse,N,Possible Incapacitating Injury,58835a40-09e4-41ea-b3e4-53f52852b11d,D,AE45610011,Shoulder/Lap Belt(s),M,5bb06a68-bad6-46e5-a8a2-e9e37ffc304d,Same Direction Rear End,N,Intersection Related,Deceleration Lane,Daylight,No Defects,"Two-way, Not Divided",Dry,Clear,Six o'clock,Passenger Car,Superficial,N,Stopped in Traffic Lane,2015-03-10 9:21,18,39.39418781,-76.68707952
N,Apparently Normal,No Misuse,N,Possible Incapacitating Injury,b035d45f-e6fa-408c-83e5-1b11350d535e,D,AE45610012,Shoulder/Lap Belt(s),F,41dc7650-0761-4217-b947-592271b9c6f4,Same Direction Rear End,N,Intersection Related,Right Turn Lane,Dark Lights On,No Defects,"Two-way, Not Divided",Dry,Clear,Six o'clock,Passenger Car,Functional,N,Stopped in Traffic Lane,2015-03-12 6:37,56,39.37842234,-76.72682047
N,Apparently Normal,No Misuse,N,No Injury,fbc0f3e7-69fe-4e6c-b7cb-684d3fbfb1d6,D,AE45610012,Shoulder/Lap Belt(s),M,c0e8d2c1-9878-451e-b026-93b48f72a787,Same Direction Rear End,N,Intersection Related,Right Turn Lane,Dark Lights On,No Defects,"Two-way, Not Divided",Dry,Clear,Six o'clock,Pickup Truck,Functional,N,Stopped in Traffic Lane,2015-03-12 6:37,22,39.37842234,-76.72682047
N,Fatigued Fainted,No Misuse,Y,Possible Incapacitating Injury,4368e441-b632-4f59-8194-26f15a6043d8,D,AE45610012,Shoulder/Lap Belt(s),M,8d46031f-a610-40ab-b77d-8f79c47b0904,Same Direction Rear End,N,Intersection Related,Right Turn Lane,Dark Lights On,No Defects,"Two-way, Not Divided",Dry,Clear,Twelve o'clock,Passenger Car,Disabling,N,Moving Constant Speed,2015-03-12 6:37,73,39.37842234,-76.72682047
N,Apparently Normal,No Misuse,N,Possible Incapacitating Injury,3d19887f-6286-4453-b547-c02af0084fa0,D,AE46110002,Shoulder/Lap Belt(s),F,48ec5552-4a72-44a1-ab11-02eb3d493da8,Same Direction Rear End,N,Non Intersection,Acceleration Lane,Daylight,No Defects,"Two-way, Divided, Unprotected (painted >4 feet) Median",Wet,Cloudy,One o'clock,Passenger Car,Disabling,N,Changing Lanes,2015-03-09 8:21,22,39.48212912,-76.85733676
N,Apparently Normal,No Misuse,Y,Possible Incapacitating Injury,b44e1943-669c-4ad6-903d-11817bb558c0,D,AE4696000V,Shoulder/Lap Belt(s),F,41cd408d-abe3-4615-9365-be83c4179d71,Head On,N,Non Intersection,Right Turn Lane,Daylight,No Defects,"Two-way, Not Divided",Ice,Sleet,Twelve o'clock,Passenger Car,Destroyed,N,Negotiating a Curve,2015-03-01 11:40,24,39.34266165,-76.48050785
N,Apparently Normal,No Misuse,N,No Injury,ebb9c478-5ff1-4127-981f-2b6b554dab6f,D,AE4696000V,Shoulder/Lap Belt(s),M,c9f58531-ef4b-41c1-9294-c6f337cf9d64,Head On,N,Non Intersection,Right Turn Lane,Daylight,No Defects,"Two-way, Not Divided",Ice,Sleet,Twelve o'clock,Pickup Truck,Disabling,N,Moving Constant Speed,2015-03-01 11:40,56,39.34266165,-76.48050785
N,Apparently Normal,No Misuse,N,No Injury,1680cbf8-74eb-414b-9db2-5beed7efb1ee,D,AE4696000W,Shoulder/Lap Belt(s),M,d73102c8-e721-4364-a919-9f6ff7e26ea9,Single Vehicle ,N,Non Intersection,Right Turn Lane,Dark Lights On,No Defects,"Two-way, Not Divided",Wet,Clear,Twelve o'clock,Passenger Car,Functional,N,Moving Constant Speed,2015-03-11 7:05,41,39.27357706,-76.72053337
N,Apparently Normal,No Misuse,N,Possible Incapacitating Injury,8d39692b-f7af-4ae9-be78-6f2e7800dcc7,D,AE4727001K,Shoulder/Lap Belt(s),F,06946550-d6ba-4f3d-a7c3-93a287056902,Head On Left Turn,N,Intersection,Right Turn Lane,Dark Lights On,No Defects,"Two-way, Not Divided",Wet,Raining,Twelve o'clock,Passenger Car,Disabling,N,Moving Constant Speed,2015-01-23 18:34,45,39.38345607,-76.53438807
N,Apparently Normal,No Misuse,Y,Possible Incapacitating Injury,ae59f27d-e6d5-45c0-bcfd-47cd4ba2e8e0,D,AE4727001K,Shoulder/Lap Belt(s),M,d2ecc5fe-5ff1-42df-8552-28d88c339b5c,Head On Left Turn,N,Intersection,Right Turn Lane,Dark Lights On,No Defects,"Two-way, Not Divided",Wet,Raining,Two o'clock,Passenger Car,Disabling,N,Making Left Turn,2015-01-23 18:34,76,39.38345607,-76.53438807
N,Apparently Normal,No Misuse,Y,Possible Incapacitating Injury,1c7c7299-70c1-4519-91b3-4541877c61c3,D,AE4727001Y,Shoulder/Lap Belt(s),F,c1032b53-ae94-4d58-bfd3-e4e6a6c2e2a5,Head On,N,Non Intersection,Right Turn Lane,Dark Lights On,No Defects,"Two-way, Not Divided",Dry,Clear,Twelve o'clock,(Sport) Utility Vehicle,Destroyed,N,Moving Constant Speed,2015-02-26 19:27,54,39.39411941,-76.52104139
N,Apparently Normal,No Misuse,N,No Injury,6a7a1a75-a144-481d-b005-2cc7cf1ec27c,D,AE4727001Y,Shoulder/Lap Belt(s),M,3a562f19-f7dc-4b77-9983-c43f21a91d66,Head On,N,Non Intersection,Right Turn Lane,Dark Lights On,No Defects,"Two-way, Not Divided",Dry,Clear,Twelve o'clock,Passenger Car,Destroyed,N,Moving Constant Speed,2015-02-26 19:27,50,39.39411941,-76.52104139
N,Apparently Normal,No Misuse,Y,Possible Incapacitating Injury,a0921cde-83d4-4555-9535-e732c7874fae,D,AE4727001Z,Shoulder/Lap Belt(s),F,ec80a898-da3d-47cd-9fb4-c98427525cf6,Angle Meets Right Turn,N,Intersection Related,Right Turn Lane,Daylight,No Defects,"Two-way, Not Divided",Ice,Cloudy,Eleven o'clock,Passenger Car,Destroyed,N,Making Left Turn,2015-03-03 8:33,33,39.40504639,-76.51606321
N,Apparently Normal,No Misuse,N,Possible Incapacitating Injury,37b628a9-c39b-4ebd-a6c6-62fbd0a4aaf1,D,AE4727001Z,Shoulder/Lap Belt(s),M,cd9f6d85-7716-4f1d-ae30-7f2210af7a4e,Angle Meets Right Turn,N,Intersection Related,Right Turn Lane,Daylight,No Defects,"Two-way, Not Divided",Ice,Cloudy,Twelve o'clock,(Sport) Utility Vehicle,Destroyed,N,Moving Constant Speed,2015-03-03 8:33,50,39.40504639,-76.51606321
N,Apparently Normal,No Misuse,N,Possible Incapacitating Injury,648e82ce-3382-489c-8f52-a3f8eab8ccdc,D,AE47270023,Shoulder/Lap Belt(s),F,8b7dbd81-e841-4dbf-a7bf-896bb7c436e7,Opposite Direction Sideswipe,N,Non Intersection,Right Turn Lane,Daylight,No Defects,"Two-way, Not Divided",Ice,Clear,Eleven o'clock,(Sport) Utility Vehicle,Destroyed,N,Moving Constant Speed,2015-03-09 8:28,34,39.44759392,-76.57093048
N,Apparently Normal,No Misuse,Y,No Injury,352c573c-dbba-4738-8cbb-3ecd54544f03,D,AE47270023,Shoulder/Lap Belt(s),M,aee9eda3-7ff0-496f-9bb3-24eeefbad754,Opposite Direction Sideswipe,N,Non Intersection,Right Turn Lane,Daylight,No Defects,"Two-way, Not Divided",Ice,Clear,Eleven o'clock,Passenger Car,Disabling,N,Moving Constant Speed,2015-03-09 8:28,26,39.44759392,-76.57093048
N,Apparently Normal,No Misuse,N,Possible Incapacitating Injury,059b4a57-fdd7-483d-9402-c9d66b7b972d,D,AE47270028,Shoulder/Lap Belt(s),F,3521a51b-5355-45fe-807e-bc8c62f3157f,Same Direction Rear End,N,Non Intersection,Right Turn Lane,Daylight,No Defects,"Two-way, Not Divided",Dry,Clear,Six o'clock,Passenger Car,Superficial,N,Stopped in Traffic Lane,2015-03-27 18:08,58,39.37491427,-76.54153347
N,Apparently Normal,No Misuse,Y,No Injury,703acea3-fe7d-4499-b85b-295c575e302c,D,AE47270028,Shoulder/Lap Belt(s),M,d08a046e-a216-403e-bd55-9a75a206a328,Same Direction Rear End,N,Non Intersection,Right Turn Lane,Daylight,No Defects,"Two-way, Not Divided",Dry,Clear,Twelve o'clock,Passenger Car,Superficial,N,Stopped in Traffic Lane,2015-03-27 18:08,29,39.37491427,-76.54153347
N,Apparently Normal,No Misuse,Y,Possible Incapacitating Injury,d1f2d7fc-4ab0-4d21-b2b5-56971f62addc,D,AE47270029,Shoulder/Lap Belt(s),F,c196c5a5-1c01-468e-a25c-d5fd7f2d6f07,Same Direction Left Turn,N,Non Intersection,Right Turn Lane,Daylight,No Defects,"Two-way, Not Divided",Dry,Clear,Nine o'clock,"Other Light Trucks (10,000 lbs (4,536 kg))",Disabling,N,Making U Turn,2015-03-31 8:29,56,39.39549574,-76.49889708
N,Apparently Normal,No Misuse,N,No Injury,323221e2-9df8-427e-99e7-c3ce01de5d27,D,AE47270029,Shoulder/Lap Belt(s),M,8d8280a6-4e5d-40fb-87ec-1b653ee08bec,Same Direction Left Turn,N,Non Intersection,Right Turn Lane,Daylight,No Defects,"Two-way, Not Divided",Dry,Clear,Twelve o'clock,(Sport) Utility Vehicle,Disabling,N,Moving Constant Speed,2015-03-31 8:29,37,39.39549574,-76.49889708
N,Apparently Normal,No Misuse,N,Possible Incapacitating Injury,d88f25e8-386c-41af-8a42-2af7a8a1699c,D,AE4727002B,Shoulder/Lap Belt(s),F,8cdccfbd-5698-47bf-9756-5e9003c0c007,Same Direction Rear End,N,Non Intersection,Right Turn Lane,Daylight,No Defects,"Two-way, Not Divided",Dry,Clear,Six o'clock,(Sport) Utility Vehicle,Functional,N,Stopped in Traffic Lane,2015-03-31 9:01,53,39.37959166,-76.52062297
N,Apparently Normal,No Misuse,Y,Possible Incapacitating Injury,6821b036-d7a8-440c-8a90-7055478ba4a3,D,AE4727002B,Shoulder/Lap Belt(s),F,8386212f-d05c-4973-afde-9f820be506d7,Same Direction Rear End,N,Non Intersection,Right Turn Lane,Daylight,No Defects,"Two-way, Not Divided",Dry,Clear,Twelve o'clock,"Other Light Trucks (10,000 lbs (4,536 kg))",Functional,N,Moving Constant Speed,2015-03-31 9:01,59,39.37959166,-76.52062297
N,Apparently Normal,No Misuse,N,Possible Incapacitating Injury,886ece3f-998f-420c-bc31-ccab8e58b8ea,D,AE4727002B,Shoulder/Lap Belt(s),M,b953c764-a351-4919-a96d-608f9555f877,Same Direction Rear End,N,Non Intersection,Right Turn Lane,Daylight,No Defects,"Two-way, Not Divided",Dry,Clear,Six o'clock,Passenger Car,Disabling,N,Slowing or Stopping,2015-03-31 9:01,33,39.37959166,-76.52062297
N,Apparently Normal,No Misuse,Y,Possible Incapacitating Injury,390a1f2f-2520-40a1-9395-bb03aa5c8b74,D,AE48160005,Shoulder/Lap Belt(s),F,e624ce06-4dc2-42d2-97c4-c2b1fe20e7bc,Head On Left Turn,N,Non Intersection,Right Turn Lane,Daylight,No Defects,"Two-way, Divided, Unprotected (painted >4 feet) Median",Dry,Cloudy,Twelve o'clock,(Sport) Utility Vehicle,Disabling,N,Making Left Turn,2015-02-07 12:49,66,39.47405077,-76.5224576
N,Apparently Normal,No Misuse,N,No Injury,199bf981-4756-463a-a2f7-64b0cf75a04a,D,AE48160005,Shoulder/Lap Belt(s),M,d53f9e4a-2b4b-4b4c-ab1b-42549b1eb8af,Head On Left Turn,N,Non Intersection,Right Turn Lane,Daylight,No Defects,"Two-way, Divided, Unprotected (painted >4 feet) Median",Dry,Cloudy,Twelve o'clock,Passenger Car,Disabling,N,Moving Constant Speed,2015-02-07 12:49,44,39.47405077,-76.5224576
N,Apparently Normal,No Misuse,Y,No Injury,bdb55938-6b94-4dde-9067-9c58758ae413,D,AE48270009,Shoulder/Lap Belt(s),M,2346c9c6-7cce-4069-86ff-bef620c72bd6,Same Direction Rear End,N,Non Intersection,Left Turn Lane,Daylight,No Defects,"Two-way, Divided, Positive Median Barrier",Wet,Raining,One o'clock,Passenger Car,Functional,N,Slowing or Stopping,2015-01-18 8:14,55,39.39055409,-76.62822247
N,Apparently Normal,No Misuse,Y,Possible Incapacitating Injury,98ebaed7-4aea-43a2-bf34-24a282692351,D,AE48350009,Shoulder Belt Only,M,57c9d89a-7db9-440d-8881-c95c04e97e0a,Same Direction Rear End,N,Non Intersection,Right Turn Lane,Daylight,No Defects,"Two-way, Not Divided",Wet,Clear,Twelve o'clock,Passenger Car,Superficial,N,Slowing or Stopping,2015-02-18 16:05,23,39.32378265,-76.72995329
N,Apparently Normal,No Misuse,N,Possible Incapacitating Injury,f1caadef-361c-4c94-9a22-1ca674cf1fec,D,AE48390006,Shoulder/Lap Belt(s),F,5107ed55-21ce-44ba-86ba-e089d12a75d8,Same Direction Left Turn,N,Non Intersection,Right Turn Lane,Dark Lights On,No Defects,"Two-way, Divided, Positive Median Barrier",Wet,Clear,Twelve o'clock,Passenger Car,Destroyed,N,Moving Constant Speed,2015-01-21 22:26,32,39.34095238,-76.46501541
N,Apparently Normal,No Misuse,Y,Possible Incapacitating Injury,1a45f294-abf5-4527-be87-32de5669c2ae,D,AE4880005Y,Shoulder/Lap Belt(s),F,5160b66a-3746-437a-8eea-80a0f4e901eb,Head On Left Turn,N,Intersection,Right Turn Lane,Daylight,No Defects,"Two-way, Not Divided",Dry,Cloudy,Twelve o'clock,Passenger Car,Destroyed,N,Making Left Turn,2015-03-10 7:38,69,39.340843,-76.512198
N,Apparently Normal,No Misuse,Y,Non-incapacitating Injury,df09e152-3db8-49c4-8bce-9a254b588d00,D,AE4880005Y,Shoulder/Lap Belt(s),M,41617930-2644-49be-a224-2fd401d45b7d,Head On Left Turn,N,Intersection,Right Turn Lane,Daylight,No Defects,"Two-way, Not Divided",Dry,Cloudy,Twelve o'clock,Passenger Car,Disabling,N,Moving Constant Speed,2015-03-10 7:38,66,39.340843,-76.512198