CDL_FLAG,CONDITION_CODE,EQUIP_PROB_CODE,FAULT_FLAG,INJ_SEVER_CODE,PERSON_ID,PERSON_TYPE,REPORT_NO,SAF_EQUIP_CODE,SEX_CODE,VEHICLE_ID,COLLISION_TYPE_CODE,C_M_ZONE_FLAG,JUNCTION_CODE,LANE_CODE,LIGHT_CODE,RD_COND_CODE,RD_DIV_CODE,SURF_COND_CODE,WEATHER_CODE,AREA_DAMAGED_CODE_MAIN,BODY_TYPE_CODE,DAMAGE_CODE,HIT_AND_RUN_FLAG,MOVEMENT_CODE,TIME,AGE,LATITUDE,LONGITUDE
N,Apparently Normal,No Misuse,Y,Possible Incapacitating Injury,02c1e7b7-98b6-4c1c-a595-e65b89cd806c,D,CB46070009,Shoulder/Lap Belt(s),F,2fd705c6-6154-4ea5-8994-32ff863248b3,Single Vehicle ,N,Non Intersection,Right Turn Lane,Daylight,No Defects,"Two-way, Not Divided",Ice,Clear,Twelve o'clock,Passenger Car,Disabling,N,Moving Constant Speed,2015-01-14 8:25,30,39.21533106,-76.83666229
N,Apparently Normal,No Misuse,Y,Possible Incapacitating Injury,a4224dee-9c77-4a74-9f5b-5cddb098bd7e,D,CB51920009,Shoulder/Lap Belt(s),F,eb8b0e0a-1d97-4883-96c2-faff22ff49e1,Head On Left Turn,N,Intersection Related,Right Turn Lane,Daylight,No Defects,"Two-way, Divided, Unprotected (painted >4 feet) Median",Dry,Clear,One o'clock,Passenger Car,Functional,N,Making Left Turn,2015-03-15 15:30,51,39.27789581,-76.82566524
N,Apparently Normal,No Misuse,N,Possible Incapacitating Injury,f76a05da-e6f9-4dfe-9b4a-c1f896636b84,D,CB51920009,Shoulder/Lap Belt(s),M,117c1834-b620-4d0c-b4b0-29788fa8a85a,Head On Left Turn,N,Intersection Related,Right Turn Lane,Daylight,No Defects,"Two-way, Divided, Unprotected (painted >4 feet) Median",Dry,Clear,Twelve o'clock,Passenger Car,Functional,N,Moving Constant Speed,2015-03-15 15:30,41,39.27789581,-76.82566524
N,Apparently Normal,No Misuse,N,Possible Incapacitating Injury,5e307e44-ba22-44d6-86b7-56ea6d3a5f7b,D,CB51980005,Shoulder/Lap Belt(s),F,e366b9c7-754d-410a-a512-bef03766249f,Single Vehicle ,N,Non Intersection,Right Turn Lane,Dark No Lights,No Defects,"Two-way, Not Divided",Ice,Clear,Roof Top,(Sport) Utility Vehicle,Functional,N,Moving Constant Speed,2015-03-06 20:15,22,39.29667926,-77.12239265
N,Apparently Normal,No Misuse,N,Possible Incapacitating Injury,a8179664-5a4c-4c75-90d0-c096fecffb53,D,CB53770006,Shoulder/Lap Belt(s),F,41a85c40-1dab-46fd-b182-f943eba969f5,Head On Left Turn,N,Non Intersection,Right Turn Lane,Dark Lights On,No Defects,"Two-way, Not Divided",Ice,Clear,Twelve o'clock,Pickup Truck,Disabling,N,Moving Constant Speed,2015-02-19 21:39,60,39.15196333,-76.92364833
N,Apparently Normal,No Misuse,Y,Possible Incapacitating Injury,7a590d5a-9af5-4c8f-94ad-aec116d6b3bc,D,CB53770006,Shoulder/Lap Belt(s),M,89593ca3-94db-4fcd-b25f-ed229ec22512,Head On Left Turn,N,Non Intersection,Right Turn Lane,Dark Lights On,No Defects,"Two-way, Not Divided",Ice,Clear,Three o'clock,Passenger Car,Destroyed,N,Moving Constant Speed,2015-02-19 21:39,18,39.15196333,-76.92364833
N,Apparently Normal,No Misuse,Y,Possible Incapacitating Injury,e45360a8-1556-4084-aced-5b021b1385d3,D,CB5506000G,Shoulder/Lap Belt(s),F,584dd991-34ff-4b4e-b610-88230d8b99fb,Same Movement Angle,N,Intersection,Acceleration Lane,Dusk,No Defects,"Two-way, Divided, Positive Median Barrier",Wet,Cloudy,Ten o'clock,Passenger Car,Disabling,N,Moving Constant Speed,2015-02-18 17:05,29,39.20710126,-76.80625677
Y,Apparently Normal,No Misuse,N,No Injury,34ce65c3-ed89-4b88-be02-402f2ab283ea,D,CB5506000G,Shoulder/Lap Belt(s),M,2097d815-be76-4d85-adc4-3462ccd6e163,Same Movement Angle,N,Intersection,Acceleration Lane,Dusk,No Defects,"Two-way, Divided, Positive Median Barrier",Wet,Cloudy,Twelve o'clock,Pickup Truck,Disabling,N,Moving Constant Speed,2015-02-18 17:05,46,39.20710126,-76.80625677
N,Apparently Normal,No Misuse,Y,Possible Incapacitating Injury,de6e8270-3a0d-4ac4-b95b-97bfe4f77067,D,CB55360003,Shoulder/Lap Belt(s),F,1d406cd1-fdd2-4311-ac79-161955ecb9fa,Head On Left Turn,N,Intersection,Right Turn Lane,Dark Lights On,No Defects,"Two-way, Divided, Positive Median Barrier",Dry,Clear,Four o'clock,(Sport) Utility Vehicle,Disabling,N,Making Left Turn,2015-02-23 20:07,38,39.1974903,-76.85123205
N,Apparently Normal,No Misuse,N,No Injury,f31ed8a4-1660-46cf-9d4e-1d4d378edde3,D,CB55360003,Shoulder/Lap Belt(s),M,fa5211ee-2497-4e01-ab39-093cfe4acaca,Head On Left Turn,N,Intersection,Right Turn Lane,Dark Lights On,No Defects,"Two-way, Divided, Positive Median Barrier",Dry,Clear,Twelve o'clock,(Sport) Utility Vehicle,Functional,N,Starting From Lane,2015-02-23 20:07,44,39.1974903,-76.85123205
N,Apparently Normal,No Misuse,N,Possible Incapacitating Injury,5a823d11-302a-4977-9b67-f9af2eee02df,D,CB55360005,Shoulder/Lap Belt(s),M,86b57a08-36ba-4afd-bda3-bf3d87fd2b14,Same Direction Rear End,N,Intersection,Right Turn Lane,Dark Lights On,No Defects,"Two-way, Divided, Unprotected (painted >4 feet) Median",Dry,Clear,Six o'clock,Passenger Car,Disabling,N,Slowing or Stopping,2015-03-24 20:03,27,39.22563772,-76.85513735
N,Apparently Normal,No Misuse,Y,Possible Incapacitating Injury,21401fac-85fb-4eae-b031-9661cca94504,D,CB5612000K,Shoulder/Lap Belt(s),F,f64555e9-5c35-4390-a75c-a1b85699a687,Single Vehicle ,N,Non Intersection,Right Turn Lane,Daylight,No Defects,"Two-way, Not Divided",Dry,Clear,Twelve o'clock,(Sport) Utility Vehicle,Disabling,N,Moving Constant Speed,2015-02-28 15:30,18,39.24644593,-76.91955328
N,Apparently Normal,No Misuse,Y,Possible Incapacitating Injury,b02bea34-a7ac-4bde-a4a9-d1a49c944bc8,D,CB58230002,Shoulder Belt Only,F,a89ff707-75b6-4831-a86c-c46cca3f0137,Single Vehicle ,N,Intersection,Left Turn Lane,Dark Lights On,No Defects,"Two-way, Not Divided",Wet,Raining,Twelve o'clock,Passenger Car,Disabling,N,Moving Constant Speed,2015-01-04 19:30,46,39.22254588,-76.8074584
N,Apparently Normal,No Misuse,N,Possible Incapacitating Injury,4cd51b43-6f70-4756-96bb-574c9002b177,D,CBPD00310003,Shoulder/Lap Belt(s),F,f8232bac-0990-4844-9449-0fc261255295,Same Movement Angle,N,Intersection,Left Turn Lane,Dusk,No Defects,"Two-way, Divided, Positive Median Barrier",Dry,Clear,Twelve o'clock,Passenger Car,Disabling,N,Moving Constant Speed,2015-01-15 17:39,33,38.95631569,-76.74476981
N,Apparently Normal,No Misuse,N,No Injury,15a48f0d-b58e-48f8-96fd-11931c263a10,D,CD06140006,Shoulder/Lap Belt(s),M,51569743-5a2c-43f9-91d1-99c051bc8488,Head On Left Turn,N,Non Intersection,Right Turn Lane,Daylight,No Defects,"Two-way, Not Divided",Dry,Clear,Twelve o'clock,Passenger Car,Disabling,N,Moving Constant Speed,2015-01-23 12:00,29,38.52936745,-76.97716713
N,Apparently Normal,No Misuse,N,Possible Incapacitating Injury,fbaf1a6f-80ed-4d7f-ad36-26344aa8f19d,D,CE4515000B,Shoulder/Lap Belt(s),F,2f0a901d-60e0-471b-ab7f-eea8d24ede6e,Same Direction Left Turn,N,Intersection,Right Turn Lane,Dark Lights On,No Defects,One-way Trafficway,Dry,Clear,One o'clock,(Sport) Utility Vehicle,Disabling,N,Moving Constant Speed,2015-03-01 0:31,34,39.09948498,-76.84837282
N,Apparently Normal,No Misuse,Y,No Injury,aae89949-2bf5-45e2-84de-0154b2c9e70b,D,CE4515000B,Shoulder/Lap Belt(s),M,1dddfabf-245f-4336-a026-92d9a020d529,Same Direction Left Turn,N,Intersection,Right Turn Lane,Dark Lights On,No Defects,One-way Trafficway,Dry,Clear,Eight o'clock,Passenger Car,Functional,N,Changing Lanes,2015-03-01 0:31,26,39.09948498,-76.84837282
N,Apparently Normal,No Misuse,N,Possible Incapacitating Injury,3327c5c3-b515-41b4-9d2f-2634567ac987,D,CE45180005,Shoulder/Lap Belt(s),F,8160cd5e-877d-44b2-be7e-da07b699a001,Same Direction Rear End,N,Intersection,Right Turn Lane,Daylight,No Defects,"Two-way, Not Divided",Dry,Clear,Six o'clock,Passenger Car,Functional,N,Slowing or Stopping,2015-01-15 15:59,23,39.09621273,-76.85760498
N,Apparently Normal,No Misuse,Y,No Injury,6261b025-32ed-4996-b33d-d61bf584d879,D,CE45180005,Shoulder/Lap Belt(s),M,85065aad-cf0d-43e8-836e-7c8ed53dc18b,Same Direction Rear End,N,Intersection,Right Turn Lane,Daylight,No Defects,"Two-way, Not Divided",Dry,Clear,One o'clock,Passenger Car,Superficial,Y,Slowing or Stopping,2015-01-15 15:59,19,39.09621273,-76.85760498
N,Apparently Normal,No Misuse,Y,Possible Incapacitating Injury,973f3f1f-eab4-43cc-b7b3-f78274e77d7e,D,CNC31490006,Shoulder/Lap Belt(s),F,5858cfb8-24fe-4da8-807e-93dfc752f95c,Same Movement Angle,N,Intersection,Left Turn Lane,Dawn,No Defects,"Two-way, Divided, Positive Median Barrier",Dry,Clear,Twelve o'clock,Passenger Car,Disabling,N,Moving Constant Speed,2015-03-26 7:00,86,38.95772356,-76.86913848
Y,Apparently Normal,No Misuse,N,No Injury,2ac51bfe-d161-4840-918e-34e41e476476,D,CNC31490006,Shoulder/Lap Belt(s),M,e1f61856-0d64-4d98-8dbf-5e0be07cf7ae,Same Movement Angle,N,Intersection,Left Turn Lane,Dawn,No Defects,"Two-way, Divided, Positive Median Barrier",Dry,Clear,One o'clock,Fire Vehicle/Emergency,Functional,N,Slowing or Stopping,2015-03-26 7:00,33,38.95772356,-76.86913848
N,Apparently Normal,No Misuse,Y,Possible Incapacitating Injury,738b7f6c-2bb4-4d97-b751-1a03a9319e8b,D,CTX3060025,Shoulder/Lap Belt(s),F,bb8a0015-8ae8-468d-b276-b16470ce24c4,Head On,N,Non Intersection,Acceleration Lane,Dark Lights On,Foreign Material,"Two-way, Divided, Unprotected (painted >4 feet) Median",Ice,Wintry Mix,Twelve o'clock,Passenger Car,Destroyed,N,Skidding,2015-02-21 19:36,84,38.33242446,-75.09096265
N,Apparently Normal,No Misuse,N,No Injury,cbf21c40-dd32-40df-b29f-e0df508bf607,D,CTX3060025,Shoulder/Lap Belt(s),M,5e89e9f0-b34a-4cc7-956b-1bd98fbdda8c,Head On,N,Non Intersection,Acceleration Lane,Dark Lights On,Foreign Material,"Two-way, Divided, Unprotected (painted >4 feet) Median",Ice,Wintry Mix,Twelve o'clock,Passenger Car,Disabling,N,Moving Constant Speed,2015-02-21 19:36,56,38.33242446,-75.09096265
N,Apparently Normal,No Misuse,N,No Injury,27a1dd64-9041-496a-8a0a-4120b19a7962,D,CX01240002,Shoulder/Lap Belt(s),M,2e05320a-5002-417f-b8e4-086f7d304d50,Same Direction Sideswipe,N,Non Intersection,Right Turn Lane,Daylight,No Defects,"Two-way, Divided, Unprotected (painted >4 feet) Median",Dry,Clear,Two o'clock,Pickup Truck,Functional,N,Moving Constant Speed,2015-02-05 15:28,67,38.06797706,-75.55784941
N,Apparently Normal,No Misuse,Y,Possible Incapacitating Injury,045d683c-7e37-4efa-a364-8fbb417df020,D,DA28780006,Shoulder/Lap Belt(s),F,c0e39bef-2c42-4769-b3f5-3557f47f397e,Head On Left Turn,N,Non Intersection,Right Turn Lane,Daylight,No Defects,"Two-way, Divided, Unprotected (painted >4 feet) Median",Dry,Clear,Twelve o'clock,Passenger Car,Disabling,N,Making Left Turn,2015-03-16 8:25,32,38.83928978,-76.89405084
N,Apparently Normal,No Misuse,N,Possible Incapacitating Injury,290bc1f5-90fa-4d2a-944d-a76e750ca5e6,D,DA28780006,Shoulder/Lap Belt(s),M,987122db-b7b0-4b2b-b070-418abb63e772,Head On Left Turn,N,Non Intersection,Right Turn Lane,Daylight,No Defects,"Two-way, Divided, Unprotected (painted >4 feet) Median",Dry,Clear,Twelve o'clock,Passenger Car,Functional,N,Slowing or Stopping,2015-03-16 8:25,59,38.83928978,-76.89405084
N,Apparently Normal,No Misuse,Y,No Injury,773cf8fb-a3fd-47b0-b885-0870d95cdff6,D,DA29430005,Shoulder/Lap Belt(s),M,11a9b6c7-9494-4389-833c-ff2cb3c94e76,Single Vehicle ,N,Non Intersection,Right Turn Lane,Daylight,No Defects,"Two-way, Not Divided",Dry,Clear,Twelve o'clock,Pickup Truck,No Damage,N,Moving Constant Speed,2015-01-09 14:23,37,38.97445734,-76.97906613
N,Apparently Normal,No Misuse,N,Possible Incapacitating Injury,b559d4b7-0886-4302-a94f-144117ba97bf,D,DA29430006,Shoulder/Lap Belt(s),F,19ab47bb-9d49-4661-bcb7-6d95444c1694,Same Movement Angle,N,Intersection,Deceleration Lane,Dark Lights On,No Defects,"Two-way, Divided, Positive Median Barrier",Dry,Clear,Twelve o'clock,Passenger Car,Disabling,N,Moving Constant Speed,2015-01-24 21:26,29,38.98902736,-76.9877243
N,Apparently Normal,No Misuse,N,Possible Incapacitating Injury,bf0f446a-1369-412c-b1f0-4b6bf8a1a237,D,DA32090002,Shoulder/Lap Belt(s),F,2376b76e-5c0c-4a4c-bb9c-959950b18519,Same Direction Left Turn,N,Non Intersection,Right Turn Lane,Daylight,No Defects,"Two-way, Divided, Positive Median Barrier",Dry,Clear,One o'clock,Police Vehicle/Non Emergency,Functional,N,Accelerating,2015-01-13 8:15,24,38.94591744,-76.89604372
N,Apparently Normal,No Misuse,Y,No Injury,012acb31-d84d-4c92-b130-1f2aff167b90,D,DA32090002,Shoulder/Lap Belt(s),M,78f91ec0-9e6d-453f-800a-9e0ec0a19cce,Same Direction Left Turn,N,Non Intersection,Right Turn Lane,Daylight,No Defects,"Two-way, Divided, Positive Median Barrier",Dry,Clear,Nine o'clock,Pickup Truck,Functional,N,Changing Lanes,2015-01-13 8:15,38,38.94591744,-76.89604372
N,Apparently Normal,No Misuse,N,Possible Incapacitating Injury,8b6bdac4-b723-4e02-a08f-af63d3f58239,D,DA3361002B,Shoulder/Lap Belt(s),F,03611349-b0fb-47ad-8ae2-ed496dfc5dfc,Same Direction Rear End,N,Non Intersection,Right Turn Lane,Dark Lights On,No Defects,One-way Trafficway,Dry,Clear,Six o'clock,(Sport) Utility Vehicle,Functional,N,Slowing or Stopping,2015-03-25 19:56,30,39.00667083,-76.96653485
N,Apparently Normal,No Misuse,Y,Possible Incapacitating Injury,84785d39-7faa-4014-a97d-e3cdb9c0373a,D,DA3361002B,Shoulder/Lap Belt(s),F,53e34a5f-1362-4a2d-bc45-44f71fc453d0,Same Direction Rear End,N,Non Intersection,Right Turn Lane,Dark Lights On,No Defects,One-way Trafficway,Dry,Clear,Twelve o'clock,Passenger Car,Disabling,N,Slowing or Stopping,2015-03-25 19:56,20,39.00667083,-76.96653485
N,Apparently Normal,No Misuse,N,Possible Incapacitating Injury,b113e5ef-349f-4de5-8245-5ce50cab1955,D,DA35520001,Shoulder/Lap Belt(s),F,b34851e4-2f2d-4122-b303-06df0cd4d241,Same Direction Rear End,N,Non Intersection,Left Turn Lane,Daylight,No Defects,"Two-way, Not Divided",Dry,Clear,Six o'clock,Passenger Car,Destroyed,N,Slowing or Stopping,2015-03-18 15:30,67,38.90588716,-76.91103458
N,Apparently Normal,No Misuse,Y,Possible Incapacitating Injury,6e5c4110-4881-4574-af76-a400a2470a94,D,DA35520001,Shoulder/Lap Belt(s),M,11c45bf1-428c-40cc-8376-0f0dc5846dd7,Same Direction Rear End,N,Non Intersection,Left Turn Lane,Daylight,No Defects,"Two-way, Not Divided",Dry,Clear,Twelve o'clock,Passenger Car,Destroyed,N,Slowing or Stopping,2015-03-18 15:30,18,38.90588716,-76.91103458
N,Apparently Normal,No Misuse,Y,Possible Incapacitating Injury,16cb4130-0b4b-467c-8c83-a84e5e98d5c8,D,DA36510005,Shoulder/Lap Belt(s),F,8cba1bf0-47f9-4175-a1a0-3bc3d1d4fb8e,Same Direction Rear End,N,Non Intersection,Left Turn Lane,Daylight,No Defects,"Two-way, Not Divided",Dry,Clear,Six o'clock,Passenger Car,Disabling,N,Slowing or Stopping,2015-01-23 13:51,24,38.90589551,-76.90985441
N,Apparently Normal,No Misuse,N,Possible Incapacitating Injury,789479d2-624f-4201-b67d-c38862a75d05,D,DA36610003,Shoulder/Lap Belt(s),F,5c01f90d-103d-481d-9bb3-70d523916cf2,Same Direction Rear End,N,Non Intersection,Right Turn Lane,Daylight,No Defects,"Two-way, Divided, Unprotected (painted >4 feet) Median",Dry,Clear,Six o'clock,(Sport) Utility Vehicle,Superficial,N,Stopped in Traffic Lane,2015-03-15 15:30,26,38.86786421,-76.89174414
N,Apparently Normal,No Misuse,Y,Possible Incapacitating Injury,a5ce5678-f083-48ef-8725-4a92e211a6eb,D,DA37140005,Shoulder/Lap Belt(s),F,42485fb5-9b48-4dee-9d97-5dc8981c873a,Same Direction Rear End,N,Non Intersection,Left Turn Lane,Dark Lights On,No Defects,"Two-way, Divided, Positive Median Barrier",Wet,Clear,Twelve o'clock,Station Wagon,Disabling,N,Slowing or Stopping,2015-02-19 23:07,59,38.8468439,-76.95210457
N,Apparently Normal,No Misuse,N,No Injury,18c973b1-9dcf-40db-94ac-9f75c2ed6a9c,D,DA37140005,Shoulder/Lap Belt(s),M,d2a9b518-80a0-4ad9-ab20-23ae70355a0c,Same Direction Rear End,N,Non Intersection,Left Turn Lane,Dark Lights On,No Defects,"Two-way, Divided, Positive Median Barrier",Wet,Clear,Six o'clock,Passenger Car,Functional,N,Moving Constant Speed,2015-02-19 23:07,70,38.8468439,-76.95210457
N,Apparently Normal,No Misuse,N,Possible Incapacitating Injury,2bee6d9c-626f-4361-b79e-54e84155eabf,D,DA37430007,Shoulder/Lap Belt(s),F,40130869-636e-4e3f-8294-b7d8544c0ea1,Same Direction Rear End,N,Intersection,Left Turn Lane,Daylight,No Defects,"Two-way, Not Divided",Dry,Clear,Six o'clock,Passenger Car,Superficial,N,Stopped in Traffic Lane,2015-03-09 17:48,33,38.95857452,-76.98735952
N,Apparently Normal,No Misuse,Y,No Injury,ea1aaff9-7d21-4981-b4b2-32163166a7ca,D,DA37430007,Shoulder/Lap Belt(s),M,556a5b03-8f1c-4355-b95c-e3cb2a44bfea,Same Direction Rear End,N,Intersection,Left Turn Lane,Daylight,No Defects,"Two-way, Not Divided",Dry,Clear,Twelve o'clock,Van,Superficial,N,Accelerating,2015-03-09 17:48,34,38.95857452,-76.98735952
N,Apparently Normal,No Misuse,Y,Possible Incapacitating Injury,0830f800-d3b7-4314-8200-c7efd7f72d7f,D,DA37590009,Shoulder/Lap Belt(s),F,3a5eea93-71c2-4361-8e89-cf0566b97c34,Single Vehicle ,N,Non Intersection,Right Turn Lane,Daylight,No Defects,"Two-way, Not Divided",Ice,Snow,Twelve o'clock,Passenger Car,Disabling,N,Slowing or Stopping,2015-03-03 7:30,60,39.02,-76.78
N,Apparently Normal,No Misuse,N,Possible Incapacitating Injury,3b7f1111-3e3b-4c67-9a36-51ebc4c903cb,D,DA37830001,Shoulder/Lap Belt(s),F,9b200427-8007-4e67-a9f0-2dc80d9dd80d,Same Direction Rear End,N,Non Intersection,Right Turn Lane,Daylight,No Defects,"Two-way, Not Divided with a Continuous Left Turn Lane",Wet,Raining,Six o'clock,Passenger Car,Functional,N,Making Left Turn,2015-01-03 13:14,52,38.819657,-76.76416755
N,Apparently Normal,No Misuse,Y,No Injury,dd66761b-d76d-4f23-bc46-0ee7b113a9e3,D,DA37830001,Shoulder/Lap Belt(s),M,9ff418ae-b0a9-4131-bd53-6a2deb141a37,Same Direction Rear End,N,Non Intersection,Right Turn Lane,Daylight,No Defects,"Two-way, Not Divided with a Continuous Left Turn Lane",Wet,Raining,Twelve o'clock,Passenger Car,Functional,N,Moving Constant Speed,2015-01-03 13:14,31,38.819657,-76.76416755
N,Apparently Normal,No Misuse,Y,Possible Incapacitating Injury,5dfaf507-8725-4c12-91c7-b2f39f6378fc,D,DA37920004,Shoulder/Lap Belt(s),F,333f8562-1cdb-4841-8eeb-59e128831f43,Head On,N,Non Intersection,Right Turn Lane,Daylight,No Defects,"Two-way, Not Divided",Dry,Clear,Twelve o'clock,Passenger Car,Disabling,N,Moving Constant Speed,2015-03-09 9:17,22,38.94095244,-76.85908556
N,Apparently Normal,No Misuse,Y,Possible Incapacitating Injury,f1f7bccf-bfe3-4d04-ba47-3f1eddd4abc1,D,DA38050006,Shoulder/Lap Belt(s),F,1167574f-c106-432a-a7c8-301995753582,Same Movement Angle,N,Intersection Related,Right Turn Lane,Daylight,No Defects,"Two-way, Not Divided",Dry,Clear,Twelve o'clock,Passenger Car,Disabling,N,Accelerating,2015-02-03 12:14,87,38.82394508,-76.72885895
N,Apparently Normal,No Misuse,Y,Possible Incapacitating Injury,b12d7797-797d-47a1-881c-667345c3edef,D,DA38290005,Shoulder/Lap Belt(s),F,778bd17f-9c1f-43fc-93cc-c5d31670f381,Single Vehicle ,N,Non Intersection,Right Turn Lane,Daylight,No Defects,"Two-way, Not Divided",Dry,Cloudy,Twelve o'clock,Van,Disabling,N,Moving Constant Speed,2015-02-09 11:27,63,38.86961841,-76.77945614
N,Apparently Normal,No Misuse,Y,Possible Incapacitating Injury,dd2348a4-f1fa-4239-9e1f-1fcf75bce973,D,DA38400003,Shoulder/Lap Belt(s),F,023a16c3-5e3f-42eb-be00-2beb468055ef,Single Vehicle ,N,Intersection Related,Right Turn Lane,Daylight,Loose Surface Material,"Two-way, Not Divided",Snow,Snow,Twelve o'clock,(Sport) Utility Vehicle,Disabling,N,Moving Constant Speed,2015-02-17 8:48,63,38.72207319,-76.98270321
N,Apparently Normal,No Misuse,Y,Possible Incapacitating Injury,78fccb87-27a6-428d-a693-0da913b784cd,D,DA38420003,Shoulder/Lap Belt(s),F,fa89e486-1ae0-4b1a-b830-bd3eae1dad83,Single Vehicle ,Y,Non Intersection,Acceleration Lane,Dark Lights On,No Defects,"Two-way, Divided, Positive Median Barrier",Wet,Raining,One o'clock,Passenger Car,Functional,N,Moving Constant Speed,2015-01-24 5:35,24,38.82224827,-76.92143351
N,Apparently Normal,No Misuse,Y,Possible Incapacitating Injury,33240def-57cd-4cb2-bfd6-884dd53a3bb4,D,DA3855000F,Shoulder/Lap Belt(s),F,c1206b5a-c03d-4681-93ab-17c6a64874ef,Single Vehicle ,N,Intersection,Right Turn Lane,Daylight,No Defects,"Two-way, Divided, Positive Median Barrier",Snow,Snow,Ten o'clock,(Sport) Utility Vehicle,Disabling,N,Moving Constant Speed,2015-03-05 14:31,42,39.01582436,-76.92734241
N,Apparently Normal,No Misuse,N,Possible Incapacitating Injury,c307f484-1de7-4c6b-a0f7-fd52d7817aff,D,DA38590004,Shoulder/Lap Belt(s),F,f133d00f-0fa3-4cc7-b286-155a788fcdda,Same Direction Rear End,N,Non Intersection,Left Turn Lane,Daylight,No Defects,"Two-way, Divided, Positive Median Barrier",Dry,Cloudy,Six o'clock,Passenger Car,Functional,N,Stopped in Traffic Lane,2015-03-13 16:58,42,38.96906893,-76.97671652
N,Apparently Normal,No Misuse,Y,No Injury,26b38b22-9af3-44e2-b3eb-8e8ed425072d,D,DA38590004,Shoulder/Lap Belt(s),M,a939bede-27b6-433f-abc0-c4b85cb740e5,Same Direction Rear End,N,Non Intersection,Left Turn Lane,Daylight,No Defects,"Two-way, Divided, Positive Median Barrier",Dry,Cloudy,Twelve o'clock,Passenger Car,Functional,N,Moving Constant Speed,2015-03-13 16:58,30,38.96906893,-76.97671652
N,Apparently Normal,No Misuse,N,Possible Incapacitating Injury,77e1f625-8553-466d-84fd-1d6f94d45187,D,DA38710005,Shoulder/Lap Belt(s),F,ba4eace0-8595-417b-8b20-bf4362b5b684,Same Direction Left Turn,N,Non Intersection,Left Turn Lane,Daylight,No Defects,"Two-way, Divided, Positive Median Barrier",Dry,Clear,Eight o'clock,Passenger Car,Disabling,N,Moving Constant Speed,2015-02-19 7:01,22,38.96104393,-76.86355948
N,Apparently Normal,No Misuse,Y,No Injury,4a5f7aed-6897-442e-8dfa-2e7b0a36a4dd,D,DA38710005,Shoulder/Lap Belt(s),M,33a258c3-3318-4aa9-9b00-8afe6d5d14c7,Same Direction Left Turn,N,Non Intersection,Left Turn Lane,Daylight,No Defects,"Two-way, Divided, Positive Median Barrier",Dry,Clear,Eleven o'clock,Passenger Car,Functional,N,Changing Lanes,2015-02-19 7:01,30,38.96104393,-76.86355948
N,Apparently Normal,No Misuse,Y,Possible Incapacitating Injury,90678dce-154e-433c-93a1-9dcd2d82e245,D,DA3878000F,Shoulder/Lap Belt(s),F,02bc15ad-e60f-4d63-92c8-2446f9df7ef2,Head On Left Turn,N,Non Intersection,Right Turn Lane,Dark Lights On,No Defects,"Two-way, Not Divided",Snow,Snow,Twelve o'clock,Passenger Car,Disabling,N,Moving Constant Speed,2015-02-14 19:53,31,38.97912808,-76.83376551
N,Apparently Normal,No Misuse,N,Possible Incapacitating Injury,20aabfd8-d6a8-462a-a055-084fb933284f,D,DA3888000R,Shoulder/Lap Belt(s),F,61026472-e1e6-4e2d-9201-eb6bfbe725cf,Same Movement Angle,N,Intersection,Acceleration Lane,Daylight,No Defects,"Two-way, Divided, Positive Median Barrier",Dry,Clear,Eleven o'clock,Passenger Car,Destroyed,N,Starting From Lane,2015-03-21 7:33,62,38.74268682,-76.99190855
Y,Apparently Normal,No Misuse,Y,No Injury,043fcf03-71e6-4f34-8e79-fa734913b009,D,DA3888000R,Shoulder/Lap Belt(s),M,65021b57-5fb6-4c5b-b6a6-79b6368eab9c,Same Movement Angle,N,Intersection,Acceleration Lane,Daylight,No Defects,"Two-way, Divided, Positive Median Barrier",Dry,Clear,One o'clock,"Medium/Heavy Truck 2 axles (10,000 lbs (4,536 kg) or less)",Functional,N,Moving Constant Speed,2015-03-21 7:33,35,38.74268682,-76.99190855
N,Apparently Normal,No Misuse,N,Possible Incapacitating Injury,68325a5f-b449-4345-b39f-899b61b03cef,D,DA3890000G,Shoulder/Lap Belt(s),F,1f214ffc-f01d-4674-82e6-d4f0e3dea115,Same Direction Rear End,N,Non Intersection,Left Turn Lane,Daylight,No Defects,"Two-way, Divided, Positive Median Barrier",Dry,Clear,Six o'clock,Passenger Car,Disabling,N,Slowing or Stopping,2015-02-25 8:00,33,39.06168252,-76.83951616
N,Apparently Normal,No Misuse,N,No Injury,f06378f8-4426-4846-9ee7-14f5c5923b09,D,DA3890000G,Shoulder/Lap Belt(s),M,053bead2-bb60-4c72-90bc-9e8b669a3b25,Same Direction Rear End,N,Non Intersection,Left Turn Lane,Daylight,No Defects,"Two-way, Divided, Positive Median Barrier",Dry,Clear,Six o'clock,Passenger Car,Superficial,N,Slowing or Stopping,2015-02-25 8:00,46,39.06168252,-76.83951616