CDL_FLAG,CONDITION_CODE,EQUIP_PROB_CODE,FAULT_FLAG,INJ_SEVER_CODE,PERSON_ID,PERSON_TYPE,REPORT_NO,SAF_EQUIP_CODE,SEX_CODE,VEHICLE_ID,COLLISION_TYPE_CODE,C_M_ZONE_FLAG,JUNCTION_CODE,LANE_CODE,LIGHT_CODE,RD_COND_CODE,RD_DIV_CODE,SURF_COND_CODE,WEATHER_CODE,AREA_DAMAGED_CODE_MAIN,BODY_TYPE_CODE,DAMAGE_CODE,HIT_AND_RUN_FLAG,MOVEMENT_CODE,TIME,AGE,LATITUDE,LONGITUDE
N,Apparently Normal,No Misuse,Y,No Injury,e2c0ca4b-3342-405d-a964-e327c65a16bf,D,DA3890000G,Shoulder/Lap Belt(s),M,0f09b700-7bdc-4afd-bfcd-fac9d627377c,Same Direction Rear End,N,Non Intersection,Left Turn Lane,Daylight,No Defects,"Two-way, Divided, Positive Median Barrier",Dry,Clear,Twelve o'clock,Passenger Car,Functional,N,Slowing or Stopping,2015-02-25 8:00,43,39.06168252,-76.83951616
N,Apparently Normal,No Misuse,N,Possible Incapacitating Injury,c3054c15-166f-479f-9d83-b004d3de46ff,D,DA3890000H,Shoulder/Lap Belt(s),F,1ac8886d-d121-43b7-b3d2-2028942c31a5,Same Direction Rear End,N,Non Intersection,Left Turn Lane,Daylight,No Defects,"Two-way, Divided, Positive Median Barrier",Dry,Clear,Six o'clock,Van,Superficial,N,Slowing or Stopping,2015-02-27 9:17,30,39.06498761,-76.83974147
N,Apparently Normal,No Misuse,N,Possible Incapacitating Injury,3effa68c-ba59-47e6-93a5-d04721768819,D,DA38910005,Shoulder/Lap Belt(s),F,55e335be-678c-4f86-bc2f-4add99c2cf6e,Same Direction Rear End,N,Intersection,Left Turn Lane,Dark Lights On,No Defects,One-way Trafficway,Wet,Raining,Six o'clock,Passenger Car,Functional,N,Stopped in Traffic Lane,2015-03-04 22:45,39,38.98156341,-76.97884083
N,Had Been Drinking,No Misuse,Y,No Injury,1ea94c8b-179f-4e26-8487-2883987b5021,D,DA38910005,Shoulder/Lap Belt(s),M,5b94b7e4-787d-45eb-b9d7-8d5cedbd69bd,Same Direction Rear End,N,Intersection,Left Turn Lane,Dark Lights On,No Defects,One-way Trafficway,Wet,Raining,Twelve o'clock,Passenger Car,Functional,N,Slowing or Stopping,2015-03-04 22:45,30,38.98156341,-76.97884083
N,Apparently Normal,No Misuse,Y,Possible Incapacitating Injury,611d5839-6e09-452a-9ef4-ccfa3a2d69b5,D,DA3898000B,Shoulder/Lap Belt(s),F,f67c2752-c06a-41e0-83d8-3a7e80230391,Head On,N,Non Intersection,Right Turn Lane,Daylight,No Defects,"Two-way, Not Divided",Snow,Snow,Twelve o'clock,Passenger Car,Disabling,N,Moving Constant Speed,2015-02-26 6:46,61,38.81476677,-76.83643699
Y,Apparently Normal,No Misuse,Y,No Injury,8d72e99e-92da-4376-80cc-660d49e26026,D,DA3898000B,Shoulder/Lap Belt(s),M,41241e1d-bf48-402a-9bee-1422aaed3ec9,Head On,N,Non Intersection,Right Turn Lane,Daylight,No Defects,"Two-way, Not Divided",Snow,Snow,Eleven o'clock,"Cargo Van/Light Truck 2 axles (10,000 lbs (4,536 kg) or less)",Functional,N,Moving Constant Speed,2015-02-26 6:46,38,38.81476677,-76.83643699
N,Apparently Normal,No Misuse,N,Possible Incapacitating Injury,33a404ca-681d-45bc-b596-33cf12b9c840,D,DA3901000C,Shoulder/Lap Belt(s),F,be8092e2-331c-442a-b504-daee2d2f998d,Same Direction Rear End,N,Intersection,Left Turn Lane,Dark Lights On,No Defects,"Two-way, Not Divided",Dry,Clear,Six o'clock,Passenger Car,Superficial,N,Slowing or Stopping,2015-02-07 18:21,40,38.94364777,-76.90149665
N,Apparently Normal,No Misuse,Y,No Injury,6b6887b6-a589-4c37-9d18-6514f7799a97,D,DA3901000C,Shoulder/Lap Belt(s),M,4c1b6181-916d-4045-bb0e-feae77674e9d,Same Direction Rear End,N,Intersection,Left Turn Lane,Dark Lights On,No Defects,"Two-way, Not Divided",Dry,Clear,Twelve o'clock,Passenger Car,Disabling,N,Moving Constant Speed,2015-02-07 18:21,43,38.94364777,-76.90149665
N,Apparently Normal,No Misuse,Y,Possible Incapacitating Injury,01bdc9c9-9abf-449e-998d-2ec174c00ced,D,DA39140004,Shoulder/Lap Belt(s),F,22b91f3b-f8ab-4f60-9534-634198c12a39,Single Vehicle ,N,Non Intersection,Right Turn Lane,Daylight,No Defects,"Two-way, Divided, Unprotected (painted >4 feet) Median",Dry,Clear,Twelve o'clock,Passenger Car,Destroyed,N,Moving Constant Speed,2015-02-24 17:24,29,38.70882979,-76.93651557
N,Apparently Normal,No Misuse,N,Possible Incapacitating Injury,31b57c2e-3ab4-48cf-9b1b-f07d51922b85,D,DA3916000B,Shoulder/Lap Belt(s),F,7d73381c-7bd5-443d-85cb-fbc1d6fd1570,Head On Left Turn,N,Intersection,Right Turn Lane,Dark Lights On,No Defects,"Two-way, Divided, Positive Median Barrier",Dry,Clear,Twelve o'clock,Passenger Car,Disabling,N,Moving Constant Speed,2015-02-27 20:38,50,38.90382494,-76.84176922
N,Apparently Normal,No Misuse,Y,No Injury,7cb10777-b015-41a3-b883-fcc2c7a850c8,D,DA3916000B,Shoulder/Lap Belt(s),M,c0186fa5-d6aa-41f6-8210-d92fd80dd2a5,Head On Left Turn,N,Intersection,Right Turn Lane,Dark Lights On,No Defects,"Two-way, Divided, Positive Median Barrier",Dry,Clear,Three o'clock,Passenger Car,Disabling,N,Accelerating,2015-02-27 20:38,18,38.90382494,-76.84176922
N,Apparently Normal,No Misuse,Y,Possible Incapacitating Injury,ba50f9b6-0fc9-4cdd-859d-19aec2f34eb2,D,DA3929000J,Shoulder/Lap Belt(s),F,0af52c5a-c63d-43f3-bf02-e07fdb2aa4e7,Single Vehicle ,N,Non Intersection,Right Turn Lane,Daylight,No Defects,"Two-way, Not Divided",Wet,Cloudy,Twelve o'clock,Passenger Car,Disabling,N,Moving Constant Speed,2015-03-04 7:24,29,38.92850087,-76.82108402
N,Apparently Normal,No Misuse,Y,Possible Incapacitating Injury,941b1d02-7d3c-42a8-a417-c4515f168378,D,DA39300009,Shoulder/Lap Belt(s),F,70471d37-aaa6-4b68-841a-553bb572f310,Single Vehicle ,N,Intersection,Right Turn Lane,Daylight,No Defects,"Two-way, Divided, Positive Median Barrier",Dry,Clear,Twelve o'clock,Passenger Car,Disabling,N,Moving Constant Speed,2015-01-11 8:05,79,38.93330817,-76.90745115
N,Apparently Normal,No Misuse,N,Possible Incapacitating Injury,640ddd5a-5945-4093-88ed-e48bf31cc9a5,D,DA39370007,Shoulder/Lap Belt(s),F,681a47fd-f61a-40ff-8c8d-ab40c3d2d21f,Same Direction Rear End,N,Non Intersection,Left Turn Lane,Daylight,"Holes, Ruts, Etc.","Two-way, Divided, Positive Median Barrier",Dry,Clear,Six o'clock,Van,Functional,N,Slowing or Stopping,2015-03-15 11:20,46,38.85037836,-76.9545722
N,Apparently Normal,No Misuse,Y,No Injury,e5624abc-d53a-4a04-a475-4f34ad669e9f,D,DA39370007,Shoulder/Lap Belt(s),M,6fb8fb5c-1d8f-440f-9e84-4773dbeb12a6,Same Direction Rear End,N,Non Intersection,Left Turn Lane,Daylight,"Holes, Ruts, Etc.","Two-way, Divided, Positive Median Barrier",Dry,Clear,Twelve o'clock,Van,Disabling,N,Slowing or Stopping,2015-03-15 11:20,39,38.85037836,-76.9545722
N,Apparently Normal,No Misuse,N,Possible Incapacitating Injury,d4fdacf4-7f6a-47a3-95d2-269ee767e249,D,DA39400008,Shoulder/Lap Belt(s),F,1669ddb9-a15e-490e-898a-a683b22ea9f1,Same Direction Rear End,N,Non Intersection,Right Turn Lane,Daylight,No Defects,"Two-way, Divided, Positive Median Barrier",Dry,Clear,Six o'clock,Van,Superficial,N,Slowing or Stopping,2015-02-08 12:05,49,38.83745126,-76.94498062
N,Apparently Normal,No Misuse,Y,No Injury,d85f070e-257b-44c1-9cb3-b76e7a30cca6,D,DA39400008,Shoulder/Lap Belt(s),M,77ac1337-ac66-4388-9fe2-8bbc01c7ac3a,Same Direction Rear End,N,Non Intersection,Right Turn Lane,Daylight,No Defects,"Two-way, Divided, Positive Median Barrier",Dry,Clear,Twelve o'clock,(Sport) Utility Vehicle,Superficial,N,Slowing or Stopping,2015-02-08 12:05,29,38.83745126,-76.94498062
N,Apparently Normal,No Misuse,N,Possible Incapacitating Injury,08ca01f8-a951-469a-b2d5-d8c0d876b7bf,D,DA3943000C,Shoulder/Lap Belt(s),F,d5dddab4-a6ab-4a43-9a24-8c8648225d45,Head On Left Turn,N,Intersection,Acceleration Lane,Daylight,No Defects,"Two-way, Not Divided",Wet,Raining,Twelve o'clock,(Sport) Utility Vehicle,Disabling,N,Moving Constant Speed,2015-03-27 14:18,45,38.90604579,-76.82732821
N,Apparently Normal,No Misuse,Y,Possible Incapacitating Injury,57a6c101-80c9-44a9-8f37-d3e0b8d59c7a,D,DA3943000C,Shoulder/Lap Belt(s),F,e0b3a86b-9ca8-4ede-9118-5dfbffa0d50b,Head On Left Turn,N,Intersection,Acceleration Lane,Daylight,No Defects,"Two-way, Not Divided",Wet,Raining,Twelve o'clock,Passenger Car,Disabling,N,Making Left Turn,2015-03-27 14:18,64,38.90604579,-76.82732821
N,Apparently Normal,No Misuse,Y,Possible Incapacitating Injury,b9022976-4072-42f7-bc82-baba80f13e00,D,DA39510005,Shoulder/Lap Belt(s),F,3492629e-0534-48a7-826c-5af28b645018,Same Movement Angle,N,Non Intersection,Right Turn Lane,Daylight,Shoulder Defect,"Two-way, Not Divided",Dry,Clear,Ten o'clock,Passenger Car,Disabling,N,Moving Constant Speed,2015-03-26 13:20,45,39.04800236,-76.83033228
N,Apparently Normal,No Misuse,N,Possible Incapacitating Injury,12ab60df-681d-4806-a433-09f448137d00,D,DA39510005,Shoulder/Lap Belt(s),M,1c077407-2698-4bbf-9a69-39bd5b17cf9f,Same Movement Angle,N,Non Intersection,Right Turn Lane,Daylight,Shoulder Defect,"Two-way, Not Divided",Dry,Clear,Twelve o'clock,Passenger Car,Disabling,N,Making Left Turn,2015-03-26 13:20,22,39.04800236,-76.83033228
N,Apparently Normal,No Misuse,N,Possible Incapacitating Injury,37d82918-2d87-4d5e-9277-7efd47364f53,D,DD5538000J,Shoulder/Lap Belt(s),F,674a6434-6b1e-47d6-92e0-e49f73193d2c,Same Direction Rear End,N,Non Intersection,Right Turn Lane,Daylight,No Defects,"Two-way, Not Divided",Dry,Clear,Six o'clock,Passenger Car,Functional,N,Stopped in Traffic Lane,2015-02-25 13:18,23,39.09788333,-77.16151
N,Apparently Normal,No Misuse,Y,No Injury,9426cc28-9876-4e5d-850c-abbd32ac97b5,D,DD5538000J,Shoulder/Lap Belt(s),M,b94fa0bd-2628-4e0d-8157-618c31400b9f,Same Direction Rear End,N,Non Intersection,Right Turn Lane,Daylight,No Defects,"Two-way, Not Divided",Dry,Clear,Twelve o'clock,Passenger Car,Functional,N,Moving Constant Speed,2015-02-25 13:18,23,39.09788333,-77.16151
N,Apparently Normal,No Misuse,N,Possible Incapacitating Injury,af108b11-383a-4312-81fd-6aa018052bc8,D,DD5538000K,Shoulder/Lap Belt(s),F,542e4388-e200-4a3c-8d5a-d45b23b9b816,Head On Left Turn,N,Intersection,Left Turn Lane,Daylight,No Defects,"Two-way, Divided, Positive Median Barrier",Dry,Clear,Twelve o'clock,Passenger Car,Disabling,N,Moving Constant Speed,2015-02-27 13:22,30,39.06082833,-77.12580833
N,Apparently Normal,No Misuse,Y,No Injury,4ba61b5b-120a-42d0-b632-d6d0e8b5e16e,D,DD5538000K,Shoulder/Lap Belt(s),M,2b74b45d-4efa-430b-834b-38790a56e7e3,Head On Left Turn,N,Intersection,Left Turn Lane,Daylight,No Defects,"Two-way, Divided, Positive Median Barrier",Dry,Clear,Twelve o'clock,Passenger Car,Disabling,N,Making Left Turn,2015-02-27 13:22,81,39.06082833,-77.12580833
N,Apparently Normal,No Misuse,N,Possible Incapacitating Injury,b81e3916-94f1-4030-bbc9-57a1c7cf252b,D,DD5538000P,Shoulder/Lap Belt(s),F,913bcc03-4d16-4517-bb19-fdde374fc6ca,Head On Left Turn,N,Intersection,Left Turn Lane,Daylight,No Defects,"Two-way, Divided, Positive Median Barrier",Wet,Raining,Ten o'clock,Passenger Car,Disabling,N,Moving Constant Speed,2015-03-31 16:16,58,39.06669833,-77.15344167
N,Apparently Normal,No Misuse,N,No Injury,4b99b805-d0fe-4cd8-b2c3-0234cd6b76f3,D,DD5595000W,Shoulder/Lap Belt(s),M,cded6e20-1e22-45eb-baad-0f394799adc0,Same Direction Rear End,N,Intersection,Left Turn Lane,Daylight,No Defects,"Two-way, Divided, Positive Median Barrier",Dry,Clear,Six o'clock,Passenger Car,Superficial,N,Slowing or Stopping,2015-01-13 10:27,62,39.07331108,-77.11157799
N,Apparently Normal,No Misuse,N,Possible Incapacitating Injury,e4430f29-ef18-482a-9280-1b41017b8b72,D,DD5604000Y,Shoulder/Lap Belt(s),F,92384653-c7f8-457c-abef-a79c814176ef,Head On Left Turn,N,Intersection,Right Turn Lane,Dawn,No Defects,"Two-way, Not Divided",Dry,Clear,Twelve o'clock,Passenger Car,Disabling,N,Moving Constant Speed,2015-02-19 7:49,53,39.08406833,-77.119255
N,Apparently Normal,No Misuse,Y,No Injury,d2d984e9-7ae0-44d6-b232-7d21a59185af,D,DD5604000Y,Shoulder/Lap Belt(s),M,a8bf49c1-14ac-4bc2-88bf-257d8300f8e2,Head On Left Turn,N,Intersection,Right Turn Lane,Dawn,No Defects,"Two-way, Not Divided",Dry,Clear,Twelve o'clock,Passenger Car,Disabling,N,Making Left Turn,2015-02-19 7:49,38,39.08406833,-77.119255
N,Apparently Normal,No Misuse,Y,Possible Incapacitating Injury,f0d73c48-da37-4816-87bf-deb91e1e3439,D,DE1193000F,Shoulder/Lap Belt(s),F,51f68d38-ea8e-426d-b3a1-87cb1aeacda2,Same Direction Rear End,N,Intersection Related,Right Turn Lane,Daylight,No Defects,One-way Trafficway,Dry,Cloudy,Twelve o'clock,Passenger Car,Destroyed,N,Slowing or Stopping,2015-01-07 8:25,34,38.36726662,-75.5985117
N,Apparently Normal,No Misuse,N,No Injury,cbaeed88-7ec0-484b-ad3c-1dde5cc3ea47,D,DE1193000F,Shoulder/Lap Belt(s),M,c4a47e94-c50c-4022-bdc8-f51dc8e3ca1f,Same Direction Rear End,N,Intersection Related,Right Turn Lane,Daylight,No Defects,One-way Trafficway,Dry,Cloudy,Six o'clock,Pickup Truck,Functional,N,Stopped in Traffic Lane,2015-01-07 8:25,41,38.36726662,-75.5985117
N,Apparently Normal,No Misuse,N,Possible Incapacitating Injury,eb55891e-fb44-4199-9806-74b3b60dbddd,D,DE2152000B,Shoulder/Lap Belt(s),F,5001f0f1-0194-4ea1-addf-054fc3580a01,Same Direction Rear End,N,Intersection Related,Right Turn Lane,Daylight,No Defects,"Two-way, Divided, Positive Median Barrier",Dry,Clear,Six o'clock,Passenger Car,Functional,N,Starting From Lane,2015-01-11 13:15,27,38.40975118,-75.56761265
N,Apparently Normal,No Misuse,N,No Injury,1ea05ba2-6600-4145-b24d-9f278f7c167f,D,DE41270001,Shoulder/Lap Belt(s),M,5c269504-c6ad-435d-b10d-7c015bf4e43d,Same Direction Rear End,N,Intersection Related,Right Turn Lane,Daylight,No Defects,"Two-way, Divided, Positive Median Barrier",Dry,Clear,Six o'clock,Pickup Truck,Superficial,N,Stopped in Traffic Lane,2015-01-15 12:37,33,38.39571016,-75.57252645
N,Apparently Normal,No Misuse,N,Possible Incapacitating Injury,50e24df6-3a9f-4ae9-8c1c-dec08a40fcb2,D,DE41270006,Shoulder/Lap Belt(s),F,3a1a5659-a95c-4a36-a4ac-9c4b3e05e1b8,Angle Meets Left Turn,N,Intersection,Right Turn Lane,Daylight,No Defects,"Two-way, Not Divided",Wet,Snow,Eight o'clock,Passenger Car,Disabling,N,Moving Constant Speed,2015-02-12 13:54,62,38.36312573,-75.59489608
N,Apparently Normal,No Misuse,Y,No Injury,1840c33d-ae7a-4ecc-8466-87df1164a977,D,DE41270006,Shoulder/Lap Belt(s),M,87baeb4d-508b-4dd9-a616-888314822c2b,Angle Meets Left Turn,N,Intersection,Right Turn Lane,Daylight,No Defects,"Two-way, Not Divided",Wet,Snow,Twelve o'clock,Passenger Car,Functional,N,Making Left Turn,2015-02-12 13:54,30,38.36312573,-75.59489608
N,Apparently Normal,No Misuse,N,Possible Incapacitating Injury,e2271518-28d3-4d02-971d-be4575c2534e,D,DE4197000F,Shoulder/Lap Belt(s),F,4f07f459-8700-456f-9c0b-00c01c8cdbe6,Same Movement Angle,N,Intersection,Right Turn Lane,Dusk,No Defects,"Two-way, Not Divided",Wet,Raining,Twelve o'clock,Passenger Car,Functional,N,Moving Constant Speed,2015-01-26 17:29,23,38.36967239,-75.58695674
N,Apparently Normal,No Misuse,Y,No Injury,990882de-e468-4019-a90b-fc0ae94718fe,D,DE4197000F,Shoulder/Lap Belt(s),M,fe319203-a7b3-4c02-8592-e7734da7bf77,Same Movement Angle,N,Intersection,Right Turn Lane,Dusk,No Defects,"Two-way, Not Divided",Wet,Raining,One o'clock,Passenger Car,Disabling,N,Accelerating,2015-01-26 17:29,20,38.36967239,-75.58695674
N,Apparently Normal,No Misuse,N,Possible Incapacitating Injury,f7a70b22-96e6-4afc-a9ca-8c1c9f68a345,D,DE5121000P,Shoulder/Lap Belt(s),F,e7c0e01b-5e01-4867-a5d4-ac9a4899476e,Same Direction Rear End,N,Intersection Related,Right Turn Lane,Daylight,No Defects,"Two-way, Not Divided",Dry,Clear,Six o'clock,Passenger Car,Destroyed,N,Stopped in Traffic Lane,2015-01-11 13:34,46,38.35428586,-75.606215
N,Apparently Normal,No Misuse,N,No Injury,4ec8858f-0c9b-4682-80eb-d0b6589109b2,D,DE5121000P,Shoulder/Lap Belt(s),M,2f2bee8e-5c85-4004-a3ee-65b5430a4356,Same Direction Rear End,N,Intersection Related,Right Turn Lane,Daylight,No Defects,"Two-way, Not Divided",Dry,Clear,Six o'clock,Passenger Car,Superficial,N,Stopped in Traffic Lane,2015-01-11 13:34,35,38.35428586,-75.606215
N,Apparently Normal,No Misuse,Y,No Injury,5e78b594-cc41-4749-bf41-29fafeffa9c6,D,DE5121000P,Shoulder/Lap Belt(s),M,80409895-c07f-436c-92fb-309ce5fd9b39,Same Direction Rear End,N,Intersection Related,Right Turn Lane,Daylight,No Defects,"Two-way, Not Divided",Dry,Clear,Twelve o'clock,Pickup Truck,Destroyed,N,Slowing or Stopping,2015-01-11 13:34,24,38.35428586,-75.606215
N,Apparently Normal,No Misuse,Y,Possible Incapacitating Injury,851ba011-cbfe-4292-92ec-9f2fe6d98047,D,EJ7854000D,Shoulder/Lap Belt(s),F,535141bd-2dbb-4a63-b14e-5fb9cc486404,Same Movement Angle,N,Intersection,Left Turn Lane,Dark Lights On,No Defects,"Two-way, Divided, Positive Median Barrier",Dry,Clear,Four o'clock,Passenger Car,Disabling,N,Making Left Turn,2015-02-26 22:42,36,39.150715,-77.174305
N,Apparently Normal,No Misuse,N,Possible Incapacitating Injury,611b97ec-352c-4bb1-b3aa-c9f7fa739bad,D,EJ7854000D,Shoulder/Lap Belt(s),M,15a21bb9-596c-492d-bd9e-04ae4ef9dcde,Same Movement Angle,N,Intersection,Left Turn Lane,Dark Lights On,No Defects,"Two-way, Divided, Positive Median Barrier",Dry,Clear,One o'clock,Passenger Car,Functional,N,Moving Constant Speed,2015-02-26 22:42,55,39.150715,-77.174305
N,Apparently Normal,No Misuse,N,Possible Incapacitating Injury,7f1d5cae-6db7-4ed8-b012-e11852818be5,D,GS0421000C,Shoulder/Lap Belt(s),F,fb32ab99-6d3c-4af6-ba70-e27c7eab1d4e,Same Movement Angle,N,Intersection,Right Turn Lane,Daylight,No Defects,"Two-way, Not Divided",Dry,Clear,Five o'clock,Passenger Car,Disabling,N,Moving Constant Speed,2015-02-19 14:45,26,38.32381441,-75.61866581
N,Apparently Normal,No Misuse,Y,No Injury,bfd9f871-729a-421d-86c1-2e55ebd52288,D,GS0421000C,Shoulder/Lap Belt(s),M,b01387b4-7694-4b9d-a726-e5623a423bb3,Same Movement Angle,N,Intersection,Right Turn Lane,Daylight,No Defects,"Two-way, Not Divided",Dry,Clear,Twelve o'clock,(Sport) Utility Vehicle,Functional,N,Accelerating,2015-02-19 14:45,21,38.32381441,-75.61866581
N,Apparently Normal,No Misuse,Y,Possible Incapacitating Injury,7d2e93e6-6c9e-4bfd-9cbe-2484c5881673,D,HM01160008,Shoulder/Lap Belt(s),F,671ffa74-9178-42c0-b379-1a0b3da2ff1d,Single Vehicle ,N,Non Intersection,Right Turn Lane,Daylight,No Defects,"Two-way, Not Divided",Wet,Raining,Twelve o'clock,Pickup Truck,Destroyed,N,Moving Constant Speed,2015-01-14 14:18,34,38.38524908,-75.16695499
N,Apparently Normal,No Misuse,N,Possible Incapacitating Injury,12d38c7b-f63c-4f36-9920-09a05c66218f,D,MCP1221000X,Shoulder/Lap Belt(s),F,a754ed03-5e8b-4541-a1cb-f3cbb04e0b11,Same Direction Rear End,N,Intersection Related,Acceleration Lane,Daylight,No Defects,"Two-way, Divided, Positive Median Barrier",Dry,Clear,Six o'clock,Passenger Car,Functional,N,Slowing or Stopping,2015-02-11 7:37,34,39.14272,-77.22172
N,Apparently Normal,No Misuse,N,No Injury,fe012c1d-0fe2-4bae-8354-cd545bbd333a,D,MCP1221000X,Shoulder/Lap Belt(s),M,14ee4142-8203-4bca-b196-19540314e7b0,Same Direction Rear End,N,Intersection Related,Acceleration Lane,Daylight,No Defects,"Two-way, Divided, Positive Median Barrier",Dry,Clear,Six o'clock,Passenger Car,Superficial,N,Slowing or Stopping,2015-02-11 7:37,35,39.14272,-77.22172
N,Apparently Normal,No Misuse,Y,No Injury,12aa9886-c919-4f62-9cbc-52666de79f2e,D,MCP1221000X,Shoulder/Lap Belt(s),M,0f10158f-aeec-4673-8f54-2b5dd40f7e31,Same Direction Rear End,N,Intersection Related,Acceleration Lane,Daylight,No Defects,"Two-way, Divided, Positive Median Barrier",Dry,Clear,Twelve o'clock,Passenger Car,Functional,N,Slowing or Stopping,2015-02-11 7:37,36,39.14272,-77.22172
N,Apparently Normal,No Misuse,Y,Possible Incapacitating Injury,4e7e693f-5689-431a-bf94-dc8f304f2d75,D,MCP1378003S,Shoulder/Lap Belt(s),F,5e8d4225-e9d2-4710-a4c4-0636381d175c,Same Movement Angle,N,Intersection,Left Turn Lane,Daylight,No Defects,"Two-way, Divided, Unprotected (painted >4 feet) Median",Wet,Raining,Eleven o'clock,(Sport) Utility Vehicle,Disabling,N,Skidding,2015-01-12 15:09,48,39.12542667,-77.243175
N,Apparently Normal,No Misuse,N,No Injury,93e956f3-a34f-402e-ad70-53cfd1a9eef8,D,MCP1378003S,Shoulder/Lap Belt(s),M,918e8d5c-eba6-4c3f-a336-cf76ac2e88d2,Same Movement Angle,N,Intersection,Left Turn Lane,Daylight,No Defects,"Two-way, Divided, Unprotected (painted >4 feet) Median",Wet,Raining,Two o'clock,Passenger Car,Disabling,N,Accelerating,2015-01-12 15:09,20,39.12542667,-77.243175
N,Apparently Normal,No Misuse,N,Possible Incapacitating Injury,2b88de94-2fe0-4f28-918a-d71646bd8f2e,D,MCP13780048,Shoulder/Lap Belt(s),F,66633a0d-04f3-4bdb-8ac7-db0210cec26c,Same Direction Sideswipe,N,Interchange Related,Left Turn Lane,Daylight,No Defects,One-way Trafficway,Dry,Clear,Eight o'clock,Passenger Car,Functional,N,Making Right Turn,2015-02-03 10:56,42,39.09864,-77.19775333
N,Apparently Normal,No Misuse,Y,Possible Incapacitating Injury,ceede3ff-1f7e-4b75-893c-374241ac6760,D,MCP1378004B,Shoulder/Lap Belt(s),F,9d97c751-3c90-4130-a68b-1742f78b2c0e,Same Movement Angle,N,Intersection,Acceleration Lane,Daylight,No Defects,"Two-way, Divided, Positive Median Barrier",Dry,Cloudy,Twelve o'clock,(Sport) Utility Vehicle,Disabling,N,Moving Constant Speed,2015-02-05 14:50,69,39.109585,-77.18829167
N,Apparently Normal,No Misuse,N,Possible Incapacitating Injury,e5686fbf-f6e0-4cc6-925b-608a9a6fadbb,D,MCP1378004B,Shoulder/Lap Belt(s),M,2c4e02ef-4a42-4335-b860-03e7ba850ea1,Same Movement Angle,N,Intersection,Acceleration Lane,Daylight,No Defects,"Two-way, Divided, Positive Median Barrier",Dry,Cloudy,Eleven o'clock,Passenger Car,Disabling,N,Making Left Turn,2015-02-05 14:50,72,39.109585,-77.18829167
N,Apparently Normal,No Misuse,Y,Possible Incapacitating Injury,52449380-c90f-42d5-8437-27e18b15ad7f,D,MCP1378004D,Shoulder/Lap Belt(s),F,eaaf48a7-fb02-405d-987d-5ed5f8901820,Same Movement Angle,N,Intersection,Left Turn Lane,Daylight,No Defects,"Two-way, Divided, Unprotected (painted >4 feet) Median",Dry,Cloudy,Ten o'clock,Van,Disabling,N,Accelerating,2015-02-09 13:34,41,39.148425,-77.146565
N,Apparently Normal,No Misuse,N,Possible Incapacitating Injury,d6dc861f-e457-451a-a068-247e0c0048a6,D,MCP1378004D,Shoulder/Lap Belt(s),M,40a0054f-bbc2-40e5-8e3c-e68084838dc7,Same Movement Angle,N,Intersection,Left Turn Lane,Daylight,No Defects,"Two-way, Divided, Unprotected (painted >4 feet) Median",Dry,Cloudy,Twelve o'clock,Passenger Car,Disabling,N,Slowing or Stopping,2015-02-09 13:34,32,39.148425,-77.146565
N,Apparently Normal,No Misuse,N,Possible Incapacitating Injury,9a8d79d2-9bc7-4cae-aaa1-452eb0e6d45b,D,MCP1417002C,Shoulder/Lap Belt(s),F,c720b344-2e02-40ed-a994-08fca5af9458,Head On Left Turn,N,Intersection,Left Turn Lane,Daylight,No Defects,"Two-way, Divided, Positive Median Barrier",Dry,Clear,Twelve o'clock,Passenger Car,Disabling,N,Moving Constant Speed,2015-01-09 10:38,50,39.15288333,-77.208785
N,Apparently Normal,No Misuse,Y,Possible Incapacitating Injury,461a38d0-bf84-4d97-87e5-9a34fd47bce1,D,MCP1417002C,Shoulder/Lap Belt(s),F,4aacda1d-69a2-4ea7-b783-bd2a5f330fcd,Head On Left Turn,N,Intersection,Left Turn Lane,Daylight,No Defects,"Two-way, Divided, Positive Median Barrier",Dry,Clear,Two o'clock,Passenger Car,Disabling,N,Making Left Turn,2015-01-09 10:38,73,39.15288333,-77.208785
N,Apparently Normal,No Misuse,Y,Possible Incapacitating Injury,5a74253c-bdee-4b61-932b-be888c8f5cf7,D,MCP1417002H,Shoulder/Lap Belt(s),F,a0a313ae-e0c8-4001-a234-a2d618e3b34b,Same Movement Angle,N,Intersection,Right Turn Lane,Daylight,No Defects,"Two-way, Divided, Positive Median Barrier",Dry,Clear,Nine o'clock,Van,Disabling,N,Moving Constant Speed,2015-02-03 9:46,36,39.17205167,-77.15246167
N,Apparently Normal,No Misuse,N,No Injury,dc646a84-f66d-4dd8-80f1-eb2c7548b5f3,D,MCP1417002H,Shoulder/Lap Belt(s),M,d3025784-abee-43c0-aaf0-d6b7037ab654,Same Movement Angle,N,Intersection,Right Turn Lane,Daylight,No Defects,"Two-way, Divided, Positive Median Barrier",Dry,Clear,Twelve o'clock,Van,Disabling,N,Moving Constant Speed,2015-02-03 9:46,76,39.17205167,-77.15246167
N,Apparently Normal,No Misuse,N,Possible Incapacitating Injury,08c5aa9b-3b29-45a8-aa6d-7dc233d3d928,D,MCP1417002M,Shoulder/Lap Belt(s),F,5b5c8eda-9486-4f76-90df-cb3e7dace417,Same Direction Rear End,N,Non Intersection,Right Turn Lane,Daylight,No Defects,"Two-way, Divided, Unprotected (painted >4 feet) Median",Dry,Clear,Twelve o'clock,Passenger Car,Disabling,N,Moving Constant Speed,2015-02-12 9:11,29,39.16152899,-77.1586132