CDL_FLAG,CONDITION_CODE,EQUIP_PROB_CODE,FAULT_FLAG,INJ_SEVER_CODE,PERSON_ID,PERSON_TYPE,REPORT_NO,SAF_EQUIP_CODE,SEX_CODE,VEHICLE_ID,COLLISION_TYPE_CODE,C_M_ZONE_FLAG,JUNCTION_CODE,LANE_CODE,LIGHT_CODE,RD_COND_CODE,RD_DIV_CODE,SURF_COND_CODE,WEATHER_CODE,AREA_DAMAGED_CODE_MAIN,BODY_TYPE_CODE,DAMAGE_CODE,HIT_AND_RUN_FLAG,MOVEMENT_CODE,TIME,AGE,LATITUDE,LONGITUDE
N,Apparently Normal,No Misuse,Y,Possible Incapacitating Injury,14860bf2-1797-4517-ac00-28678a0553cb,D,MSP32580002,Shoulder/Lap Belt(s),F,f738a198-3489-4409-ad89-62106530d335,Same Direction Rear End,N,Non Intersection,Right Turn Lane,Daylight,No Defects,"Two-way, Not Divided",Dry,Foggy,Twelve o'clock,Passenger Car,Disabling,N,Moving Constant Speed,2015-01-16 7:53,34,38.29257229,-75.64155579
N,Apparently Normal,No Misuse,N,No Injury,1d68e4ce-0e77-420c-b982-3eb5bb46f40c,D,MSP32580002,Shoulder/Lap Belt(s),M,3673ec87-7560-46ee-8376-78e44d6b13c0,Same Direction Rear End,N,Non Intersection,Right Turn Lane,Daylight,No Defects,"Two-way, Not Divided",Dry,Foggy,Six o'clock,Passenger Car,Functional,N,Slowing or Stopping,2015-01-16 7:53,40,38.29257229,-75.64155579
N,Apparently Normal,No Misuse,Y,Possible Incapacitating Injury,823cc06f-f9ed-43ef-ad64-bdba13baa03e,D,MSP4151000F,Shoulder/Lap Belt(s),F,ebe8c99c-c36d-497f-96a8-534f7e5b3958,Single Vehicle ,N,Non Intersection,Right Turn Lane,Daylight,No Defects,"Two-way, Divided, Positive Median Barrier",Snow,Snow,Five o'clock,(Sport) Utility Vehicle,Functional,N,Moving Constant Speed,2015-01-14 11:45,67,39.5844285,-77.82647433
N,Apparently Normal,No Misuse,Y,Possible Incapacitating Injury,be91490c-1491-4c71-bb09-eb6d72d3613f,D,MSP4641004J,Shoulder/Lap Belt(s),F,1ea1f667-500b-4d49-a941-0f6152cef949,Single Vehicle ,N,Non Intersection,Left Turn Lane,Daylight,No Defects,One-way Trafficway,Snow,Snow,Twelve o'clock,Passenger Car,Superficial,N,Moving Constant Speed,2015-01-06 14:00,27,39.35047167,-76.49674983
N,Apparently Normal,No Misuse,Y,Possible Incapacitating Injury,ae82c41c-c856-4aab-a547-875fa26f256b,D,MSP47210018,Shoulder/Lap Belt(s),F,1d585b59-0d8b-4cc3-8393-a6f3151322f6,Single Vehicle ,N,Non Intersection,Right Turn Lane,Daylight,No Defects,"Two-way, Not Divided",Snow,Snow,One o'clock,Passenger Car,Disabling,N,Moving Constant Speed,2015-01-06 9:07,22,39.64267733,-77.66650917
N,Apparently Normal,No Misuse,Y,Possible Incapacitating Injury,406a9084-80f4-4900-8788-3447fd8f4459,D,MSP4794000J,Shoulder/Lap Belt(s),F,4d95183b-5cf9-457c-84ef-093db13aa034,Single Vehicle ,N,Non Intersection,Right Turn Lane,Daylight,No Defects,"Two-way, Not Divided",Wet,Raining,Nine o'clock,Passenger Car,Disabling,N,Moving Constant Speed,2015-03-20 16:15,74,38.04040883,-75.74020583
N,Apparently Normal,No Misuse,N,No Injury,f7512859-d149-4171-a4d2-a772ea020d55,D,MSP4833001R,Shoulder/Lap Belt(s),M,f1f964eb-9285-48ad-b972-b86a6e11523d,Same Direction Rear End,N,Non Intersection,Deceleration Lane,Dark No Lights,No Defects,"Two-way, Divided, Positive Median Barrier",Dry,Clear,Seven o'clock,Passenger Car,Disabling,N,Slowing or Stopping,2015-01-15 19:10,57,39.16014738,-76.82364143
N,Apparently Normal,No Misuse,N,Possible Incapacitating Injury,9e16ceb1-a7c9-428e-bc3e-d1da664d2444,D,MSP49250018,Shoulder/Lap Belt(s),F,f8f9663a-016a-4f11-9b5e-286289f8dd20,Same Movement Angle,N,Intersection,Left Turn Lane,Daylight,No Defects,One-way Trafficway,Dry,Clear,Twelve o'clock,Passenger Car,Destroyed,N,Moving Constant Speed,2015-01-17 10:13,29,38.3848785,-75.431451
N,Apparently Normal,No Misuse,Y,Possible Incapacitating Injury,f36655c6-4f42-4fad-a214-e2347580bf5c,D,MSP4925001F,Shoulder/Lap Belt(s),F,f653ce47-7600-483c-90a3-e7e5e40e4d54,Single Vehicle ,N,Non Intersection,Right Turn Lane,Daylight,No Defects,"Two-way, Divided, Positive Median Barrier",Dry,Clear,Twelve o'clock,Passenger Car,Disabling,N,Moving Constant Speed,2015-03-08 14:03,28,38.38439127,-75.36464453
N,Apparently Normal,No Misuse,N,Possible Incapacitating Injury,d5761688-128b-4132-8b63-553d547abbab,D,MSP4941000M,Shoulder/Lap Belt(s),F,1d36db8c-77f9-4c3f-a638-aa7e2946c731,Same Direction Rear End,N,Non Intersection,Right Turn Lane,Daylight,No Defects,"Two-way, Divided, Positive Median Barrier",Dry,Clear,Six o'clock,Recreational Vehicle,No Damage,N,Slowing or Stopping,2015-01-23 9:41,39,39.3056855,-77.3420035
N,Apparently Normal,No Misuse,Y,Possible Incapacitating Injury,507fc0a4-e365-4085-bf4e-a22cd23947c0,D,MSP4941000P,Shoulder/Lap Belt(s),F,39b0d571-6fb0-4036-bcb2-6138e7b8ff58,Single Vehicle ,N,Non Intersection,Right Turn Lane,Daylight,No Defects,"Two-way, Not Divided",Ice,Clear,Roof Top,Passenger Car,Destroyed,N,Skidding,2015-02-19 7:48,20,39.34680917,-77.27073317
N,Apparently Normal,No Misuse,Y,Possible Incapacitating Injury,bde8cad8-4de0-414f-a5d5-75e79dcb2fd3,D,MSP4941000Q,Shoulder/Lap Belt(s),F,52f69929-10f1-46e5-8224-6c3b269d724f,Single Vehicle ,N,Non Intersection,Right Turn Lane,Daylight,No Defects,"Two-way, Not Divided",Snow,Blowing Snow,One o'clock,Passenger Car,Disabling,N,Skidding,2015-02-19 10:39,38,39.458754,-77.533808
N,Apparently Normal,No Misuse,N,Possible Incapacitating Injury,c3576a04-ee21-4535-a1f6-0ad7078fad38,D,MSP49760018,Shoulder/Lap Belt(s),F,3d48db9a-469e-43ef-9fc4-72ec4a556318,Same Direction Rear End,N,Intersection,Right Turn Lane,Daylight,No Defects,"Two-way, Not Divided",Dry,Clear,Six o'clock,Pickup Truck,Destroyed,N,Slowing or Stopping,2015-02-17 14:58,67,39.69645683,-75.9786105
N,Apparently Normal,No Misuse,Y,No Injury,15339d81-9844-4d35-9c9c-41f2f69f4ddb,D,MSP49760018,Shoulder/Lap Belt(s),M,39ed3191-c57b-411b-ad7b-73c39f54dba4,Same Direction Rear End,N,Intersection,Right Turn Lane,Daylight,No Defects,"Two-way, Not Divided",Dry,Clear,Twelve o'clock,Truck Tractor,Disabling,N,Moving Constant Speed,2015-02-17 14:58,32,39.69645683,-75.9786105
N,Apparently Normal,No Misuse,Y,Possible Incapacitating Injury,94723fb7-ad19-47bf-967a-34610fe8ecd2,D,MSP4976001B,Shoulder/Lap Belt(s),F,55b286f6-5e09-448b-98be-0b756318525d,Same Movement Angle,N,Intersection,Right Turn Lane,Daylight,No Defects,"Two-way, Not Divided",Wet,Clear,Twelve o'clock,Pickup Truck,Disabling,Y,Moving Constant Speed,2015-03-06 8:45,58,39.702892,-75.97906333
N,Apparently Normal,No Misuse,N,No Injury,2a3c6c0e-7c21-4524-b0c2-9f4231cbeee8,D,MSP4976001B,Shoulder/Lap Belt(s),M,afc8fd3f-0fb7-4f44-a4b9-5bdc2f05376f,Same Movement Angle,N,Intersection,Right Turn Lane,Daylight,No Defects,"Two-way, Not Divided",Wet,Clear,Eleven o'clock,Pickup Truck,Disabling,N,Moving Constant Speed,2015-03-06 8:45,26,39.702892,-75.97906333
N,Apparently Normal,No Misuse,Y,Possible Incapacitating Injury,ad2562be-cf2a-4433-9c64-92cdc4281e72,D,MSP4979000K,Shoulder/Lap Belt(s),F,8cf41099-5aa0-4844-a377-5fcac492f66e,Single Vehicle ,N,Non Intersection,Right Turn Lane,Daylight,No Defects,"Two-way, Not Divided",Ice,Clear,One o'clock,Pickup Truck,Destroyed,N,Moving Constant Speed,2015-02-24 8:56,51,39.316072,-77.640316
N,Apparently Normal,No Misuse,Y,Possible Incapacitating Injury,51b71a04-20e8-452f-b05d-93d5cb3a8bd5,D,MSP4994000V,Shoulder/Lap Belt(s),F,43721be6-9d2e-40fb-8e89-a6414e17f6e9,Single Vehicle ,N,Non Intersection,Left Turn Lane,Daylight,No Defects,"Two-way, Divided, Positive Median Barrier",Dry,Clear,Twelve o'clock,Passenger Car,Destroyed,N,Moving Constant Speed,2015-02-14 10:45,53,39.64064402,-78.79868852
N,Apparently Normal,No Misuse,N,Possible Incapacitating Injury,aea11652-4f98-494e-aa38-01e603347273,D,MSP49990016,Shoulder/Lap Belt(s),F,bc6a469d-babc-478a-b0f1-8b9e7be0dda8,Single Vehicle ,N,Non Intersection,Right Turn Lane,Daylight,No Defects,"Two-way, Divided, Positive Median Barrier",Ice,Sleet,Twelve o'clock,Passenger Car,Destroyed,N,Skidding,2015-01-12 9:43,57,39.609702,-75.89353933
N,Apparently Normal,No Misuse,N,Possible Incapacitating Injury,a90a283b-1565-45ad-9534-3222ae3f9b75,D,MSP5090003L,MC/Bike Helmet and Eye Protection,F,1a320ae0-3e08-4feb-9137-57efbe4f35dc,Single Vehicle ,N,Non Intersection,Right Turn Lane,Daylight,No Defects,"Two-way, Not Divided",Dry,Clear,Ten o'clock,Motorcycle,Superficial,N,Moving Constant Speed,2015-03-21 14:45,48,39.51111683,-77.55366517
N,Apparently Normal,No Misuse,Y,Possible Incapacitating Injury,042ad92d-791c-479b-ab8f-576bcb767d83,D,MSP51630026,Shoulder/Lap Belt(s),F,87626cda-c618-4b70-a4a1-3bfd9ddd4766,Same Direction Sideswipe,N,Non Intersection,Left Turn Lane,Daylight,No Defects,"Two-way, Divided, Positive Median Barrier",Wet,Snow,Twelve o'clock,Passenger Car,Disabling,N,Moving Constant Speed,2015-03-05 9:28,31,39.22516217,-76.71752633
N,Apparently Normal,No Misuse,N,No Injury,2ed3e8be-d7c0-4ce2-96d7-edbd68ad5ea4,D,MSP51630026,Shoulder/Lap Belt(s),M,66a10236-7b3d-4871-9ee1-cab2da266b3b,Same Direction Sideswipe,N,Non Intersection,Left Turn Lane,Daylight,No Defects,"Two-way, Divided, Positive Median Barrier",Wet,Snow,Twelve o'clock,(Sport) Utility Vehicle,Superficial,N,Moving Constant Speed,2015-03-05 9:28,56,39.22516217,-76.71752633
N,Apparently Normal,No Misuse,N,Possible Incapacitating Injury,57f70aa1-c392-4448-a6ea-6d6c04ddb5f7,D,MSP52410004,Shoulder/Lap Belt(s),F,c36396ce-1eb3-496d-9713-66950a94ea69,Single Vehicle ,N,Non Intersection,Right Turn Lane,Daylight,No Defects,"Two-way, Not Divided",Ice,Sleet,Twelve o'clock,(Sport) Utility Vehicle,Disabling,N,Moving Constant Speed,2015-03-01 10:54,56,38.20267917,-75.67080667
N,Apparently Normal,No Misuse,N,Possible Incapacitating Injury,b23b3e74-eaf7-4de1-bf7b-aa8ae075a7e5,D,MSP5314000Y,Shoulder/Lap Belt(s),F,0d98a136-7b90-4c9b-be1a-6e9a31de2f2d,Same Direction Rear End,N,Intersection,Right Turn Lane,Daylight,No Defects,"Two-way, Not Divided",Dry,Clear,Six o'clock,Passenger Car,Destroyed,N,Stopped in Traffic Lane,2015-02-14 11:00,57,39.71385549,-76.04701996
N,Apparently Normal,No Misuse,N,Possible Incapacitating Injury,e0ec9dd7-dac8-45ad-86db-121b80c87ddd,D,MSP5314000Y,Shoulder/Lap Belt(s),F,393ca8ff-1c3d-4068-80e3-46350e1d2c0e,Same Direction Rear End,N,Intersection,Right Turn Lane,Daylight,No Defects,"Two-way, Not Divided",Dry,Clear,Six o'clock,(Sport) Utility Vehicle,Disabling,N,Stopped in Traffic Lane,2015-02-14 11:00,37,39.71385549,-76.04701996
N,Apparently Normal,No Misuse,Y,No Injury,553c5f03-07ea-4ad6-8d66-425f7399d495,D,MSP5314000Y,Shoulder/Lap Belt(s),M,56bebb55-ac2f-4cfc-b3f7-a909fe5b875d,Same Direction Rear End,N,Intersection,Right Turn Lane,Daylight,No Defects,"Two-way, Not Divided",Dry,Clear,Twelve o'clock,Pickup Truck,Disabling,N,Moving Constant Speed,2015-02-14 11:00,21,39.71385549,-76.04701996
N,Apparently Normal,No Misuse,Y,Possible Incapacitating Injury,0381d11f-ec7a-4b8d-a742-4826fbd5657e,D,MSP53330069,Shoulder/Lap Belt(s),F,d2274031-f406-4667-bb3b-b5bf2f455105,Same Direction Rear End,N,Non Intersection,Right Turn Lane,Daylight,No Defects,"Two-way, Divided, Positive Median Barrier",Dry,Clear,Twelve o'clock,(Sport) Utility Vehicle,Disabling,N,Moving Constant Speed,2015-01-16 7:57,41,39.26603517,-76.71288033
N,Apparently Normal,No Misuse,Y,Possible Incapacitating Injury,23af65be-92e6-4bf5-80e3-b1835d78b8dc,D,MSP53330069,Shoulder/Lap Belt(s),F,5a76609c-35da-4e46-a036-908df9be099f,Same Direction Rear End,N,Non Intersection,Right Turn Lane,Daylight,No Defects,"Two-way, Divided, Positive Median Barrier",Dry,Clear,Twelve o'clock,Van,Disabling,N,Moving Constant Speed,2015-01-16 7:57,41,39.26603517,-76.71288033
N,Apparently Normal,No Misuse,N,No Injury,675d0227-020a-4f7b-81b0-234a1a36fd5d,D,MSP53330069,Shoulder/Lap Belt(s),M,2b7c2d6e-582a-4cd1-b043-f348d6a5c83b,Same Direction Rear End,N,Non Intersection,Right Turn Lane,Daylight,No Defects,"Two-way, Divided, Positive Median Barrier",Dry,Clear,Six o'clock,Van,Functional,N,Starting From Lane,2015-01-16 7:57,56,39.26603517,-76.71288033
N,Apparently Normal,No Misuse,N,Possible Incapacitating Injury,9eaa6e91-3de4-4b86-a97c-10b9526779a4,D,MSP53970030,Shoulder/Lap Belt(s),F,3b5e976e-9b4e-424d-b430-2dea88a834ef,Same Direction Sideswipe,N,Non Intersection,Left Turn Lane,Daylight,No Defects,"Two-way, Divided, Positive Median Barrier",Dry,Clear,Seven o'clock,Passenger Car,Disabling,N,Moving Constant Speed,2015-01-11 10:22,46,39.210359,-76.682555
N,Apparently Normal,No Misuse,Y,No Injury,54288b65-a6a7-44df-a2d3-d84bce54cfe3,D,MSP53970030,Shoulder Belt Only,M,76d9dfd7-8b65-45fd-a42a-4ad8187ea0ff,Same Direction Sideswipe,N,Non Intersection,Left Turn Lane,Daylight,No Defects,"Two-way, Divided, Positive Median Barrier",Dry,Clear,One o'clock,Passenger Car,Functional,N,Moving Constant Speed,2015-01-11 10:22,26,39.210359,-76.682555
N,Apparently Normal,No Misuse,N,Possible Incapacitating Injury,6444bab7-88ea-49ca-a8d0-3a491d0fb2a6,D,MSP53970034,Shoulder/Lap Belt(s),F,76caf1e2-5d95-411c-a181-ef58eae4851b,Same Direction Rear End,N,Non Intersection,Acceleration Lane,Daylight,No Defects,"Two-way, Divided, Positive Median Barrier",Dry,Clear,Six o'clock,(Sport) Utility Vehicle,Superficial,N,Slowing or Stopping,2015-01-19 15:38,58,39.209057,-76.647323
N,Apparently Normal,No Misuse,Y,No Injury,3b8199a1-78ff-4a7e-9155-772d26c35e2b,D,MSP53970034,Shoulder/Lap Belt(s),M,6e6d5804-cdb6-42fb-9244-4a275c2a1a91,Same Direction Rear End,N,Non Intersection,Acceleration Lane,Daylight,No Defects,"Two-way, Divided, Positive Median Barrier",Dry,Clear,Twelve o'clock,Passenger Car,Functional,N,Slowing or Stopping,2015-01-19 15:38,46,39.209057,-76.647323
N,Apparently Normal,No Misuse,N,Possible Incapacitating Injury,243bedef-5a97-428b-9f8a-aae175a2841e,D,MSP5397003D,Shoulder/Lap Belt(s),F,6e3e4d27-08ea-4997-9e61-892e7b279e3d,Same Direction Sideswipe,N,Non Intersection,Left Turn Lane,Dark Lights On,No Defects,"Two-way, Divided, Positive Median Barrier",Snow,Snow,Twelve o'clock,Passenger Car,Functional,N,Moving Constant Speed,2015-02-16 21:16,33,39.244906,-76.647953
N,Apparently Normal,No Misuse,Y,Possible Incapacitating Injury,2718969e-a4bf-4478-92c7-5f3bdc60d5b3,D,MSP54210001,Shoulder/Lap Belt(s),F,4c5551f4-d1a4-433b-b95e-6d2821f06822,Single Vehicle ,N,Non Intersection,Left Turn Lane,Daylight,No Defects,"Two-way, Divided, Positive Median Barrier",Wet,Snow,Twelve o'clock,Passenger Car,Functional,N,Moving Constant Speed,2015-03-05 15:00,25,39.71167663,-78.2837677
N,Apparently Normal,No Misuse,Y,Possible Incapacitating Injury,c90b3a4c-0b7e-4b13-83f8-ba20d4919616,D,MSP5516002J,Shoulder/Lap Belt(s),F,2bcad8a9-8424-4bf2-bf4f-78483c10c85d,Single Vehicle ,N,Non Intersection,Right Turn Lane,Dawn,No Defects,"Two-way, Divided, Positive Median Barrier",Ice,Wintry Mix,Twelve o'clock,Passenger Car,Disabling,N,Skidding,2015-01-12 7:44,41,39.50991833,-77.59251017
N,Apparently Normal,No Misuse,N,Possible Incapacitating Injury,ca8628b8-e582-4166-a62b-e7302a060d4a,D,MSP5688000T,Shoulder/Lap Belt(s),F,d449f9d0-36f0-41d9-8bf8-12c5b9a4353f,Same Direction Rear End,N,Non Intersection,Right Turn Lane,Dawn,No Defects,"Two-way, Divided, Positive Median Barrier",Wet,Raining,Twelve o'clock,(Sport) Utility Vehicle,Disabling,N,Slowing or Stopping,2015-01-12 6:45,47,38.29399233,-76.49965683
N,Apparently Normal,No Misuse,Y,No Injury,649ca3df-f93a-4893-bf0b-bc64f892b749,D,MSP5688000T,Shoulder/Lap Belt(s),M,22f6f319-2a6e-4a53-b53e-8e525abaafa5,Same Direction Rear End,N,Non Intersection,Right Turn Lane,Dawn,No Defects,"Two-way, Divided, Positive Median Barrier",Wet,Raining,Twelve o'clock,(Sport) Utility Vehicle,Disabling,N,Slowing or Stopping,2015-01-12 6:45,34,38.29399233,-76.49965683
N,Apparently Normal,No Misuse,N,Possible Incapacitating Injury,fafc1221-a91f-4ed8-a694-b9fa1cc35229,D,MSP5800002W,Shoulder/Lap Belt(s),F,42399c03-ecc8-4f8c-b957-34a3ee9e2cf2,Same Direction Sideswipe,N,Non Intersection,Acceleration Lane,Daylight,No Defects,"Two-way, Divided, Positive Median Barrier",Dry,Clear,Twelve o'clock,Passenger Car,Disabling,N,Moving Constant Speed,2015-03-30 13:20,30,39.01599417,-77.117405
N,Apparently Normal,No Misuse,Y,No Injury,4a9007a8-1f0a-45d0-9f39-425f57883b12,D,MSP5800002W,Shoulder/Lap Belt(s),M,4e68799a-0263-456a-bced-34a04cc4d9ad,Same Direction Sideswipe,N,Non Intersection,Acceleration Lane,Daylight,No Defects,"Two-way, Divided, Positive Median Barrier",Dry,Clear,Two o'clock,(Sport) Utility Vehicle,Disabling,N,Changing Lanes,2015-03-30 13:20,20,39.01599417,-77.117405
N,Apparently Normal,No Misuse,Y,Possible Incapacitating Injury,2c5f404d-0ec7-4c1c-a963-87d1d396eada,D,MSP5803003F,Shoulder/Lap Belt(s),F,870353ef-e005-41af-bb1e-1f34f31ad68b,Single Vehicle ,N,Non Intersection,Acceleration Lane,Dark Lights On,No Defects,"Two-way, Divided, Positive Median Barrier",Wet,Raining,Twelve o'clock,Passenger Car,Disabling,N,Moving Constant Speed,2015-01-03 18:41,58,39.011369,-77.0915
N,Apparently Normal,No Misuse,N,Possible Incapacitating Injury,50944583-136d-41ef-9592-175d0898c8e8,D,MSP5803003J,Shoulder/Lap Belt(s),F,bb9e34db-e01f-4f9f-b239-56c107a4dc37,Same Direction Rear End,N,Non Intersection,Acceleration Lane,Daylight,No Defects,"Two-way, Divided, Positive Median Barrier",Dry,Clear,Six o'clock,Passenger Car,Disabling,N,Moving Constant Speed,2015-02-10 12:50,62,39.01781,-77.07159
N,Apparently Normal,No Misuse,N,No Injury,f99c176b-5bf5-46e9-a510-289e5a76041c,D,MSP5803003J,Shoulder/Lap Belt(s),M,0a8403ff-9841-4cf0-b9f3-fde2aacdefa1,Same Direction Rear End,N,Non Intersection,Acceleration Lane,Daylight,No Defects,"Two-way, Divided, Positive Median Barrier",Dry,Clear,Two o'clock,Van,Functional,N,Moving Constant Speed,2015-02-10 12:50,47,39.01781,-77.07159
N,Apparently Normal,No Misuse,Y,Possible Incapacitating Injury,b1b6517a-671e-486b-90c2-5d634b68a6d4,D,MSP5803003J,Shoulder/Lap Belt(s),M,8a4ed9df-f4dd-44e1-adc1-5edaf63656a3,Same Direction Rear End,N,Non Intersection,Acceleration Lane,Daylight,No Defects,"Two-way, Divided, Positive Median Barrier",Dry,Clear,Twelve o'clock,Passenger Car,Disabling,N,Moving Constant Speed,2015-02-10 12:50,63,39.01781,-77.07159
N,Apparently Normal,No Misuse,N,Possible Incapacitating Injury,61175053-553d-4cf9-9af9-913bc60b162c,D,MSP5829002D,Shoulder/Lap Belt(s),F,64fb5c1a-5a0d-4508-9133-512787067be7,Same Direction Rear End,N,Non Intersection,Right Turn Lane,Daylight,No Defects,"Two-way, Divided, Positive Median Barrier",Dry,Clear,Six o'clock,Passenger Car,Disabling,N,Slowing or Stopping,2015-01-08 15:38,21,38.54641378,-76.79768132
N,Apparently Normal,No Misuse,Y,No Injury,a5cd4df8-6d6f-4c77-95f1-43f513cbe04d,D,MSP5829002D,Shoulder/Lap Belt(s),M,9de0abcc-b713-41d5-bf58-c87bfef4a9a8,Same Direction Rear End,N,Non Intersection,Right Turn Lane,Daylight,No Defects,"Two-way, Divided, Positive Median Barrier",Dry,Clear,Twelve o'clock,(Sport) Utility Vehicle,Destroyed,N,Moving Constant Speed,2015-01-08 15:38,38,38.54641378,-76.79768132
N,Apparently Normal,No Misuse,Y,Possible Incapacitating Injury,b3b1d33e-6327-4a58-acea-d267ac763de6,D,MSP58350028,Shoulder/Lap Belt(s),F,4c6f337b-35c3-424c-9a9e-91fa1259efa9,Same Direction Rear End,N,Non Intersection,Deceleration Lane,Dark - Unknown Lighting,No Defects,"Two-way, Divided, Positive Median Barrier",Wet,Raining,Six o'clock,Passenger Car,Functional,N,Changing Lanes,2015-03-13 23:35,60,38.98946933,-76.52629852
N,Apparently Normal,No Misuse,N,Possible Incapacitating Injury,4284df4c-d83f-4dc3-92bf-8256886dfdaf,D,MSP5857000K,Shoulder/Lap Belt(s),F,7cc4418a-cb3c-4ce6-9fc1-a09aa89c3730,Same Direction Rear End,N,Non Intersection,Right Turn Lane,Dark No Lights,No Defects,"Two-way, Not Divided",Wet,Clear,Six o'clock,Passenger Car,Functional,N,Making Left Turn,2015-01-15 20:29,57,38.3652982,-76.4349854
N,Apparently Normal,No Misuse,Y,No Injury,b68d487a-9cbc-4e1b-810e-8544f2b0cd54,D,MSP5857000K,Shoulder/Lap Belt(s),M,1a702808-99f2-425d-a405-018897e20dd4,Same Direction Rear End,N,Non Intersection,Right Turn Lane,Dark No Lights,No Defects,"Two-way, Not Divided",Wet,Clear,Twelve o'clock,Passenger Car,Superficial,N,Moving Constant Speed,2015-01-15 20:29,59,38.3652982,-76.4349854
N,Apparently Normal,No Misuse,Y,Possible Incapacitating Injury,656233bf-5d5a-4d44-8a73-2998a251ef52,D,MSP5862002C,Shoulder/Lap Belt(s),F,c020f8f3-aaa9-4d26-bb92-b5a900ea593e,Same Direction Rear End,N,Non Intersection,Right Turn Lane,Daylight,No Defects,"Two-way, Divided, Positive Median Barrier",Dry,Clear,Twelve o'clock,Passenger Car,Superficial,N,Accelerating,2015-02-27 9:26,21,38.55512067,-76.84087817
N,Apparently Normal,No Misuse,Y,Possible Incapacitating Injury,a6365df7-dad2-4475-8bfd-fcedbfed7854,D,MSP5953002X,Shoulder/Lap Belt(s),F,ca54a0a5-d548-4c75-9b82-83e23bd0e5d5,Single Vehicle ,N,Non Intersection,Right Turn Lane,Daylight,No Defects,"Two-way, Not Divided",Dry,Clear,Twelve o'clock,Pickup Truck,Disabling,N,Moving Constant Speed,2015-01-23 8:01,39,39.643808,-77.594592
N,Apparently Normal,No Misuse,Y,Possible Incapacitating Injury,05845842-9a45-4022-8c02-5f8d2f97b77e,D,MSP5953002Y,Shoulder/Lap Belt(s),F,03921eff-42da-43a7-b5b2-09ee8ed599f1,Single Vehicle ,N,Non Intersection,Right Turn Lane,Daylight,No Defects,"Two-way, Not Divided",Wet,Clear,Roof Top,(Sport) Utility Vehicle,Destroyed,N,Moving Constant Speed,2015-01-24 11:17,18,39.502423,-77.748702
N,Apparently Normal,No Misuse,N,Possible Incapacitating Injury,c6716b89-40f9-4def-9e4b-82f3a3cbc6a4,D,MSP5953002Z,Shoulder/Lap Belt(s),F,5795446c-a40a-4065-b06a-fecfbb967a6e,Same Direction Rear End,N,Non Intersection,Right Turn Lane,Dark Lights On,No Defects,"Two-way, Not Divided",Dry,Clear,Six o'clock,Passenger Car,Disabling,N,Slowing or Stopping,2015-02-02 18:20,32,39.642715,-77.588167
N,Apparently Normal,No Misuse,Y,No Injury,aeea91ec-7f6c-4f2d-97ec-91120ee05b53,D,MSP5953002Z,Shoulder/Lap Belt(s),M,96f1db2e-2320-48f5-af3f-9e0448c6f3ac,Same Direction Rear End,N,Non Intersection,Right Turn Lane,Dark Lights On,No Defects,"Two-way, Not Divided",Dry,Clear,Twelve o'clock,Pickup Truck,Disabling,N,Moving Constant Speed,2015-02-02 18:20,38,39.642715,-77.588167
N,Apparently Normal,No Misuse,Y,Possible Incapacitating Injury,9a4974ff-9f49-40a0-a84d-e314274d2580,D,MSP59530033,Shoulder/Lap Belt(s),F,653f0588-cff4-4e5b-a18f-12301abb64a0,Single Vehicle ,N,Non Intersection,Right Turn Lane,Dark Lights On,No Defects,"Two-way, Not Divided",Snow,Clear,Twelve o'clock,Passenger Car,Disabling,N,Moving Constant Speed,2015-03-05 23:54,30,39.642991,-77.623561
N,Apparently Normal,No Misuse,Y,Possible Incapacitating Injury,05478818-fedb-48f3-9485-83c866dfd817,D,MSP59570040,Shoulder/Lap Belt(s),F,03e43179-db3d-4034-9b19-f5597d2c026e,Single Vehicle ,N,Non Intersection,Shoulder Area,Dawn,No Defects,"Two-way, Divided, Positive Median Barrier",Wet,Cloudy,Twelve o'clock,Passenger Car,Disabling,N,Moving Constant Speed,2015-01-19 7:28,44,38.995205,-76.889041
N,Apparently Normal,No Misuse,N,Possible Incapacitating Injury,676266cd-26d1-492b-af00-99d1ef131289,D,MSP60330094,Shoulder/Lap Belt(s),F,f39525e7-003f-4b22-acd5-6dcb2f4c7fdd,Same Direction Rear End,N,Non Intersection,Right Turn Lane,Daylight,No Defects,"Two-way, Not Divided",Wet,Raining,Six o'clock,(Sport) Utility Vehicle,Disabling,N,Stopped in Traffic Lane,2015-03-10 16:22,34,39.66774083,-76.41715867
N,Apparently Normal,No Misuse,N,No Injury,4457b402-b8ab-4283-bb7d-f1d369df5766,D,MSP60330094,Shoulder/Lap Belt(s),M,8e533245-52bf-49d7-980c-ea9b4d0b4787,Same Direction Rear End,N,Non Intersection,Right Turn Lane,Daylight,No Defects,"Two-way, Not Divided",Wet,Raining,Six o'clock,Pickup Truck,Functional,N,Stopped in Traffic Lane,2015-03-10 16:22,23,39.66774083,-76.41715867
N,Apparently Normal,No Misuse,Y,No Injury,b72c8a11-4db5-4b88-a746-af11ce3b889a,D,MSP60330094,Shoulder/Lap Belt(s),M,367b2762-e93f-4bac-9e15-ff9a3657f2f2,Same Direction Rear End,N,Non Intersection,Right Turn Lane,Daylight,No Defects,"Two-way, Not Divided",Wet,Raining,Twelve o'clock,Pickup Truck,Disabling,N,Slowing or Stopping,2015-03-10 16:22,59,39.66774083,-76.41715867