CDL_FLAG,CONDITION_CODE,EQUIP_PROB_CODE,FAULT_FLAG,INJ_SEVER_CODE,PERSON_ID,PERSON_TYPE,REPORT_NO,SAF_EQUIP_CODE,SEX_CODE,VEHICLE_ID,COLLISION_TYPE_CODE,C_M_ZONE_FLAG,JUNCTION_CODE,LANE_CODE,LIGHT_CODE,RD_COND_CODE,RD_DIV_CODE,SURF_COND_CODE,WEATHER_CODE,AREA_DAMAGED_CODE_MAIN,BODY_TYPE_CODE,DAMAGE_CODE,HIT_AND_RUN_FLAG,MOVEMENT_CODE,TIME,AGE,LATITUDE,LONGITUDE
Y,Apparently Normal,No Misuse,N,No Injury,98e6b806-9a41-4d76-b80c-0f21bbaa5aa1,D,ZR02490004,Shoulder/Lap Belt(s),M,d46558e1-db6e-4d37-98d2-480b5e844a4a,Same Direction Right Turn,N,Non Intersection,Left Turn Lane,Dusk,No Defects,"Two-way, Not Divided",Dry,Clear,One o'clock,Truck Tractor,Disabling,N,Slowing or Stopping,2015-02-04 18:25,46,38.29926636,-76.64060354
N,Apparently Normal,No Misuse,Y,No Injury,4fac71a1-435a-4b12-ad2d-40c6476ea1dd,D,ZR02490004,Shoulder/Lap Belt(s),M,8de88581-44c6-4908-8084-81630e119996,Same Direction Right Turn,N,Non Intersection,Left Turn Lane,Dusk,No Defects,"Two-way, Not Divided",Dry,Clear,Three o'clock,(Sport) Utility Vehicle,Superficial,N,Changing Lanes,2015-02-04 18:25,18,38.29926636,-76.64060354
N,Apparently Normal,No Misuse,N,Possible Incapacitating Injury,ce14b8c4-cb65-4a9c-a204-8978c2ddbf91,D,ZR02990007,Shoulder/Lap Belt(s),F,1598e04f-4466-4a91-bd29-d574683c83b9,Same Direction Rear End,N,Non Intersection,Right Turn Lane,Dark No Lights,No Defects,"Two-way, Not Divided",Dry,Clear,Six o'clock,Passenger Car,Disabling,N,Slowing or Stopping,2015-03-07 22:15,35,38.18162203,-76.42248631
N,Apparently Normal,No Misuse,Y,Possible Incapacitating Injury,a1bfa34d-c72a-4bd2-bc1d-17a36eb81f44,D,ZR02990007,Shoulder/Lap Belt(s),M,196d5e5f-f82b-4719-82f7-979c4bca13a1,Same Direction Rear End,N,Non Intersection,Right Turn Lane,Dark No Lights,No Defects,"Two-way, Not Divided",Dry,Clear,Twelve o'clock,Passenger Car,Disabling,N,Moving Constant Speed,2015-03-07 22:15,22,38.18162203,-76.42248631
N,Apparently Normal,No Misuse,N,Possible Incapacitating Injury,48696aed-0d06-4c41-912f-b35d384ef72f,D,ZR0309000C,MC/Bike Helmet and Eye Protection,F,324adbbf-3cf9-43ef-9e3a-7216aea1cd57,Single Vehicle ,N,Intersection,Left Turn Lane,Daylight,Foreign Material,"Two-way, Divided, Unprotected (painted >4 feet) Median",Dry,Clear,Four o'clock,Motorcycle,Functional,N,Moving Constant Speed,2015-03-08 15:12,31,38.50043918,-76.77510023
N,Apparently Normal,No Misuse,Y,Possible Incapacitating Injury,ca38e25e-26ea-43bb-b88e-a1ffaa2cd87f,D,ZR0309000G,Shoulder/Lap Belt(s),F,ce5af9d6-b7b1-4f1c-ab78-df292d53814a,Same Direction Rear End,N,Intersection,Right Turn Lane,Daylight,No Defects,"Two-way, Not Divided",Dry,Clear,Twelve o'clock,Passenger Car,Disabling,N,Moving Constant Speed,2015-03-30 13:03,20,38.29340593,-76.53719902
N,Apparently Normal,No Misuse,N,No Injury,b2c975b2-3e21-47bb-8c08-dbd89e8269aa,D,ZR0309000G,Shoulder/Lap Belt(s),M,df3c256f-bc5a-434f-9530-166eb2c765f5,Same Direction Rear End,N,Intersection,Right Turn Lane,Daylight,No Defects,"Two-way, Not Divided",Dry,Clear,Six o'clock,Pickup Truck,Functional,N,Stopped in Traffic Lane,2015-03-30 13:03,22,38.29340593,-76.53719902
N,Apparently Normal,No Misuse,Y,Possible Incapacitating Injury,cdefa19b-6abb-4a59-907b-7be3a73433a4,D,ZVW241000H,Shoulder/Lap Belt(s),F,b5a9b98c-b891-4b5f-8d65-126b10c163c1,Single Vehicle ,N,Non Intersection,Right Turn Lane,Dawn,Foreign Material,"Two-way, Not Divided",Ice,Cloudy,Twelve o'clock,(Sport) Utility Vehicle,Disabling,N,Moving Constant Speed,2015-03-02 6:21,39,38.48317407,-75.71749449
N,Apparently Normal,No Misuse,N,Possible Incapacitating Injury,f18f6521-6883-4938-ac2d-3255b9b95d87,D,ZVW2780009,Shoulder/Lap Belt(s),F,ab8a0244-932f-4be1-b530-89d53ae45777,Single Vehicle ,N,Non Intersection,Right Turn Lane,Dark No Lights,No Defects,"Two-way, Divided, Unprotected (painted >4 feet) Median",Wet,Raining,Twelve o'clock,Passenger Car,Disabling,N,Moving Constant Speed,2015-01-26 21:45,23,38.38519862,-75.62226534
N,Apparently Normal,No Misuse,Y,Possible Incapacitating Injury,a549e98a-5d35-45d1-83fc-4710f2ee57de,D,ZVW2910007,Shoulder/Lap Belt(s),F,d89d5725-904d-43d7-b451-d408828a912d,Same Movement Angle,N,Intersection,Right Turn Lane,Daylight,No Defects,"Two-way, Not Divided",Dry,Clear,Twelve o'clock,(Sport) Utility Vehicle,Disabling,N,Entering Traffic Lane,2015-01-17 11:36,45,38.3396997,-75.61065137
N,Apparently Normal,No Misuse,N,Possible Incapacitating Injury,20f5b50f-639c-4817-9fec-eaa29c57adbb,D,ZVW2910007,Shoulder/Lap Belt(s),M,7afa7380-63cf-4314-9c2a-5730732c182d,Same Movement Angle,N,Intersection,Right Turn Lane,Daylight,No Defects,"Two-way, Not Divided",Dry,Clear,Ten o'clock,Passenger Car,Disabling,N,Moving Constant Speed,2015-01-17 11:36,37,38.3396997,-75.61065137
N,Apparently Normal,No Misuse,Y,Possible Incapacitating Injury,0eb92e7f-bb78-4b1b-b2c4-50593d9a7605,D,ZW01660008,Shoulder/Lap Belt(s),F,c373083c-aa4b-471f-8a53-6ed01ea40c32,Single Vehicle ,N,Intersection,Right Turn Lane,Daylight,No Defects,"Two-way, Not Divided",Snow,Blowing Snow,Twelve o'clock,Passenger Car,Disabling,N,Moving Constant Speed,2015-02-19 10:10,45,38.210689,-75.45083
N,Apparently Normal,No Misuse,N,Incapacitating/Disabled Injury,62d535d7-5014-4518-b952-499d7451cd7a,D,AC1561001B,Shoulder/Lap Belt(s),F,8c9bd034-c180-421a-aec7-c09dbb59434f,Angle Meets Left Turn,N,Intersection,Right Turn Lane,Daylight,No Defects,"Two-way, Not Divided",Dry,Clear,One o'clock,Passenger Car,Disabling,N,Making Left Turn,2015-02-18 8:56,48,39.03729853,-76.47943675
N,Apparently Normal,No Misuse,Y,Incapacitating/Disabled Injury,8abf206f-7e9e-45b8-bc4c-52e6234bcfc4,D,AC1561001B,Shoulder/Lap Belt(s),F,85f7163f-5e3a-4161-b2f4-655e62db4b3a,Angle Meets Left Turn,N,Intersection,Right Turn Lane,Daylight,No Defects,"Two-way, Not Divided",Dry,Clear,Twelve o'clock,Passenger Car,Disabling,N,Moving Constant Speed,2015-02-18 8:56,63,39.03729853,-76.47943675
N,Apparently Normal,No Misuse,Y,Incapacitating/Disabled Injury,d85ffd1e-a0c6-4988-bcc7-a990b09baa6d,D,AC1821000M,Shoulder/Lap Belt(s),F,3cac73d3-5f03-4299-9d7f-55e1132a6cb5,Single Vehicle ,N,Intersection,Right Turn Lane,Dark Lights On,No Defects,"Two-way, Not Divided",Wet,Clear,Twelve o'clock,Passenger Car,Disabling,N,Moving Constant Speed,2015-01-04 23:34,20,39.05430123,-76.63380146
N,Apparently Normal,No Misuse,N,Incapacitating/Disabled Injury,ac016951-913a-4ae2-8b65-c107e7d4e997,D,AC19500014,Shoulder/Lap Belt(s),F,d34f16a5-82a7-41a5-b5bb-c324398b5c99,Same Direction Rear End Left Turn,N,Non Intersection,Right Turn Lane,Dark Lights On,No Defects,"Two-way, Divided, Unprotected (painted >4 feet) Median",Dry,Clear,Eight o'clock,Passenger Car,Destroyed,N,Making Left Turn,2015-02-13 18:49,56,39.09112504,-76.71283007
N,Apparently Normal,No Misuse,N,Possible Incapacitating Injury,92f44fb9-7a8d-47e3-80d5-ea10613bde0a,D,AC19500014,Shoulder/Lap Belt(s),M,5d658bab-67ae-4a26-8702-36e975543618,Same Direction Rear End Left Turn,N,Non Intersection,Right Turn Lane,Dark Lights On,No Defects,"Two-way, Divided, Unprotected (painted >4 feet) Median",Dry,Clear,One o'clock,Passenger Car,Disabling,N,Slowing or Stopping,2015-02-13 18:49,43,39.09112504,-76.71283007
N,Apparently Normal,No Misuse,Y,No Injury,060139e2-740b-4147-87ca-be6fcc8b29f8,D,ADE7460009,Shoulder/Lap Belt(s),M,6575c1ad-e7e8-4750-aec7-d13ec7dc3fbe,Head On Left Turn,N,Intersection,Right Turn Lane,Daylight,No Defects,"Two-way, Not Divided",Dry,Clear,Twelve o'clock,Passenger Car,Superficial,N,Making Left Turn,2015-01-30 15:50,22,39.336289,-76.61492944
N,Apparently Normal,No Misuse,Y,Incapacitating/Disabled Injury,ee5da00a-0de4-4d11-9821-e262462528e7,D,ADJ1740003,Shoulder/Lap Belt(s),F,a1070398-348d-4dff-ba5c-b0dfea4d03ca,Same Movement Angle,N,Intersection,Right Turn Lane,Daylight,No Defects,"Two-way, Not Divided",Wet,Raining,Twelve o'clock,Recreational Vehicle,Destroyed,N,Moving Constant Speed,2015-03-14 13:00,52,39.32774405,-76.56599119
N,Apparently Normal,No Misuse,N,Non-incapacitating Injury,9a00566c-955a-46b0-95d3-67a18d87e3ab,D,ADJ1740003,Shoulder/Lap Belt(s),M,c9a50c57-5058-4a83-bd9e-53364a23b1fb,Same Movement Angle,N,Intersection,Right Turn Lane,Daylight,No Defects,"Two-way, Not Divided",Wet,Raining,Seven o'clock,"Other Light Trucks (10,000 lbs (4,536 kg))",Functional,N,Moving Constant Speed,2015-03-14 13:00,61,39.32774405,-76.56599119
N,Apparently Normal,No Misuse,Y,Incapacitating/Disabled Injury,8ca49a55-962a-4772-86ec-f425fc6c16ed,D,AE38630006,Shoulder/Lap Belt(s),F,23707874-54d1-4540-8206-91c6a908c82f,Head On,N,Non Intersection,Right Turn Lane,Daylight,No Defects,"Two-way, Not Divided",Ice,Raining,Twelve o'clock,Passenger Car,Disabling,N,Moving Constant Speed,2015-01-03 10:00,38,39.39816541,-76.79943323
N,Apparently Normal,No Misuse,N,Incapacitating/Disabled Injury,096f58d3-57a6-4d32-b871-f9e29d2cc8e0,D,AE4279001B,Shoulder/Lap Belt(s),F,31e186bb-82d4-4013-83ce-80ec7b8d790a,Angle Meets Left Turn,N,Intersection,Right Turn Lane,Daylight,No Defects,"Two-way, Not Divided",Dry,Clear,Ten o'clock,Passenger Car,Disabling,N,Making Left Turn,2015-02-25 17:44,63,39.522501,-76.558684
N,Apparently Normal,No Misuse,Y,No Injury,1976ea6a-8d70-430d-bb0d-7d915725891d,D,AE4279001B,Shoulder/Lap Belt(s),M,3a78c90e-8335-4d14-98e7-e966f19d6d4e,Angle Meets Left Turn,N,Intersection,Right Turn Lane,Daylight,No Defects,"Two-way, Not Divided",Dry,Clear,Twelve o'clock,(Sport) Utility Vehicle,Functional,N,Starting From Lane,2015-02-25 17:44,48,39.522501,-76.558684
N,Apparently Normal,No Misuse,Y,Incapacitating/Disabled Injury,c102a462-bfa4-47c9-8021-0c234d2367e7,D,AE4336000W,Shoulder/Lap Belt(s),F,d0530da8-8bf5-48f9-b5c1-932a594194da,Same Direction Rear End,N,Non Intersection,Right Turn Lane,Dark No Lights,No Defects,"Two-way, Not Divided",Dry,Clear,One o'clock,Passenger Car,Disabling,N,Moving Constant Speed,2015-02-20 19:49,40,39.4500462,-76.80892825
N,Apparently Normal,No Misuse,Y,Incapacitating/Disabled Injury,17cc9a53-f274-4be8-bd25-78b9e9deb431,D,AS03200005,Shoulder/Lap Belt(s),F,fc2998df-e821-458c-bf32-4ab74b0f70bb,Same Movement Angle,N,Intersection,Right Turn Lane,Daylight,No Defects,"Two-way, Not Divided",Snow,Blowing Snow,Nine o'clock,Passenger Car,Disabling,N,Slowing or Stopping,2015-03-05 15:20,59,38.55213104,-76.05177283
N,Apparently Normal,No Misuse,N,No Injury,3241d234-1d1d-4862-82b4-6cc2d0c2268e,D,AS03200005,Shoulder/Lap Belt(s),M,4f3179d7-d89c-46b1-b8c9-f09efb9fd493,Same Movement Angle,N,Intersection,Right Turn Lane,Daylight,No Defects,"Two-way, Not Divided",Snow,Blowing Snow,Twelve o'clock,Passenger Car,Functional,N,Moving Constant Speed,2015-03-05 15:20,27,38.55213104,-76.05177283
N,Apparently Normal,No Misuse,N,Incapacitating/Disabled Injury,ea249b4a-f96b-4b74-9664-d9b16673b29a,D,BK0241000R,Shoulder/Lap Belt(s),F,89f3c624-bbeb-4069-90a2-473334b9144c,Head On,N,Non Intersection,Right Turn Lane,Dark Lights On,No Defects,"Two-way, Divided, Positive Median Barrier",Wet,Cloudy,Twelve o'clock,Station Wagon,Destroyed,N,Moving Constant Speed,2015-02-23 0:56,29,39.60322486,-75.83839774
N,Had Been Drinking,No Misuse,Y,Incapacitating/Disabled Injury,acecc395-fe2a-4014-a52e-ccaa9faea740,D,BK0241000R,Shoulder/Lap Belt(s),F,7166e1fc-3f6b-4441-8843-b2ca48fc47b9,Head On,N,Non Intersection,Right Turn Lane,Dark Lights On,No Defects,"Two-way, Divided, Positive Median Barrier",Wet,Cloudy,Twelve o'clock,(Sport) Utility Vehicle,Destroyed,N,Moving Constant Speed,2015-02-23 0:56,41,39.60322486,-75.83839774
N,Apparently Normal,No Misuse,N,Incapacitating/Disabled Injury,a80e0f6b-3294-405f-8e88-b15d2f61d48f,D,BX49450004,Shoulder/Lap Belt(s),F,5569a20d-76d5-4c3d-b11e-badb4a375c87,Same Movement Angle,N,Intersection,Right Turn Lane,Daylight,No Defects,"Two-way, Not Divided",Dry,Clear,Nine o'clock,Passenger Car,Functional,N,Making Left Turn,2015-01-23 10:48,37,39.615772,-77.73028851
N,Apparently Normal,No Misuse,N,Incapacitating/Disabled Injury,3e210925-8704-4dc2-b83e-0f338cbe7bbd,D,CB5267000T,Shoulder Belt Only,M,60a666d8-805f-4c27-97cd-1fc6da7c3ece,Head On,N,Non Intersection,Right Turn Lane,Daylight,No Defects,"Two-way, Divided, Unprotected (painted >4 feet) Median",Wet,Raining,Twelve o'clock,(Sport) Utility Vehicle,Disabling,N,Moving Constant Speed,2015-01-03 13:00,59,39.19554467,-76.79400444
N,Apparently Normal,No Misuse,Y,Incapacitating/Disabled Injury,2f220104-7d54-4e77-a2ab-837ca3b9408a,D,CB5612000D,Shoulder/Lap Belt(s),F,f9019950-cee4-4ee5-8550-335466213857,Single Vehicle ,N,Non Intersection,Right Turn Lane,Daylight,No Defects,"Two-way, Divided, Unprotected (painted >4 feet) Median",Ice,Wintry Mix,Two o'clock,(Sport) Utility Vehicle,Disabling,N,Moving Constant Speed,2015-01-18 9:17,48,39.29884833,-76.90689
N,Apparently Normal,No Misuse,N,No Injury,651a0300-abea-4fef-ab19-916e7f1aab0e,D,DA2260000G,Shoulder/Lap Belt(s),M,5567b8b2-9ea8-4ceb-99eb-9e2c18ae7ae3,Same Movement Angle,N,Non Intersection,Left Turn Lane,Dark No Lights,No Defects,"Two-way, Divided, Positive Median Barrier",Dry,Clear,Twelve o'clock,Passenger Car,Disabling,N,Moving Constant Speed,2015-03-23 6:40,27,38.95089878,-76.83704853
N,Apparently Normal,No Misuse,Y,Incapacitating/Disabled Injury,5c1269e6-67a2-4d6a-a1c3-26902fe1cff8,D,DA36460001,Shoulder Belt Only,F,5f97985f-b56a-4711-aa53-35c873d1a554,Same Movement Angle,N,Intersection,Right Turn Lane,Daylight,No Defects,"Two-way, Divided, Unprotected (painted >4 feet) Median",Ice,Clear,Eleven o'clock,Other Bus,Disabling,N,Making U Turn,2015-01-08 12:18,56,39.05559884,-76.86096311
N,Apparently Normal,No Misuse,N,Possible Incapacitating Injury,18d770d4-47f2-4c5c-8bd2-302d7c7ebf57,D,DA36460001,Shoulder/Lap Belt(s),M,4de2976c-8376-4c64-82c1-7737b0753c52,Same Movement Angle,N,Intersection,Right Turn Lane,Daylight,No Defects,"Two-way, Divided, Unprotected (painted >4 feet) Median",Ice,Clear,Twelve o'clock,Passenger Car,Destroyed,N,Making U Turn,2015-01-08 12:18,62,39.05559884,-76.86096311
N,Apparently Normal,No Misuse,Y,Incapacitating/Disabled Injury,7a07373a-4113-4156-9654-7b66a020107e,D,DA36600006,Shoulder/Lap Belt(s),F,8c6bbf76-db5f-4822-a0b3-22a77e12a555,Single Vehicle ,N,Non Intersection,Right Turn Lane,Dawn,No Defects,"Two-way, Divided, Positive Median Barrier",Snow,Snow,Twelve o'clock,Passenger Car,Destroyed,N,Moving Constant Speed,2015-01-06 7:36,36,38.91906893,-76.93099022
N,Apparently Normal,No Misuse,Y,No Injury,355fb256-ade1-49df-848e-56bf3d43bc9c,D,DA3709000C,Shoulder/Lap Belt(s),M,4baf17f4-14b7-4f7e-b67b-9458f880aca2,Single Vehicle ,N,Non Intersection,Right Turn Lane,Daylight,No Defects,"Two-way, Not Divided",Dry,Clear,Twelve o'clock,(Sport) Utility Vehicle,No Damage,N,Making Right Turn,2015-03-02 16:00,77,38.76679964,-76.88882589
N,Apparently Normal,No Misuse,N,Non-incapacitating Injury,0ed9c8a0-51f7-4fd4-bbf9-624164b307a2,D,MCP08330006,Shoulder/Lap Belt(s),M,a63884be-8801-4fe0-8c21-9e095cacaab6,Same Direction Rear End,N,Intersection,Right Turn Lane,Daylight,No Defects,"Two-way, Divided, Positive Median Barrier",Dry,Clear,Six o'clock,Passenger Car,Functional,N,Slowing or Stopping,2015-03-13 16:15,76,39.14965667,-77.067285
N,Apparently Normal,No Misuse,Y,Incapacitating/Disabled Injury,0fc3485e-bd81-4aa1-9a43-70c31d7de018,D,MCP1022002F,Shoulder/Lap Belt(s),F,9aba448e-6fee-4dea-8c7e-287d47013baa,Same Movement Angle,N,Intersection,Right Turn Lane,Daylight,No Defects,"Two-way, Divided, Positive Median Barrier",Wet,Cloudy,Five o'clock,Passenger Car,Disabling,N,Moving Constant Speed,2015-03-11 8:52,54,39.231565,-77.25853833
N,Apparently Normal,No Misuse,N,No Injury,993f909e-bca4-48da-99eb-7e68a48c3edc,D,MCP1022002F,Shoulder/Lap Belt(s),M,5fe613bd-c37c-40b7-8a0a-a9e56f3879d4,Same Movement Angle,N,Intersection,Right Turn Lane,Daylight,No Defects,"Two-way, Divided, Positive Median Barrier",Wet,Cloudy,Twelve o'clock,Van,Disabling,N,Moving Constant Speed,2015-03-11 8:52,41,39.231565,-77.25853833
N,Apparently Normal,No Misuse,N,Incapacitating/Disabled Injury,66ae9567-bf41-417f-ab73-b8c8c898f684,D,MCP1022002H,Shoulder/Lap Belt(s),F,462b1f63-9871-4d17-a387-465e86a1c665,Same Direction Rear End,N,Residential Driveway,Right Turn Lane,Daylight,No Defects,"Two-way, Not Divided",Dry,Clear,Six o'clock,(Sport) Utility Vehicle,Disabling,N,Stopped in Traffic Lane,2015-03-23 14:48,64,39.285435,-77.19413333
N,Apparently Normal,No Misuse,Y,Possible Incapacitating Injury,3ad01d24-d6a1-4887-bc3a-b253d53262ab,D,MCP1022002H,Shoulder/Lap Belt(s),M,d77fcd7b-60d0-401b-b738-e4f38d2d2a30,Same Direction Rear End,N,Residential Driveway,Right Turn Lane,Daylight,No Defects,"Two-way, Not Divided",Dry,Clear,Twelve o'clock,(Sport) Utility Vehicle,Disabling,N,Moving Constant Speed,2015-03-23 14:48,65,39.285435,-77.19413333
N,Physical Defects,No Misuse,Y,Non-incapacitating Injury,da84bd5b-0f01-4925-9cf6-7e79bf247b1f,D,MCP1205000Y,Shoulder/Lap Belt(s),M,068ab944-21d7-4cea-ba85-7006ecbf9fcf,Single Vehicle ,N,Commercial Driveway,Acceleration Lane,Daylight,No Defects,"Two-way, Divided, Positive Median Barrier",Dry,Clear,Twelve o'clock,Passenger Car,Disabling,N,Moving Constant Speed,2015-02-28 9:21,62,39.02763549,-77.07640886
N,Apparently Normal,No Misuse,Y,Incapacitating/Disabled Injury,dceee6d5-df46-45e3-a956-cc514ff03523,D,MSP14140033,Shoulder/Lap Belt(s),F,b31de075-6979-4ad4-8b3e-43a13dad6aa8,Same Movement Angle,N,Intersection,Right Turn Lane,Dark No Lights,No Defects,"Two-way, Not Divided",Dry,Clear,Twelve o'clock,(Sport) Utility Vehicle,Destroyed,N,Accelerating,2015-02-03 18:06,58,39.40224817,-77.60721883
N,Apparently Normal,No Misuse,N,Incapacitating/Disabled Injury,65a0246b-bcc0-4b6a-88fd-9e4d66db2a39,D,MSP14140033,Shoulder/Lap Belt(s),M,0e0597af-fdd6-4453-8e13-f261d425e5b4,Same Movement Angle,N,Intersection,Right Turn Lane,Dark No Lights,No Defects,"Two-way, Not Divided",Dry,Clear,Twelve o'clock,Pickup Truck,Destroyed,N,Moving Constant Speed,2015-02-03 18:06,19,39.40224817,-77.60721883
N,Apparently Normal,No Misuse,N,Incapacitating/Disabled Injury,15314dee-c64d-4bca-b1a5-895eae58031f,D,MSP4524000Q,Shoulder/Lap Belt(s),F,5adac644-77d0-45f0-81b7-162344ab747e,Same Direction Rear End,N,Non Intersection,Right Turn Lane,Daylight,No Defects,"Two-way, Not Divided",Dry,Clear,Six o'clock,Recreational Vehicle,Functional,N,Slowing or Stopping,2015-03-16 17:44,49,39.46341622,-77.36464977
N,Influenced by Medications and/or Drugs and/or Alcohol,No Misuse,Y,No Injury,26c5d5b8-42c4-40e8-8c54-f234307ff6b5,D,MSP4524000Q,Shoulder/Lap Belt(s),F,08e967b3-6d7f-4f11-bc08-3cd148bfafcd,Same Direction Rear End,N,Non Intersection,Right Turn Lane,Daylight,No Defects,"Two-way, Not Divided",Dry,Clear,Twelve o'clock,Passenger Car,Functional,N,Moving Constant Speed,2015-03-16 17:44,27,39.46341622,-77.36464977
N,Apparently Normal,No Misuse,Y,Incapacitating/Disabled Injury,61fc2c5b-48e9-4126-95da-2a34fb726e34,D,MSP4816000J,Shoulder Belt Only,F,6ac2aee6-ec27-4f0a-a5dc-f33a66aee75e,Single Vehicle ,N,Non Intersection,Right Turn Lane,Daylight,No Defects,"Two-way, Divided, Positive Median Barrier",Dry,Clear,Twelve o'clock,Passenger Car,Functional,N,Slowing or Stopping,2015-01-06 14:32,18,38.60697804,-76.61345959
N,Apparently Normal,No Misuse,Y,Incapacitating/Disabled Injury,0aa185d4-2ee9-467a-b9d7-bcb565cde018,D,MSP54160016,Shoulder/Lap Belt(s),F,34da7d05-ee64-4a6f-853a-315384e556d5,Same Direction Rear End Left Turn,N,Residential Driveway,Right Turn Lane,Daylight,No Defects,"Two-way, Not Divided",Dry,Clear,Twelve o'clock,(Sport) Utility Vehicle,Disabling,N,Slowing or Stopping,2015-01-08 16:22,25,38.21621197,-76.51487032
N,Apparently Normal,No Misuse,N,No Injury,030fce70-73e4-4e0b-a720-dfcda45c5653,D,MSP54160016,Shoulder/Lap Belt(s),M,44580267-6f9d-48f0-b2dd-eefe911f6036,Same Direction Rear End Left Turn,N,Residential Driveway,Right Turn Lane,Daylight,No Defects,"Two-way, Not Divided",Dry,Clear,Seven o'clock,"Cargo Van/Light Truck 2 axles (10,000 lbs (4,536 kg) or less)",Functional,N,Making Left Turn,2015-01-08 16:22,33,38.21621197,-76.51487032
N,Apparently Normal,No Misuse,Y,Incapacitating/Disabled Injury,276ab366-d5ee-4fb2-af7c-6bfa0e12a6f7,D,MSP54540010,Shoulder/Lap Belt(s),M,c5108811-e792-4cc4-8242-2fde49355173,Same Movement Angle,N,Intersection,Left Turn Lane,Dark Lights On,No Defects,"Two-way, Divided, Positive Median Barrier",Dry,Clear,Three o'clock,(Sport) Utility Vehicle,Destroyed,N,Accelerating,2015-03-08 19:43,72,38.3854765,-75.42228467
N,Apparently Normal,No Misuse,N,Incapacitating/Disabled Injury,6151b2c4-924f-4742-9767-5da8faa9f4c4,D,MSP5660002Z,Shoulder/Lap Belt(s),F,00742d2f-d38f-4587-9b2f-39b6a74276eb,Same Direction Rear End,N,Non Intersection,Left Turn Lane,Dark No Lights,No Defects,One-way Trafficway,Ice,Severe Winds,Seven o'clock,Passenger Car,Disabling,N,Slowing or Stopping,2015-02-15 2:38,30,39.01904367,-76.9314875
N,Apparently Normal,No Misuse,Y,No Injury,7c70c562-0eb8-4c7d-8f5b-d7accfd6a711,D,MSP5660002Z,Shoulder/Lap Belt(s),M,302e4bdf-a895-44bf-be27-fb750702f7dc,Same Direction Rear End,N,Non Intersection,Left Turn Lane,Dark No Lights,No Defects,One-way Trafficway,Ice,Severe Winds,One o'clock,(Sport) Utility Vehicle,Superficial,N,Slowing or Stopping,2015-02-15 2:38,49,39.01904367,-76.9314875
N,Apparently Normal,No Misuse,N,Incapacitating/Disabled Injury,983ec17c-6e04-4d81-b3bc-a5862be2cf38,D,MSP5660003F,Shoulder/Lap Belt(s),M,30dc3a5a-7b6d-47a2-8cf0-32742c659eb6,Same Direction Rear End,N,Non Intersection,Right Turn Lane,Daylight,No Defects,"Two-way, Divided, Positive Median Barrier",Dry,Clear,Six o'clock,Passenger Car,Disabling,N,Slowing or Stopping,2015-03-30 17:46,25,39.018221,-76.926656
N,Apparently Normal,No Misuse,N,Incapacitating/Disabled Injury,cf919efb-c8f2-4d18-9490-853178e90bb2,D,MSP5688000Z,Shoulder/Lap Belt(s),F,c98822c5-a849-4730-a953-eb9204d397b6,Head On,N,Non Intersection,Right Turn Lane,Daylight,No Defects,"Two-way, Not Divided",Dry,Clear,Twelve o'clock,(Sport) Utility Vehicle,Disabling,N,Moving Constant Speed,2015-03-19 17:33,51,38.39252167,-76.77521917
N,Apparently Normal,No Misuse,Y,Incapacitating/Disabled Injury,6b71ca2e-d7ec-4b1f-8962-1ac553f3b921,D,MSP5688000Z,Shoulder/Lap Belt(s),M,c1dcd8f2-1186-4450-98a0-20fede26309c,Head On,N,Non Intersection,Right Turn Lane,Daylight,No Defects,"Two-way, Not Divided",Dry,Clear,Eleven o'clock,Pickup Truck,Destroyed,N,Moving Constant Speed,2015-03-19 17:33,23,38.39252167,-76.77521917
N,Apparently Normal,No Misuse,Y,Incapacitating/Disabled Injury,2862f6d1-de4a-444c-9113-0c64c4228e3c,D,MSP5842001K,Shoulder/Lap Belt(s),F,ad44086d-7aab-457f-a757-0a6f6930a127,Same Movement Angle,N,Non Intersection,Right Turn Lane,Daylight,No Defects,"Two-way, Divided, Positive Median Barrier",Dry,Clear,Twelve o'clock,Pickup Truck,Destroyed,N,Negotiating a Curve,2015-03-21 15:48,64,39.62926717,-75.95382367
N,Apparently Normal,No Misuse,N,Incapacitating/Disabled Injury,bde584d7-ee56-43e8-b225-5eb98dfe527f,D,MSP5842001K,Shoulder/Lap Belt(s),M,0e71232c-f18f-44af-bbee-32362c728a0f,Same Movement Angle,N,Non Intersection,Right Turn Lane,Daylight,No Defects,"Two-way, Divided, Positive Median Barrier",Dry,Clear,Twelve o'clock,Passenger Car,Destroyed,N,Moving Constant Speed,2015-03-21 15:48,62,39.62926717,-75.95382367
N,Apparently Normal,No Misuse,N,Incapacitating/Disabled Injury,55870dcb-6e8e-4dcd-808e-5fb0b4f176dd,D,MSP5968001Q,Shoulder/Lap Belt(s),F,0ecfcedd-38ec-4b5c-a4c3-773d8904a9ba,Same Direction Rear End,N,Intersection Related,Left Turn Lane,Dark Lights On,No Defects,"Two-way, Divided, Positive Median Barrier",Wet,Raining,Six o'clock,(Sport) Utility Vehicle,Functional,N,Stopped in Traffic Lane,2015-01-12 7:08,45,38.63400583,-76.90367783
N,Apparently Normal,No Misuse,Y,No Injury,686d947f-b924-4ab2-89cc-4fc2963d8c96,D,MSP5968001Q,Shoulder/Lap Belt(s),M,cf902592-193b-480a-a7b8-678345534ea0,Same Direction Rear End,N,Intersection Related,Left Turn Lane,Dark Lights On,No Defects,"Two-way, Divided, Positive Median Barrier",Wet,Raining,Twelve o'clock,Pickup Truck,Functional,N,Moving Constant Speed,2015-01-12 7:08,53,38.63400583,-76.90367783