CDL_FLAG,CONDITION_CODE,EQUIP_PROB_CODE,FAULT_FLAG,INJ_SEVER_CODE,PERSON_ID,PERSON_TYPE,REPORT_NO,SAF_EQUIP_CODE,SEX_CODE,VEHICLE_ID,COLLISION_TYPE_CODE,C_M_ZONE_FLAG,JUNCTION_CODE,LANE_CODE,LIGHT_CODE,RD_COND_CODE,RD_DIV_CODE,SURF_COND_CODE,WEATHER_CODE,AREA_DAMAGED_CODE_MAIN,BODY_TYPE_CODE,DAMAGE_CODE,HIT_AND_RUN_FLAG,MOVEMENT_CODE,TIME,AGE,LATITUDE,LONGITUDE
N,Apparently Normal,No Misuse,N,No Injury,a14315f4-2d90-4214-9fd7-705ce1d77051,D,ZH05860008,Shoulder/Lap Belt(s),M,bb5ea959-5d4d-4b54-be9a-339e300db0bd,Same Movement Angle,N,Crossover Related,Right Turn Lane,Daylight,No Defects,"Two-way, Divided, Positive Median Barrier",Dry,Clear,Twelve o'clock,Pickup Truck,Superficial,N,Moving Constant Speed,2015-01-07 11:28,57,38.62598833,-77.07575333
N,Fatigued Fainted,No Misuse,Y,Possible Incapacitating Injury,70f7c49a-7598-4b2c-8a88-df7c441ecffd,D,AE5780000G,Shoulder/Lap Belt(s),F,05d4c69f-d2a2-4f93-ab0e-8feaf82f2f34,Single Vehicle ,N,Intersection,Right Turn Lane,Dark Lights On,No Defects,"Two-way, Not Divided",Dry,Clear,Twelve o'clock,Passenger Car,Functional,N,Accelerating,2015-02-28 18:47,27,39.35544669,-76.75750494
N,Fatigued Fainted,No Misuse,Y,Possible Incapacitating Injury,5f4346ea-3004-40f8-8b40-e983b3f3190f,D,MSP6085002N,Shoulder/Lap Belt(s),F,b7cbbbc9-51e8-451e-9cb7-1503fe5f6e35,Single Vehicle ,N,Non Intersection,Right Turn Lane,Daylight,No Defects,"Two-way, Not Divided",Dry,Cloudy,Roof Top,Passenger Car,Disabling,N,Moving Constant Speed,2015-01-25 12:00,56,39.47765622,-76.25885305
N,Apparently Asleep,No Misuse,Y,No Injury,4b69423c-d5e9-4819-ac74-00bd4082fcd5,D,AC2010000H,Shoulder/Lap Belt(s),F,f6ead39c-1d36-4998-a5a5-e7f482c0e22d,Single Vehicle ,N,Intersection,Right Turn Lane,Dark Lights On,Foreign Material,"Two-way, Not Divided",Slush,Clear,Eight o'clock,Passenger Car,Destroyed,N,Moving Constant Speed,2015-03-07 1:55,20,39.1207697,-76.6903876
N,Apparently Asleep,No Misuse,N,No Injury,f266e9bb-30a1-472c-b132-92482c6c852f,D,ADG7720001,Shoulder/Lap Belt(s),F,52409be8-c9c5-48cc-bb28-5a689453377f,Same Direction Rear End,N,Intersection Related,Acceleration Lane,Daylight,No Defects,"Two-way, Divided, Positive Median Barrier",Dry,Clear,Six o'clock,Passenger Car,Functional,N,Slowing or Stopping,2015-01-27 13:10,22,39.29287647,-76.62791133
N,Apparently Normal,No Misuse,Y,Possible Incapacitating Injury,f5b67b98-2599-4e06-b45e-3f00d9d2f8e8,D,ADG7720001,Shoulder/Lap Belt(s),M,ea1c4314-8245-46cc-9248-9a111268f4ca,Same Direction Rear End,N,Intersection Related,Acceleration Lane,Daylight,No Defects,"Two-way, Divided, Positive Median Barrier",Dry,Clear,Twelve o'clock,Passenger Car,Functional,N,Slowing or Stopping,2015-01-27 13:10,38,39.29287647,-76.62791133
N,Apparently Asleep,No Misuse,Y,No Injury,3b1b6a9d-5c4a-4498-b879-e8e438651aa9,D,AE5507000C,Shoulder/Lap Belt(s),F,6d72e99d-cd53-4e19-99cd-20537b5d0d89,Same Direction Sideswipe,N,Non Intersection,Acceleration Lane,Daylight,No Defects,"Two-way, Divided, Positive Median Barrier",Dry,Clear,Eleven o'clock,Passenger Car,Functional,N,Moving Constant Speed,2015-02-24 10:03,24,39.25582588,-76.69139385
N,Apparently Asleep,No Misuse,Y,No Injury,d3507a3a-1708-490a-8647-1794bf5cbd23,D,MCP2776000S,Shoulder/Lap Belt(s),F,7b160dca-e460-4af2-92e3-fc393bc7c99f,Single Vehicle ,N,Non Intersection,Right Turn Lane,Dark No Lights,No Defects,"Two-way, Not Divided",Dry,Clear,One o'clock,Passenger Car,Disabling,N,Moving Constant Speed,2015-02-17 23:52,22,39.177555,-77.10107333
N,Apparently Asleep,No Misuse,Y,No Injury,770b1961-3698-43dd-b3ba-699ec4d7f86c,D,ZR02580009,Shoulder/Lap Belt(s),F,974c4e17-337f-41c5-b361-dcd5fdcc4682,Single Vehicle ,N,Non Intersection,Acceleration Lane,Dark No Lights,No Defects,"Two-way, Divided, Unprotected (painted >4 feet) Median",Dry,Clear,One o'clock,(Sport) Utility Vehicle,Destroyed,N,Moving Constant Speed,2015-01-06 1:18,32,38.27233477,-76.46079898
N,Emotional Depressed Angry Disturbed,No Misuse,Y,No Injury,99d4c1a1-0e60-431b-a250-dd4b0b6fc13b,D,DA38680002,Shoulder/Lap Belt(s),F,3b0e07f2-0424-49bd-9f46-30445c582358,Same Direction Sideswipe,N,Non Intersection,Right Turn Lane,Daylight,No Defects,"Two-way, Not Divided",Dry,Clear,One o'clock,Passenger Car,Functional,Y,Moving Constant Speed,2015-02-23 13:41,39,38.99700749,-76.83398008
N,Apparently Normal,No Misuse,N,No Injury,d43e449b-d0b0-4259-9e20-4e64e26bb447,D,DA38680002,Shoulder/Lap Belt(s),M,5c3013c1-7d26-4287-b513-10c057a39aac,Same Direction Sideswipe,N,Non Intersection,Right Turn Lane,Daylight,No Defects,"Two-way, Not Divided",Dry,Clear,Nine o'clock,(Sport) Utility Vehicle,Functional,N,Moving Constant Speed,2015-02-23 13:41,32,38.99700749,-76.83398008
N,Emotional Depressed Angry Disturbed,No Misuse,Y,No Injury,cc3da351-3945-41ca-a46a-6e81bc6dc8c7,D,MSP6185001D,Shoulder/Lap Belt(s),F,638195fa-308d-49d0-9dbb-fbc228d04965,Same Direction Rear End,N,Non Intersection,Left Turn Lane,Dark No Lights,No Defects,"Two-way, Divided, Positive Median Barrier",Dry,Clear,Twelve o'clock,Passenger Car,Disabling,N,Moving Constant Speed,2015-03-06 22:49,32,38.6853225,-76.05882083
N,Emotional Depressed Angry Disturbed,No Misuse,Y,No Injury,d13ef86e-5cbb-47d8-8551-08e5ce61c9f0,D,MTA0116000B,Shoulder/Lap Belt(s),F,f2e236c9-50c0-43d8-b4bd-c9804e1c83be,Same Movement Angle,N,Intersection,Right Turn Lane,Daylight,No Defects,"Two-way, Not Divided",Dry,Clear,Four o'clock,Passenger Car,Destroyed,N,Making Left Turn,2015-02-05 15:00,80,39.28674841,-76.56234741
Y,Apparently Normal,No Misuse,N,No Injury,df250a33-16a9-4708-91c2-9dcfb00f4f17,D,MTA0116000B,Shoulder/Lap Belt(s),M,08a706f8-653f-425c-9e48-f140fe7e3de0,Same Movement Angle,N,Intersection,Right Turn Lane,Daylight,No Defects,"Two-way, Not Divided",Dry,Clear,Twelve o'clock,Transit Bus,No Damage,N,Moving Constant Speed,2015-02-05 15:00,35,39.28674841,-76.56234741
N,Influenced by Medications and/or Drugs and/or Alcohol,No Misuse,Y,No Injury,2b60c682-0bdb-4ae6-a850-66175537c9f3,D,MSP53970037,Shoulder/Lap Belt(s),F,43900be1-586d-4d97-903c-b6336abd1969,Same Direction Rear End,N,Intersection,Left Turn Lane,Dark Lights On,No Defects,"Two-way, Divided, Positive Median Barrier",Wet,Raining,Twelve o'clock,Passenger Car,No Damage,N,Slowing or Stopping,2015-01-18 18:46,51,39.19374,-76.610574
N,Apparently Normal,No Misuse,N,No Injury,905cec63-a687-49ac-82ee-562c3996e195,D,MSP53970037,Shoulder/Lap Belt(s),M,18468744-d89d-4c13-ae57-676c6ba35df4,Same Direction Rear End,N,Intersection,Left Turn Lane,Dark Lights On,No Defects,"Two-way, Divided, Positive Median Barrier",Wet,Raining,Six o'clock,Passenger Car,Superficial,N,Stopped in Traffic Lane,2015-01-18 18:46,43,39.19374,-76.610574
N,Influenced by Medications and/or Drugs and/or Alcohol,No Misuse,Y,Possible Incapacitating Injury,5aac43e5-4741-401c-9e5d-20657b656539,D,DA3794000C,Shoulder/Lap Belt(s),F,1dcec2ef-f2aa-4b51-b197-85f706ddf82e,Single Vehicle ,N,Intersection,Right Turn Lane,Daylight,No Defects,"Two-way, Not Divided",Dry,Clear,Twelve o'clock,(Sport) Utility Vehicle,Destroyed,N,Accelerating,2015-03-25 11:09,44,38.80964211,-76.99139357
N,Influenced by Medications and/or Drugs and/or Alcohol,No Misuse,Y,Possible Incapacitating Injury,d3931ae5-880b-49c4-bd7c-fd1038e377e4,D,MCP2667000M,Shoulder/Lap Belt(s),F,5a75fe62-b6d5-48b7-bc20-38a787bb33e6,Single Vehicle ,N,Non Intersection,Right Turn Lane,Daylight,No Defects,"Two-way, Divided, Positive Median Barrier",Dry,Cloudy,Twelve o'clock,Passenger Car,Disabling,N,Moving Constant Speed,2015-03-03 11:45,68,39.18955333,-77.18445833
Y,Apparently Normal,No Misuse,N,No Injury,d54a37f0-a983-4720-873b-902f0f3524eb,D,MSP62530009,Shoulder/Lap Belt(s),M,fb61539c-9abe-4d1f-a719-9e7a3c4d2ca7,Same Direction Rear End,N,Railway Grade Crossing,Left Turn Lane,Daylight,No Defects,"Two-way, Divided, Positive Median Barrier",Dry,Clear,Six o'clock,Other Bus,Destroyed,N,Slowing or Stopping,2015-03-29 16:50,49,39.03749483,-76.016974
N,Apparently Normal,No Misuse,N,No Injury,76a6d8c6-14d6-488b-8167-8f152fb3365b,D,ADH1410003,Shoulder/Lap Belt(s),M,638b53ec-d84b-4f69-9057-54be99e2667e,Same Direction Sideswipe,N,Non Intersection,Right Turn Lane,Dark Lights On,No Defects,One-way Trafficway,Dry,Clear,Four o'clock,Passenger Car,Functional,N,Parked  ,2015-03-08 3:40,37,39.29396731,-76.61822051
N,Apparently Normal,No Misuse,N,No Injury,1ff0ee82-212f-460f-9409-599d4806354d,D,ADJ4740009,Shoulder/Lap Belt(s),M,36f51a13-cfc6-41f2-9b4b-c34e6f425652,Same Direction Rear End,N,Intersection Related,Left Turn Lane,Dark Lights On,No Defects,"Two-way, Not Divided",Wet,Wintry Mix,Six o'clock,Passenger Car,Superficial,N,Stopped in Traffic Lane,2015-03-05 20:05,29,39.27724802,-76.5665102
N,Apparently Normal,No Misuse,N,No Injury,05905514-250a-4969-a8a6-7518445cbb55,D,AE4431000B,Shoulder/Lap Belt(s),M,0c49c976-a3b9-489c-935a-476ca87aeaa3,Same Direction Right Turn,N,Intersection Related,Left Turn Lane,Dark Lights On,No Defects,"Two-way, Not Divided",Dry,Clear,Twelve o'clock,Passenger Car,Functional,N,Moving Constant Speed,2015-01-07 20:00,77,39.44729566,-76.62912369
N,Apparently Normal,No Misuse,N,Non-incapacitating Injury,4435cc9b-62f3-4c6d-9ff5-093508d36cfd,D,MCP14530019,Shoulder/Lap Belt(s),M,e7fb60bc-4a67-4cbd-bc22-27a0ff460359,Same Direction Rear End,N,Intersection Related,Right Turn Lane,Daylight,No Defects,"Two-way, Not Divided",Dry,Clear,Six o'clock,Passenger Car,No Damage,N,Stopped in Traffic Lane,2015-03-12 15:14,30,39.186475,-77.18750833
N,Apparently Normal,No Misuse,N,No Injury,d188b066-56c5-42a0-9a1e-fd19588ababe,D,MCP2559000D,Shoulder/Lap Belt(s),M,e63dfbd3-3aa2-4797-a578-02f4db84d778,Same Direction Sideswipe,N,Non Intersection,Right Turn Lane,Daylight,No Defects,"Two-way, Not Divided",Dry,Cloudy,Two o'clock,Passenger Car,Functional,N,Moving Constant Speed,2015-01-19 14:22,20,39.12227667,-77.23871167
N,Apparently Normal,No Misuse,N,No Injury,217565bc-73e1-48f0-8f81-232ae26bc354,D,MCP2667000P,Shoulder/Lap Belt(s),M,e1def9d5-ffc2-4834-adae-5d7dd7afc699,Same Movement Angle,N,Commercial Driveway,Left Turn Lane,Daylight,No Defects,"Two-way, Not Divided",Wet,Cloudy,Eight o'clock,Passenger Car,Functional,N,Making Left Turn,2015-03-14 13:12,31,39.144225,-77.20663
N,Apparently Normal,No Misuse,N,No Injury,03a9ead8-124c-4969-aaae-ab02398593d2,D,MSP63750028,Shoulder/Lap Belt(s),M,93393154-fcae-46ba-93a7-0a88d26f0639,Same Direction Sideswipe,N,Non Intersection,Right Turn Lane,Daylight,No Defects,"Two-way, Divided, Positive Median Barrier",Ice,Clear,Two o'clock,Passenger Car,Disabling,N,Moving Constant Speed,2015-02-22 10:02,26,39.368063,-77.199419
N,Apparently Normal,No Misuse,N,Non-incapacitating Injury,a24a8dc3-96e3-4476-9958-076895a5347d,D,ZR0309000B,Shoulder/Lap Belt(s),M,84c79f4b-df13-443c-b45d-91a9d3f5d12c,Same Movement Angle,N,Intersection,Left Turn Lane,Dark Lights On,No Defects,"Two-way, Not Divided with a Continuous Left Turn Lane",Ice,Clear,Twelve o'clock,Passenger Car,Functional,N,Moving Constant Speed,2015-02-17 20:26,26,38.238098,-76.495729
N,Apparently Normal,No Misuse,Y,No Injury,1cf84dff-fe63-4ff4-bc36-6c87b939fb28,D,ADI9490001,Shoulder/Lap Belt(s),M,9d3ac8dc-cd71-4785-a0d8-fce6eab42776,Same Movement Angle,N,Intersection,Right Turn Lane,Daylight,No Defects,"Two-way, Not Divided",Dry,Clear,Eleven o'clock,Van,Disabling,N,Slowing or Stopping,2015-01-09 11:30,37,39.29320653,-76.66246086
N,Apparently Normal,No Misuse,N,No Injury,5e7cf0e8-61a6-43d6-bab2-f76cb355b5c4,D,MSP6187001C,Shoulder/Lap Belt(s),M,c49a332b-ddd6-4bcb-8893-6c62e64609a4,Same Movement Angle,N,Intersection,Right Turn Lane,Dark No Lights,No Defects,"Two-way, Not Divided",Dry,Clear,Four o'clock,Pickup Truck,Disabling,N,Moving Constant Speed,2015-03-17 20:55,46,38.58370383,-77.120474
N,Apparently Normal,No Misuse,N,No Injury,3fa98770-14dd-4a34-95da-23ab60d7c543,D,DA31980009,Shoulder/Lap Belt(s),M,5e3cc818-1b19-4955-a217-aeb622fc9571,Same Movement Angle,N,Intersection Related,Acceleration Lane,Dark No Lights,No Defects,"Two-way, Divided, Positive Median Barrier",Dry,Clear,Twelve o'clock,Passenger Car,Functional,N,Moving Constant Speed,2015-01-23 5:58,27,38.92451905,-76.87053122
N,Apparently Normal,No Misuse,N,No Injury,a3f0900d-c615-4bf5-8b6a-2f48b6c6fd0d,D,AA01140001,Shoulder/Lap Belt(s),M,883cb6f6-aa45-4bb7-85fb-a9d55e9b3836,Same Movement Angle,N,Intersection,Left Turn Lane,Daylight,No Defects,"Two-way, Divided, Positive Median Barrier",Dry,Clear,Twelve o'clock,Passenger Car,Superficial,N,Accelerating,2015-01-15 11:20,57,39.51953568,-76.16409302
N,Apparently Normal,No Misuse,Y,Possible Incapacitating Injury,210529c4-2965-4ce7-833d-0ba990f719ef,D,AA01140001,Shoulder/Lap Belt(s),M,0d490166-5e4a-4e6a-86f5-91a4d2aab44c,Same Movement Angle,N,Intersection,Left Turn Lane,Daylight,No Defects,"Two-way, Divided, Positive Median Barrier",Dry,Clear,Nine o'clock,Van,Superficial,N,Accelerating,2015-01-15 11:20,65,39.51953568,-76.16409302
N,Apparently Normal,No Misuse,N,No Injury,46c88887-a384-4e7b-82e3-976d9ef1c20d,D,AB26960033,Shoulder/Lap Belt(s),M,48ef91a6-f40e-473b-b5fc-0d40773b261c,Same Movement Angle,N,Intersection,Left Turn Lane,Daylight,No Defects,"Two-way, Not Divided",Dry,Clear,Four o'clock,Passenger Car,Disabling,N,Accelerating,2015-03-17 15:06,60,38.99735769,-76.39605045
N,Apparently Normal,No Misuse,Y,No Injury,ff7c2e66-753c-4ee6-a201-9f52651dbc26,D,AB4518001Y,Shoulder/Lap Belt(s),M,f47d13a7-f1c8-4997-98f9-43aa19dac883,Opposite Direction Sideswipe,N,Non Intersection,Right Turn Lane,Daylight,No Defects,"Two-way, Not Divided",Snow,Snow,Twelve o'clock,Pickup Truck,Functional,N,Skidding,2015-01-06 8:41,23,38.97122935,-76.52606785
N,Apparently Normal,No Misuse,N,Possible Incapacitating Injury,fd322cde-5335-409e-81d7-6e44192d706b,D,AB4518001Y,Shoulder/Lap Belt(s),M,d871a873-9c49-4d89-947e-5da08b3c76d3,Opposite Direction Sideswipe,N,Non Intersection,Right Turn Lane,Daylight,No Defects,"Two-way, Not Divided",Snow,Snow,Eleven o'clock,Passenger Car,Disabling,N,Slowing or Stopping,2015-01-06 8:41,40,38.97122935,-76.52606785
Y,Apparently Normal,No Misuse,N,No Injury,05ea69e3-776f-40d8-a5a4-33dd0523d77c,D,AB4518002F,Shoulder/Lap Belt(s),M,4a7d0443-1720-470f-b410-ba24a8f99077,Same Direction Right Turn,N,Non Intersection,Right Turn Lane,Daylight,No Defects,One-way Trafficway,Ice,Clear,Eleven o'clock,Transit Bus,Superficial,N,Accelerating,2015-03-07 7:39,66,38.97851089,-76.49226531
N,Apparently Normal,No Misuse,N,No Injury,54b05bac-fc08-4596-ba70-4ba1d6c563a9,D,AB53190003,Shoulder/Lap Belt(s),M,09c04334-584e-42cb-81af-1de50f3a31cf,Head On Left Turn,N,Intersection,Right Turn Lane,Dark Lights On,No Defects,"Two-way, Not Divided",Wet,Clear,Twelve o'clock,"Other Light Trucks (10,000 lbs (4,536 kg))",Superficial,N,Moving Constant Speed,2015-01-06 0:00,39,38.98781609,-76.50212109
N,Apparently Normal,No Misuse,Y,No Injury,4588e884-0993-4c8a-ad50-d63971f17518,D,AB53190003,Shoulder/Lap Belt(s),M,de579c66-4d92-4df2-9b97-145f195451ec,Head On Left Turn,N,Intersection,Right Turn Lane,Dark Lights On,No Defects,"Two-way, Not Divided",Wet,Clear,Two o'clock,(Sport) Utility Vehicle,Disabling,N,Making Left Turn,2015-01-06 0:00,48,38.98781609,-76.50212109
N,Apparently Normal,No Misuse,N,No Injury,41d98762-f3ea-4d31-90aa-fcd3ee09c139,D,AC09240018,Shoulder/Lap Belt(s),M,53f91bb0-5f97-4315-9cae-f54113097670,Same Direction Rear End,N,Non Intersection,Right Turn Lane,Dark Lights On,No Defects,"Two-way, Not Divided",Dry,Clear,Six o'clock,(Sport) Utility Vehicle,Functional,N,Moving Constant Speed,2015-01-10 20:52,41,39.14633722,-76.52436733
N,Apparently Normal,No Misuse,Y,No Injury,8d5f9368-d6c4-4eda-ba72-67d4a79661fd,D,AC0985000L,Shoulder/Lap Belt(s),M,5be84f9d-9f01-49e8-9ddf-17aef551354f,Single Vehicle ,N,Non Intersection,Left Turn Lane,Dark Lights On,No Defects,"Two-way, Not Divided",Ice,Foggy,Roof Top,Passenger Car,Disabling,N,Moving Constant Speed,2015-01-18 22:18,59,39.13607667,-76.70555833
N,Apparently Normal,No Misuse,N,Incapacitating/Disabled Injury,abac8ecb-c677-42e7-bc5c-f63aa4d19204,D,AC1012000D,Shoulder/Lap Belt(s),M,20077a08-6089-4567-bed6-1398b9ffc138,Same Movement Angle,N,Intersection,Right Turn Lane,Dark Lights On,No Defects,"Two-way, Divided, Positive Median Barrier",Wet,Raining,Eight o'clock,Pickup Truck,Disabling,N,Making Left Turn,2015-01-03 20:09,36,38.98124918,-76.53709552
N,Apparently Normal,No Misuse,N,No Injury,69cc74e7-5a97-413d-8c72-0ebab58cc613,D,AC1028000M,Shoulder/Lap Belt(s),M,41af4d64-0c08-4598-9afe-acb6ea7b6982,Head On Left Turn,N,Intersection,Right Turn Lane,Daylight,No Defects,"Two-way, Not Divided",Dry,Clear,One o'clock,Pickup Truck,Disabling,N,Moving Constant Speed,2015-02-28 17:27,58,39.11093249,-76.69228435
N,Apparently Normal,No Misuse,Y,No Injury,bd924e48-f72e-4da7-884e-73cf47286090,D,AC1028000M,Shoulder/Lap Belt(s),M,426a8108-bbe6-46d4-9e03-42da7ca2ff08,Head On Left Turn,N,Intersection,Right Turn Lane,Daylight,No Defects,"Two-way, Not Divided",Dry,Clear,Twelve o'clock,Passenger Car,Disabling,N,Making Right Turn,2015-02-28 17:27,48,39.11093249,-76.69228435
N,Apparently Normal,No Misuse,N,No Injury,6e2c494a-5984-4e1b-a145-8c5c0c411352,D,AC1187000D,Shoulder/Lap Belt(s),M,ec66713c-f177-41dd-8bfa-59fa6597a855,Same Movement Angle,N,Intersection,Right Turn Lane,Dark No Lights,No Defects,"Two-way, Not Divided",Snow,Snow,Eleven o'clock,Passenger Car,Disabling,N,Skidding,2015-02-16 23:16,76,39.03721965,-76.47945642
N,Apparently Normal,No Misuse,N,No Injury,2f69e89a-c8ad-4b98-8c30-60817936eb9b,D,AC1187000D,Shoulder/Lap Belt(s),M,82a8a0c4-7b31-441b-98e7-bcc740f2e96b,Same Movement Angle,N,Intersection,Right Turn Lane,Dark No Lights,No Defects,"Two-way, Not Divided",Snow,Snow,One o'clock,Pickup Truck,Disabling,N,Moving Constant Speed,2015-02-16 23:16,20,39.03721965,-76.47945642
N,Apparently Normal,No Misuse,N,No Injury,597f455f-cdd5-4847-9c8e-e3e41c122613,D,AC1222001T,Shoulder/Lap Belt(s),M,ec7c79b2-324e-4739-b7cd-26f6b242897d,Same Direction Rear End,N,Non Intersection,Left Turn Lane,Daylight,No Defects,"Two-way, Divided, Positive Median Barrier",Dry,Cloudy,Six o'clock,Pickup Truck,Superficial,N,Stopped in Traffic Lane,2015-02-16 13:05,33,39.15251083,-76.72776461
N,Apparently Normal,No Misuse,Y,No Injury,1309d1f6-2f6e-478e-a010-c73dc0e0352b,D,AC1222001T,Shoulder/Lap Belt(s),M,e265ca6b-0d76-4d69-adfd-be3a6da6f667,Same Direction Rear End,N,Non Intersection,Left Turn Lane,Daylight,No Defects,"Two-way, Divided, Positive Median Barrier",Dry,Cloudy,Twelve o'clock,Passenger Car,Disabling,N,Moving Constant Speed,2015-02-16 13:05,84,39.15251083,-76.72776461
Y,Apparently Normal,No Misuse,Y,No Injury,1b27453d-f138-4b5b-a717-c1e265e44f40,D,AC1326000D,Shoulder/Lap Belt(s),M,931da794-3640-4725-96b5-9ea9c56f03e3,Single Vehicle ,N,Intersection,Right Turn Lane,Dark Lights On,No Defects,"Two-way, Not Divided",Wet,Snow,Eleven o'clock,Passenger Car,Disabling,N,Moving Constant Speed,2015-01-26 6:33,61,39.10761914,-76.58339739
N,Apparently Normal,No Misuse,N,No Injury,f245f831-f75a-4ca7-95f6-edc35fa530b6,D,AC13380017,Shoulder/Lap Belt(s),M,07862fae-1bf3-4fbc-b723-a10dffc2eed7,Same Movement Angle,N,Intersection,Acceleration Lane,Daylight,No Defects,"Two-way, Divided, Positive Median Barrier",Dry,Clear,Twelve o'clock,Passenger Car,Disabling,N,Accelerating,2015-03-26 18:18,26,39.01016293,-76.69877798
N,Apparently Normal,No Misuse,Y,No Injury,c84a9e09-9e2d-48aa-8024-d23aefb51cac,D,AC13380017,Shoulder/Lap Belt(s),M,b84fff76-efc7-471b-901c-73120ab3a0ca,Same Movement Angle,N,Intersection,Acceleration Lane,Daylight,No Defects,"Two-way, Divided, Positive Median Barrier",Dry,Clear,Twelve o'clock,(Sport) Utility Vehicle,Disabling,N,Accelerating,2015-03-26 18:18,67,39.01016293,-76.69877798
N,Apparently Normal,No Misuse,N,No Injury,997a80eb-fa6d-4bf7-a3a3-8e25baf0222e,D,AC13640019,Shoulder/Lap Belt(s),M,b3ec1b8d-c602-4431-8972-29ed946bd485,Single Vehicle ,N,Non Intersection,Right Turn Lane,Dark No Lights,No Defects,"Two-way, Divided, Positive Median Barrier",Dry,Clear,Twelve o'clock,(Sport) Utility Vehicle,Disabling,N,Moving Constant Speed,2015-02-28 18:32,70,39.12119578,-76.57413658
N,Apparently Normal,No Misuse,N,No Injury,b594d4dc-399a-4eed-a18a-a4d02193a973,D,AC1403000X,Shoulder/Lap Belt(s),M,1c094822-4d4f-4ca1-9285-11db841a94e9,Same Direction Sideswipe,N,Intersection Related,Left Turn Lane,Dark Lights On,No Defects,"Two-way, Not Divided",Dry,Cloudy,Five o'clock,(Sport) Utility Vehicle,Functional,N,Stopped in Traffic Lane,2015-01-09 19:09,35,39.19387837,-76.6083717
N,Apparently Normal,No Misuse,N,No Injury,7672eb05-4e26-4e0b-8ce6-0e50dc945341,D,AC1414000L,Shoulder/Lap Belt(s),M,6c706d41-333c-41c1-8081-a96862d8dfcf,Angle Meets Left Turn,N,Intersection,Right Turn Lane,Daylight,No Defects,"Two-way, Not Divided",Dry,Clear,Ten o'clock,Passenger Car,Disabling,N,Moving Constant Speed,2015-02-25 8:04,55,39.12739698,-76.53121233
N,Apparently Normal,No Misuse,Y,Non-incapacitating Injury,0ad04f56-4d85-4224-807c-eae7d70537b2,D,AC1414000L,Shoulder/Lap Belt(s),M,c3ab45ca-8436-456b-8ee2-bb98c849b4ea,Angle Meets Left Turn,N,Intersection,Right Turn Lane,Daylight,No Defects,"Two-way, Not Divided",Dry,Clear,One o'clock,Passenger Car,Disabling,N,Making Left Turn,2015-02-25 8:04,23,39.12739698,-76.53121233
N,Apparently Normal,No Misuse,N,No Injury,1a57112d-f561-4703-8151-15a527cfc13c,D,AC1490000K,Shoulder/Lap Belt(s),M,6fc2e069-94c6-47dc-b32c-4f8cd3aeb6a1,Head On Left Turn,N,Intersection,Acceleration Lane,Dark No Lights,No Defects,"Two-way, Divided, Positive Median Barrier",Dry,Clear,One o'clock,Passenger Car,Disabling,N,Starting From Lane,2015-02-07 18:38,30,39.010173,-76.69768722
N,Apparently Normal,No Misuse,Y,Possible Incapacitating Injury,1e1dc1fb-d603-4b1b-8116-4e3db1308079,D,AC1490000K,Shoulder/Lap Belt(s),M,1d5ba5da-0f72-46ce-96b9-7894470b2850,Head On Left Turn,N,Intersection,Acceleration Lane,Dark No Lights,No Defects,"Two-way, Divided, Positive Median Barrier",Dry,Clear,Three o'clock,Passenger Car,Disabling,N,Making Left Turn,2015-02-07 18:38,27,39.010173,-76.69768722
N,Apparently Normal,No Misuse,Y,No Injury,59947b01-1930-44a5-be28-fc3f4584e8d1,D,AC15370007,Shoulder/Lap Belt(s),M,ece0627f-5a2c-426b-a59a-54f7335d6913,Same Direction Rear End Right Turn,N,Non Intersection,Right Turn Lane,Dark Lights On,No Defects,"Two-way, Not Divided",Dry,Clear,One o'clock,(Sport) Utility Vehicle,Disabling,N,Moving Constant Speed,2015-01-25 0:57,31,39.14815928,-76.60665607
N,Apparently Normal,No Misuse,Y,No Injury,d5fa1cdf-a2c7-4653-a409-2b592ab9187a,D,AC15370008,Shoulder/Lap Belt(s),M,47e7a23a-6707-494e-96fd-c7a0927d37fa,Same Direction Sideswipe,N,Intersection Related,Left Turn Lane,Dark Lights On,No Defects,"Two-way, Divided, Positive Median Barrier",Snow,Snow,One o'clock,(Sport) Utility Vehicle,Superficial,N,Changing Lanes,2015-02-01 23:20,68,39.13576308,-76.59533352
Y,Apparently Normal,No Misuse,N,No Injury,e93ec1e8-7886-452c-a5ce-087df4ab7d44,D,AC1538000G,Shoulder/Lap Belt(s),M,0b000e4e-56f8-4e1b-b0ec-75a0cbf27161,Head On Left Turn,N,Intersection,Right Turn Lane,Daylight,No Defects,"Two-way, Not Divided",Dry,Clear,Twelve o'clock,Pickup Truck,Disabling,N,Moving Constant Speed,2015-01-07 14:58,47,38.8224238,-76.61043406
N,Apparently Normal,No Misuse,Y,No Injury,66787ee8-9ee4-4b26-8c82-4d684b890566,D,AC1538000G,Shoulder/Lap Belt(s),M,a5804780-cc7c-4aaf-a7d5-32ab850da4e8,Head On Left Turn,N,Intersection,Right Turn Lane,Daylight,No Defects,"Two-way, Not Divided",Dry,Clear,Eleven o'clock,Passenger Car,Disabling,N,Making Left Turn,2015-01-07 14:58,17,38.8224238,-76.61043406
N,Apparently Normal,No Misuse,N,No Injury,ea8538ee-116d-4066-b17b-4c93d12b7e10,D,AC1550000B,Shoulder/Lap Belt(s),M,1d21472e-eefa-4e50-b5ae-e417d4fa00a1,Same Direction Rear End,N,Non Intersection,Left Turn Lane,Dark Lights On,No Defects,"Two-way, Divided, Positive Median Barrier",Dry,Clear,Six o'clock,(Sport) Utility Vehicle,Functional,N,Moving Constant Speed,2015-01-05 23:04,50,39.10018437,-76.81644917