CDL_FLAG,CONDITION_CODE,EQUIP_PROB_CODE,FAULT_FLAG,INJ_SEVER_CODE,PERSON_ID,PERSON_TYPE,REPORT_NO,SAF_EQUIP_CODE,SEX_CODE,VEHICLE_ID,COLLISION_TYPE_CODE,C_M_ZONE_FLAG,JUNCTION_CODE,LANE_CODE,LIGHT_CODE,RD_COND_CODE,RD_DIV_CODE,SURF_COND_CODE,WEATHER_CODE,AREA_DAMAGED_CODE_MAIN,BODY_TYPE_CODE,DAMAGE_CODE,HIT_AND_RUN_FLAG,MOVEMENT_CODE,TIME,AGE,LATITUDE,LONGITUDE
N,Apparently Normal,No Misuse,N,No Injury,1cca3818-2ef2-441d-ba38-ce3036b33656,D,DA39520004,Shoulder/Lap Belt(s),M,4f32131d-f3d1-4d68-a58c-43fd99ac0607,Same Direction Left Turn,N,Non Intersection,Left Turn Lane,Daylight,No Defects,"Two-way, Not Divided",Wet,Wintry Mix,Two o'clock,Passenger Car,Superficial,N,Moving Constant Speed,2015-01-12 11:46,71,38.92011235,-76.87194943
N,Apparently Normal,No Misuse,Y,No Injury,1b0e3959-c496-4ccf-9631-411bb4f17e5e,D,DA39520004,Shoulder/Lap Belt(s),M,55f8ec44-a135-4fcb-a2fe-5b82af1ddc69,Same Direction Left Turn,N,Non Intersection,Left Turn Lane,Daylight,No Defects,"Two-way, Not Divided",Wet,Wintry Mix,Ten o'clock,Van,Superficial,N,Changing Lanes,2015-01-12 11:46,29,38.92011235,-76.87194943
N,Apparently Normal,No Misuse,N,No Injury,1842c0b7-02b8-4e05-9a9a-ceef1e7a8cb5,D,DD55270008,Shoulder/Lap Belt(s),M,2760ede5-a32b-46e5-9869-867a1d82f23b,Same Movement Angle,N,Intersection,Right Turn Lane,Daylight,No Defects,"Two-way, Not Divided",Dry,Clear,Ten o'clock,(Sport) Utility Vehicle,Disabling,N,Moving Constant Speed,2015-01-22 12:14,64,39.07052167,-77.13125667
N,Apparently Normal,No Misuse,Y,No Injury,bd72dd62-7e71-45eb-8b41-aca032932bf7,D,DD55270008,Shoulder/Lap Belt(s),M,1be13eee-e430-4e7f-b16c-37d39ed22f46,Same Movement Angle,N,Intersection,Right Turn Lane,Daylight,No Defects,"Two-way, Not Divided",Dry,Clear,Two o'clock,(Sport) Utility Vehicle,Disabling,N,Starting From Parked,2015-01-22 12:14,24,39.07052167,-77.13125667
N,Apparently Normal,No Misuse,N,No Injury,a6cec29b-b879-409d-b6d6-008af52d3ddb,D,DD5594000V,Shoulder/Lap Belt(s),M,28c2fc6f-be52-4096-9d7b-9d83bfef800b,Angle Meets Left Turn,N,Intersection,Right Turn Lane,Daylight,No Defects,"Two-way, Divided, Positive Median Barrier",Wet,Raining,Eleven o'clock,Passenger Car,Disabling,N,Accelerating,2015-03-10 15:52,46,39.11026333,-77.174885
N,Apparently Normal,No Misuse,Y,No Injury,e221c192-e876-4a71-8f2a-4bc079620090,D,DD5594000V,Shoulder/Lap Belt(s),M,b11c6947-ef43-476d-905d-de77b974fab8,Angle Meets Left Turn,N,Intersection,Right Turn Lane,Daylight,No Defects,"Two-way, Divided, Positive Median Barrier",Wet,Raining,One o'clock,Passenger Car,Disabling,N,Accelerating,2015-03-10 15:52,38,39.11026333,-77.174885
N,Apparently Normal,No Misuse,Y,No Injury,9261e21d-0eb9-40a6-b45b-adbbc2f01410,D,DE0164000R,Shoulder/Lap Belt(s),M,138bc82f-1e97-4560-9430-32a72779b8de,Single Vehicle ,N,Non Intersection,Right Turn Lane,Dark Lights On,No Defects,"Two-way, Divided, Positive Median Barrier",Snow,Snow,Twelve o'clock,Passenger Car,Disabling,N,Skidding,2015-02-09 23:46,51,38.37300333,-75.61625719
N,Apparently Normal,No Misuse,N,No Injury,33d7d9c7-c666-4e77-af1a-76931ff24bcd,D,DE0196001X,Shoulder/Lap Belt(s),M,ddadf22e-360c-4ab4-85f3-ddf7cb9ae36f,Same Direction Sideswipe,N,Non Intersection,Left Turn Lane,Daylight,No Defects,"Two-way, Not Divided",Dry,Cloudy,Eight o'clock,(Sport) Utility Vehicle,Functional,N,Moving Constant Speed,2015-03-11 16:33,67,38.36316148,-75.59619427
N,Apparently Normal,No Misuse,Y,No Injury,bc94596d-4e05-4de9-aebb-f958b670ec99,D,DE0196001X,Shoulder/Lap Belt(s),M,d9cd5a6c-2edd-413e-a65c-39baae0f2306,Same Direction Sideswipe,N,Non Intersection,Left Turn Lane,Daylight,No Defects,"Two-way, Not Divided",Dry,Cloudy,Three o'clock,Van,Functional,Y,Moving Constant Speed,2015-03-11 16:33,77,38.36316148,-75.59619427
N,Apparently Normal,No Misuse,N,No Injury,020bd141-5318-48c2-a912-618fb39c6fa2,D,DE3104000C,Shoulder/Lap Belt(s),M,ddde7035-59a3-461a-84ce-f7564df4236c,Same Direction Rear End,N,Intersection Related,Right Turn Lane,Daylight,No Defects,"Two-way, Not Divided with a Continuous Left Turn Lane",Dry,Clear,Six o'clock,Passenger Car,Superficial,N,Slowing or Stopping,2015-03-16 14:55,38,38.36317831,-75.59617281
N,Apparently Normal,No Misuse,Y,No Injury,e1b146a0-3942-4241-b962-c938537238c1,D,DE3104000C,Shoulder/Lap Belt(s),M,0f806c12-c537-4fea-b63b-916524c4a964,Same Direction Rear End,N,Intersection Related,Right Turn Lane,Daylight,No Defects,"Two-way, Not Divided with a Continuous Left Turn Lane",Dry,Clear,Twelve o'clock,Passenger Car,Superficial,N,Moving Constant Speed,2015-03-16 14:55,36,38.36317831,-75.59617281
N,Apparently Normal,No Misuse,N,No Injury,2a6eda95-10be-4254-bfbd-d8d3bfea2372,D,DE41270008,Shoulder/Lap Belt(s),M,8037da28-9fa9-41c7-b6aa-4bcbcb8cffb7,Same Direction Rear End,N,Intersection,Right Turn Lane,Dark Lights On,No Defects,"Two-way, Not Divided",Dry,Clear,Six o'clock,Passenger Car,Functional,N,Stopped in Traffic Lane,2015-02-27 2:10,22,38.36528348,-75.60371786
N,Had Been Drinking,No Misuse,Y,No Injury,a15baf75-4176-4b0b-bb64-fca9bdfb4330,D,DE41270008,Shoulder/Lap Belt(s),M,4d310237-eed8-4df7-b3ca-8fae23965e5d,Same Direction Rear End,N,Intersection,Right Turn Lane,Dark Lights On,No Defects,"Two-way, Not Divided",Dry,Clear,Twelve o'clock,Passenger Car,Functional,N,Moving Constant Speed,2015-02-27 2:10,22,38.36528348,-75.60371786
N,Had Been Drinking,No Misuse,Y,No Injury,4dfeb536-3f7f-442e-985f-51e444a775c6,D,DE4197000L,Shoulder/Lap Belt(s),M,89beb7e8-85cf-4247-a31c-0f25bcc91b01,Single Vehicle ,N,Intersection,Right Turn Lane,Dark Lights On,No Defects,"Two-way, Divided, Positive Median Barrier",Dry,Clear,Twelve o'clock,Passenger Car,Functional,Y,Accelerating,2015-03-15 0:30,36,38.42085176,-75.5651021
N,Apparently Normal,No Misuse,N,No Injury,18f2f4c1-facc-4de0-91ca-fee4f2c5de3b,D,DM83390002,Shoulder/Lap Belt(s),M,bb2eb7d4-76ba-4e85-b73f-540c3041393d,Same Direction Rear End,N,Intersection Related,Right Turn Lane,Daylight,No Defects,"Two-way, Not Divided",Dry,Clear,Six o'clock,Passenger Car,Superficial,N,Stopped in Traffic Lane,2015-03-26 17:31,63,38.98569995,-76.98625445
N,Apparently Normal,No Misuse,Y,No Injury,4226d642-50aa-4a24-8d58-31f49af9dc32,D,DM83390002,Shoulder/Lap Belt(s),M,61388b02-2290-4810-9a0d-253e9fd144a2,Same Direction Rear End,N,Intersection Related,Right Turn Lane,Daylight,No Defects,"Two-way, Not Divided",Dry,Clear,Twelve o'clock,"Cargo Van/Light Truck 2 axles (10,000 lbs (4,536 kg) or less)",Superficial,N,Accelerating,2015-03-26 17:31,34,38.98569995,-76.98625445
N,Apparently Normal,No Misuse,N,No Injury,c78a82f9-90b7-44bf-8b80-dbff2191d332,D,DV0105000C,Shoulder/Lap Belt(s),M,c2f70c4c-f45f-4cc8-8d8c-cb8b8e373119,Same Direction Rear End,N,Intersection,Left Turn Lane,Daylight,No Defects,"Two-way, Not Divided",Dry,Clear,One o'clock,Pickup Truck,Disabling,N,Moving Constant Speed,2015-03-10 11:57,32,39.58443295,-76.99017048
N,Apparently Normal,No Misuse,Y,No Injury,7e05faa7-59ea-498f-99c7-f2a1ce3a77b0,D,DV0105000C,Shoulder/Lap Belt(s),M,5063587e-53a8-41cb-84fb-7f561ade3787,Same Direction Rear End,N,Intersection,Left Turn Lane,Daylight,No Defects,"Two-way, Not Divided",Dry,Clear,Eleven o'clock,Pickup Truck,Disabling,N,Accelerating,2015-03-10 11:57,76,39.58443295,-76.99017048
N,Apparently Normal,No Misuse,N,No Injury,4701f23b-7249-4075-af09-3b3c97eddbc7,D,EE0104000C,Shoulder/Lap Belt(s),M,62bf1805-a07d-4962-aeb7-09e11d1ff267,Same Direction Rear End,N,Intersection,Right Turn Lane,Dark Lights On,No Defects,"Two-way, Not Divided",Dry,Clear,Six o'clock,Passenger Car,Superficial,N,Stopped in Traffic Lane,2015-02-25 20:00,23,38.21372112,-75.69887996
N,Apparently Normal,No Misuse,Y,No Injury,3e22b4e0-fa1c-4665-b5b0-7f7304946048,D,EJ78430005,Shoulder/Lap Belt(s),M,a83ca444-0f47-42cb-a09b-af140e899efa,Single Vehicle ,N,Intersection,Right Turn Lane,Dark Lights On,No Defects,"Two-way, Divided, Positive Median Barrier",Snow,Snow,Twelve o'clock,Passenger Car,Disabling,N,Skidding,2015-02-14 20:57,44,39.15782,-77.19179333
N,Apparently Normal,No Misuse,N,No Injury,d418d285-dff6-4dde-9ea4-f1b3b63ec13b,D,EJ7846000R,Shoulder/Lap Belt(s),M,11c2cb80-9d2c-4edf-87f1-ba9ee066f15f,Angle Meets Left Turn,N,Residential Driveway,Right Turn Lane,Daylight,No Defects,"Two-way, Divided, Positive Median Barrier",Dry,Clear,Twelve o'clock,Passenger Car,Superficial,N,Moving Constant Speed,2015-03-13 17:52,49,39.14542167,-77.22151167
N,Apparently Normal,No Misuse,Y,No Injury,cf758bdf-ebb5-49f4-857a-e70af672b078,D,EJ7846000R,Shoulder/Lap Belt(s),M,dc8f57c9-ff28-4483-b1af-3e920be33d35,Angle Meets Left Turn,N,Residential Driveway,Right Turn Lane,Daylight,No Defects,"Two-way, Divided, Positive Median Barrier",Dry,Clear,Seven o'clock,Passenger Car,Disabling,N,Making Left Turn,2015-03-13 17:52,31,39.14542167,-77.22151167
N,Apparently Normal,No Misuse,N,No Injury,3312be5b-3f32-4126-b2d4-974d54ec1efd,D,EJ7847000T,Shoulder/Lap Belt(s),M,ce55e63c-619f-4b4b-b7fa-4335dc96e054,Same Direction Rear End,N,Intersection Related,Right Turn Lane,Dark Lights On,No Defects,"Two-way, Divided, Positive Median Barrier",Dry,Cloudy,Six o'clock,Passenger Car,Superficial,N,Stopped in Traffic Lane,2015-02-10 18:15,37,39.14192,-77.21799667
N,Apparently Normal,No Misuse,Y,No Injury,ffae4153-666b-4a57-9fb1-90b61a891ea4,D,EJ7853000J,Shoulder/Lap Belt(s),M,b0136e71-26bc-4ed0-8c0d-595fa2d6fdfd,Same Movement Angle,N,Intersection,Acceleration Lane,Daylight,No Defects,"Two-way, Divided, Positive Median Barrier",Ice,Raining,Twelve o'clock,Passenger Car,Disabling,N,Moving Constant Speed,2015-03-01 17:22,23,39.13295333,-77.24496167
N,Apparently Normal,No Misuse,N,Possible Incapacitating Injury,e5afb957-2dd6-4978-a699-1e24d97afb8f,D,EJ7853000J,Shoulder/Lap Belt(s),M,35dc4ae8-d5d8-46ca-829a-8a062922cebf,Same Movement Angle,N,Intersection,Acceleration Lane,Daylight,No Defects,"Two-way, Divided, Positive Median Barrier",Ice,Raining,Twelve o'clock,Passenger Car,Disabling,N,Making Left Turn,2015-03-01 17:22,46,39.13295333,-77.24496167
N,Apparently Normal,No Misuse,Y,No Injury,3752d40c-065f-437f-aa90-efdb230475a7,D,EP01820004,Shoulder/Lap Belt(s),M,dbd1be56-478e-49ce-9e8d-8f6a79772f4a,Same Direction Rear End,N,Non Intersection,Right Turn Lane,Dark Lights On,No Defects,"Two-way, Not Divided",Dry,Clear,Twelve o'clock,Passenger Car,Superficial,N,Slowing or Stopping,2015-02-06 18:03,53,38.87546542,-75.82538366
Y,Apparently Normal,No Misuse,N,No Injury,09dbd824-cc4a-4b17-ab37-d718561801ac,D,HV01300001,Shoulder/Lap Belt(s),M,5d121ce9-d907-4b2f-af1f-3bef0f0de428,Same Direction Right Turn,N,Non Intersection,Acceleration Lane,Dusk,No Defects,"Two-way, Divided, Positive Median Barrier",Dry,Clear,Eleven o'clock,Transit Bus,Functional,N,Moving Constant Speed,2015-02-03 6:30,44,38.96621607,-76.94635391
N,Apparently Normal,No Misuse,Y,No Injury,4e4aabc2-3331-4d65-9a10-519d11c39f79,D,HV01300001,Shoulder/Lap Belt(s),M,795af42a-636f-4721-b99d-861d8143d4ce,Same Direction Right Turn,N,Non Intersection,Acceleration Lane,Dusk,No Defects,"Two-way, Divided, Positive Median Barrier",Dry,Clear,One o'clock,Passenger Car,Disabling,N,Moving Constant Speed,2015-02-03 6:30,34,38.96621607,-76.94635391
N,Apparently Normal,No Misuse,N,No Injury,85d75880-597c-4c70-85e5-e87359483a55,D,MCP0730000J,Shoulder/Lap Belt(s),M,40f13345-2f5d-415c-9f05-f52d0ee6800c,Single Vehicle ,N,Non Intersection,Right Turn Lane,Dark No Lights,No Defects,"Two-way, Not Divided",Dry,Clear,Twelve o'clock,Police Vehicle/Non Emergency,Superficial,N,Moving Constant Speed,2015-01-18 17:32,50,39.22031834,-77.17507124
N,Apparently Normal,No Misuse,Y,No Injury,2b434040-0755-48a6-acae-9a277f494bf6,D,MCP1020000R,Shoulder/Lap Belt(s),M,5120daa9-0660-45f6-8317-f486daabbac2,Single Vehicle ,N,Non Intersection,Right Turn Lane,Daylight,No Defects,"Two-way, Not Divided",Ice,Clear,One o'clock,(Sport) Utility Vehicle,Disabling,N,Moving Constant Speed,2015-03-02 7:14,41,39.34040333,-77.183245
Y,Apparently Normal,No Misuse,Y,No Injury,395310fd-7aa1-40df-8445-695f2c3a00af,D,MCP1022001W,Shoulder/Lap Belt(s),M,78f3007d-087c-4b49-bb1e-e7281beea4d1,Same Direction Rear End,N,Non Intersection,Right Turn Lane,Daylight,No Defects,"Two-way, Not Divided",Snow,Snow,Six o'clock,Transit Bus,Superficial,N,Stopped in Traffic Lane,2015-01-06 12:05,33,39.24408667,-77.27867
N,Apparently Normal,No Misuse,N,No Injury,e9e6bc54-a940-48dd-85b9-16b3fdbf7e9c,D,MCP1564000G,Shoulder/Lap Belt(s),M,10594846-4adf-494c-afc2-7ca40cfb8d2c,Same Direction Rear End Left Turn,N,Non Intersection,Right Turn Lane,Daylight,No Defects,"Two-way, Not Divided with a Continuous Left Turn Lane",Ice,Wintry Mix,Eleven o'clock,Passenger Car,Functional,N,Moving Constant Speed,2015-01-03 8:16,53,39.17473667,-77.02249167
N,Apparently Normal,No Misuse,N,No Injury,dd1fbff6-1f12-46e8-b6f4-8522025b9e60,D,MCP1564000G,Shoulder/Lap Belt(s),M,c43d64d0-1343-422f-9de3-b595076463a1,Same Direction Rear End Left Turn,N,Non Intersection,Right Turn Lane,Daylight,No Defects,"Two-way, Not Divided with a Continuous Left Turn Lane",Ice,Wintry Mix,Twelve o'clock,Passenger Car,Destroyed,N,Moving Constant Speed,2015-01-03 8:16,49,39.17473667,-77.02249167
N,Apparently Normal,No Misuse,N,No Injury,77d72e05-7285-4ad7-aa67-a21b939fdf00,D,MCP16040007,Shoulder/Lap Belt(s),M,41fdb1e5-1aa6-4a26-9f18-35ff07f2e814,Same Movement Angle,N,Intersection,Right Turn Lane,Daylight,No Defects,"Two-way, Divided, Unprotected (painted >4 feet) Median",Dry,Clear,One o'clock,Passenger Car,Disabling,N,Moving Constant Speed,2015-01-11 10:26,51,39.167185,-77.17268333
N,Apparently Normal,No Misuse,Y,No Injury,0d8303e7-e126-46eb-aa41-abfacce0bfdb,D,MCP16040007,Shoulder/Lap Belt(s),M,e8f37579-5897-425c-bb76-858700d01b89,Same Movement Angle,N,Intersection,Right Turn Lane,Daylight,No Defects,"Two-way, Divided, Unprotected (painted >4 feet) Median",Dry,Clear,Eleven o'clock,Passenger Car,Disabling,N,Moving Constant Speed,2015-01-11 10:26,36,39.167185,-77.17268333
N,Apparently Normal,No Misuse,N,No Injury,1769bd8e-375d-4d4b-8353-972b96121f7c,D,MCP2116001D,Shoulder/Lap Belt(s),M,d8f3d9c5-8efa-4238-87bb-7bda47bed7fc,Same Direction Rear End,N,Residential Driveway,Right Turn Lane,Daylight,No Defects,"Two-way, Not Divided",Wet,Clear,Six o'clock,Passenger Car,Superficial,N,Slowing or Stopping,2015-01-23 8:11,32,39.072175,-77.28535167
N,Apparently Normal,No Misuse,Y,No Injury,8d6b4404-06f2-4185-8fb4-27d0251f9b6e,D,MCP2116001D,Shoulder/Lap Belt(s),M,1317c951-320d-4a2a-b1f0-e00602b4de0a,Same Direction Rear End,N,Residential Driveway,Right Turn Lane,Daylight,No Defects,"Two-way, Not Divided",Wet,Clear,Twelve o'clock,Passenger Car,Disabling,N,Moving Constant Speed,2015-01-23 8:11,50,39.072175,-77.28535167
N,Apparently Normal,No Misuse,Y,No Injury,6e2799fd-75c8-4580-9314-5662563406f5,D,MCP2683000H,Shoulder/Lap Belt(s),M,8e1fa224-1d93-429d-b828-420561284edb,Head On Left Turn,N,Intersection,Right Turn Lane,Daylight,No Defects,"Two-way, Divided, Unprotected (painted >4 feet) Median",Wet,Raining,Twelve o'clock,Passenger Car,Disabling,N,Making Left Turn,2015-01-18 11:49,37,39.13811,-77.19427
N,Apparently Normal,No Misuse,N,Possible Incapacitating Injury,efd7a7d2-8059-42ba-b5db-a61848b45c31,D,MCP2683000H,Shoulder/Lap Belt(s),M,f8c096a9-792f-48cc-91ab-02a76e12a167,Head On Left Turn,N,Intersection,Right Turn Lane,Daylight,No Defects,"Two-way, Divided, Unprotected (painted >4 feet) Median",Wet,Raining,Eleven o'clock,Passenger Car,Disabling,N,Moving Constant Speed,2015-01-18 11:49,60,39.13811,-77.19427
N,Apparently Normal,No Misuse,Y,No Injury,00a82331-6654-49cb-b3e8-06b47817af8a,D,MCP2693000J,Shoulder/Lap Belt(s),M,ce9f740f-b03c-4d9c-b32b-6e6494521040,Same Direction Sideswipe,N,Intersection,Left Turn Lane,Dark Lights On,No Defects,"Two-way, Divided, Positive Median Barrier",Dry,Clear,Eleven o'clock,Passenger Car,Superficial,N,Slowing or Stopping,2015-01-05 18:57,59,39.06146333,-77.09179
N,Apparently Normal,No Misuse,N,No Injury,82e403aa-e408-43ff-985d-5247c2d43f82,D,MCP2698000L,Shoulder/Lap Belt(s),M,2fbc8a54-f982-4271-8d42-c621b5545a10,Single Vehicle ,N,Non Intersection,Right Turn Lane,Daylight,No Defects,"Two-way, Not Divided",Ice,Raining,Twelve o'clock,Passenger Car,Disabling,N,Moving Constant Speed,2015-01-12 11:20,29,39.11969667,-77.04256333
N,Apparently Normal,No Misuse,N,No Injury,bb972d07-b166-417b-b7fc-a5d4c95ed353,D,MCP2728000Z,Shoulder/Lap Belt(s),M,3a58a6de-1c94-4b28-b85c-a86f8c3a5e50,Head On Left Turn,N,Intersection,Right Turn Lane,Dark Lights On,No Defects,"Two-way, Divided, Positive Median Barrier",Wet,Raining,Twelve o'clock,Passenger Car,Disabling,N,Moving Constant Speed,2015-03-04 18:52,20,39.03374167,-77.00238
N,Apparently Normal,No Misuse,Y,No Injury,36608a24-11e0-4187-8a2e-93c9d8ece9fc,D,MCP2728000Z,Shoulder/Lap Belt(s),M,2cca3e96-3cc3-4f8a-b796-db878894e59d,Head On Left Turn,N,Intersection,Right Turn Lane,Dark Lights On,No Defects,"Two-way, Divided, Positive Median Barrier",Wet,Raining,Three o'clock,Passenger Car,Disabling,N,Making Left Turn,2015-03-04 18:52,31,39.03374167,-77.00238
N,Apparently Normal,No Misuse,N,No Injury,12398e30-cb29-43e8-b485-db182ac7a86e,D,MCP2772000Q,Shoulder/Lap Belt(s),M,79201861-9ac6-4124-a3e3-011ce2b9cd43,Same Movement Angle,N,Intersection,Right Turn Lane,Dark Lights On,No Defects,"Two-way, Not Divided",Wet,Clear,One o'clock,Van,Disabling,N,Moving Constant Speed,2015-01-07 3:17,59,39.02705167,-77.13238
N,Had Been Drinking,No Misuse,Y,No Injury,49b314ab-c6e9-4451-8ef3-a137dcdd25fd,D,MCP2798000T,Shoulder/Lap Belt(s),M,e452e9a9-0bb3-4ef5-9aa1-d3882931b411,Single Vehicle ,N,Non Intersection,Acceleration Lane,Dark Lights On,No Defects,"Two-way, Divided, Positive Median Barrier",Dry,Clear,Twelve o'clock,Passenger Car,Destroyed,N,Moving Constant Speed,2015-03-08 4:50,29,39.02237667,-77.016135
N,Apparently Normal,No Misuse,N,No Injury,8745be11-b34a-47a0-a5b2-99e1425d7f3e,D,MCP29100017,Shoulder/Lap Belt(s),M,fddce5fc-57bd-455a-9507-9135d4cf7070,Same Direction Rear End,N,Non Intersection,Deceleration Lane,Daylight,No Defects,"Two-way, Divided, Positive Median Barrier",Dry,Clear,Twelve o'clock,Pickup Truck,Disabling,N,Moving Constant Speed,2015-03-29 10:36,33,39.014055,-77.04238
N,Apparently Normal,No Misuse,Y,No Injury,3b14e0ca-35c5-4159-b4da-40d9acb7c811,D,MCP29100017,Shoulder/Lap Belt(s),M,7ce4574d-3c2c-4e46-ae41-44a4572bb3b4,Same Direction Rear End,N,Non Intersection,Deceleration Lane,Daylight,No Defects,"Two-way, Divided, Positive Median Barrier",Dry,Clear,Six o'clock,Passenger Car,Superficial,N,Slowing or Stopping,2015-03-29 10:36,25,39.014055,-77.04238
N,Apparently Normal,No Misuse,N,No Injury,6ec51a07-f47f-41af-8364-550628655975,D,MCP9113000L,Shoulder/Lap Belt(s),M,1c7ac8a4-b742-4cff-a1ce-bf3758b68574,Same Direction Rear End,N,Intersection Related,Left Turn Lane,Daylight,No Defects,"Two-way, Divided, Positive Median Barrier",Wet,Clear,Six o'clock,Passenger Car,Functional,N,Moving Constant Speed,2015-02-15 16:00,64,39.152135,-77.06439167
N,Apparently Normal,No Misuse,Y,No Injury,47108522-e819-4e36-8948-00c5f7fb3b11,D,MSP04860023,Shoulder/Lap Belt(s),M,faf2ffa1-214d-4e02-a4e1-7321f9a05dcd,Same Direction Rear End,N,Non Intersection,Right Turn Lane,Daylight,No Defects,"Two-way, Not Divided",Dry,Clear,Twelve o'clock,Van,Disabling,N,Slowing or Stopping,2015-02-07 12:35,45,39.61077317,-77.7301385
N,Apparently Normal,No Misuse,N,No Injury,1966d82d-480f-4001-92ab-16d5b92c6da3,D,MSP1866000V,Shoulder/Lap Belt(s),M,c1242543-8447-4291-be9d-b1f39d890d0e,Single Vehicle ,N,Non Intersection,Right Turn Lane,Dark No Lights,No Defects,"Two-way, Not Divided",Dry,Cloudy,Twelve o'clock,(Sport) Utility Vehicle,Disabling,N,Moving Constant Speed,2015-02-14 18:59,55,38.56121033,-75.83203317
N,Apparently Normal,No Misuse,N,No Injury,df7356e6-b7ea-4a68-8a1f-4e2eea775f95,D,MSP4622001D,Shoulder/Lap Belt(s),M,e540e7f8-af0a-4f41-bcdd-d4de3094d027,Same Direction Rear End,N,Non Intersection,Right Turn Lane,Daylight,No Defects,"Two-way, Divided, Positive Median Barrier",Wet,Snow,Six o'clock,Passenger Car,Disabling,N,Slowing or Stopping,2015-03-20 9:01,39,39.205666,-76.689458
N,Apparently Normal,No Misuse,N,No Injury,4f747262-3545-4f69-a49f-3f94b18c9ee9,D,MSP4622001D,Shoulder/Lap Belt(s),M,ef9cd980-e392-4914-b2fc-b8d505f4043e,Same Direction Rear End,N,Non Intersection,Right Turn Lane,Daylight,No Defects,"Two-way, Divided, Positive Median Barrier",Wet,Snow,Six o'clock,Passenger Car,No Damage,N,Moving Constant Speed,2015-03-20 9:01,26,39.205666,-76.689458
N,Apparently Normal,No Misuse,Y,No Injury,0bfcce3b-c088-4f0a-8af6-8109810c2dc8,D,MSP4622001D,Shoulder/Lap Belt(s),M,e3c77bf6-7f86-41eb-96bc-7afea653589d,Same Direction Rear End,N,Non Intersection,Right Turn Lane,Daylight,No Defects,"Two-way, Divided, Positive Median Barrier",Wet,Snow,Six o'clock,Passenger Car,Disabling,N,Slowing or Stopping,2015-03-20 9:01,70,39.205666,-76.689458
N,Apparently Normal,No Misuse,Y,No Injury,ec56e169-0774-4cfb-9680-dd87db95badd,D,MSP4622001D,Shoulder/Lap Belt(s),M,9269d20f-f491-42d9-92bc-64b70e398765,Same Direction Rear End,N,Non Intersection,Right Turn Lane,Daylight,No Defects,"Two-way, Divided, Positive Median Barrier",Wet,Snow,Twelve o'clock,Recreational Vehicle,No Damage,N,Slowing or Stopping,2015-03-20 9:01,29,39.205666,-76.689458
N,Apparently Normal,No Misuse,N,No Injury,6d047349-a607-46c6-b28a-ca50732896f8,D,MSP4739000Y,Shoulder/Lap Belt(s),M,20a9ec71-f998-4222-97b3-1b813d0a538a,Single Vehicle ,N,Non Intersection,Right Turn Lane,Daylight,No Defects,"Two-way, Divided, Positive Median Barrier",Ice,Wintry Mix,Eleven o'clock,Passenger Car,Disabling,N,Moving Constant Speed,2015-03-01 12:15,20,39.29147867,-75.85388867
N,Apparently Normal,No Misuse,N,No Injury,d9cd1da9-d595-451e-a030-5a70b80595ed,D,MSP4849001B,Shoulder/Lap Belt(s),M,3785c429-74e1-4778-bb38-3d2bbeb21f7c,Same Direction Rear End,N,Non Intersection,Right Turn Lane,Daylight,No Defects,"Two-way, Not Divided",Snow,Wintry Mix,Six o'clock,Pickup Truck,Superficial,N,Stopped in Traffic Lane,2015-03-01 11:00,45,39.43295433,-76.3057355
N,Apparently Normal,No Misuse,N,No Injury,27463141-7263-447c-9eba-131e2786592b,D,MSP50900039,Shoulder/Lap Belt(s),M,473bad27-738f-4f32-819a-dfce6275c22b,Same Direction Rear End,N,Non Intersection,Left Turn Lane,Dark No Lights,No Defects,"Two-way, Divided, Positive Median Barrier",Wet,Sleet,Six o'clock,(Sport) Utility Vehicle,Functional,N,Slowing or Stopping,2015-01-11 23:19,39,39.36286767,-77.51233283
N,Apparently Normal,No Misuse,N,Possible Incapacitating Injury,4b54e419-68e8-4215-9b50-c47b6c17f44b,D,MSP50900039,Shoulder/Lap Belt(s),M,d136e2fa-f241-4470-a845-322bca97b134,Same Direction Rear End,N,Non Intersection,Left Turn Lane,Dark No Lights,No Defects,"Two-way, Divided, Positive Median Barrier",Wet,Sleet,Six o'clock,(Sport) Utility Vehicle,Disabling,N,Slowing or Stopping,2015-01-11 23:19,54,39.36286767,-77.51233283
N,Apparently Normal,No Misuse,Y,No Injury,bdaed47e-dd4f-4efd-90d1-3dc5d5011957,D,MSP5149000K,Shoulder/Lap Belt(s),M,31addf20-e39d-4b58-a8ae-a2c9dc68f56e,Single Vehicle ,N,Non Intersection,Right Turn Lane,Daylight,No Defects,"Two-way, Not Divided",Dry,Clear,Twelve o'clock,Passenger Car,Disabling,N,Moving Constant Speed,2015-03-21 14:05,62,38.20799353,-75.6555866
N,Apparently Normal,No Misuse,Y,No Injury,d3a7c586-6758-4bc1-8958-fafa7badd20d,D,MSP53330064,Shoulder/Lap Belt(s),M,af0eaa51-6949-4ca7-bf7f-64c1ec3fac65,Same Direction Sideswipe,N,Non Intersection,Acceleration Lane,Dark Lights On,No Defects,"Two-way, Divided, Positive Median Barrier",Dry,Clear,Eleven o'clock,Passenger Car,Disabling,N,Moving Constant Speed,2015-01-01 22:47,41,39.2854555,-76.737783