CDL_FLAG,CONDITION_CODE,EQUIP_PROB_CODE,FAULT_FLAG,INJ_SEVER_CODE,PERSON_ID,PERSON_TYPE,REPORT_NO,SAF_EQUIP_CODE,SEX_CODE,VEHICLE_ID,COLLISION_TYPE_CODE,C_M_ZONE_FLAG,JUNCTION_CODE,LANE_CODE,LIGHT_CODE,RD_COND_CODE,RD_DIV_CODE,SURF_COND_CODE,WEATHER_CODE,AREA_DAMAGED_CODE_MAIN,BODY_TYPE_CODE,DAMAGE_CODE,HIT_AND_RUN_FLAG,MOVEMENT_CODE,TIME,AGE,LATITUDE,LONGITUDE
Y,Apparently Normal,No Misuse,N,No Injury,75af6613-e2ef-4bc6-8e72-f38024e9be8a,D,MSP65030005,Shoulder/Lap Belt(s),M,9747285b-4dc7-4a89-9442-ed9914e089ef,Same Direction Rear End,N,Intersection,Right Turn Lane,Daylight,No Defects,"Two-way, Not Divided",Dry,Clear,Six o'clock,School Bus,Superficial,N,Stopped in Traffic Lane,2015-02-11 14:30,73,39.49182108,-75.97648859
N,Apparently Normal,No Misuse,Y,No Injury,806cf74f-813c-4dee-91c5-a568ef41ea27,D,MSP65030005,Shoulder/Lap Belt(s),M,abb5b06c-b2a6-45d4-a44e-2db0ef615316,Same Direction Rear End,N,Intersection,Right Turn Lane,Daylight,No Defects,"Two-way, Not Divided",Dry,Clear,Twelve o'clock,"Other Light Trucks (10,000 lbs (4,536 kg))",Disabling,N,Slowing or Stopping,2015-02-11 14:30,19,39.49182108,-75.97648859
Y,Apparently Normal,No Misuse,Y,No Injury,a683c86b-3aca-4181-b227-08d2b2b04efa,D,ZD58810002,Shoulder/Lap Belt(s),M,9337b37c-0ae8-45e6-b279-565393f4e72a,Same Direction Rear End,N,Non Intersection,Right Turn Lane,Daylight,No Defects,"Two-way, Not Divided",Wet,Raining,Twelve o'clock,Truck Tractor,Superficial,N,Slowing or Stopping,2015-01-12 15:00,24,38.53084461,-76.61197901
N,Apparently Normal,No Misuse,Y,No Injury,c95949f2-f833-45d1-b76c-b6cb3bdb9a29,D,ZG04380003,Shoulder/Lap Belt(s),M,30abd8fb-f3a4-45a4-883d-eff23a141e9a,Same Movement Angle,N,Intersection,Right Turn Lane,Daylight,No Defects,"Two-way, Divided, Positive Median Barrier",Dry,Clear,Eight o'clock,Passenger Car,Functional,N,Slowing or Stopping,2015-02-18 16:34,36,39.60598575,-75.7872507
N,Apparently Normal,No Misuse,N,Non-incapacitating Injury,17c1ff84-40ca-4e84-933d-624782c559ce,D,ZG04380003,Shoulder/Lap Belt(s),M,af571182-f13a-4f57-ac15-16175051d3a8,Same Movement Angle,N,Intersection,Right Turn Lane,Daylight,No Defects,"Two-way, Divided, Positive Median Barrier",Dry,Clear,One o'clock,Police Vehicle/Non Emergency,Functional,N,Accelerating,2015-02-18 16:34,42,39.60598575,-75.7872507
N,Apparently Normal,No Misuse,N,No Injury,8fe8df94-ca06-457b-99b0-704135b6b94d,D,ZH0361000H,Shoulder/Lap Belt(s),M,721c2101-52aa-449a-891f-a8fa1b421373,Same Movement Angle,N,Commercial Driveway,Right Turn Lane,Daylight,No Defects,"Two-way, Not Divided",Dry,Clear,Twelve o'clock,Pickup Truck,Functional,N,Moving Constant Speed,2015-03-29 17:31,55,38.6514497,-76.88103676
N,Apparently Normal,No Misuse,Y,No Injury,f13543ac-f9e9-4dae-8a7e-48cf5698be46,D,ZH03940002,Shoulder/Lap Belt(s),M,71521961-3444-4e00-a261-e7d8c360fba9,Head On Left Turn,N,Intersection,Left Turn Lane,Daylight,No Defects,"Two-way, Divided, Positive Median Barrier",Wet,Raining,Twelve o'clock,Van,Disabling,N,Moving Constant Speed,2015-03-14 14:46,56,38.60493232,-76.89863205
N,Apparently Normal,No Misuse,N,Possible Incapacitating Injury,f6b9af27-ec19-46b1-8695-42967700f408,D,ZH0446000C,Shoulder/Lap Belt(s),M,11e4d241-dc8a-4779-afa4-a125e23a5b8d,Same Movement Angle,N,Intersection,Right Turn Lane,Dark No Lights,No Defects,"Two-way, Divided, Positive Median Barrier",Snow,Snow,Twelve o'clock,Passenger Car,Disabling,N,Making Left Turn,2015-02-14 18:20,21,38.64826,-76.88567667
N,Apparently Normal,No Misuse,N,No Injury,8cfca091-6061-4d41-8d48-c3747b724ca6,D,ZH0541000H,Shoulder/Lap Belt(s),M,08782020-d608-418c-ba7e-c1b215c5e18e,Same Direction Rear End,N,Non Intersection,Right Turn Lane,Dark Lights On,No Defects,"Two-way, Not Divided",Dry,Clear,Six o'clock,(Sport) Utility Vehicle,Functional,N,Slowing or Stopping,2015-02-19 19:57,32,38.62046,-76.91615333
N,Had Been Drinking,No Misuse,Y,No Injury,21220c4a-7e90-470e-89b1-31b17695de5f,D,ZH0541000H,Shoulder/Lap Belt(s),M,1a017c47-e329-4a84-b1f9-3403eb91a3c0,Same Direction Rear End,N,Non Intersection,Right Turn Lane,Dark Lights On,No Defects,"Two-way, Not Divided",Dry,Clear,Twelve o'clock,Pickup Truck,Functional,N,Moving Constant Speed,2015-02-19 19:57,46,38.62046,-76.91615333
N,Apparently Normal,No Misuse,N,No Injury,ae1d731a-7fdf-40b6-9d42-01d00f786a73,D,ZH0546000J,Shoulder/Lap Belt(s),M,f2f8feb1-39c1-4719-8b94-4a31b40a21fe,Same Direction Rear End,N,Intersection Related,Left Turn Lane,Daylight,No Defects,"Two-way, Divided, Positive Median Barrier",Dry,Clear,Twelve o'clock,Passenger Car,Superficial,N,Stopped in Traffic Lane,2015-02-07 12:12,31,38.62941009,-76.91783667
N,Apparently Normal,No Misuse,N,Possible Incapacitating Injury,dfe96d2d-436e-494f-bc8c-7aeee6bf2f14,D,ZJ0466000H,Shoulder/Lap Belt(s),M,f09b0a26-7e20-44dc-b2bf-f082e45f734a,Head On,N,Intersection Related,Right Turn Lane,Dark Lights On,No Defects,"Two-way, Divided, Positive Median Barrier",Dry,Clear,Twelve o'clock,(Sport) Utility Vehicle,Disabling,N,Stopped in Traffic Lane,2015-02-13 23:14,67,39.375903,-77.410181
N,Had Been Drinking,No Misuse,Y,No Injury,59134c8b-2425-4052-9533-af5e4d8fe20c,D,ZJ0466000H,Shoulder/Lap Belt(s),M,161c654f-27b9-4d4a-a506-129d64fc5ba0,Head On,N,Intersection Related,Right Turn Lane,Dark Lights On,No Defects,"Two-way, Divided, Positive Median Barrier",Dry,Clear,Twelve o'clock,(Sport) Utility Vehicle,Disabling,N,Moving Constant Speed,2015-02-13 23:14,51,39.375903,-77.410181
Y,Apparently Normal,No Misuse,Y,No Injury,63b86d66-5b62-49c4-8739-9695b99bacc5,D,ZK0134000D,Shoulder/Lap Belt(s),M,4bb1eb2b-9f93-4019-927a-c3f2b8fd39d1,Single Vehicle ,N,Non Intersection,Right Turn Lane,Dark No Lights,No Defects,"Two-way, Not Divided",Snow,Severe Winds,Two o'clock,Pickup Truck,Disabling,N,Negotiating a Curve,2015-03-05 20:10,23,39.50287762,-79.08996999
N,Apparently Normal,No Misuse,Y,No Injury,080cb7db-7a1b-4eec-89e5-f83ac64ff8de,D,ZK01870005,Shoulder/Lap Belt(s),M,a1a0770a-c069-467f-9925-be887d85a344,Single Vehicle ,N,Non Intersection,Right Turn Lane,Daylight,No Defects,"Two-way, Not Divided",Slush,Snow,Twelve o'clock,(Sport) Utility Vehicle,Disabling,N,Moving Constant Speed,2015-03-01 12:54,38,39.43748564,-79.30146217
N,Apparently Normal,No Misuse,Y,No Injury,7bcf0591-89ea-4f97-b277-bdb97eacbc31,D,ZK01870006,Shoulder/Lap Belt(s),M,4f5e9ef7-e3e3-4576-91d1-030f86057976,Single Vehicle ,N,Non Intersection,Right Turn Lane,Daylight,No Defects,"Two-way, Not Divided",Slush,Snow,Twelve o'clock,Pickup Truck,Destroyed,N,Moving Constant Speed,2015-03-01 12:17,75,39.43755193,-79.30206299
N,Apparently Normal,No Misuse,Y,No Injury,d6a482bf-cc40-45d6-b348-61b54ab57645,D,ZK02010008,Shoulder/Lap Belt(s),M,726ded98-7e97-45a7-9905-dedd5b4aad50,Single Vehicle ,N,Non Intersection,Right Turn Lane,Daylight,Loose Surface Material,"Two-way, Not Divided",Slush,Wintry Mix,Eleven o'clock,Passenger Car,Disabling,N,Moving Constant Speed,2015-01-24 10:06,27,39.48033631,-79.34340119
N,Apparently Normal,No Misuse,Y,No Injury,6487d382-3601-4244-b8ca-4c407cef3aca,D,ZK02040006,Shoulder/Lap Belt(s),M,85914b2c-dab8-4728-8dc1-03e08e2e055d,Single Vehicle ,N,Non Intersection,Right Turn Lane,Daylight,Foreign Material,"Two-way, Not Divided",Ice,Snow,Twelve o'clock,Van,Destroyed,N,Moving Constant Speed,2015-02-01 14:17,21,39.507087,-79.40863922
N,Apparently Normal,No Misuse,N,No Injury,24aafc97-2d4a-42dc-81e3-d5ed9f5519d8,D,ZR0091000M,Shoulder/Lap Belt(s),M,a9adf4cf-96a7-4554-b855-6e02fd41977e,Same Direction Sideswipe,N,Non Intersection,Right Turn Lane,Daylight,No Defects,"Two-way, Not Divided",Dry,Clear,Eleven o'clock,Passenger Car,Disabling,N,Moving Constant Speed,2015-01-16 9:51,27,38.35737352,-76.68339014
N,Apparently Normal,No Misuse,Y,No Injury,34b19a1f-ebc5-49f3-b916-3e9ac87a1874,D,ZR0091000M,Shoulder/Lap Belt(s),M,519e9dea-a6cc-4d08-9a75-9d44389084ef,Same Direction Sideswipe,N,Non Intersection,Right Turn Lane,Daylight,No Defects,"Two-way, Not Divided",Dry,Clear,One o'clock,Pickup Truck,Functional,N,Entering Traffic Lane,2015-01-16 9:51,83,38.35737352,-76.68339014
N,Apparently Normal,No Misuse,Y,No Injury,c0b651c1-fa76-4e17-b2b6-3b756c4b7efc,D,ZR0210000Q,Shoulder/Lap Belt(s),M,24a76545-988e-49d3-8fbe-414aa2607ce8,Same Movement Angle,N,Intersection,Right Turn Lane,Daylight,No Defects,"Two-way, Divided, Unprotected (painted >4 feet) Median",Dry,Clear,Twelve o'clock,Passenger Car,Superficial,N,Moving Constant Speed,2015-01-16 12:01,69,38.31265264,-76.53501034
N,Apparently Normal,No Misuse,N,Non-incapacitating Injury,eeb0ff09-017e-4d99-8d50-8f89ee81088f,D,ZR0210000Q,Shoulder/Lap Belt(s),M,bd7b8216-9052-4a16-a6a1-93f78c1ae60e,Same Movement Angle,N,Intersection,Right Turn Lane,Daylight,No Defects,"Two-way, Divided, Unprotected (painted >4 feet) Median",Dry,Clear,Eleven o'clock,Passenger Car,Functional,N,Making Left Turn,2015-01-16 12:01,31,38.31265264,-76.53501034
N,Apparently Normal,No Misuse,N,No Injury,5c70b490-ee83-46e4-a259-a342e08d50af,D,ZR03030006,Shoulder/Lap Belt(s),M,50c58b01-e6ef-4c7b-8313-f8420ace13d4,Same Direction Sideswipe,N,Non Intersection,Left Turn Lane,Daylight,No Defects,"Two-way, Divided, Unprotected (painted >4 feet) Median",Dry,Clear,Eleven o'clock,Passenger Car,Disabling,N,Moving Constant Speed,2015-01-17 9:30,22,38.42850473,-76.71800137
N,Apparently Normal,No Misuse,Y,No Injury,839ce9b4-4e48-47d5-b9dd-efb5e050036e,D,ZR03030006,Shoulder/Lap Belt(s),M,f48b0087-379f-44ed-bbd0-87a297d7e466,Same Direction Sideswipe,N,Non Intersection,Left Turn Lane,Daylight,No Defects,"Two-way, Divided, Unprotected (painted >4 feet) Median",Dry,Clear,Twelve o'clock,Pickup Truck,Functional,N,Moving Constant Speed,2015-01-17 9:30,45,38.42850473,-76.71800137
N,Apparently Normal,No Misuse,N,No Injury,19ded3ce-5503-4ab7-af8c-6c3497422c6f,D,ZS65140002,Shoulder/Lap Belt(s),M,72038b8a-05a8-4aef-8ef4-5c609f1ff9fe,Angle Meets Left Turn Head On,N,Intersection,Right Turn Lane,Daylight,No Defects,"Two-way, Not Divided",Dry,Clear,Eleven o'clock,"Other Light Trucks (10,000 lbs (4,536 kg))",Functional,N,Moving Constant Speed,2015-02-03 16:30,29,38.02199624,-75.80860376
N,Apparently Normal,No Misuse,Y,No Injury,667b05f2-0309-4bd1-aa7f-9d307cc386e2,D,ZS65140002,Shoulder/Lap Belt(s),M,d93a3667-4dbe-4a8e-9961-79c222d4ddd9,Angle Meets Left Turn Head On,N,Intersection,Right Turn Lane,Daylight,No Defects,"Two-way, Not Divided",Dry,Clear,Seven o'clock,Passenger Car,Disabling,N,Accelerating,2015-02-03 16:30,21,38.02199624,-75.80860376
N,Apparently Normal,No Misuse,Y,No Injury,0c1478b3-6158-46a6-a53d-876630c6fc8d,D,ZU4564000H,Shoulder/Lap Belt(s),M,c7667616-cf50-45de-864f-bfc898dec1b3,Single Vehicle ,N,Non Intersection,Right Turn Lane,Daylight,No Defects,"Two-way, Not Divided",Dry,Cloudy,Twelve o'clock,Station Wagon,Disabling,N,Moving Constant Speed,2015-02-26 13:47,33,39.50312643,-77.783554
N,Apparently Normal,No Misuse,N,No Injury,99f968ad-40f8-41a1-9d5b-a6acb93eaefb,D,ZU77610007,Shoulder/Lap Belt(s),M,528765bc-07e3-4936-8fea-9d5bef23bc3e,Same Direction Both Left Turn,N,Intersection,Right Turn Lane,Daylight,No Defects,"Two-way, Divided, Unprotected (painted >4 feet) Median",Dry,Clear,Two o'clock,Passenger Car,Disabling,N,Making Left Turn,2015-01-15 13:28,42,39.68330244,-77.69716457
N,Apparently Normal,No Misuse,Y,No Injury,ca636eeb-611e-4144-87cf-ca3a9f0e4587,D,ZU77610007,Shoulder/Lap Belt(s),M,e7cfdff1-5819-42d4-be13-1f256ff77260,Same Direction Both Left Turn,N,Intersection,Right Turn Lane,Daylight,No Defects,"Two-way, Divided, Unprotected (painted >4 feet) Median",Dry,Clear,Two o'clock,Passenger Car,Superficial,N,Making Left Turn,2015-01-15 13:28,87,39.68330244,-77.69716457
N,Apparently Normal,No Misuse,Y,No Injury,bd7e8f82-705d-4b06-b820-a2aa6f5ddf07,D,ZU7761000B,Shoulder/Lap Belt(s),M,79580fc3-4745-4491-8848-acc94a8d55cd,Single Vehicle ,N,Non Intersection,Right Turn Lane,Daylight,No Defects,"Two-way, Divided, Unprotected (painted >4 feet) Median",Snow,Snow,Seven o'clock,Passenger Car,Disabling,N,Moving Constant Speed,2015-02-21 15:41,22,39.71657896,-77.72363663
N,Apparently Normal,No Misuse,N,No Injury,e5234d1e-9c11-4714-81d1-7114898f01c7,D,ZVW249000F,Lap Belt Only,M,9bed9080-5d85-4ff9-90a0-a0d1f94fe59f,Head On Left Turn,N,Intersection,Right Turn Lane,Daylight,No Defects,"Two-way, Not Divided",Dry,Clear,Ten o'clock,School Bus,Functional,N,Stopped in Traffic Lane,2015-02-25 9:30,67,38.37678829,-75.67588806
N,Apparently Normal,No Misuse,Y,No Injury,14542d65-91a7-4020-849a-51a6bbd21789,D,ZVW249000F,Lap Belt Only,M,839e1226-548a-4e1e-9949-46b242ee1139,Head On Left Turn,N,Intersection,Right Turn Lane,Daylight,No Defects,"Two-way, Not Divided",Dry,Clear,Ten o'clock,School Bus,Functional,Y,Moving Constant Speed,2015-02-25 9:30,75,38.37678829,-75.67588806
N,Apparently Normal,No Misuse,Y,No Injury,ce434e2c-721c-4feb-88a3-23dddf219bcf,D,ZVW316000D,Shoulder/Lap Belt(s),M,fcaa93d7-8908-403f-98d6-6b5d498f56f0,Single Vehicle ,N,Non Intersection,Right Turn Lane,Daylight,No Defects,"Two-way, Not Divided",Ice,Snow,Eleven o'clock,Passenger Car,Disabling,N,Skidding,2015-03-05 14:25,19,38.4268994,-75.53765774
N,Apparently Normal,No Misuse,Y,No Injury,b65255d7-149f-48fa-aaea-e5385e5c0e81,D,ZW01160003,Shoulder/Lap Belt(s),M,004fe5e5-3236-456e-9da8-5adf68238b11,Single Vehicle ,N,Non Intersection,Right Turn Lane,Dark No Lights,No Defects,"Two-way, Not Divided",Snow,Blowing Snow,Six o'clock,Police Vehicle/Emergency,Superficial,N,Backing,2015-02-14 22:34,25,38.00665,-75.5284
N,Apparently Normal,No Misuse,N,Possible Incapacitating Injury,fe3e9979-15e1-4863-bdce-1cff9ebeb9a6,D,AC1403000Y,Shoulder Belt Only,M,ff30ac0f-6ac4-463f-9f39-501f1e37a862,Same Movement Angle,N,Intersection,Right Turn Lane,Daylight,No Defects,"Two-way, Not Divided",Dry,Cloudy,One o'clock,Passenger Car,Destroyed,N,Moving Constant Speed,2015-01-14 15:43,35,39.20425226,-76.59348451
N,Apparently Normal,No Misuse,Y,Possible Incapacitating Injury,1accb5e2-7321-408c-901c-2434f4e54d81,D,AC1403000Y,Shoulder/Lap Belt(s),M,72187cbd-b055-438b-b9fd-27e8d3ef2333,Same Movement Angle,N,Intersection,Right Turn Lane,Daylight,No Defects,"Two-way, Not Divided",Dry,Cloudy,Twelve o'clock,(Sport) Utility Vehicle,Disabling,N,Making Left Turn,2015-01-14 15:43,72,39.20425226,-76.59348451
N,Apparently Normal,No Misuse,N,No Injury,667cc95e-2876-4cbb-976e-f1b6a0911444,D,AC1414000M,Shoulder/Lap Belt(s),M,1bf22ec3-d98b-4975-a28e-59c0070fa2d6,Same Movement Angle,N,Intersection,Left Turn Lane,Daylight,No Defects,"Two-way, Divided, Positive Median Barrier",Wet,Snow,Twelve o'clock,Passenger Car,Disabling,N,Moving Constant Speed,2015-02-27 8:55,33,39.17749928,-76.54267073
N,Apparently Normal,No Misuse,Y,Non-incapacitating Injury,fac9b00f-c8df-484e-8cc0-b7b84214d06a,D,AC1414000M,Shoulder/Lap Belt(s),M,9f34a4da-c64f-45a8-85b6-1d8f6896b8fa,Same Movement Angle,N,Intersection,Left Turn Lane,Daylight,No Defects,"Two-way, Divided, Positive Median Barrier",Wet,Snow,Two o'clock,Passenger Car,Disabling,N,Making Left Turn,2015-02-27 8:55,67,39.17749928,-76.54267073
N,Apparently Normal,No Misuse,N,Non-incapacitating Injury,2e14127d-2dfd-4c5e-858c-efb60ed44a05,D,AC20090013,Shoulder/Lap Belt(s),M,31c237f5-50be-463e-956e-100c11e91bad,Same Direction Rear End,N,Intersection Related,Acceleration Lane,Daylight,No Defects,One-way Trafficway,Dry,Clear,Six o'clock,(Sport) Utility Vehicle,Destroyed,N,Slowing or Stopping,2015-02-27 12:35,61,39.00872173,-76.69820666
N,Apparently Normal,No Misuse,Y,Non-incapacitating Injury,09176c49-ac03-4aaa-9381-11f029c64143,D,AC20090013,Shoulder/Lap Belt(s),M,13921333-e154-449e-b590-163bc10e0acd,Same Direction Rear End,N,Intersection Related,Acceleration Lane,Daylight,No Defects,One-way Trafficway,Dry,Clear,Twelve o'clock,Passenger Car,Destroyed,N,Slowing or Stopping,2015-02-27 12:35,69,39.00872173,-76.69820666
N,Apparently Normal,No Misuse,Y,No Injury,54e1251d-297b-418a-8f96-fcfd095fe735,D,ADF0510023,Shoulder/Lap Belt(s),M,e94d6c43-d7b7-4733-a0b5-f5032d9bdaf3,Same Direction Rear End,N,Non Intersection,Left Turn Lane,Daylight,No Defects,One-way Trafficway,Dry,Clear,Six o'clock,Van,Superficial,N,Backing,2015-02-28 15:30,27,39.28817426,-76.6108565
N,Apparently Normal,No Misuse,N,Non-incapacitating Injury,ccec4cf7-f4e5-4867-8c20-2f8a1acb8a72,D,ADF0510023,Shoulder/Lap Belt(s),M,a312d8fd-92d1-426f-8b8f-37ed46ca2570,Same Direction Rear End,N,Non Intersection,Left Turn Lane,Daylight,No Defects,One-way Trafficway,Dry,Clear,Twelve o'clock,Passenger Car,Superficial,N,Stopped in Traffic Lane,2015-02-28 15:30,54,39.28817426,-76.6108565
N,Apparently Normal,No Misuse,Y,Non-incapacitating Injury,b7b3851e-cb84-4db5-bf95-38c0b05665c0,D,ADF9900002,Shoulder/Lap Belt(s),M,4ee4a27d-3b92-43ee-a364-7dacf066ae1e,Same Movement Angle,N,Non Intersection,Right Turn Lane,Daylight,No Defects,"Two-way, Not Divided",Dry,Clear,Twelve o'clock,Passenger Car,Disabling,N,Moving Constant Speed,2015-01-15 15:43,43,39.33140021,-76.69570014
N,Apparently Normal,No Misuse,Y,No Injury,b1eed610-ba1c-48dd-9790-ca1f7e736f85,D,ADI048000J,Shoulder/Lap Belt(s),M,8a5e38b6-719a-461a-aeb4-61773db20283,Head On,N,Intersection,Acceleration Lane,Daylight,No Defects,"Two-way, Not Divided",Wet,Raining,Twelve o'clock,"Other Light Trucks (10,000 lbs (4,536 kg))",Functional,N,Making Left Turn,2015-03-31 16:30,34,39.27393005,-76.67145431
N,Apparently Normal,No Misuse,Y,Non-incapacitating Injury,a3257cb9-4a71-45d8-8011-9ad25aa4724c,D,ADI048000J,Shoulder/Lap Belt(s),M,d3c407e4-26bd-49ed-b1f4-ec63dbe7afcb,Head On,N,Intersection,Acceleration Lane,Daylight,No Defects,"Two-way, Not Divided",Wet,Raining,Twelve o'clock,Passenger Car,Destroyed,N,Changing Lanes,2015-03-31 16:30,26,39.27393005,-76.67145431
Y,Apparently Normal,No Misuse,N,No Injury,55cf829e-8efd-4193-8eb0-811f9212eb49,D,ADI2840003,Lap Belt Only,M,ecfce7e3-d715-41fc-b915-50fec93b1549,Opposite Direction Sideswipe,Y,Non Intersection,Shoulder Area,Daylight,Foreign Material,"Two-way, Divided, Unprotected (painted >4 feet) Median",Ice,Cloudy,Nine o'clock,School Bus,Disabling,N,Moving Constant Speed,2015-02-18 14:28,37,39.356246,-76.6
N,Apparently Normal,No Misuse,Y,Non-incapacitating Injury,7f9e56fd-153d-4be0-ac2d-4150388fcedc,D,ADI2840003,Shoulder/Lap Belt(s),M,b6ff73b9-827d-46ba-9f65-44f6cbbf9a9c,Opposite Direction Sideswipe,Y,Non Intersection,Shoulder Area,Daylight,Foreign Material,"Two-way, Divided, Unprotected (painted >4 feet) Median",Ice,Cloudy,Eleven o'clock,(Sport) Utility Vehicle,Disabling,N,Making Left Turn,2015-02-18 14:28,46,39.356246,-76.6
N,Apparently Normal,No Misuse,N,No Injury,e388983e-7b38-4aa0-8b1f-badd9b9f876e,D,ADI6270001,Shoulder/Lap Belt(s),M,71e282af-007d-4df0-be32-86513f56d970,Same Movement Angle,N,Intersection,Right Turn Lane,Dark Lights On,No Defects,One-way Trafficway,Dry,Cloudy,Nine o'clock,Passenger Car,Disabling,N,Moving Constant Speed,2015-01-27 23:36,39,39.30194304,-76.57895565
N,Apparently Normal,No Misuse,Y,No Injury,0450a39c-117c-4d1c-a553-5457d55b4ba2,D,ADI693000F,Shoulder/Lap Belt(s),M,1c539dfe-a784-4874-8611-cf4fffa5f695,Same Direction Left Turn,N,Non Intersection,Right Turn Lane,Daylight,No Defects,"Two-way, Divided, Unprotected (painted >4 feet) Median",Dry,Clear,Twelve o'clock,Passenger Car,Superficial,N,Starting From Parked,2015-03-19 11:00,26,39.28162556,-76.68923065
N,Apparently Normal,No Misuse,N,Non-incapacitating Injury,a22c2db2-c035-4f8e-b7d1-004c31fa5066,D,ADI693000F,Shoulder/Lap Belt(s),M,5b2c5b4c-6651-4dda-9049-015b7c5a4a03,Same Direction Left Turn,N,Non Intersection,Right Turn Lane,Daylight,No Defects,"Two-way, Divided, Unprotected (painted >4 feet) Median",Dry,Clear,Two o'clock,(Sport) Utility Vehicle,Superficial,N,Moving Constant Speed,2015-03-19 11:00,22,39.28162556,-76.68923065
N,Apparently Normal,No Misuse,N,No Injury,32d844a8-f284-4bc7-a20c-f76a4bcc38c8,D,ADJ3230005,Shoulder/Lap Belt(s),M,fd6f88f8-9235-4b6e-8161-435aac2905fb,Single Vehicle ,N,Intersection,Left Turn Lane,Daylight,No Defects,"Two-way, Not Divided",Dry,Clear,Twelve o'clock,Van,Superficial,N,Moving Constant Speed,2015-01-30 8:21,42,39.31002889,-76.64250255
N,Apparently Normal,No Misuse,Y,No Injury,846579ed-f9a2-4069-a3ee-d60c4f9fb1f5,D,ADJ3370002,Shoulder/Lap Belt(s),M,27f6c625-95f8-4233-aec1-c093d285a084,Same Direction Right Turn,N,Intersection,Right Turn Lane,Daylight,"Holes, Ruts, Etc.",One-way Trafficway,Dry,Clear,Five o'clock,Passenger Car,Superficial,N,Changing Lanes,2015-03-16 11:00,64,39.29287647,-76.69768095
N,Apparently Normal,No Misuse,N,Possible Incapacitating Injury,6ade419a-89ae-4b89-a0e4-16c6c279b8ac,D,ADJ3370002,Shoulder/Lap Belt(s),M,1dcab8c6-843e-4d02-8bef-dd836ae4551c,Same Direction Right Turn,N,Intersection,Right Turn Lane,Daylight,"Holes, Ruts, Etc.",One-way Trafficway,Dry,Clear,Twelve o'clock,Passenger Car,Disabling,N,Starting From Lane,2015-03-16 11:00,27,39.29287647,-76.69768095
N,Apparently Normal,No Misuse,N,Non-incapacitating Injury,257966f0-2cda-4576-93de-99ebf20721c0,D,ADJ4140001,Shoulder/Lap Belt(s),M,d474399b-b2c7-4771-9848-93849a4e7664,Same Direction Left Turn,N,Non Intersection,Right Turn Lane,Dark - Unknown Lighting,No Defects,"Two-way, Divided, Positive Median Barrier",Dry,Clear,Two o'clock,Passenger Car,Superficial,N,Moving Constant Speed,2015-01-01 21:41,27,39.34179665,-76.56299651
N,Apparently Normal,No Misuse,N,No Injury,790d0a74-6cb7-4af2-a1e5-d2cbf158349d,D,ADJ5450002,Shoulder/Lap Belt(s),M,0c6b34d1-c449-4f0d-bad7-1707a7863b3c,Same Movement Angle,N,Intersection,Deceleration Lane,Daylight,No Defects,One-way Trafficway,Wet,Raining,Nine o'clock,Passenger Car,Functional,N,Moving Constant Speed,2015-01-03 10:44,31,39.28654911,-76.61221504
N,Apparently Normal,No Misuse,Y,No Injury,b2e4c1f9-d7f5-4111-8c1c-92354df83c5d,D,ADJ5450002,Shoulder/Lap Belt(s),M,38d2ad41-1ff5-4f4a-a76e-86e496e08351,Same Movement Angle,N,Intersection,Deceleration Lane,Daylight,No Defects,One-way Trafficway,Wet,Raining,Twelve o'clock,Passenger Car,Functional,N,Moving Constant Speed,2015-01-03 10:44,22,39.28654911,-76.61221504
N,Apparently Normal,No Misuse,N,No Injury,74ac4f03-67a8-44b7-9a1a-cd5312e00d5c,D,ADJ6260001,Shoulder/Lap Belt(s),M,41c598f2-2b9b-4493-9a21-095eedd77e62,Same Direction Rear End,N,Intersection,Right Turn Lane,Daylight,No Defects,"Two-way, Not Divided",Dry,Clear,Six o'clock,Passenger Car,Superficial,N,Making Left Turn,2015-01-17 15:00,21,39.32096903,-76.5404284
N,Apparently Normal,No Misuse,Y,Non-incapacitating Injury,8fffac9a-8530-4144-badc-ad14fd0dec84,D,ADJ6260001,Shoulder/Lap Belt(s),M,f2e61eb6-6faa-4439-b9f7-ae7ca85250d5,Same Direction Rear End,N,Intersection,Right Turn Lane,Daylight,No Defects,"Two-way, Not Divided",Dry,Clear,Twelve o'clock,Passenger Car,Disabling,N,Moving Constant Speed,2015-01-17 15:00,22,39.32096903,-76.5404284
N,Apparently Normal,No Misuse,N,Non-incapacitating Injury,772af809-25f6-4dd7-9d06-5cf0019b2954,D,AE3568000N,Shoulder/Lap Belt(s),M,7975c716-9256-4967-8868-aa92063662eb,Same Movement Angle,N,Non Intersection,Right Turn Lane,Daylight,No Defects,"Two-way, Not Divided",Dry,Cloudy,Twelve o'clock,Police Vehicle/Emergency,Disabling,N,Slowing or Stopping,2015-01-30 16:28,36,39.48552829,-76.86063051
N,Apparently Normal,No Misuse,N,No Injury,0987e8de-24da-4a3c-9e2a-a8d47a4585af,D,AE3788001S,Shoulder/Lap Belt(s),M,e906970a-60e5-4f46-96d3-154d46de55bb,Same Movement Angle,N,Intersection,Right Turn Lane,Daylight,No Defects,"Two-way, Not Divided",Wet,Cloudy,Five o'clock,Passenger Car,Disabling,N,Accelerating,2015-03-10 12:01,33,39.30782565,-76.75339328