CDL_FLAG,CONDITION_CODE,EQUIP_PROB_CODE,FAULT_FLAG,INJ_SEVER_CODE,PERSON_ID,PERSON_TYPE,REPORT_NO,SAF_EQUIP_CODE,SEX_CODE,VEHICLE_ID,COLLISION_TYPE_CODE,C_M_ZONE_FLAG,JUNCTION_CODE,LANE_CODE,LIGHT_CODE,RD_COND_CODE,RD_DIV_CODE,SURF_COND_CODE,WEATHER_CODE,AREA_DAMAGED_CODE_MAIN,BODY_TYPE_CODE,DAMAGE_CODE,HIT_AND_RUN_FLAG,MOVEMENT_CODE,TIME,AGE,LATITUDE,LONGITUDE
N,Apparently Normal,No Misuse,Y,Possible Incapacitating Injury,410ee420-cb54-41d8-87ff-f858975ad9a0,D,AE3788001S,Shoulder/Lap Belt(s),M,31e80a0e-cc5c-4020-bb35-17f01f1cd6b3,Same Movement Angle,N,Intersection,Right Turn Lane,Daylight,No Defects,"Two-way, Not Divided",Wet,Cloudy,Twelve o'clock,Passenger Car,Disabling,N,Making Right Turn,2015-03-10 12:01,42,39.30782565,-76.75339328
N,Apparently Normal,No Misuse,N,No Injury,6c2f7b71-582a-4ade-882e-6c0f894ad139,D,AE38280012,Shoulder/Lap Belt(s),M,1dbd45b4-2b56-4840-a659-bc5bdbd209d7,Same Movement Angle,N,Intersection,Right Turn Lane,Dark Lights On,No Defects,"Two-way, Not Divided",Dry,Clear,Twelve o'clock,Passenger Car,Disabling,N,Moving Constant Speed,2015-01-17 1:22,47,39.40561011,-76.58148766
N,Had Been Drinking,No Misuse,Y,No Injury,2d2b8465-2278-4307-a187-a7e7123f1288,D,AE38280012,Shoulder/Lap Belt(s),M,c967597d-3470-421c-9bc2-bc238e1657ff,Same Movement Angle,N,Intersection,Right Turn Lane,Dark Lights On,No Defects,"Two-way, Not Divided",Dry,Clear,Five o'clock,(Sport) Utility Vehicle,Disabling,N,Accelerating,2015-01-17 1:22,27,39.40561011,-76.58148766
N,Apparently Normal,No Misuse,N,No Injury,6e2c37be-e8c1-4fc4-91a7-755eb39823c5,D,AE46520006,Shoulder/Lap Belt(s),M,572c6eaf-b2cc-42b4-95af-4a03168dcac3,Same Movement Angle,N,Intersection,Right Turn Lane,Daylight,No Defects,"Two-way, Not Divided with a Continuous Left Turn Lane",Wet,Raining,Twelve o'clock,Passenger Car,Disabling,N,Moving Constant Speed,2015-01-03 15:22,20,39.40978807,-76.46733284
N,Apparently Normal,No Misuse,Y,Non-incapacitating Injury,97151642-bbe7-4b5b-8714-e233c59b6f82,D,AE46520006,Shoulder/Lap Belt(s),M,c00521e7-fdce-44ac-8450-95f39ff68755,Same Movement Angle,N,Intersection,Right Turn Lane,Daylight,No Defects,"Two-way, Not Divided with a Continuous Left Turn Lane",Wet,Raining,Twelve o'clock,Passenger Car,Disabling,N,Making Left Turn,2015-01-03 15:22,26,39.40978807,-76.46733284
N,Apparently Normal,No Misuse,Y,No Injury,c2e4dc57-3d86-4527-bfe9-f278ea53c20c,D,AE4961000Y,Shoulder/Lap Belt(s),M,8830bf47-9333-45d4-9c2e-0a5f3e8262e9,Same Movement Angle,N,Intersection,Left Turn Lane,Daylight,No Defects,"Two-way, Not Divided",Dry,Cloudy,Twelve o'clock,(Sport) Utility Vehicle,Disabling,N,Starting From Lane,2015-02-24 12:12,81,39.34526697,-76.73471689
N,Apparently Normal,No Misuse,N,Non-incapacitating Injury,5611ea66-58b4-4ac5-aa4a-ed2db77abca1,D,AE4961000Y,Shoulder/Lap Belt(s),M,aed62876-c435-4598-bab6-961ac876b6b9,Same Movement Angle,N,Intersection,Left Turn Lane,Daylight,No Defects,"Two-way, Not Divided",Dry,Cloudy,Three o'clock,(Sport) Utility Vehicle,Disabling,N,Moving Constant Speed,2015-02-24 12:12,31,39.34526697,-76.73471689
N,Apparently Normal,No Misuse,N,No Injury,66bac31f-b34a-4e80-a76b-6b982f2627e0,D,AM03110004,Shoulder/Lap Belt(s),M,2173c15d-82be-4391-a24b-953d3e67db4c,Same Movement Angle,N,Non Intersection,Left Turn Lane,Dark Lights On,No Defects,"Two-way, Not Divided",Dry,Clear,One o'clock,Station Wagon,Superficial,N,Moving Constant Speed,2015-03-17 20:15,56,38.9394587,-76.93483114
N,Apparently Normal,No Misuse,N,Non-incapacitating Injury,a5df4d2a-9224-4701-af2f-633c29fa5162,D,BJ01260005,Shoulder/Lap Belt(s),M,6ba21a93-f4da-46af-bc84-d238740a39ec,Same Direction Rear End,N,Intersection Related,Right Turn Lane,Dawn,No Defects,"Two-way, Divided, Positive Median Barrier",Dry,Clear,Six o'clock,(Sport) Utility Vehicle,Disabling,N,Slowing or Stopping,2015-03-24 7:00,78,38.77250453,-76.06021643
N,Apparently Normal,No Misuse,Y,Non-incapacitating Injury,9cb7f7ab-e7fb-4823-8323-d625c1d1835b,D,BJ01260005,Shoulder/Lap Belt(s),M,42869ed6-6f22-478b-ae20-d61c5f8f2f05,Same Direction Rear End,N,Intersection Related,Right Turn Lane,Dawn,No Defects,"Two-way, Divided, Positive Median Barrier",Dry,Clear,Twelve o'clock,Passenger Car,Disabling,N,Moving Constant Speed,2015-03-24 7:00,20,38.77250453,-76.06021643
N,Apparently Normal,No Misuse,Y,No Injury,9ff9c7ed-0b2c-428d-9f03-51233d39abe7,D,CA77490005,Shoulder/Lap Belt(s),M,0b3fbeef-919e-4088-924c-a7ef7d2d2f21,Same Direction Sideswipe,N,Intersection,Right Turn Lane,Dark No Lights,No Defects,"Two-way, Not Divided",Dry,Clear,Three o'clock,Passenger Car,Disabling,N,Starting From Lane,2015-02-04 17:46,20,39.55397312,-76.10212326
N,Apparently Normal,No Misuse,N,Possible Incapacitating Injury,6ac2b7fd-9dc8-4140-97c7-b1ade389c15a,D,CA77490005,Shoulder/Lap Belt(s),M,f6fdf72f-2733-4798-80c9-435e2cba1b07,Same Direction Sideswipe,N,Intersection,Right Turn Lane,Dark No Lights,No Defects,"Two-way, Not Divided",Dry,Clear,Twelve o'clock,Van,Disabling,N,Moving Constant Speed,2015-02-04 17:46,59,39.55397312,-76.10212326
N,Apparently Normal,No Misuse,N,No Injury,71b6365b-b8d5-4263-8be0-7031b8a861a9,D,CB5190000P,Shoulder/Lap Belt(s),M,17c27977-9e4e-477e-a9c7-fd10eb643373,Same Direction Rear End,N,Non Intersection,Right Turn Lane,Daylight,No Defects,"Two-way, Not Divided",Dry,Cloudy,Six o'clock,Passenger Car,No Damage,N,Slowing or Stopping,2015-03-31 15:45,75,39.2358764,-76.87112331
N,Apparently Normal,No Misuse,N,Possible Incapacitating Injury,94b32223-7639-4d8d-91c9-e243b46e2e1f,D,CB54580003,Shoulder/Lap Belt(s),M,48adfe35-6fc4-444c-bcdf-e53b5a0ac3f0,Head On,N,Non Intersection,Left Turn Lane,Dark Lights On,No Defects,"Two-way, Divided, Positive Median Barrier",Dry,Clear,Two o'clock,Passenger Car,Disabling,N,Moving Constant Speed,2015-02-01 0:57,60,39.22906186,-76.81138515
N,Had Been Drinking,No Misuse,Y,Non-incapacitating Injury,9e4a76f2-162e-48a7-8d90-a4cfc82f6561,D,CB54580003,Shoulder/Lap Belt(s),M,3b5375d5-0102-4df3-9aa4-87169b14456d,Head On,N,Non Intersection,Left Turn Lane,Dark Lights On,No Defects,"Two-way, Divided, Positive Median Barrier",Dry,Clear,Twelve o'clock,Passenger Car,Disabling,N,Moving Constant Speed,2015-02-01 0:57,29,39.22906186,-76.81138515
N,Apparently Normal,No Misuse,N,No Injury,6cf36e02-9eda-4909-b7d8-3493f935c71d,D,CC02240002,Shoulder/Lap Belt(s),M,3e9cc62a-755f-4da8-83cf-d7694f5cc957,Same Direction Rear End,N,Non Intersection,Right Turn Lane,Daylight,No Defects,"Two-way, Divided, Unprotected (painted >4 feet) Median",Wet,Snow,Six o'clock,(Sport) Utility Vehicle,Superficial,N,Slowing or Stopping,2015-01-06 12:00,28,38.95617177,-76.96143866
N,Apparently Normal,No Misuse,N,No Injury,7c72e5a4-2a05-4ca8-a81a-2b071c5b0bd0,D,CE41520002,Shoulder/Lap Belt(s),M,770bfecc-2285-4b6d-b4df-8eedb025e5ed,Same Direction Rear End,N,Non Intersection,Left Turn Lane,Daylight,No Defects,One-way Trafficway,Dry,Clear,Six o'clock,Passenger Car,Superficial,N,Stopped in Traffic Lane,2015-01-09 13:37,72,39.10270712,-76.84490204
N,Apparently Normal,No Misuse,Y,No Injury,e1e3efff-2368-47bb-82ba-567cb52c6ee4,D,CE41520002,Shoulder/Lap Belt(s),M,e6b498a1-adb3-46f9-8a6b-14d4a4f850d2,Same Direction Rear End,N,Non Intersection,Left Turn Lane,Daylight,No Defects,One-way Trafficway,Dry,Clear,Twelve o'clock,Van,Superficial,N,Slowing or Stopping,2015-01-09 13:37,64,39.10270712,-76.84490204
N,Had Been Drinking,No Misuse,Y,Fatal Injury,5c7b26e2-a262-453a-8579-95954f9c4f4b,D,DA2774000J,Shoulder/Lap Belt(s),M,9a24a93c-96bc-42a8-b2d8-fcc2e332d8d2,Single Vehicle ,N,Non Intersection,Left Turn Lane,Dark No Lights,No Defects,"Two-way, Divided, Positive Median Barrier",Dry,Cloudy,Twelve o'clock,Police Vehicle/Emergency,Destroyed,N,Moving Constant Speed,2015-03-07 3:21,27,38.99148737,-76.84078217
N,Apparently Normal,No Misuse,N,No Injury,60b321ab-2e31-4845-9e17-cb1eb48b5ae2,D,DA3377000C,Shoulder/Lap Belt(s),M,eb964910-03d3-4628-b780-8eb38f129e3b,Same Direction Rear End,N,Intersection,Right Turn Lane,Daylight,No Defects,"Two-way, Divided, Unprotected (painted >4 feet) Median",Ice,Clear,Six o'clock,Passenger Car,Superficial,N,Stopped in Traffic Lane,2015-03-06 8:14,84,38.97321871,-76.97166324
N,Apparently Normal,No Misuse,Y,No Injury,9399cc24-68fa-4550-8df5-0bf0bbc06804,D,DA3377000C,Shoulder/Lap Belt(s),M,b7ab7b62-8e96-490e-8aad-cafd79353f7b,Same Direction Rear End,N,Intersection,Right Turn Lane,Daylight,No Defects,"Two-way, Divided, Unprotected (painted >4 feet) Median",Ice,Clear,Twelve o'clock,Passenger Car,Superficial,N,Slowing or Stopping,2015-03-06 8:14,26,38.97321871,-76.97166324
N,Apparently Normal,No Misuse,N,No Injury,bad5e014-5443-45ed-8845-c9e9d53c82cb,D,DA34090008,Shoulder/Lap Belt(s),M,aefd012f-5d8c-47ad-a7d4-70f180562f51,Same Direction Rear End,N,Non Intersection,Right Turn Lane,Dark Lights On,No Defects,"Two-way, Divided, Positive Median Barrier",Dry,Clear,Six o'clock,Passenger Car,Superficial,N,Stopped in Traffic Lane,2015-03-02 19:39,55,38.82672007,-76.9261837
N,Apparently Normal,No Misuse,Y,No Injury,24485bbc-9984-4047-afd2-6297981631cf,D,DA34090008,Shoulder/Lap Belt(s),M,b87f2a37-ce45-4e85-b837-cae72e6fe642,Same Direction Rear End,N,Non Intersection,Right Turn Lane,Dark Lights On,No Defects,"Two-way, Divided, Positive Median Barrier",Dry,Clear,Twelve o'clock,Passenger Car,Disabling,N,Slowing or Stopping,2015-03-02 19:39,28,38.82672007,-76.9261837
N,Apparently Normal,No Misuse,N,Non-incapacitating Injury,4dc5fa91-ff20-440e-9b5d-2bdaf0b15f2f,D,DA3689000C,Shoulder/Lap Belt(s),M,30dbb1b6-3250-4de5-b043-51880df27a1b,Head On,N,Intersection,Right Turn Lane,Dark Lights On,No Defects,"Two-way, Not Divided",Wet,Raining,Twelve o'clock,Passenger Car,Destroyed,N,Moving Constant Speed,2015-01-23 20:43,40,38.99640714,-76.98476315
N,Apparently Normal,No Misuse,Y,Non-incapacitating Injury,6c9040d3-3135-4aca-935c-1bc71b49ad79,D,DA3689000C,Shoulder/Lap Belt(s),M,62ffced5-12b1-4427-9791-1300fbd3b83c,Head On,N,Intersection,Right Turn Lane,Dark Lights On,No Defects,"Two-way, Not Divided",Wet,Raining,Twelve o'clock,Passenger Car,Destroyed,N,Making Left Turn,2015-01-23 20:43,21,38.99640714,-76.98476315
N,Apparently Normal,No Misuse,Y,No Injury,e410a1c4-a71b-40d3-89ef-f6858c681442,D,DA38870004,Shoulder/Lap Belt(s),M,ca7c30da-6e13-4527-8a71-9f320280898a,Head On,N,Non Intersection,Right Turn Lane,Dawn,No Defects,"Two-way, Divided, Unprotected (painted >4 feet) Median",Ice,Snow,Twelve o'clock,(Sport) Utility Vehicle,Disabling,N,Slowing or Stopping,2015-02-26 6:18,52,38.90115315,-76.91307306
N,Apparently Normal,No Misuse,N,Possible Incapacitating Injury,43ce59e7-66cd-4378-b8d7-c7b2246ce2d3,D,DA38880008,Shoulder/Lap Belt(s),M,d6d156bc-e3f2-43e3-b11e-880a6a991354,Same Movement Angle,N,Intersection,Left Turn Lane,Daylight,No Defects,"Two-way, Divided, Positive Median Barrier",Dry,Clear,Eight o'clock,Passenger Car,Destroyed,N,Moving Constant Speed,2015-01-09 13:42,37,38.7426659,-76.99188977
N,Apparently Normal,No Misuse,Y,Possible Incapacitating Injury,f1f843c5-eb58-4e72-8b76-3563e1655b70,D,DA38880008,Shoulder/Lap Belt(s),M,5b9b1915-5fb0-427a-9a65-e706db3cfcae,Same Movement Angle,N,Intersection,Left Turn Lane,Daylight,No Defects,"Two-way, Divided, Positive Median Barrier",Dry,Clear,Twelve o'clock,Passenger Car,Functional,N,Accelerating,2015-01-09 13:42,61,38.7426659,-76.99188977
N,Apparently Normal,No Misuse,Y,Non-incapacitating Injury,8744ba78-0c68-49e2-a5a7-350d1ad65e04,D,DE21890004,Shoulder/Lap Belt(s),M,82ede020-4b04-4947-bd6a-9485010d37c5,Single Vehicle ,N,Non Intersection,Left Turn Lane,Dark Lights On,No Defects,"Two-way, Not Divided",Ice,Wintry Mix,Three o'clock,(Sport) Utility Vehicle,Disabling,N,Moving Constant Speed,2015-01-14 3:11,49,38.43121943,-75.56441948
N,Apparently Normal,No Misuse,N,No Injury,21ca29dc-121e-41c7-bdd9-40ff7b5053a8,D,MCP2444000P,Shoulder/Lap Belt(s),M,60b88c4b-ef58-4ae0-b077-3b82aaa4e713,Same Direction Rear End,N,Non Intersection,Right Turn Lane,Daylight,No Defects,"Two-way, Not Divided",Dry,Clear,Six o'clock,Passenger Car,No Damage,N,Slowing or Stopping,2015-01-15 16:08,48,39.19022167,-77.272925
N,Apparently Normal,No Misuse,Y,No Injury,4ee3a40a-08c4-497a-9e04-0d672ae52d8d,D,MCP2444000P,Shoulder/Lap Belt(s),M,21a68c4c-6232-40a7-aa13-e73be904710e,Same Direction Rear End,N,Non Intersection,Right Turn Lane,Daylight,No Defects,"Two-way, Not Divided",Dry,Clear,Twelve o'clock,Passenger Car,No Damage,N,Slowing or Stopping,2015-01-15 16:08,23,39.19022167,-77.272925
Y,Apparently Normal,No Misuse,N,No Injury,2935dcac-9be3-40bb-b726-20cad96f87ab,D,MCP2549004F,Shoulder/Lap Belt(s),M,4ba7d645-ddf7-4d03-a86d-305e8eee7278,Same Direction Sideswipe,N,Intersection,Left Turn Lane,Daylight,No Defects,"Two-way, Not Divided",Dry,Clear,Four o'clock,Transit Bus,Superficial,N,Making Left Turn,2015-03-30 13:05,42,39.04530333,-77.11686667
N,Apparently Normal,No Misuse,Y,No Injury,d4ebfab6-b45e-412d-8943-9ecc1d611ae0,D,MCP2549004F,Shoulder/Lap Belt(s),M,10045dbd-aac1-4e61-a21f-569b672707c0,Same Direction Sideswipe,N,Intersection,Left Turn Lane,Daylight,No Defects,"Two-way, Not Divided",Dry,Clear,Twelve o'clock,Passenger Car,Destroyed,N,Accelerating,2015-03-30 13:05,85,39.04530333,-77.11686667
N,Apparently Normal,Belt(s) Misused,N,Non-incapacitating Injury,4d2f8c96-665b-419b-a2d9-4135e7eab7cf,D,MDTA1434000F,Lap Belt Only,M,6eb9da6c-716d-47f5-90ea-6b066ea16976,Single Vehicle ,N,Non Intersection,Acceleration Lane,Daylight,No Defects,"Two-way, Divided, Positive Median Barrier",Ice,Sleet,Three o'clock,(Sport) Utility Vehicle,Disabling,N,Moving Constant Speed,2015-03-01 12:41,77,39.089768,-77.027721
N,Apparently Normal,No Misuse,N,No Injury,beff2b4a-0305-4f61-b02a-9069e819e949,D,MSP1351000B,Shoulder/Lap Belt(s),M,cdd97b93-01f3-42a1-b9ef-b0afef6f66e8,Same Direction Rear End,N,Non Intersection,Right Turn Lane,Daylight,No Defects,"Two-way, Not Divided",Dry,Clear,Six o'clock,Pickup Truck,Functional,N,Slowing or Stopping,2015-03-26 18:08,23,38.38405383,-76.41693583
N,Apparently Normal,No Misuse,Y,No Injury,75569993-087d-4a9f-92e6-b91614b9b665,D,MSP5333006G,Shoulder/Lap Belt(s),M,93ea1968-27cf-46bc-aa6c-44e0e9cf02d4,Single Vehicle ,N,Non Intersection,Right Turn Lane,Daylight,No Defects,One-way Trafficway,Dry,Clear,Twelve o'clock,Pickup Truck,Functional,N,Moving Constant Speed,2015-02-12 12:54,66,39.41152053,-76.78633869
N,Apparently Normal,No Misuse,Y,Non-incapacitating Injury,e0c0b975-81d0-4f48-b96f-235108ed7a3f,D,MSP5823001F,Shoulder/Lap Belt(s),M,79617d8c-034b-429f-b997-ba945df9b66c,Single Vehicle ,N,Non Intersection,Right Turn Lane,Dark No Lights,No Defects,"Two-way, Not Divided",Dry,Clear,Twelve o'clock,(Sport) Utility Vehicle,Destroyed,N,Moving Constant Speed,2015-02-28 5:30,35,38.86938,-76.00102
N,Apparently Normal,No Misuse,Y,No Injury,1cc2a4a4-f102-49bc-a4cb-323b3a57ddaa,D,MSP5951001G,Shoulder/Lap Belt(s),M,f279edf2-e8d9-45d4-bcd0-51e67ee56654,Single Vehicle ,N,Non Intersection,Right Turn Lane,Dark No Lights,No Defects,"Two-way, Divided, Positive Median Barrier",Wet,Raining,Twelve o'clock,Passenger Car,Disabling,N,Moving Constant Speed,2015-01-23 23:15,36,39.57704983,-76.11386833
N,Apparently Normal,No Misuse,N,Non-incapacitating Injury,371b9fbc-c92e-434a-b54e-7b94c819f946,D,MSP60440025,Shoulder/Lap Belt(s),M,5b1e5fdb-e223-4333-896e-78e06fb9cbd9,Same Direction Rear End,Y,Non Intersection,Left Turn Lane,Dark No Lights,No Defects,"Two-way, Divided, Positive Median Barrier",Dry,Clear,Six o'clock,Passenger Car,Destroyed,N,Slowing or Stopping,2015-02-26 22:51,36,39.455884,-76.312927
N,Had Been Drinking,No Misuse,Y,No Injury,3f9603de-2368-4796-ab2d-c45d0371b24d,D,MSP60440025,Shoulder/Lap Belt(s),M,3c37070d-97ee-4cd2-abdb-f844d2bcf484,Same Direction Rear End,Y,Non Intersection,Left Turn Lane,Dark No Lights,No Defects,"Two-way, Divided, Positive Median Barrier",Dry,Clear,Twelve o'clock,Pickup Truck,Disabling,Y,Moving Constant Speed,2015-02-26 22:51,25,39.455884,-76.312927
N,Apparently Normal,No Misuse,N,Non-incapacitating Injury,1e73a848-2b9c-4f1f-ace7-93e9b250cd95,D,MSP6498000F,Shoulder/Lap Belt(s),M,34d067a8-0270-4e34-afac-1c94cf8e37d9,Same Movement Angle,N,Intersection,Right Turn Lane,Daylight,No Defects,"Two-way, Divided, Positive Median Barrier",Dry,Clear,One o'clock,Passenger Car,Disabling,N,Moving Constant Speed,2015-01-30 15:30,36,39.50395792,-76.89979076
N,Apparently Normal,No Misuse,Y,Non-incapacitating Injury,72aa936d-6ad0-40a4-a9f5-0e6587d015cd,D,MSP6498000F,Shoulder/Lap Belt(s),M,85b3fc0e-79f0-4be6-bcb7-894a0f27affb,Same Movement Angle,N,Intersection,Right Turn Lane,Daylight,No Defects,"Two-way, Divided, Positive Median Barrier",Dry,Clear,Eleven o'clock,Pickup Truck,Disabling,N,Entering Traffic Lane,2015-01-30 15:30,18,39.50395792,-76.89979076
N,Apparently Normal,No Misuse,Y,No Injury,e9689036-34f4-4376-9981-80b6eeaaeddc,D,MTA00690007,Shoulder/Lap Belt(s),M,845691a0-06ee-4c47-8808-4a357ed16a7e,Same Direction Rear End,N,Non Intersection,Right Turn Lane,Daylight,No Defects,"Two-way, Not Divided",Dry,Clear,Twelve o'clock,(Sport) Utility Vehicle,Disabling,N,Moving Constant Speed,2015-01-27 14:45,58,39.33763328,-76.6361618
Y,Apparently Normal,No Misuse,N,Non-incapacitating Injury,997f7d32-1e45-4723-9a6b-1ab1a85fce20,D,MTA00690007,Shoulder/Lap Belt(s),M,1f610121-d6b4-4f01-89d7-e40a5812626b,Same Direction Rear End,N,Non Intersection,Right Turn Lane,Daylight,No Defects,"Two-way, Not Divided",Dry,Clear,Six o'clock,Transit Bus,Superficial,N,Slowing or Stopping,2015-01-27 14:45,39,39.33763328,-76.6361618
Y,Apparently Normal,No Misuse,N,No Injury,a283aa8d-8426-4b2a-847d-3b5722423293,D,MTA03280003,Shoulder/Lap Belt(s),M,0509934a-c93e-46bd-afac-3b8d72aef5e9,Same Direction Right Turn,N,Intersection Related,Left Turn Lane,Daylight,No Defects,"Two-way, Divided, Positive Median Barrier",Wet,Raining,Eleven o'clock,Transit Bus,Functional,N,Accelerating,2015-03-10 17:16,46,39.3367122,-76.59401894
N,Apparently Normal,No Misuse,Y,No Injury,f433f6d8-b30c-48e9-aeea-2ce3e1a5dae0,D,MTA03280003,Shoulder/Lap Belt(s),M,46730a43-c380-41db-90a4-3a8baf5f5ad8,Same Direction Right Turn,N,Intersection Related,Left Turn Lane,Daylight,No Defects,"Two-way, Divided, Positive Median Barrier",Wet,Raining,Three o'clock,Van,Functional,N,Making Right Turn,2015-03-10 17:16,36,39.3367122,-76.59401894
N,Apparently Normal,No Misuse,Y,No Injury,17f509c5-b782-40c1-ac59-9bdba6541779,D,ZH0360000N,Shoulder/Lap Belt(s),M,d23b7598-efd2-4342-b6ce-5e164e13f6a0,Same Movement Angle,Y,Intersection,Right Turn Lane,Dark No Lights,No Defects,"Two-way, Not Divided",Wet,Foggy,Twelve o'clock,(Sport) Utility Vehicle,Disabling,N,Skidding,2015-01-03 20:42,62,38.41918321,-76.92903757
N,Apparently Normal,No Misuse,N,Incapacitating/Disabled Injury,aeabbe28-eb71-4339-855d-8c3d4690ee9f,D,ZH0360000N,Shoulder/Lap Belt(s),M,8401a261-e2d8-4e98-b8de-943fcdf5520c,Same Movement Angle,Y,Intersection,Right Turn Lane,Dark No Lights,No Defects,"Two-way, Not Divided",Wet,Foggy,Twelve o'clock,Passenger Car,Destroyed,N,Moving Constant Speed,2015-01-03 20:42,35,38.41918321,-76.92903757
N,Apparently Normal,Air Bag Failed,Y,Non-incapacitating Injury,90410987-3aca-48d0-a990-1ae816c0ed96,D,ZI02280005,Shoulder/Lap Belt(s),M,3b48fa94-7cb4-46b1-9450-5efbb6dd24e0,Single Vehicle ,N,Intersection,Right Turn Lane,Dark No Lights,No Defects,"Two-way, Not Divided",Dry,Cloudy,Twelve o'clock,(Sport) Utility Vehicle,Destroyed,N,Moving Constant Speed,2015-01-31 21:49,34,38.67800973,-75.8615613
N,Apparently Normal,No Misuse,N,Non-incapacitating Injury,4489d678-7720-42b5-bef5-1a1d2b04ef0a,D,ZR0305000D,Shoulder/Lap Belt(s),M,e68aa538-e814-4856-9059-0836958a369f,Same Direction Rear End,N,Intersection,Right Turn Lane,Dark Lights On,No Defects,"Two-way, Divided, Positive Median Barrier",Dry,Clear,Six o'clock,Passenger Car,Destroyed,N,Stopped in Traffic Lane,2015-03-31 21:04,36,38.47303539,-76.7740649
N,Apparently Normal,No Misuse,Y,Non-incapacitating Injury,2cb5b330-9e07-4f18-a010-2d16d5957dde,D,ZR0305000D,Shoulder/Lap Belt(s),M,29d04322-3fed-4175-965a-85cb08facb4b,Same Direction Rear End,N,Intersection,Right Turn Lane,Dark Lights On,No Defects,"Two-way, Divided, Positive Median Barrier",Dry,Clear,Twelve o'clock,Passenger Car,Destroyed,N,Slowing or Stopping,2015-03-31 21:04,38,38.47303539,-76.7740649
N,Apparently Normal,No Misuse,Y,No Injury,eee1939d-bbdf-4bf4-9846-75f3ba41a1de,D,ZU78500005,Shoulder/Lap Belt(s),M,77c5bcb0-ee7b-4568-96bb-228f34c3c407,Single Vehicle ,N,Non Intersection,Right Turn Lane,Daylight,No Defects,"Two-way, Not Divided",Wet,Clear,Twelve o'clock,Passenger Car,Destroyed,N,Skidding,2015-02-17 14:32,21,39.6172266,-77.75100589
N,Apparently Normal,No Misuse,Y,No Injury,d9048689-7102-44e9-b892-97c3aeb3302c,D,ZVW304000G,Shoulder/Lap Belt(s),M,12474864-a9a0-4e15-8059-22b14933c66a,Single Vehicle ,N,Non Intersection,Right Turn Lane,Daylight,No Defects,"Two-way, Not Divided",Snow,Clear,One o'clock,Passenger Car,Disabling,N,Moving Constant Speed,2015-02-19 10:29,56,38.44269905,-75.62490463
N,Apparently Normal,No Misuse,Y,No Injury,82866dce-461d-405b-b9d1-39c798ec1e73,D,AB26960038,Shoulder/Lap Belt(s),M,63d9552a-6cdc-46da-9426-07f0f45dd8f7,Single Vehicle ,N,Intersection,Right Turn Lane,Daylight,No Defects,"Two-way, Not Divided",Dry,Clear,One o'clock,Passenger Car,No Damage,N,Making Right Turn,2015-03-26 14:04,66,38.99784131,-76.49230957
N,Apparently Normal,No Misuse,N,No Injury,6284b203-f2fe-426c-9ff3-305018c44c50,D,AC14060008,Shoulder/Lap Belt(s),M,ec3f38cd-5f2a-4f93-b033-4d6baf83704e,Opposite Direction Both Left Turn,N,Non Intersection,Left Turn Lane,Dark Lights On,No Defects,"Two-way, Not Divided",Wet,Raining,Seven o'clock,Pickup Truck,Disabling,N,Moving Constant Speed,2015-03-03 19:13,29,38.90036829,-76.51506543
N,Apparently Normal,No Misuse,Y,No Injury,ba6d9f4e-951c-453c-bc86-ed23f9fd0a04,D,AC14060008,Shoulder/Lap Belt(s),M,bb5be619-535e-4663-a68b-b5705edeb715,Opposite Direction Both Left Turn,N,Non Intersection,Left Turn Lane,Dark Lights On,No Defects,"Two-way, Not Divided",Wet,Raining,Twelve o'clock,Passenger Car,Disabling,N,Moving Constant Speed,2015-03-03 19:13,28,38.90036829,-76.51506543
N,Apparently Normal,No Misuse,N,No Injury,526e8c47-6477-4624-8d9a-33ae1df7bf34,D,ADG9000005,Shoulder/Lap Belt(s),M,665e8c05-9f6f-44cb-80f4-ef6c1c1914e6,Same Movement Angle,N,Residential Driveway,Right Turn Lane,Daylight,No Defects,"Two-way, Divided, Unprotected (painted >4 feet) Median",Dry,Clear,Eight o'clock,"Cargo Van/Light Truck 2 axles (10,000 lbs (4,536 kg) or less)",Functional,N,Moving Constant Speed,2015-03-29 11:25,57,39.29166488,-76.56205773
N,Apparently Normal,No Misuse,N,Possible Incapacitating Injury,9543ffeb-fde6-4bd3-b69d-251fe222573f,D,ADH3590002,Shoulder/Lap Belt(s),M,879149c4-efbc-4ccf-bdca-7dd5c9a58bb8,Same Direction Rear End,N,Intersection,Right Turn Lane,Dark Lights On,No Defects,One-way Trafficway,Dry,Clear,Six o'clock,Passenger Car,Disabling,N,Stopped in Traffic Lane,2015-01-02 20:52,28,39.32238623,-76.68420017
N,Apparently Normal,No Misuse,Y,No Injury,50ace069-6285-46ff-8323-d49f4df74236,D,ADH8850001,Shoulder Belt Only,M,e97389fd-7f3b-4c41-bc67-22bd33503979,Head On,N,Non Intersection,Right Turn Lane,Dusk,No Defects,One-way Trafficway,Wet,Raining,Six o'clock,Pickup Truck,Superficial,Y,Backing,2015-01-03 11:15,35,39.285844,-76.578359
N,Apparently Normal,No Misuse,Y,No Injury,28213048-981c-4e4e-a8a3-156d543562af,D,ADI605000G,Shoulder/Lap Belt(s),M,60d0d178-d098-4f33-aba2-76cac4c4a5f7,Same Movement Angle,N,Intersection,Right Turn Lane,Daylight,No Defects,One-way Trafficway,Dry,Clear,Three o'clock,Passenger Car,Disabling,N,Accelerating,2015-03-15 10:20,26,39.35241865,-76.67861581
N,Apparently Normal,No Misuse,N,Possible Incapacitating Injury,a3e7e9c5-6f54-4eca-8d2b-f1d310c23c1f,D,ADI605000G,Shoulder/Lap Belt(s),M,cd576796-0ad7-412e-ad11-7c4fdec096cf,Same Movement Angle,N,Intersection,Right Turn Lane,Daylight,No Defects,One-way Trafficway,Dry,Clear,Twelve o'clock,Pickup Truck,Disabling,N,Moving Constant Speed,2015-03-15 10:20,47,39.35241865,-76.67861581