CDL_FLAG,CONDITION_CODE,EQUIP_PROB_CODE,FAULT_FLAG,INJ_SEVER_CODE,PERSON_ID,PERSON_TYPE,REPORT_NO,SAF_EQUIP_CODE,SEX_CODE,VEHICLE_ID,COLLISION_TYPE_CODE,C_M_ZONE_FLAG,JUNCTION_CODE,LANE_CODE,LIGHT_CODE,RD_COND_CODE,RD_DIV_CODE,SURF_COND_CODE,WEATHER_CODE,AREA_DAMAGED_CODE_MAIN,BODY_TYPE_CODE,DAMAGE_CODE,HIT_AND_RUN_FLAG,MOVEMENT_CODE,TIME,AGE,LATITUDE,LONGITUDE
N,Apparently Normal,No Misuse,Y,No Injury,3d0beedc-be2c-4b0b-8756-c61d0858a049,D,MCP9432000L,Shoulder/Lap Belt(s),M,ce74b6c6-4ff4-41f6-96b0-3057419527c4,Head On,N,Non Intersection,Right Turn Lane,Daylight,No Defects,"Two-way, Not Divided",Wet,Cloudy,Twelve o'clock,Pickup Truck,Functional,N,Moving Constant Speed,2015-01-04 15:43,41,39.18988,-77.22025167
N,Apparently Normal,No Misuse,Y,No Injury,493687ef-20a1-4312-94f3-e2ad65b13acd,D,MSP12930008,Shoulder/Lap Belt(s),M,cc2b9dd8-d7a2-42c7-8f0f-7196f3e35746,Same Direction Rear End Left Turn,N,Non Intersection,Right Turn Lane,Daylight,Loose Surface Material,"Two-way, Divided, Positive Median Barrier",Snow,Snow,Nine o'clock,"Medium/Heavy Truck 2 axles (10,000 lbs (4,536 kg) or less)",Disabling,N,Making U Turn,2015-01-09 10:39,58,39.69203083,-79.15070057
N,Apparently Normal,No Misuse,N,Non-incapacitating Injury,3da7ef13-467b-496b-9ea3-56e2532c257d,D,MSP12930008,Shoulder/Lap Belt(s),M,ef38ded5-70cb-4c01-b873-168408240f85,Same Direction Rear End Left Turn,N,Non Intersection,Right Turn Lane,Daylight,Loose Surface Material,"Two-way, Divided, Positive Median Barrier",Snow,Snow,Twelve o'clock,Passenger Car,Disabling,N,Moving Constant Speed,2015-01-09 10:39,60,39.69203083,-79.15070057
N,Apparently Normal,No Misuse,N,No Injury,d69942af-8e7f-4ea2-9e6a-4a3510ff6749,D,MSP5397003L,Shoulder/Lap Belt(s),M,abb20f22-7ced-43a1-a288-4a9084ac45b4,Same Direction Rear End,N,Non Intersection,Right Turn Lane,Dusk,No Defects,"Two-way, Divided, Positive Median Barrier",Dry,Clear,Six o'clock,Pickup Truck,Functional,N,Slowing or Stopping,2015-03-13 19:08,28,39.055016,-76.630214
N,Apparently Normal,No Misuse,Y,No Injury,e16d5e0e-9cf4-4dfc-ae74-09cd51efcba9,D,MSP5397003L,Shoulder/Lap Belt(s),M,e149f496-fc6c-4fac-be0e-f72226bf9643,Same Direction Rear End,N,Non Intersection,Right Turn Lane,Dusk,No Defects,"Two-way, Divided, Positive Median Barrier",Dry,Clear,Twelve o'clock,Passenger Car,Disabling,N,Slowing or Stopping,2015-03-13 19:08,68,39.055016,-76.630214
N,Apparently Normal,No Misuse,N,Possible Incapacitating Injury,b47c905f-33f9-4cee-be6e-4297ef2e7009,D,MSP5397003L,Shoulder/Lap Belt(s),M,eb42278c-8a48-4876-bc15-41d265b501c4,Same Direction Rear End,N,Non Intersection,Right Turn Lane,Dusk,No Defects,"Two-way, Divided, Positive Median Barrier",Dry,Clear,Six o'clock,Passenger Car,Disabling,N,Slowing or Stopping,2015-03-13 19:08,66,39.055016,-76.630214
N,Apparently Normal,No Misuse,N,No Injury,b0107ffa-c8f5-4608-b3f1-4e487f1b9151,D,MSP5516002S,Shoulder/Lap Belt(s),M,a704bedf-f42e-44fb-8abd-de26ee26b1f1,Same Direction Rear End,N,Non Intersection,Acceleration Lane,Daylight,No Defects,"Two-way, Divided, Positive Median Barrier",Dry,Clear,Six o'clock,Truck Tractor,Superficial,N,Moving Constant Speed,2015-03-11 15:06,39,39.440015,-77.49139133
N,Apparently Normal,No Misuse,Y,No Injury,49ef2719-b3ee-48ca-90d0-5023a5687034,D,MSP5516002S,Shoulder/Lap Belt(s),M,ea884745-5782-4bac-a747-5ae88583b6d4,Same Direction Rear End,N,Non Intersection,Acceleration Lane,Daylight,No Defects,"Two-way, Divided, Positive Median Barrier",Dry,Clear,Twelve o'clock,Van,Functional,N,Skidding,2015-03-11 15:06,86,39.440015,-77.49139133
N,Apparently Normal,No Misuse,Y,No Injury,68501d80-5c17-4454-a5a2-269a02872b4d,D,MSP5549000D,Shoulder/Lap Belt(s),M,afc0a20b-d520-4d1b-a6c7-6ca559f00e9f,Same Direction Rear End,N,Intersection Related,Right Turn Lane,Daylight,No Defects,"Two-way, Not Divided",Dry,Clear,Twelve o'clock,(Sport) Utility Vehicle,Functional,N,Slowing or Stopping,2015-02-04 15:41,21,39.46399603,-77.36449957
N,Apparently Normal,No Misuse,Y,No Injury,bf7fad35-582f-4f47-b4a5-9ba480151cfd,D,MSP5741000Y,Shoulder/Lap Belt(s),M,29f11f81-654e-48df-bd5c-fa035051b620,Same Movement Angle,N,Intersection,Right Turn Lane,Daylight,No Defects,"Two-way, Divided, Positive Median Barrier",Dry,Clear,Four o'clock,Passenger Car,Disabling,N,Moving Constant Speed,2015-01-13 9:50,49,39.5827755,-76.02147767
N,Apparently Normal,No Misuse,N,Possible Incapacitating Injury,76172dde-2131-454a-ad15-6007899609ce,D,MSP5741000Y,Shoulder/Lap Belt(s),M,6b4c9cd0-9927-4a41-9ad9-0677a176acb0,Same Movement Angle,N,Intersection,Right Turn Lane,Daylight,No Defects,"Two-way, Divided, Positive Median Barrier",Dry,Clear,Twelve o'clock,Passenger Car,Disabling,N,Accelerating,2015-01-13 9:50,57,39.5827755,-76.02147767
N,Apparently Normal,No Misuse,Y,Possible Incapacitating Injury,120f1449-1abe-42fd-b945-c0d1c43253b4,D,MSP5932001Z,Shoulder/Lap Belt(s),M,3d80e6c9-c15f-4abb-9d7d-65779484c5c9,Single Vehicle ,N,Non Intersection,Right Turn Lane,Daylight,No Defects,"Two-way, Divided, Positive Median Barrier",Wet,Wintry Mix,One o'clock,Van,Disabling,N,Moving Constant Speed,2015-03-01 14:50,30,39.39424183,-76.4336395
N,Apparently Normal,No Misuse,Y,Possible Incapacitating Injury,faab466c-66d7-4c1b-a0c5-431778190ebe,D,MSP5957003S,Shoulder/Lap Belt(s),M,1b8ea1a7-6443-4d92-aa19-ea4813835b1d,Single Vehicle ,N,Interchange Related,Right Turn Lane,Daylight,Loose Surface Material,One-way Trafficway,Wet,Cloudy,Twelve o'clock,Passenger Car,Disabling,N,Skidding,2015-01-04 14:14,34,39.050255,-76.927879
N,Apparently Normal,Air Bag Failed,Y,Possible Incapacitating Injury,36fa67b1-e5ff-4654-8a80-a6fa93e40a0d,D,MSP60920076,Shoulder/Lap Belt(s),M,b614ebe8-ae80-404d-802a-3999d7395992,Same Direction Rear End,N,Non Intersection,Right Turn Lane,Dark No Lights,No Defects,"Two-way, Divided, Positive Median Barrier",Dry,Clear,Twelve o'clock,Passenger Car,Disabling,N,Skidding,2015-01-08 19:12,33,39.261585,-76.67311833
N,Had Been Drinking,No Misuse,Y,Possible Incapacitating Injury,cf3af3e3-c150-48e1-9252-73ccff1bc216,D,MSP6111000F,Shoulder/Lap Belt(s),M,986ee351-d943-4ac0-8798-7297277d368c,Single Vehicle ,N,Non Intersection,Right Turn Lane,Dark No Lights,No Defects,"Two-way, Not Divided",Dry,Clear,Twelve o'clock,(Sport) Utility Vehicle,Disabling,N,Moving Constant Speed,2015-03-18 1:05,21,39.48185172,-76.9978416
N,Apparently Normal,No Misuse,Y,Possible Incapacitating Injury,ed654269-e631-40af-afe5-78030af57f91,D,MSP61540016,Shoulder/Lap Belt(s),M,c23a3a68-7176-4bb4-b609-213aefa8b098,Single Vehicle ,N,Non Intersection,Right Turn Lane,Dark No Lights,Loose Surface Material,"Two-way, Not Divided",Snow,Snow,Twelve o'clock,(Sport) Utility Vehicle,Disabling,N,Moving Constant Speed,2015-02-17 0:01,39,38.5785,-75.840217
N,Apparently Normal,No Misuse,Y,No Injury,e0dcd937-7edb-449a-ab79-a446c9a09677,D,MSP61620028,Shoulder/Lap Belt(s),M,810638da-9c32-4216-a1b5-a70d8f640f16,Same Direction Rear End,N,Intersection,Right Turn Lane,Daylight,No Defects,"Two-way, Not Divided",Dry,Clear,Twelve o'clock,Pickup Truck,Superficial,N,Slowing or Stopping,2015-01-17 16:12,18,38.4818513,-77.13796154
N,Apparently Normal,No Misuse,N,Possible Incapacitating Injury,d98bf463-7c91-4083-8d8d-bd9749508063,D,MSP61620028,Shoulder/Lap Belt(s),M,ff713cb3-a605-4ac7-a241-ef591d0c7169,Same Direction Rear End,N,Intersection,Right Turn Lane,Daylight,No Defects,"Two-way, Not Divided",Dry,Clear,Six o'clock,Passenger Car,Disabling,N,Stopped in Traffic Lane,2015-01-17 16:12,44,38.4818513,-77.13796154
N,Apparently Normal,No Misuse,N,No Injury,96c64a32-1e7d-4f1d-9031-9dbacb9b67f9,D,MSP61740048,Shoulder/Lap Belt(s),M,0094395d-b3b5-4b19-a955-c0caee5efb7b,Single Vehicle ,N,Intersection Related,Right Turn Lane,Daylight,No Defects,One-way Trafficway,Dry,Clear,Eight o'clock,Passenger Car,Disabling,N,Moving Constant Speed,2015-02-18 10:20,26,39.06937818,-76.90719555
N,Apparently Normal,No Misuse,N,No Injury,e7eccfa5-ca4f-4f26-89db-93071f5eff78,D,MSP6278003R,Shoulder/Lap Belt(s),M,9f415f72-92a3-411d-9925-0a530aafb566,Same Direction Sideswipe,N,Non Intersection,Deceleration Lane,Dark No Lights,No Defects,"Two-way, Divided, Positive Median Barrier",Dry,Clear,Ten o'clock,Passenger Car,Functional,N,Moving Constant Speed,2015-03-06 0:00,26,38.98735117,-76.88193798
N,Apparently Normal,No Misuse,Y,No Injury,aea04e52-8a8f-49c0-b714-9e9e5b06e403,D,MSP6354000R,Shoulder/Lap Belt(s),M,f4504f2b-cf18-4fe3-a169-9281289c4223,Same Direction Rear End,N,Intersection Related,Right Turn Lane,Dark No Lights,No Defects,"Two-way, Divided, Positive Median Barrier",Dry,Clear,Twelve o'clock,Passenger Car,Destroyed,N,Slowing or Stopping,2015-01-01 20:40,62,38.9543029,-76.07785463
N,Apparently Normal,No Misuse,Y,Possible Incapacitating Injury,cf5d6af1-b1c8-4370-a60b-81e74a051986,D,MSP6357002N,Shoulder/Lap Belt(s),M,7cddca22-fb86-42ab-9606-71044a526189,Single Vehicle ,N,Non Intersection,Left Turn Lane,Daylight,No Defects,"Two-way, Divided, Positive Median Barrier",Wet,Raining,Twelve o'clock,Passenger Car,Disabling,N,Moving Constant Speed,2015-01-03 16:12,55,39.0195007,-77.1039658
Y,Apparently Normal,No Misuse,N,Possible Incapacitating Injury,0a9e9cd4-623e-4ad1-bd45-8f26b276a80d,D,MSP6461000N,Shoulder/Lap Belt(s),M,31e39e61-52a3-428b-b189-a3e9285519bb,Same Direction Sideswipe,N,Non Intersection,Left Turn Lane,Dark No Lights,No Defects,"Two-way, Divided, Positive Median Barrier",Dry,Clear,Twelve o'clock,Passenger Car,Disabling,N,Moving Constant Speed,2015-03-10 3:30,51,39.520239,-76.147807
N,Apparently Normal,No Misuse,Y,No Injury,3c89548b-10b4-42a6-9916-feaf39120e55,D,MSP6461000W,Shoulder/Lap Belt(s),M,90921174-6ccc-4038-b26e-ce24f8134f71,Single Vehicle ,N,Intersection,Right Turn Lane,Dark Lights On,No Defects,"Two-way, Not Divided",Wet,Raining,Three o'clock,Pickup Truck,Disabling,Y,Moving Constant Speed,2015-03-11 2:00,27,39.29179704,-76.9619751
N,Apparently Normal,No Misuse,N,Possible Incapacitating Injury,e28d0678-ea9b-4965-8f98-1ac9f0c5a988,D,MSP64790004,Shoulder/Lap Belt(s),M,524d58e3-17a1-4514-88b6-026d032c1d69,Same Movement Angle,N,Intersection,Right Turn Lane,Daylight,No Defects,"Two-way, Not Divided",Dry,Clear,Twelve o'clock,Passenger Car,Destroyed,N,Moving Constant Speed,2015-02-04 10:05,24,39.64330493,-78.82353544
N,Apparently Normal,No Misuse,Y,Possible Incapacitating Injury,2928fab7-a8ad-41d7-87b4-f28938617370,D,MSP64790004,Shoulder/Lap Belt(s),M,a4212239-d963-4df4-8ac1-bf20484b2fae,Same Movement Angle,N,Intersection,Right Turn Lane,Daylight,No Defects,"Two-way, Not Divided",Dry,Clear,Eleven o'clock,(Sport) Utility Vehicle,Destroyed,N,Making Right Turn,2015-02-04 10:05,29,39.64330493,-78.82353544
N,Apparently Normal,No Misuse,Y,No Injury,a3f2d963-ee6a-4a25-9bf2-2c4c8b9d656f,D,MSP65050008,Shoulder/Lap Belt(s),M,57c31859-9d7e-48f3-884e-c5b982a1fbf1,Same Direction Sideswipe,N,Non Intersection,Right Turn Lane,Dark No Lights,No Defects,"Two-way, Divided, Positive Median Barrier",Dry,Clear,Eleven o'clock,Passenger Car,Disabling,N,Moving Constant Speed,2015-02-08 12:47,38,39.44316965,-77.49773026
Y,Apparently Normal,No Misuse,N,Possible Incapacitating Injury,af9e6914-1db6-4942-85ad-ee959b0fec2e,D,MSP65050008,Shoulder/Lap Belt(s),M,e83e1e8e-722f-4837-b594-8359ae5cf0fe,Same Direction Sideswipe,N,Non Intersection,Right Turn Lane,Dark No Lights,No Defects,"Two-way, Divided, Positive Median Barrier",Dry,Clear,Two o'clock,Passenger Car,Disabling,N,Moving Constant Speed,2015-02-08 12:47,55,39.44316965,-77.49773026
Y,Apparently Normal,No Misuse,N,Possible Incapacitating Injury,dab21498-81e4-4937-90d6-63cd15cd561a,D,MTA01200005,Shoulder/Lap Belt(s),M,3082e1e4-6913-4cde-bd69-0b8236a8b041,Same Direction Right Turn,N,Non Intersection,Acceleration Lane,Daylight,No Defects,"Two-way, Divided, Positive Median Barrier",Ice,Cloudy,Ten o'clock,Transit Bus,Functional,N,Starting From Lane,2015-02-10 9:30,61,39.29943573,-76.56333447
Y,Apparently Normal,No Misuse,Y,No Injury,8fce498d-e3e9-4723-a5f8-ee7e88afd345,D,MTA01390006,Shoulder/Lap Belt(s),M,1f517b9a-3478-4ddf-b630-0428bf3c0298,Same Direction Rear End Left Turn,N,Intersection,Right Turn Lane,Daylight,No Defects,"Two-way, Not Divided",Dry,Clear,Twelve o'clock,Transit Bus,Superficial,N,Moving Constant Speed,2015-01-23 7:30,34,39.30167004,-76.59936
Y,Apparently Normal,No Misuse,N,No Injury,8fc1ab02-5059-47fe-aec3-b9a37afa0762,D,MTA01520003,Lap Belt Only,M,42ba6e98-c284-45e8-a1ef-f3430039b569,Same Direction Sideswipe,N,Intersection,Right Turn Lane,Daylight,No Defects,"Two-way, Not Divided",Dry,Clear,Two o'clock,Transit Bus,Superficial,N,Moving Constant Speed,2015-03-09 12:58,44,39.31281804,-76.62837267
N,Apparently Normal,No Misuse,Y,No Injury,3c3cb0a0-5824-4302-bd1e-af84dc40a094,D,MTA01520003,Shoulder/Lap Belt(s),M,aafd73d4-9933-4d0e-ad99-a5461a10d807,Same Direction Sideswipe,N,Intersection,Right Turn Lane,Daylight,No Defects,"Two-way, Not Divided",Dry,Clear,Eleven o'clock,Passenger Car,Superficial,N,Starting From Parked,2015-03-09 12:58,33,39.31281804,-76.62837267
Y,Apparently Normal,No Misuse,N,No Injury,2a0230d6-c0a2-45dd-a1e9-cc1a75b51da9,D,MTA0291000F,Shoulder/Lap Belt(s),M,da017456-036e-4f40-a4c3-4ad8b71b322e,Same Direction Rear End,N,Non Intersection,Acceleration Lane,Daylight,No Defects,"Two-way, Divided, Positive Median Barrier",Dry,Clear,Six o'clock,Passenger Car,Superficial,N,Stopped in Traffic Lane,2015-01-05 16:47,72,39.29347431,-76.65584922
N,Apparently Normal,No Misuse,N,No Injury,6ddf000a-ae74-454a-93b9-5e4c947ef2ba,D,MTA03340003,Shoulder Belt Only,M,a21a4762-0939-4613-9a27-2fd8a5c38422,Same Direction Sideswipe,N,Non Intersection,Left Turn Lane,Daylight,Loose Surface Material,"Two-way, Divided, Positive Median Barrier",Snow,Snow,Four o'clock,Transit Bus,No Damage,N,Moving Constant Speed,2015-03-05 15:54,56,39.21123291,-76.65059209
N,Apparently Normal,No Misuse,Y,No Injury,f67efaac-b7e5-4ffa-8cf0-23f4469ef168,D,MTA03340003,Shoulder Belt Only,M,236c4d1b-fe2a-4353-a09b-5ae646368f81,Same Direction Sideswipe,N,Non Intersection,Left Turn Lane,Daylight,Loose Surface Material,"Two-way, Divided, Positive Median Barrier",Snow,Snow,Six o'clock,Passenger Car,Superficial,N,Slowing or Stopping,2015-03-05 15:54,24,39.21123291,-76.65059209
Y,Apparently Normal,No Misuse,N,Possible Incapacitating Injury,fb4ad192-84ae-4f14-bec9-a0785f4ecd30,D,MTA03340004,Shoulder/Lap Belt(s),M,637438eb-f59f-4fec-be28-caada8ae3506,Same Movement Angle,N,Intersection,Right Turn Lane,Daylight,No Defects,"Two-way, Not Divided",Dry,Clear,Eleven o'clock,Transit Bus,Superficial,N,Slowing or Stopping,2015-03-12 13:43,29,39.28830954,-76.64377123
N,Apparently Normal,No Misuse,Y,No Injury,408ee0fa-4e76-417e-9441-c55e600fd5ad,D,MTA03360002,Shoulder/Lap Belt(s),M,c3466fc2-0697-4575-8679-7e225016dce1,Same Direction Right Turn,N,Intersection,Left Turn Lane,Daylight,No Defects,"Two-way, Divided, Unprotected (painted >4 feet) Median",Dry,Clear,Three o'clock,"Other Light Trucks (10,000 lbs (4,536 kg))",Superficial,N,Accelerating,2015-02-20 13:05,85,39.35840823,-76.60994053
N,Apparently Normal,No Misuse,N,No Injury,94410a71-484c-4793-9120-7a86f365a690,D,ZG08750005,Shoulder/Lap Belt(s),M,f8bda3de-07b6-4647-bfaf-81fdb9acfa5f,Single Vehicle ,N,Non Intersection,Right Turn Lane,Dark No Lights,No Defects,"Two-way, Not Divided",Ice,Clear,Twelve o'clock,(Sport) Utility Vehicle,Destroyed,N,Slowing or Stopping,2015-03-02 20:25,72,39.44252753,-75.90397775
N,Had Been Drinking,No Misuse,Y,Possible Incapacitating Injury,6ee0978c-bb4b-4824-9c43-d2aba329b4e7,D,ZJ0466000M,Shoulder/Lap Belt(s),M,0f8abbbe-5b20-45b4-bf78-2917d3090834,Single Vehicle ,N,Non Intersection,Right Turn Lane,Dark No Lights,No Defects,"Two-way, Divided, Positive Median Barrier",Snow,Cloudy,Twelve o'clock,Passenger Car,Disabling,N,Moving Constant Speed,2015-03-06 2:16,26,39.3861285,-77.28217383
N,Apparently Normal,No Misuse,Y,No Injury,65146ad9-5196-4b5c-81ce-399652dcf613,D,ZVW2540001,Shoulder/Lap Belt(s),M,aa332a0f-a32a-464f-9100-36fde0d7d4a2,Single Vehicle ,N,Non Intersection,Left Turn Lane,Dark Lights On,No Defects,"Two-way, Divided, Positive Median Barrier",Ice,Sleet,Nine o'clock,Passenger Car,Disabling,N,Moving Constant Speed,2015-01-14 3:57,37,38.33369526,-75.60994864
N,Had Been Drinking,No Misuse,Y,Possible Incapacitating Injury,b60a9255-a55b-4a5f-b063-f62df6d12a36,D,AE4428000X,Shoulder/Lap Belt(s),M,02044df5-decf-464c-bd13-71bed9f1e8a4,Same Direction Rear End,N,Non Intersection,Right Turn Lane,Dark Lights On,No Defects,"Two-way, Not Divided",Dry,Clear,One o'clock,Pickup Truck,Destroyed,N,Moving Constant Speed,2015-02-08 2:58,25,39.3502616,-76.37927055
N,Had Been Drinking,No Misuse,Y,Incapacitating/Disabled Injury,e4a15d6f-11a9-4b92-acf6-2bf5874123e7,D,MSP5362001C,Shoulder/Lap Belt(s),M,5c852fad-197b-4134-b183-da15cedaf88d,Single Vehicle ,N,Non Intersection,Right Turn Lane,Daylight,No Defects,"Two-way, Not Divided",Wet,Cloudy,One o'clock,Passenger Car,Destroyed,N,Moving Constant Speed,2015-03-27 14:38,30,38.48777626,-77.14859247
N,Apparently Normal,No Misuse,Y,Possible Incapacitating Injury,2a220a38-7a0b-4f12-b5ac-c0c7243eacc3,D,ZF02650007,Shoulder Belt Only,M,b2cd0244-a233-4133-b677-5dee17b04e30,Single Vehicle ,N,Non Intersection,Right Turn Lane,Daylight,No Defects,"Two-way, Not Divided",Snow,Snow,Three o'clock,(Sport) Utility Vehicle,Destroyed,N,Skidding,2015-01-21 13:49,20,39.64429631,-77.20175385
N,Apparently Normal,No Misuse,N,No Injury,53b8b955-97dc-4231-8a27-4ae524a74684,D,ZR01380003,Shoulder/Lap Belt(s),M,7d1a93a6-f537-438b-8153-5d4429f5817d,Same Movement Angle,N,Intersection,Right Turn Lane,Daylight,No Defects,"Two-way, Divided, Positive Median Barrier",Wet,Cloudy,Three o'clock,Passenger Car,Disabling,N,Moving Constant Speed,2015-03-02 8:30,79,38.41835522,-76.69472784
N,Apparently Normal,No Misuse,Y,No Injury,52a1e9b1-83c0-4462-a44a-a64209b1e120,D,ZR01380003,Shoulder/Lap Belt(s),M,97d9b9ce-2502-4de8-a5a8-41152adca2fb,Same Movement Angle,N,Intersection,Right Turn Lane,Daylight,No Defects,"Two-way, Divided, Positive Median Barrier",Wet,Cloudy,Twelve o'clock,Pickup Truck,Functional,N,Making Left Turn,2015-03-02 8:30,60,38.41835522,-76.69472784
N,Apparently Normal,No Misuse,Y,No Injury,0912ced4-8882-4b83-a5f3-9e908b389e40,D,MSP5090003H,Shoulder/Lap Belt(s),M,3aacadda-2faf-47c0-aff2-e56608287037,Head On,N,Non Intersection,Right Turn Lane,Dark No Lights,No Defects,"Two-way, Not Divided",Dry,Clear,Twelve o'clock,Pickup Truck,Disabling,N,Moving Constant Speed,2015-02-26 19:48,26,39.42773067,-77.505486
N,Apparently Normal,No Misuse,N,Possible Incapacitating Injury,3c08a827-f99d-4bd4-9b6b-31307c1edf27,D,MSP5090003H,Shoulder/Lap Belt(s),M,1564245f-e2e9-422b-b2b0-078bd6e7694b,Head On,N,Non Intersection,Right Turn Lane,Dark No Lights,No Defects,"Two-way, Not Divided",Dry,Clear,Twelve o'clock,Passenger Car,Disabling,N,Moving Constant Speed,2015-02-26 19:48,68,39.42773067,-77.505486
N,Apparently Normal,No Misuse,N,Fatal Injury,e90b7aef-aeac-4145-b4a7-9a2a3575e13c,D,MSP5945000S,Shoulder/Lap Belt(s),M,a91502f4-b2ae-459a-93e3-b21faee35d36,Head On,N,Non Intersection,Left Turn Lane,Dusk,No Defects,"Two-way, Divided, Positive Median Barrier",Dry,Clear,Twelve o'clock,Passenger Car,Destroyed,N,Moving Constant Speed,2015-03-15 19:32,58,38.97272777,-76.25986532
N,Apparently Normal,No Misuse,Y,No Injury,1455664d-7bab-432c-90ab-56ab0cf575d7,D,AC1052000M,Shoulder/Lap Belt(s),M,4f9ef946-4d0b-4662-b822-23c82b8374a8,Same Direction Rear End,N,Railway Grade Crossing,Right Turn Lane,Daylight,No Defects,"Two-way, Not Divided",Dry,Clear,One o'clock,(Sport) Utility Vehicle,Disabling,N,Moving Constant Speed,2015-01-28 9:00,25,39.19488432,-76.65645032
N,Apparently Normal,No Misuse,Y,No Injury,11309c7a-412b-4990-a294-94bd6a3b1879,D,AC18660016,Shoulder/Lap Belt(s),M,a5d55bef-bd6c-4db2-a54d-3a4211e825c8,Same Direction Rear End,N,Intersection Related,Right Turn Lane,Daylight,No Defects,"Two-way, Divided, Positive Median Barrier",Dry,Clear,Twelve o'clock,Passenger Car,Disabling,N,Slowing or Stopping,2015-02-18 10:13,50,39.02914404,-76.50383234
N,Apparently Normal,No Misuse,Y,No Injury,deba265f-a8e5-4bf7-8191-46310c33b01a,D,ADE9500003,Shoulder/Lap Belt(s),M,0b872e4d-37ea-49c4-b1cd-ee972a35c266,Same Direction Right Turn,N,Intersection Related,Right Turn Lane,Daylight,No Defects,"Two-way, Not Divided",Dry,Clear,Five o'clock,Pickup Truck,Superficial,N,Starting From Lane,2015-03-29 10:45,24,39.28666537,-76.56224012
N,Apparently Normal,No Misuse,N,No Injury,e336c0d2-d0ce-4608-abcc-c8a0b6253932,D,ADF1400004,Shoulder/Lap Belt(s),M,3509c46f-df1b-4803-92f3-e151246ede26,Same Direction Right Turn,N,Non Intersection,Left Turn Lane,Dark Lights On,No Defects,"Two-way, Divided, Positive Median Barrier",Dry,Clear,Ten o'clock,Passenger Car,Superficial,N,Parked  ,2015-02-20 18:50,45,39.28760371,-76.5937078
N,Apparently Normal,No Misuse,N,Possible Incapacitating Injury,486215fd-42ad-48e2-82e4-4fff4e0a10e3,D,ADF7780002,Shoulder/Lap Belt(s),M,e1e6e0f9-f7ff-41fe-b65a-f51126d4bf71,Same Direction Left Turn,N,Non Intersection,Right Turn Lane,Daylight,No Defects,One-way Trafficway,Wet,Clear,One o'clock,Passenger Car,Destroyed,N,Moving Constant Speed,2015-03-06 15:00,52,39.28362356,-76.64664254
N,Apparently Normal,No Misuse,Y,No Injury,5e788619-3782-4837-ae8f-d5aee34751c2,D,ADI3760001,Shoulder/Lap Belt(s),M,c06064bd-0d1e-437b-b91d-619c7e4ea950,Same Direction Rear End,N,Non Intersection,Acceleration Lane,Daylight,No Defects,"Two-way, Divided, Positive Median Barrier",Dry,Clear,One o'clock,Passenger Car,Disabling,N,Moving Constant Speed,2015-01-01 12:40,37,39.29493565,-76.59926534
N,Had Been Drinking,No Misuse,Y,No Injury,1215abbb-b739-4482-831a-393c8dfbce0c,D,ADI8320007,Shoulder/Lap Belt(s),M,6841f4e3-324b-4ebe-b086-7f5955c81f5d,Head On,N,Non Intersection,Right Turn Lane,Daylight,No Defects,"Two-way, Not Divided",Dry,Clear,Twelve o'clock,(Sport) Utility Vehicle,Superficial,N,Moving Constant Speed,2015-01-17 16:20,37,39.36696242,-76.65331185
N,Apparently Normal,No Misuse,Y,No Injury,15bdbdb9-3dc5-489a-9cc6-cb13db2eb065,D,ADJ1410003,Shoulder/Lap Belt(s),M,c37d7019-8a8a-485b-b66c-a246ae1510b9,Same Direction Rear End,N,Intersection Related,Acceleration Lane,Dark Lights On,No Defects,One-way Trafficway,Wet,Raining,Twelve o'clock,Van,Disabling,N,Accelerating,2015-01-26 5:41,39,39.28659894,-76.61354542
N,Apparently Normal,No Misuse,Y,No Injury,1036a27a-a65f-416c-9bf7-7658be9b1d8e,D,ADJ2030007,Shoulder/Lap Belt(s),M,ee955e1e-1013-4063-af3d-c31317a15b70,Same Direction Rear End,N,Intersection,Right Turn Lane,Daylight,No Defects,One-way Trafficway,Dry,Clear,Twelve o'clock,Passenger Car,Functional,N,Moving Constant Speed,2015-03-15 14:01,63,39.28323574,-76.58421278
N,Apparently Normal,No Misuse,N,No Injury,59b7fc25-7701-47a4-9f42-ea9025258bfe,D,ADJ4630003,Shoulder/Lap Belt(s),M,31d3bfd8-29b2-4dee-afdf-65158ca258a2,Opposite Direction Sideswipe,N,Non Intersection,Left Turn Lane,Daylight,No Defects,"Two-way, Divided, Unprotected (painted >4 feet) Median",Dry,Clear,Five o'clock,Recreational Vehicle,Superficial,N,Stopped in Traffic Lane,2015-02-25 9:32,50,39.27530304,-76.64217263
Y,Apparently Normal,No Misuse,N,No Injury,de435126-fb9f-4e27-8d9c-13bba05381e1,D,ADJ4630003,Shoulder/Lap Belt(s),M,d38ced67-25d9-4045-8324-b62d87621472,Opposite Direction Sideswipe,N,Non Intersection,Left Turn Lane,Daylight,No Defects,"Two-way, Divided, Unprotected (painted >4 feet) Median",Dry,Clear,Ten o'clock,"Medium/Heavy Truck 2 axles (10,000 lbs (4,536 kg) or less)",No Damage,N,Stopped in Traffic Lane,2015-02-25 9:32,49,39.27530304,-76.64217263