CDL_FLAG,CONDITION_CODE,EQUIP_PROB_CODE,FAULT_FLAG,INJ_SEVER_CODE,PERSON_ID,PERSON_TYPE,REPORT_NO,SAF_EQUIP_CODE,SEX_CODE,VEHICLE_ID,COLLISION_TYPE_CODE,C_M_ZONE_FLAG,JUNCTION_CODE,LANE_CODE,LIGHT_CODE,RD_COND_CODE,RD_DIV_CODE,SURF_COND_CODE,WEATHER_CODE,AREA_DAMAGED_CODE_MAIN,BODY_TYPE_CODE,DAMAGE_CODE,HIT_AND_RUN_FLAG,MOVEMENT_CODE,TIME,AGE,LATITUDE,LONGITUDE
N,Had Been Drinking,No Misuse,Y,No Injury,e8dcf0b1-a4f7-4ac2-a060-acf7776e446d,D,AC0924001C,Shoulder/Lap Belt(s),M,d99fe2db-ff3a-46b3-b2da-124749efcc99,Same Movement Angle,N,Non Intersection,Right Turn Lane,Dark Lights On,No Defects,"Two-way, Not Divided",Dry,Clear,Eleven o'clock,Passenger Car,Disabling,N,Moving Constant Speed,2015-03-29 1:42,30,39.15923296,-76.68379784
N,Apparently Normal,No Misuse,Y,No Injury,9319ef29-fd26-4236-879a-06846b1bc9ce,D,AC0961000D,Shoulder/Lap Belt(s),M,d832f2b1-2382-45ee-b708-a1ea75f2d48d,Single Vehicle ,N,Non Intersection,Right Turn Lane,Dark Lights On,No Defects,"Two-way, Not Divided",Wet,Raining,Twelve o'clock,Passenger Car,Disabling,N,Moving Constant Speed,2015-01-24 4:52,21,38.99789759,-76.51973248
N,Apparently Normal,No Misuse,N,No Injury,47e186ce-5350-4418-a205-03d2b6c4cb66,D,AC0985000M,Shoulder/Lap Belt(s),M,c1286204-a368-4860-bed9-8b23ed881ba7,Single Vehicle ,N,Intersection,Deceleration Lane,Daylight,No Defects,"Two-way, Not Divided",Wet,Cloudy,Two o'clock,Passenger Car,Disabling,N,Moving Constant Speed,2015-01-27 9:17,42,39.162545,-76.71199833
Y,Apparently Normal,No Misuse,N,No Injury,7f20dfb6-7daf-4335-95b3-972018ab2156,D,AC0993000G,Shoulder/Lap Belt(s),M,e4f409e2-3eeb-4ae0-865d-153848d62c03,Single Vehicle ,N,Non Intersection,Left Turn Lane,Dark No Lights,No Defects,"Two-way, Divided, Positive Median Barrier",Dry,Clear,Two o'clock,Van,Superficial,N,Moving Constant Speed,2015-02-07 22:17,56,39.18979061,-76.55342102
N,Apparently Normal,No Misuse,N,No Injury,65b640e6-29c6-4cd0-9992-1b78b8976ae8,D,AC1028000F,Shoulder/Lap Belt(s),M,ba8d4575-db05-41ad-be39-607188320b74,Same Direction Rear End,N,Intersection Related,Right Turn Lane,Dark Lights On,No Defects,"Two-way, Not Divided",Ice,Wintry Mix,Six o'clock,(Sport) Utility Vehicle,Functional,N,Parked  ,2015-01-06 6:25,28,39.08903491,-76.70804501
N,Apparently Normal,No Misuse,N,No Injury,f6fc97f9-4870-453c-ba75-95a4ce57c810,D,AC1028000Q,Shoulder/Lap Belt(s),M,b551aabf-a163-44c3-a440-3314fb2c61ac,Same Movement Angle,N,Intersection,Right Turn Lane,Daylight,No Defects,"Two-way, Not Divided",Dry,Clear,Twelve o'clock,Passenger Car,Disabling,N,Moving Constant Speed,2015-03-18 15:06,22,39.08503765,-76.65534496
N,Apparently Normal,No Misuse,Y,No Injury,ca251b12-b06d-460a-bf19-a0e50480f2fe,D,AC1028000Q,Shoulder/Lap Belt(s),M,a7318fae-912f-426e-8cdb-b06f2a94c1ad,Same Movement Angle,N,Intersection,Right Turn Lane,Daylight,No Defects,"Two-way, Not Divided",Dry,Clear,One o'clock,Pickup Truck,Disabling,N,Starting From Lane,2015-03-18 15:06,74,39.08503765,-76.65534496
N,Apparently Normal,No Misuse,Y,No Injury,2c4408c1-789d-44c0-982c-29f0f42d5ae0,D,AC1048000X,Shoulder/Lap Belt(s),M,0755d9f9-49b1-4c1c-a015-254db4c274d8,Same Direction Rear End,N,Non Intersection,Right Turn Lane,Daylight,No Defects,"Two-way, Not Divided",Dry,Cloudy,Twelve o'clock,(Sport) Utility Vehicle,Disabling,N,Moving Constant Speed,2015-03-27 15:48,52,39.10813787,-76.5835856
N,Apparently Normal,No Misuse,N,Non-incapacitating Injury,e1e139c1-8b88-40d3-a831-6e291c4ad7e4,D,AC1048000X,Shoulder/Lap Belt(s),M,afd7b85c-8e55-4a02-b13c-7a4dd5898563,Same Direction Rear End,N,Non Intersection,Right Turn Lane,Daylight,No Defects,"Two-way, Not Divided",Dry,Cloudy,Six o'clock,(Sport) Utility Vehicle,Functional,N,Stopped in Traffic Lane,2015-03-27 15:48,38,39.10813787,-76.5835856
N,Apparently Normal,No Misuse,N,No Injury,35c76ea9-bd19-4c2b-a4c6-0eb98baa1f47,D,AC1111000N,Shoulder/Lap Belt(s),M,02006b66-23ea-4b5c-9a41-e65acf1baf82,Same Direction Rear End,N,Non Intersection,Right Turn Lane,Daylight,No Defects,"Two-way, Not Divided",Wet,Clear,Six o'clock,Passenger Car,Disabling,N,Stopped in Traffic Lane,2015-01-07 15:56,48,39.11081594,-76.49898291
N,Influenced by Medications and/or Drugs and/or Alcohol,No Misuse,Y,No Injury,af7d25e9-e73e-4870-bec1-72a052fd283c,D,AC1111000N,Shoulder/Lap Belt(s),M,767e6051-1ff2-4131-a67c-b3532394b97f,Same Direction Rear End,N,Non Intersection,Right Turn Lane,Daylight,No Defects,"Two-way, Not Divided",Wet,Clear,Twelve o'clock,(Sport) Utility Vehicle,Superficial,N,Moving Constant Speed,2015-01-07 15:56,52,39.11081594,-76.49898291
N,Apparently Normal,No Misuse,Y,No Injury,554edbd0-6eac-43b0-b2c9-e68c1b07453d,D,AC11610008,Shoulder/Lap Belt(s),M,2fea2e42-0cba-42cd-b83a-7c7ad4c2bf1a,Same Direction Rear End Left Turn,N,Intersection,Right Turn Lane,Dark Lights On,No Defects,"Two-way, Divided, Unprotected (painted >4 feet) Median",Dry,Clear,Twelve o'clock,Passenger Car,Functional,N,Moving Constant Speed,2015-01-28 18:20,68,39.15733619,-76.62247181
N,Apparently Normal,No Misuse,N,Possible Incapacitating Injury,3361a074-077b-40cd-804d-43dc783fe0e7,D,AC11610008,Shoulder/Lap Belt(s),M,cd85a386-54b7-4ee4-8f3d-04a02d226d46,Same Direction Rear End Left Turn,N,Intersection,Right Turn Lane,Dark Lights On,No Defects,"Two-way, Divided, Unprotected (painted >4 feet) Median",Dry,Clear,Six o'clock,(Sport) Utility Vehicle,Superficial,N,Stopped in Traffic Lane,2015-01-28 18:20,55,39.15733619,-76.62247181
N,Apparently Normal,No Misuse,N,No Injury,8cc06899-95b1-4345-8176-da7cda58f893,D,AC12220023,Shoulder/Lap Belt(s),M,31a65ec0-2eea-4070-ac31-31091f33a3c6,Same Direction Rear End,N,Intersection Related,Acceleration Lane,Daylight,No Defects,"Two-way, Divided, Positive Median Barrier",Dry,Clear,Six o'clock,Passenger Car,Superficial,N,Stopped in Traffic Lane,2015-03-18 16:25,18,39.04111961,-76.67261839
N,Apparently Normal,No Misuse,Y,No Injury,194bb708-398f-4d57-a6c3-1afb67ec0450,D,AC1274000M,Shoulder/Lap Belt(s),M,9f49eea4-a4b2-441c-a841-092a5b3f9f9e,Single Vehicle ,N,Non Intersection,Left Turn Lane,Dark No Lights,No Defects,"Two-way, Divided, Positive Median Barrier",Ice,Wintry Mix,Eleven o'clock,Van,Disabling,N,Skidding,2015-01-26 18:15,26,39.14780167,-76.69819167
Y,Apparently Normal,No Misuse,N,No Injury,d8c41512-85e4-4e7d-9161-ddffc9908adf,D,AC1324000L,Shoulder/Lap Belt(s),M,c79856ca-b001-4681-87ef-36982879b8e4,Single Vehicle ,N,Non Intersection,Right Turn Lane,Dark No Lights,No Defects,"Two-way, Not Divided",Dry,Clear,Roof Top,"Cargo Van/Light Truck 2 axles (10,000 lbs (4,536 kg) or less)",Superficial,N,Moving Constant Speed,2015-02-18 5:46,57,38.85008667,-76.55744
N,Apparently Normal,No Misuse,Y,No Injury,15fbc806-0669-4d9c-87a1-d4b223e93331,D,AC1333000D,Shoulder/Lap Belt(s),M,9eddfee2-0862-48c5-ab53-6c665419ec2d,Single Vehicle ,N,Intersection,Right Turn Lane,Dark Lights On,No Defects,"Two-way, Not Divided",Wet,Clear,Twelve o'clock,Passenger Car,Functional,N,Moving Constant Speed,2015-02-21 3:39,22,39.03798298,-76.51430662
N,Apparently Normal,No Misuse,Y,No Injury,ebd030ae-0b4d-4b86-b997-bfde01e3a505,D,AC13380016,Shoulder/Lap Belt(s),M,673ad4b0-a243-4dfb-afe3-7846c458a265,Single Vehicle ,N,Non Intersection,Right Turn Lane,Dusk,No Defects,"Two-way, Not Divided",Snow,Snow,Twelve o'clock,Station Wagon,Disabling,N,Moving Constant Speed,2015-03-05 17:15,37,38.97618572,-76.66864075
N,Apparently Normal,No Misuse,N,No Injury,723befef-5e63-4a05-a9b6-a8ba2d705419,D,AC1353000B,Shoulder/Lap Belt(s),M,28bde0ee-8374-4b56-ad1d-7980e00ba7d0,Head On Left Turn,N,Intersection,Left Turn Lane,Dark Lights On,No Defects,"Two-way, Divided, Unprotected (painted >4 feet) Median",Wet,Cloudy,Ten o'clock,Passenger Car,Disabling,N,Moving Constant Speed,2015-01-21 6:42,80,38.96192823,-76.65654659
N,Apparently Normal,No Misuse,Y,No Injury,9f158d6d-db78-486e-a210-0cfef0d927cb,D,AC1353000B,Shoulder/Lap Belt(s),M,b694f174-fbc4-4f2a-8e23-7cbd9cd0de32,Head On Left Turn,N,Intersection,Left Turn Lane,Dark Lights On,No Defects,"Two-way, Divided, Unprotected (painted >4 feet) Median",Wet,Cloudy,Twelve o'clock,(Sport) Utility Vehicle,Disabling,N,Making Left Turn,2015-01-21 6:42,56,38.96192823,-76.65654659
N,Apparently Normal,No Misuse,N,No Injury,cf0b4110-6412-42e6-9f28-08316f3b3edb,D,AC13600009,Shoulder/Lap Belt(s),M,b82daa89-c2b8-43dc-8dc1-d871ae5cb9ed,Single Vehicle ,N,Non Intersection,Right Turn Lane,Dark No Lights,No Defects,"Two-way, Not Divided",Dry,Clear,Twelve o'clock,Police Vehicle/Non Emergency,Functional,N,Moving Constant Speed,2015-01-03 2:26,48,38.8937718,-76.50123596
N,Apparently Normal,No Misuse,N,No Injury,9604392b-6888-40ef-a619-2d69b665c961,D,AC13640012,Shoulder/Lap Belt(s),M,7c06f830-5b55-44bf-ab81-8079064dc502,Same Direction Sideswipe,N,Non Intersection,Left Turn Lane,Dark No Lights,No Defects,"Two-way, Not Divided",Dry,Cloudy,Five o'clock,Pickup Truck,Functional,N,Changing Lanes,2015-01-08 21:39,45,39.0922492,-76.61494017
N,Apparently Normal,No Misuse,Y,No Injury,e5f1401b-0cbb-4e81-b3a4-f0bfa1cea521,D,AC13640012,Shoulder/Lap Belt(s),M,f55aeea7-f53c-4f37-909f-a286c5117d5b,Same Direction Sideswipe,N,Non Intersection,Left Turn Lane,Dark No Lights,No Defects,"Two-way, Not Divided",Dry,Cloudy,Eleven o'clock,Passenger Car,Disabling,N,Moving Constant Speed,2015-01-08 21:39,24,39.0922492,-76.61494017
N,Apparently Normal,No Misuse,N,No Injury,2551c3b8-9313-4446-a3aa-450d205388c6,D,AC13640017,Shoulder/Lap Belt(s),M,9e81283d-ce38-4b62-958f-a2b64bfeef9d,Same Movement Angle,N,Non Intersection,Right Turn Lane,Dark No Lights,No Defects,"Two-way, Not Divided",Dry,Clear,Twelve o'clock,Passenger Car,Disabling,N,Moving Constant Speed,2015-02-26 19:30,54,39.11686652,-76.63399652
N,Apparently Normal,No Misuse,Y,No Injury,670affdf-e09f-4e8d-a9cd-0d5b09cace62,D,AC13640017,Shoulder/Lap Belt(s),M,6661f407-fbd5-4b12-9832-267ebb2a698a,Same Movement Angle,N,Non Intersection,Right Turn Lane,Dark No Lights,No Defects,"Two-way, Not Divided",Dry,Clear,Nine o'clock,Pickup Truck,Disabling,N,Entering Traffic Lane,2015-02-26 19:30,35,39.11686652,-76.63399652
N,Apparently Normal,No Misuse,N,No Injury,b2a04d16-9872-4b70-b13b-0eff5c383136,D,AC1364001C,Shoulder/Lap Belt(s),M,f5c20c06-a0c9-4266-9d3e-6b34495d9821,Same Direction Rear End,N,Non Intersection,Right Turn Lane,Daylight,No Defects,"Two-way, Not Divided",Wet,Cloudy,Six o'clock,Passenger Car,Disabling,N,Stopped in Traffic Lane,2015-03-11 7:42,29,39.11780942,-76.62061085
N,Apparently Normal,No Misuse,Y,No Injury,d3c3fec5-30cd-4ed9-a392-b4600c9c8b78,D,AC1364001C,Shoulder/Lap Belt(s),M,6f33688a-d975-466f-aad3-6fc241711772,Same Direction Rear End,N,Non Intersection,Right Turn Lane,Daylight,No Defects,"Two-way, Not Divided",Wet,Cloudy,Twelve o'clock,Passenger Car,Disabling,N,Moving Constant Speed,2015-03-11 7:42,57,39.11780942,-76.62061085
N,Apparently Normal,No Misuse,Y,No Injury,0dfb9ce7-37c3-4a44-9e0d-40fcf4cfbcc7,D,AC13730018,Shoulder/Lap Belt(s),M,3689e3ad-3d13-4450-bc03-5e57097e97ea,Single Vehicle ,N,Non Intersection,Right Turn Lane,Daylight,No Defects,"Two-way, Not Divided",Snow,Snow,Twelve o'clock,Passenger Car,Disabling,Y,Skidding,2015-01-21 16:51,20,39.09132073,-76.47547066
N,Apparently Normal,No Misuse,N,No Injury,ad86d8ca-ddc8-4fe4-b159-221212939a56,D,AC1373001F,Shoulder/Lap Belt(s),M,a179cbdb-37ff-4f21-8498-4c1a2b99be6c,Same Movement Angle,N,Intersection,Right Turn Lane,Daylight,No Defects,"Two-way, Not Divided",Snow,Snow,Twelve o'clock,(Sport) Utility Vehicle,Functional,N,Moving Constant Speed,2015-02-21 13:38,46,39.13656815,-76.5424937
N,Apparently Normal,No Misuse,Y,No Injury,eba96778-8caf-48a0-9233-147abc338902,D,AC1373001F,Shoulder/Lap Belt(s),M,4d66b1df-a594-422b-9473-9708d33734f6,Same Movement Angle,N,Intersection,Right Turn Lane,Daylight,No Defects,"Two-way, Not Divided",Snow,Snow,Twelve o'clock,Passenger Car,Disabling,N,Skidding,2015-02-21 13:38,19,39.13656815,-76.5424937
N,Apparently Normal,No Misuse,N,No Injury,05d543e6-a668-419e-a88c-059e03410101,D,AC1386000T,Shoulder/Lap Belt(s),M,4ffa0188-8533-40a4-a187-9259811fc052,Same Movement Angle,N,Commercial Driveway,Right Turn Lane,Dark Lights On,No Defects,"Two-way, Divided, Unprotected (painted >4 feet) Median",Dry,Clear,Twelve o'clock,Pickup Truck,Disabling,N,Moving Constant Speed,2015-02-19 17:47,22,39.11153833,-76.49968833
N,Apparently Normal,No Misuse,Y,No Injury,2a7f268a-d0a2-4617-b126-cc998be1ac2f,D,AC1386000T,Shoulder/Lap Belt(s),M,a32e6a5d-7bf8-4bbb-b262-bea0ed9fdad0,Same Movement Angle,N,Commercial Driveway,Right Turn Lane,Dark Lights On,No Defects,"Two-way, Divided, Unprotected (painted >4 feet) Median",Dry,Clear,Eleven o'clock,Pickup Truck,Disabling,N,Making Left Turn,2015-02-19 17:47,27,39.11153833,-76.49968833
N,Apparently Normal,No Misuse,Y,No Injury,305e83c4-4af2-4d00-9c9e-e817148241bb,D,AC1408000T,Shoulder/Lap Belt(s),M,57f6304a-98ae-4311-a436-1f5e1b8c6de9,Single Vehicle ,N,Non Intersection,Right Turn Lane,Daylight,No Defects,One-way Trafficway,Wet,Raining,Twelve o'clock,(Sport) Utility Vehicle,Disabling,N,Moving Constant Speed,2015-01-04 13:10,19,39.01419882,-76.49372578
N,Apparently Normal,No Misuse,Y,No Injury,a49e0ba3-625b-410a-9114-f6b0a7e8cbb5,D,AC1426001K,Shoulder/Lap Belt(s),M,198e6db6-67d6-44bd-9ba1-0ddcc846ef0b,Single Vehicle ,N,Non Intersection,Right Turn Lane,Dark Lights On,No Defects,"Two-way, Divided, Positive Median Barrier",Dry,Cloudy,Twelve o'clock,(Sport) Utility Vehicle,Superficial,N,Moving Constant Speed,2015-03-16 21:10,54,39.06877984,-76.53786421
N,Apparently Normal,No Misuse,N,No Injury,67155f6f-e9eb-4dc6-9e49-6228caf62f9f,D,AC1427000C,Shoulder/Lap Belt(s),M,ee4c881e-3424-4a7e-aed0-96216fd04bac,Single Vehicle ,N,Intersection,Right Turn Lane,Dawn,No Defects,"Two-way, Not Divided",Dry,Clear,Two o'clock,Passenger Car,Superficial,N,Moving Constant Speed,2015-03-09 6:41,51,39.14217885,-76.62293923
N,Apparently Normal,No Misuse,N,No Injury,b4c47adc-b5fe-4bda-bdcc-0244c75a02e7,D,AC1495000H,Shoulder/Lap Belt(s),M,d4e11c8e-1955-4a6f-bef1-feaead630d83,Same Movement Angle,N,Intersection,Right Turn Lane,Daylight,No Defects,"Two-way, Divided, Unprotected (painted >4 feet) Median",Dry,Clear,Twelve o'clock,Passenger Car,Disabling,N,Slowing or Stopping,2015-01-30 9:46,24,39.15239435,-76.63152695
N,Apparently Normal,No Misuse,Y,No Injury,1440315f-c43d-421e-8845-72436d4ed950,D,AC1495000H,Shoulder/Lap Belt(s),M,38f615c0-c59d-416a-b268-84be325e7265,Same Movement Angle,N,Intersection,Right Turn Lane,Daylight,No Defects,"Two-way, Divided, Unprotected (painted >4 feet) Median",Dry,Clear,Nine o'clock,Passenger Car,Functional,N,Accelerating,2015-01-30 9:46,68,39.15239435,-76.63152695
Y,Apparently Normal,No Misuse,N,No Injury,2e61c013-521e-4605-b48f-a4d2b41121f5,D,AC1502000C,Shoulder/Lap Belt(s),M,2fe370a7-9822-43c9-96fd-4b22631348d2,Same Movement Angle,N,Intersection,Right Turn Lane,Dark Lights On,No Defects,"Two-way, Not Divided",Dry,Clear,Twelve o'clock,(Sport) Utility Vehicle,Superficial,N,Moving Constant Speed,2015-02-13 20:37,60,39.16112969,-76.61770821
N,Apparently Normal,No Misuse,Y,No Injury,9e108e22-d730-4ea0-92b7-beaab3b52c0c,D,AC1502000D,Shoulder/Lap Belt(s),M,6a72fdcf-f612-40c5-a0da-6b6aee2dde33,Same Direction Rear End,N,Commercial Driveway,Right Turn Lane,Daylight,No Defects,"Two-way, Not Divided",Dry,Clear,Twelve o'clock,Pickup Truck,Superficial,N,Slowing or Stopping,2015-02-18 8:28,20,39.15848537,-76.6101486
N,Apparently Normal,No Misuse,Y,No Injury,1d4379d2-b633-43cb-b217-ce73e0c54fa8,D,AC1526000M,Shoulder/Lap Belt(s),M,649b5ab0-dd47-4c9e-8ead-dfed34b09e08,Single Vehicle ,N,Non Intersection,Right Turn Lane,Dark No Lights,No Defects,"Two-way, Divided, Positive Median Barrier",Dry,Clear,Twelve o'clock,Passenger Car,Destroyed,N,Moving Constant Speed,2015-03-29 5:25,29,39.05201837,-76.65962577
N,Apparently Normal,No Misuse,Y,No Injury,1c8af10d-ec58-4faf-8441-2dc264e15752,D,AC15290002,Shoulder/Lap Belt(s),M,09c688e4-6a28-49f9-8247-4cb66f6222ce,Single Vehicle ,N,Non Intersection,Right Turn Lane,Daylight,Loose Surface Material,"Two-way, Not Divided",Ice,Clear,Twelve o'clock,Passenger Car,Disabling,N,Skidding,2015-03-06 15:26,34,39.10457206,-76.65397167
N,Apparently Normal,No Misuse,Y,No Injury,0eb6d00a-807f-4034-971d-0ce58c8bf797,D,AC1532000B,Shoulder/Lap Belt(s),M,b8f590cf-fea4-4c82-ab67-a1dabe64f6e5,Single Vehicle ,N,Non Intersection,Right Turn Lane,Daylight,No Defects,"Two-way, Not Divided",Snow,Snow,Twelve o'clock,Van,Disabling,N,Skidding,2015-01-21 14:47,40,38.95445308,-76.47411346
N,Apparently Normal,No Misuse,Y,No Injury,b2413c6a-0ce2-4e65-b6d1-8bbe88406032,D,AC15370009,Shoulder/Lap Belt(s),M,157d3264-cdc1-4166-96b6-ee768af27894,Single Vehicle ,N,Non Intersection,Right Turn Lane,Daylight,Foreign Material,"Two-way, Divided, Positive Median Barrier",Ice,Clear,Twelve o'clock,Passenger Car,Disabling,N,Moving Constant Speed,2015-02-15 7:20,41,39.15804493,-76.7214072
N,Apparently Normal,No Misuse,Y,No Injury,b7c0199f-29f0-4ff0-aa35-65b01f259438,D,AC1552000X,Shoulder/Lap Belt(s),M,b7cc42db-98b5-49dd-9c72-da37234289a3,Single Vehicle ,N,Intersection,Right Turn Lane,Daylight,No Defects,"Two-way, Not Divided",Dry,Clear,Twelve o'clock,Passenger Car,Disabling,N,Making Right Turn,2015-03-19 12:53,20,39.08907654,-76.60859406
N,Apparently Normal,No Misuse,Y,No Injury,a5e3a89a-a4f8-4603-863c-13c3af424621,D,AC1563000C,Shoulder/Lap Belt(s),M,f21276ef-cce3-42d5-9bfb-5cb6c8ca2697,Same Movement Angle,N,Commercial Driveway,Right Turn Lane,Dark No Lights,No Defects,"Two-way, Not Divided",Dry,Clear,One o'clock,Passenger Car,Functional,N,Making Right Turn,2015-03-26 19:44,71,39.09136833,-76.77734333
N,Apparently Normal,No Misuse,N,No Injury,31072a88-d6ed-49b5-aa1b-e8465c706492,D,AC1563000D,Shoulder/Lap Belt(s),M,7599dc60-95ad-4f7a-b583-6b65e9fde48e,Head On,N,Non Intersection,Right Turn Lane,Daylight,No Defects,"Two-way, Not Divided",Dry,Clear,Twelve o'clock,Passenger Car,Disabling,N,Stopped in Traffic Lane,2015-03-31 14:54,25,39.09454333,-76.79049
N,Apparently Normal,No Misuse,N,No Injury,e9b99bab-984f-4821-9aa5-0d27d84a05b6,D,AC1564000C,Shoulder/Lap Belt(s),M,d269fe73-5b4b-437d-9dfc-febce3bba491,Same Direction Rear End Right Turn,N,Intersection Related,Left Turn Lane,Dawn,No Defects,"Two-way, Divided, Unprotected (painted >4 feet) Median",Dry,Cloudy,Six o'clock,Passenger Car,Superficial,N,Making Right Turn,2015-03-26 6:04,32,38.99680338,-76.52576355
N,Apparently Normal,No Misuse,Y,No Injury,dd7d765b-c433-455b-87be-6632cee439ab,D,AC1571000F,Shoulder/Lap Belt(s),M,dcc8c01d-b5cc-4341-a5c4-3bd81cd98f00,Single Vehicle ,N,Non Intersection,Right Turn Lane,Daylight,No Defects,"Two-way, Not Divided",Dry,Clear,Roof Top,Passenger Car,Disabling,N,Moving Constant Speed,2015-01-25 10:38,17,38.91733265,-76.59208775
N,Apparently Normal,No Misuse,N,No Injury,cfc7fd2e-2141-4592-b37e-e4ab1f7cc970,D,AC1596000K,Shoulder/Lap Belt(s),M,752af003-a8a3-4038-82f8-13e8c3a0c534,Single Vehicle ,N,Non Intersection,Right Turn Lane,Dawn,No Defects,"Two-way, Divided, Unprotected (painted >4 feet) Median",Snow,Snow,Eleven o'clock,Passenger Car,Functional,N,Moving Constant Speed,2015-01-06 7:06,48,39.11580657,-76.67775147
N,Apparently Normal,No Misuse,Y,No Injury,c923d9dd-dfff-44a0-9dc5-7a77dc64f01d,D,AC1596000M,Shoulder/Lap Belt(s),M,f5ce9dbe-87f8-470f-b0f5-97b4c209f02d,Single Vehicle ,N,Non Intersection,Right Turn Lane,Daylight,No Defects,"Two-way, Divided, Positive Median Barrier",Snow,Snow,Twelve o'clock,(Sport) Utility Vehicle,Superficial,N,Moving Constant Speed,2015-01-06 10:44,45,39.11422853,-76.6343965
N,Apparently Normal,No Misuse,Y,No Injury,855e4e4c-c4b1-4348-bfeb-9d6ecc65d8dc,D,AC1607000V,Shoulder/Lap Belt(s),M,1c1a0b80-55fe-4f65-acdb-7553542e7ce7,Single Vehicle ,N,Non Intersection,Right Turn Lane,Daylight,No Defects,One-way Trafficway,Wet,Raining,Six o'clock,Passenger Car,Disabling,N,Moving Constant Speed,2015-01-04 8:49,20,39.09815012,-76.76777733
N,Apparently Normal,No Misuse,N,No Injury,d95d529e-9f49-4a3b-8a68-ae67f629dd97,D,AC1639000C,Shoulder/Lap Belt(s),M,f51cb423-17f2-40c3-8bac-447604c9b823,Single Vehicle ,N,Non Intersection,Left Turn Lane,Dark Lights On,No Defects,"Two-way, Divided, Positive Median Barrier",Ice,Sleet,One o'clock,Passenger Car,Disabling,N,Slowing or Stopping,2015-01-29 18:00,28,39.15053067,-76.73576832
N,Apparently Normal,No Misuse,N,No Injury,93eb8a69-949d-49c9-8b16-d243c0daa64b,D,AC1641000W,Shoulder/Lap Belt(s),M,22f0f223-57d7-4fd1-b5f9-2cf3db3fc795,Single Vehicle ,N,Non Intersection,Right Turn Lane,Daylight,No Defects,"Two-way, Not Divided",Ice,Clear,One o'clock,Police Vehicle/Non Emergency,Functional,N,Moving Constant Speed,2015-01-20 8:20,41,38.98786821,-76.62436008
N,Apparently Normal,No Misuse,Y,No Injury,06d6a0e3-f09a-497f-aebf-ae1f53a6f34e,D,AC1643000D,Shoulder/Lap Belt(s),M,ae57f7e8-f33a-4d13-ad7c-8ada8e90c9ff,Single Vehicle ,N,Non Intersection,Right Turn Lane,Daylight,No Defects,"Two-way, Not Divided",Ice,Severe Winds,Twelve o'clock,Pickup Truck,Functional,N,Moving Constant Speed,2015-02-15 11:41,76,39.01672464,-76.55304551
N,Apparently Normal,No Misuse,N,No Injury,5b8758f9-6cf8-4738-bc52-7d0332223222,D,AC16560013,Shoulder/Lap Belt(s),M,fb88f6fa-fa2c-4eba-9830-008a53f2c69f,Same Direction Rear End,N,Intersection,Left Turn Lane,Dark Lights On,No Defects,"Two-way, Divided, Positive Median Barrier",Dry,Clear,Six o'clock,Passenger Car,Functional,N,Starting From Lane,2015-01-02 22:02,48,39.19388169,-76.60886765
N,Had Been Drinking,No Misuse,Y,No Injury,cdb5a2f7-eab4-4ee5-bc27-a7a6b2e03f17,D,AC16560013,Shoulder/Lap Belt(s),M,3b9253a5-da87-47e0-8fbf-047901fcde3b,Same Direction Rear End,N,Intersection,Left Turn Lane,Dark Lights On,No Defects,"Two-way, Divided, Positive Median Barrier",Dry,Clear,Twelve o'clock,Passenger Car,Disabling,N,Moving Constant Speed,2015-01-02 22:02,50,39.19388169,-76.60886765
N,Apparently Normal,No Misuse,Y,No Injury,a757b2f2-3930-4776-8305-3c7a606b21cc,D,AC1667000C,Shoulder/Lap Belt(s),M,64501e3d-6ab0-4704-916f-4af1be511735,Single Vehicle ,N,Non Intersection,Right Turn Lane,Daylight,No Defects,One-way Trafficway,Wet,Raining,Twelve o'clock,Passenger Car,Disabling,N,Accelerating,2015-01-04 9:16,24,39.11433173,-76.77784428
Y,Apparently Normal,No Misuse,Y,No Injury,69058c2b-d7b4-4e7a-9745-f4c21f9c5626,D,AC1667000F,Shoulder/Lap Belt(s),M,f1f603e1-5307-4b2f-b63a-c2ceeaec67be,Single Vehicle ,N,Non Intersection,Right Turn Lane,Dusk,No Defects,"Two-way, Not Divided",Ice,Wintry Mix,One o'clock,"Medium/Heavy Truck 2 axles (10,000 lbs (4,536 kg) or less)",Disabling,N,Moving Constant Speed,2015-02-10 6:42,25,39.16863289,-76.75387859
N,Apparently Normal,No Misuse,Y,No Injury,ff52a9db-0989-4a2d-aea7-7a9a5733f2b1,D,AC1667000H,Shoulder/Lap Belt(s),M,a8258724-b115-46a8-b12f-bec98ed16600,Same Direction Rear End,N,Non Intersection,Right Turn Lane,Dusk,No Defects,"Two-way, Divided, Positive Median Barrier",Dry,Clear,Twelve o'clock,Passenger Car,Disabling,N,Slowing or Stopping,2015-02-18 17:30,30,39.10702192,-76.7738042
N,Apparently Normal,No Misuse,N,No Injury,db07e50b-0c68-4ab6-b09b-d3d59588279e,D,AC1668000H,Shoulder/Lap Belt(s),M,a9b2ee70-3462-409d-a403-235a008a8820,Same Direction Rear End,N,Non Intersection,Right Turn Lane,Dark - Unknown Lighting,No Defects,"Two-way, Not Divided",Dry,Clear,Six o'clock,Passenger Car,Functional,N,Slowing or Stopping,2015-01-09 17:30,21,39.14628937,-76.72642082
N,Apparently Normal,No Misuse,N,No Injury,972f5e9c-eaba-4ba2-bc1e-846f15de23b0,D,AC1668000P,Shoulder/Lap Belt(s),M,de8f6aac-934b-472a-9724-f64d44dcd7bb,Same Direction Right Turn,N,Non Intersection,Left Turn Lane,Daylight,No Defects,"Two-way, Not Divided",Dry,Clear,Seven o'clock,Pickup Truck,Superficial,N,Moving Constant Speed,2015-02-27 15:06,61,39.14079548,-76.75675392
N,Apparently Normal,No Misuse,Y,No Injury,8654b68c-c287-4d4a-9e33-f0bd0bcb0a71,D,AC1669000B,Shoulder/Lap Belt(s),M,c148de6a-1bf7-47e9-b72d-57552128e357,Single Vehicle ,N,Non Intersection,Right Turn Lane,Dark No Lights,No Defects,"Two-way, Not Divided",Wet,Raining,Twelve o'clock,Passenger Car,Disabling,N,Moving Constant Speed,2015-03-14 1:56,37,38.93178833,-76.47432