CDL_FLAG,CONDITION_CODE,EQUIP_PROB_CODE,FAULT_FLAG,INJ_SEVER_CODE,PERSON_ID,PERSON_TYPE,REPORT_NO,SAF_EQUIP_CODE,SEX_CODE,VEHICLE_ID,COLLISION_TYPE_CODE,C_M_ZONE_FLAG,JUNCTION_CODE,LANE_CODE,LIGHT_CODE,RD_COND_CODE,RD_DIV_CODE,SURF_COND_CODE,WEATHER_CODE,AREA_DAMAGED_CODE_MAIN,BODY_TYPE_CODE,DAMAGE_CODE,HIT_AND_RUN_FLAG,MOVEMENT_CODE,TIME,AGE,LATITUDE,LONGITUDE
N,Apparently Normal,No Misuse,Y,No Injury,1100138a-c46b-493d-9e7d-11c9194da19c,D,AC2009000Z,Shoulder/Lap Belt(s),M,25fde02f-5d61-4ccc-b58f-8bf29903db04,Single Vehicle ,N,Non Intersection,Right Turn Lane,Dark - Unknown Lighting,No Defects,"Two-way, Divided, Unprotected (painted >4 feet) Median",Ice,Clear,Twelve o'clock,Passenger Car,Functional,Y,Moving Constant Speed,2015-01-21 1:00,26,38.96787608,-76.66560173
N,Apparently Normal,No Misuse,N,No Injury,1e17418e-6a30-4063-bf76-9343710e6b51,D,AC2010000G,Shoulder/Lap Belt(s),M,37ce6f94-2e33-4a22-a045-d1883ad30cc7,Same Movement Angle,N,Intersection,Right Turn Lane,Dark Lights On,No Defects,"Two-way, Not Divided",Dry,Clear,Twelve o'clock,Passenger Car,Disabling,N,Moving Constant Speed,2015-02-08 0:23,19,39.05278488,-76.61833048
N,Apparently Normal,No Misuse,Y,No Injury,9e898ff7-49f9-437d-95cb-0e11355f08df,D,AC2010000G,Shoulder/Lap Belt(s),M,2161aaec-6c01-4b6c-8c79-eaf6e40c6d30,Same Movement Angle,N,Intersection,Right Turn Lane,Dark Lights On,No Defects,"Two-way, Not Divided",Dry,Clear,Seven o'clock,(Sport) Utility Vehicle,Superficial,N,Accelerating,2015-02-08 0:23,17,39.05278488,-76.61833048
N,Apparently Normal,No Misuse,N,No Injury,4bc86409-4f47-4f33-bf44-d24675e0c5b2,D,AC2015000K,Shoulder/Lap Belt(s),M,f8d5f49c-5583-4c7d-9d84-f5e0f5c0b63d,Same Movement Angle,N,Residential Driveway,Left Turn Lane,Daylight,No Defects,"Two-way, Not Divided",Dry,Clear,Two o'clock,Passenger Car,Disabling,N,Moving Constant Speed,2015-02-23 13:52,53,39.08442972,-76.57179952
N,Apparently Normal,No Misuse,Y,No Injury,bff83b74-b765-49f4-bc9d-15360147206d,D,AC2015000K,Shoulder/Lap Belt(s),M,6331c10d-b642-465b-a038-f68698318946,Same Movement Angle,N,Residential Driveway,Left Turn Lane,Daylight,No Defects,"Two-way, Not Divided",Dry,Clear,Six o'clock,Pickup Truck,Functional,N,Backing,2015-02-23 13:52,53,39.08442972,-76.57179952
N,Apparently Normal,No Misuse,N,No Injury,93c0993f-9c78-44bc-84d3-441c7ccb2715,D,AC2017000P,Shoulder/Lap Belt(s),M,4027b862-10fc-46e6-8ed4-f95c64cd9d3e,Same Movement Angle,N,Commercial Driveway,Right Turn Lane,Dark Lights On,No Defects,"Two-way, Not Divided with a Continuous Left Turn Lane",Dry,Clear,Twelve o'clock,Passenger Car,Disabling,N,Moving Constant Speed,2015-02-13 19:00,36,39.11096579,-76.49934769
N,Apparently Normal,No Misuse,Y,No Injury,7d1dd94a-d025-41fc-8672-93f1c80c4a47,D,AC2017000P,Shoulder/Lap Belt(s),M,29a86d8c-903e-4bb6-9d12-77fc90d4dd54,Same Movement Angle,N,Commercial Driveway,Right Turn Lane,Dark Lights On,No Defects,"Two-way, Not Divided with a Continuous Left Turn Lane",Dry,Clear,Twelve o'clock,Passenger Car,Disabling,N,Making Left Turn,2015-02-13 19:00,55,39.11096579,-76.49934769
N,Apparently Normal,No Misuse,N,No Injury,40137dd8-e7c1-4163-a1aa-a3dc78e599f2,D,AC2017000R,Shoulder/Lap Belt(s),M,838afb96-f085-4d07-9937-de3f33ab4dab,Same Direction Rear End,N,Non Intersection,Right Turn Lane,Dark - Unknown Lighting,No Defects,"Two-way, Divided, Positive Median Barrier",Dry,Clear,Six o'clock,Passenger Car,Superficial,N,Moving Constant Speed,2015-02-13 20:30,19,39.17087871,-76.53479576
N,Apparently Normal,No Misuse,N,No Injury,22320e17-fa5e-45c1-9191-918f717016de,D,AC2021000K,Shoulder/Lap Belt(s),M,843ee357-0357-43ef-aa43-191adacbd6b2,Same Direction Rear End,N,Non Intersection,Acceleration Lane,Daylight,No Defects,"Two-way, Divided, Positive Median Barrier",Dry,Cloudy,Six o'clock,Passenger Car,Superficial,N,Slowing or Stopping,2015-01-21 7:54,46,39.09493044,-76.62504673
N,Apparently Normal,No Misuse,Y,No Injury,45e9d69f-19df-404c-adb2-8061bbc19ef8,D,AC2021000K,Shoulder/Lap Belt(s),M,d13051cc-8cfb-4e12-acbc-df81150d9d56,Same Direction Rear End,N,Non Intersection,Acceleration Lane,Daylight,No Defects,"Two-way, Divided, Positive Median Barrier",Dry,Cloudy,Twelve o'clock,Passenger Car,Disabling,N,Accelerating,2015-01-21 7:54,55,39.09493044,-76.62504673
N,Apparently Normal,No Misuse,Y,No Injury,15b38ba4-8a89-4b53-ab49-f3c195ea0fb1,D,AC2021000L,Shoulder/Lap Belt(s),M,2b8ccdd9-06f7-4aea-ad84-8af8abb63b1c,Same Direction Sideswipe,N,Non Intersection,Right Turn Lane,Daylight,No Defects,"Two-way, Not Divided",Wet,Clear,Ten o'clock,Passenger Car,Disabling,N,Starting From Parked,2015-01-22 9:52,53,39.11697667,-76.70610167
N,Apparently Normal,No Misuse,N,No Injury,f445d8cc-ba14-4c13-a4f0-698c0faed0dd,D,AC2021000Q,Shoulder/Lap Belt(s),M,b26eba5c-a19a-4c53-970a-108ca8ab0352,Same Direction Sideswipe,N,Non Intersection,Right Turn Lane,Daylight,No Defects,"Two-way, Not Divided",Dry,Clear,Ten o'clock,Passenger Car,Superficial,N,Moving Constant Speed,2015-03-06 15:23,47,39.15812562,-76.69461205
N,Apparently Normal,No Misuse,Y,No Injury,4986b515-a755-4f21-b714-8a71670dac59,D,AC2021000Q,Shoulder/Lap Belt(s),M,cfd265ba-7964-4954-a98b-3f871db19c90,Same Direction Sideswipe,N,Non Intersection,Right Turn Lane,Daylight,No Defects,"Two-way, Not Divided",Dry,Clear,Ten o'clock,Passenger Car,Superficial,N,Accelerating,2015-03-06 15:23,23,39.15812562,-76.69461205
Y,Apparently Normal,No Misuse,N,Possible Incapacitating Injury,1d4c40b3-448f-43fb-8c59-aae863f59dbd,D,AC2021000Q,Shoulder/Lap Belt(s),M,1283cbe1-cf0d-492a-9241-6502b9f6c161,Same Direction Sideswipe,N,Non Intersection,Right Turn Lane,Daylight,No Defects,"Two-way, Not Divided",Dry,Clear,Two o'clock,Truck Tractor,Superficial,N,Moving Constant Speed,2015-03-06 15:23,55,39.15812562,-76.69461205
N,Apparently Normal,No Misuse,N,No Injury,541b57a2-a00d-48ff-b1f7-f05328b8d7d2,D,AC2033000J,Shoulder/Lap Belt(s),M,3396a186-7fb1-4d2d-bae5-067e375b6792,Head On Left Turn,N,Non Intersection,Right Turn Lane,Daylight,No Defects,"Two-way, Divided, Unprotected (painted >4 feet) Median",Dry,Clear,Eleven o'clock,"Other Light Trucks (10,000 lbs (4,536 kg))",Superficial,N,Slowing or Stopping,2015-03-25 17:24,55,39.12852888,-76.54599667
N,Apparently Normal,No Misuse,N,No Injury,6cbe2e57-e77b-4941-9dbf-86a90b18b2b1,D,AC2033000J,Shoulder/Lap Belt(s),M,d0a6af30-0da3-493c-9c54-f7276bc15da5,Head On Left Turn,N,Non Intersection,Right Turn Lane,Daylight,No Defects,"Two-way, Divided, Unprotected (painted >4 feet) Median",Dry,Clear,Eight o'clock,Passenger Car,Superficial,N,Slowing or Stopping,2015-03-25 17:24,28,39.12852888,-76.54599667
N,Apparently Normal,No Misuse,Y,No Injury,8a519d29-6905-4729-878c-5030218a95be,D,AC2033000J,Shoulder/Lap Belt(s),M,5aa1863f-d702-4919-85ad-6430ad7524c9,Head On Left Turn,N,Non Intersection,Right Turn Lane,Daylight,No Defects,"Two-way, Divided, Unprotected (painted >4 feet) Median",Dry,Clear,Eleven o'clock,Van,Superficial,Y,Moving Constant Speed,2015-03-25 17:24,26,39.12852888,-76.54599667
N,Apparently Normal,No Misuse,Y,No Injury,f86630b4-9550-47b8-88eb-81d6f38c1d1d,D,ADD721000X,Shoulder/Lap Belt(s),M,3ad1ab10-ad06-4309-8199-dcad47572688,Single Vehicle ,N,Intersection Related,Right Turn Lane,Daylight,No Defects,"Two-way, Not Divided",Dry,Clear,Six o'clock,Police Vehicle/Non Emergency,Superficial,N,Backing,2015-02-08 13:30,25,39.34478781,-76.66949093
N,Apparently Normal,No Misuse,Y,No Injury,16db12a2-ffad-4d99-86ef-82e3d9ac04ac,D,ADD905000X,Shoulder/Lap Belt(s),M,d7a5d958-50c1-4728-935f-43a31a9018a1,Same Direction Sideswipe,N,Non Intersection,Right Turn Lane,Daylight,No Defects,"Two-way, Divided, Unprotected (painted >4 feet) Median",Dry,Clear,Ten o'clock,Police Vehicle/Non Emergency,Functional,N,Making U Turn,2015-03-16 17:00,23,39.35349092,-76.56042494
N,Apparently Normal,No Misuse,N,Possible Incapacitating Injury,4318fd2b-29e6-4f1b-b6a2-8d6832fb7292,D,ADD905000X,MC/Bike Helmet,M,2f85cd21-e6db-4211-84f6-d6cd6efc42ec,Same Direction Sideswipe,N,Non Intersection,Right Turn Lane,Daylight,No Defects,"Two-way, Divided, Unprotected (painted >4 feet) Median",Dry,Clear,One o'clock,Motorcycle,Functional,N,Moving Constant Speed,2015-03-16 17:00,51,39.35349092,-76.56042494
N,Apparently Normal,No Misuse,N,No Injury,febab817-a88d-4b5b-8bd2-18d48dd64ac5,D,ADD905000Y,Shoulder/Lap Belt(s),M,b075ccbc-8b4f-4fd4-aa0b-f61533d6889e,Same Direction Sideswipe,N,Intersection,Right Turn Lane,Daylight,No Defects,"Two-way, Divided, Unprotected (painted >4 feet) Median",Dry,Clear,One o'clock,Police Vehicle/Non Emergency,Superficial,N,Accelerating,2015-03-17 15:40,45,39.33891115,-76.66792721
N,Apparently Normal,No Misuse,Y,No Injury,40aaaada-3638-4e57-8743-cc8d5f350c85,D,ADD905000Y,Shoulder/Lap Belt(s),M,2880ae94-4561-4f00-98d1-5155eb155269,Same Direction Sideswipe,N,Intersection,Right Turn Lane,Daylight,No Defects,"Two-way, Divided, Unprotected (painted >4 feet) Median",Dry,Clear,Seven o'clock,Pickup Truck,Superficial,N,Accelerating,2015-03-17 15:40,30,39.33891115,-76.66792721
N,Apparently Normal,No Misuse,N,No Injury,446f2238-1d3d-4257-ad46-778115d3bc01,D,ADE5720001,Shoulder/Lap Belt(s),M,18d06e52-9f97-42c9-b9c0-b68b595001c4,Same Direction Rear End,N,Intersection Related,Right Turn Lane,Dark Lights On,No Defects,"Two-way, Not Divided",Wet,Raining,Six o'clock,Passenger Car,Functional,N,Slowing or Stopping,2015-01-24 1:55,24,39.27988899,-76.61270857
N,Apparently Normal,No Misuse,N,No Injury,c85230e3-d1f1-4802-8b59-d69ac7268831,D,ADE5720001,Shoulder/Lap Belt(s),M,cb3bb6b6-ee00-4dd1-8c92-33ae3c8a003d,Same Direction Rear End,N,Intersection Related,Right Turn Lane,Dark Lights On,No Defects,"Two-way, Not Divided",Wet,Raining,Six o'clock,(Sport) Utility Vehicle,Functional,N,Slowing or Stopping,2015-01-24 1:55,22,39.27988899,-76.61270857
N,Apparently Normal,No Misuse,N,No Injury,59ae7c09-7e51-475f-aa02-68c0d8da9099,D,ADE7460001,Shoulder/Lap Belt(s),M,a6266324-21c5-4884-a2c3-6134e914bdc8,Same Direction Left Turn,N,Non Intersection,Left Turn Lane,Dark Lights On,No Defects,"Two-way, Not Divided",Dry,Clear,Twelve o'clock,Passenger Car,Functional,N,Making Left Turn,2015-01-02 22:15,33,39.33799009,-76.55182242
N,Apparently Normal,No Misuse,Y,No Injury,0a225489-9363-4e1d-a75b-4e9c32125f32,D,ADE7460001,Shoulder/Lap Belt(s),M,83e5775c-28dc-4bcc-b307-f58d252b8de6,Same Direction Left Turn,N,Non Intersection,Left Turn Lane,Dark Lights On,No Defects,"Two-way, Not Divided",Dry,Clear,Eight o'clock,Police Vehicle/Emergency,Disabling,N,Passing,2015-01-02 22:15,24,39.33799009,-76.55182242
N,Apparently Normal,No Misuse,Y,No Injury,065bf424-ff3a-4cf9-914a-321526568869,D,ADE7460005,Shoulder/Lap Belt(s),M,3beccc04-0c60-404c-bb88-0dac6c723c00,Head On,N,Non Intersection,Right Turn Lane,Daylight,No Defects,One-way Trafficway,Dry,Clear,Five o'clock,Police Vehicle/Non Emergency,Superficial,N,Backing,2015-01-20 15:00,30,39.29465335,-76.58130527
N,Apparently Normal,No Misuse,N,No Injury,102f514e-0532-4c92-8c90-29dec1caaeea,D,ADE746000C,Shoulder/Lap Belt(s),M,4f61aeac-23be-4a01-9654-d0a0ede93d6d,Same Movement Angle,N,Non Intersection,Right Turn Lane,Dark Lights On,No Defects,"Two-way, Not Divided",Dry,Clear,Twelve o'clock,Passenger Car,Disabling,N,Moving Constant Speed,2015-02-05 19:31,36,39.34038814,-76.54833555
N,Apparently Normal,No Misuse,N,No Injury,47cb3b73-23f0-4251-a85f-91d9317a65ee,D,ADE8780002,Shoulder/Lap Belt(s),M,b6ec032d-dcfc-4bb6-adee-971be9bd25d7,Same Direction Rear End Right Turn,N,Intersection Related,Right Turn Lane,Daylight,No Defects,One-way Trafficway,Dry,Clear,Six o'clock,Passenger Car,Functional,N,Making Right Turn,2015-01-27 13:45,48,39.29304254,-76.63993835
N,Apparently Normal,No Misuse,N,No Injury,22631c1e-bf92-4a60-a93e-18e8f7db84a1,D,ADE8780005,Shoulder/Lap Belt(s),M,9c5c391d-7304-407f-93b0-510f0933a235,Same Direction Sideswipe,N,Non Intersection,Left Turn Lane,Dark Lights On,No Defects,"Two-way, Divided, Unprotected (painted >4 feet) Median",Dry,Cloudy,Three o'clock,Passenger Car,Functional,N,Moving Constant Speed,2015-03-07 19:15,33,39.3097757,-76.64814591
N,Apparently Normal,No Misuse,N,No Injury,e202b001-d459-440c-8a28-a270e66008b6,D,ADE9790001,Shoulder Belt Only,M,b8fd66fd-5cc5-463a-8694-e3343f431a8d,Same Direction Rear End,N,Non Intersection,Right Turn Lane,Dark Lights On,No Defects,"Two-way, Divided, Unprotected (painted >4 feet) Median",Dry,Clear,Seven o'clock,Passenger Car,Superficial,N,Stopped in Traffic Lane,2015-03-19 2:35,35,39.28958831,-76.61024094
N,Apparently Normal,No Misuse,Y,No Injury,0c848940-878c-40ef-ac7f-7c3e594d2c34,D,ADF051001T,Shoulder/Lap Belt(s),M,64345857-6218-4f0e-9306-1971b4c58ff1,Same Direction Sideswipe,N,Non Intersection,Right Turn Lane,Dark Lights On,No Defects,"Two-way, Not Divided",Dry,Clear,Eleven o'clock,Passenger Car,Functional,N,Moving Constant Speed,2015-01-02 22:25,24,39.29324133,-76.62118167
N,Apparently Normal,No Misuse,Y,No Injury,7a043e2b-86ea-413b-bd3e-3510e2f64392,D,ADF0510024,Shoulder/Lap Belt(s),M,210b6bf1-49fa-4f26-ac38-c41be57c66f0,Same Direction Sideswipe,N,Non Intersection,Right Turn Lane,Daylight,No Defects,"Two-way, Not Divided",Dry,Clear,Two o'clock,Police Vehicle/Non Emergency,Superficial,N,Moving Constant Speed,2015-03-02 16:50,47,39.26935594,-76.61172152
N,Apparently Normal,No Misuse,N,No Injury,47fd5404-5483-4de1-bb4e-d88c603cab79,D,ADF0510027,Shoulder/Lap Belt(s),M,40c608d1-9f9b-491e-8a27-832d4387ecd0,Same Direction Left Turn,N,Non Intersection,Right Turn Lane,Daylight,No Defects,"Two-way, Divided, Positive Median Barrier",Dry,Clear,Twelve o'clock,Passenger Car,Superficial,N,Moving Constant Speed,2015-03-25 10:30,29,39.3128383,-76.6466479
N,Apparently Normal,No Misuse,Y,No Injury,f3c42abd-6930-4598-a512-ad11d0dc9c9b,D,ADF0510027,Shoulder/Lap Belt(s),M,e933338a-b8ac-4080-8d1a-fb81c25eda4e,Same Direction Left Turn,N,Non Intersection,Right Turn Lane,Daylight,No Defects,"Two-way, Divided, Positive Median Barrier",Dry,Clear,Four o'clock,Police Vehicle/Non Emergency,Disabling,N,Making U Turn,2015-03-25 10:30,23,39.3128383,-76.6466479
N,Apparently Normal,No Misuse,Y,No Injury,10d6874e-e994-44f3-8015-23867fa86cc3,D,ADF5040003,Shoulder/Lap Belt(s),M,019a539f-53b0-45c7-bf0e-b94bbe2b4764,Head On,N,Non Intersection,Left Turn Lane,Daylight,No Defects,"Two-way, Not Divided",Snow,Snow,Twelve o'clock,Recreational Vehicle,Superficial,N,Making Right Turn,2015-01-06 11:15,30,39.30399364,-76.62282586
N,Apparently Normal,No Misuse,N,No Injury,7992334c-70b5-4d82-a6fc-ab068d7764b4,D,ADF521000G,Shoulder/Lap Belt(s),M,2cd30547-6b22-4f17-a06b-aca7dabaa831,Opposite Direction Sideswipe,N,Non Intersection,Right Turn Lane,Daylight,No Defects,"Two-way, Divided, Positive Median Barrier",Dry,Clear,Three o'clock,Passenger Car,Superficial,N,Moving Constant Speed,2015-03-28 10:35,59,39.35765334,-76.65425062
N,Apparently Normal,No Misuse,Y,No Injury,229f3478-c559-47cb-b3fd-c3b40c1fbe54,D,ADF521000G,Shoulder/Lap Belt(s),M,989b7b90-e13a-4bbb-ae87-0a66c7ced448,Opposite Direction Sideswipe,N,Non Intersection,Right Turn Lane,Daylight,No Defects,"Two-way, Divided, Positive Median Barrier",Dry,Clear,Twelve o'clock,Passenger Car,Functional,N,Moving Constant Speed,2015-03-28 10:35,56,39.35765334,-76.65425062
N,Apparently Normal,No Misuse,N,No Injury,7aec74ba-50c9-4a09-aeb8-a4e4ec3c6a67,D,ADF686000B,Shoulder/Lap Belt(s),M,7e50232a-c8a4-4e33-a0c2-e1adeacc85de,Same Direction Rear End,N,Intersection,Acceleration Lane,Dark Lights On,No Defects,"Two-way, Divided, Positive Median Barrier",Dry,Clear,Six o'clock,Passenger Car,Superficial,N,Stopped in Traffic Lane,2015-03-11 23:30,44,39.29518474,-76.59770966
N,Apparently Asleep,No Misuse,Y,No Injury,bcc5f4d9-c29d-4ae2-b98c-5d31b29b8f4d,D,ADF7390001,Shoulder/Lap Belt(s),M,1be88d0c-c80c-4012-9ada-7fd7444d58b5,Same Direction Rear End,N,Intersection,Left Turn Lane,Dark Lights On,Shoulder Defect,"Two-way, Not Divided",Wet,Raining,Twelve o'clock,Passenger Car,Disabling,N,Moving Constant Speed,2015-01-04 6:25,49,39.31229508,-76.59040332
N,Apparently Normal,No Misuse,N,No Injury,0e15bd20-76d1-4045-a11d-2bee41880cae,D,ADF7800002,Shoulder/Lap Belt(s),M,091d163c-54dd-4f2e-9b40-6b9536768909,Same Direction Sideswipe,N,Intersection Related,Left Turn Lane,Dark Lights On,No Defects,"Two-way, Divided, Positive Median Barrier",Snow,Snow,Four o'clock,Pickup Truck,Functional,N,Moving Constant Speed,2015-02-17 0:00,48,39.31097522,-76.61953211
N,Apparently Normal,No Misuse,Y,No Injury,64d400ba-4c27-48a8-a992-d38d3664bb8e,D,ADF7800002,Shoulder/Lap Belt(s),M,dd1619de-fe49-4c1d-8e05-9e4081798308,Same Direction Sideswipe,N,Intersection Related,Left Turn Lane,Dark Lights On,No Defects,"Two-way, Divided, Positive Median Barrier",Snow,Snow,Twelve o'clock,(Sport) Utility Vehicle,Functional,Y,Making Right Turn,2015-02-17 0:00,31,39.31097522,-76.61953211
N,Apparently Normal,No Misuse,Y,No Injury,b23255c4-01b2-4497-a77a-92c593e6cad2,D,ADF784001T,Shoulder/Lap Belt(s),M,bd783056-8753-4286-89d7-acb8fcbcf8fc,Opposite Direction Sideswipe,N,Non Intersection,Right Turn Lane,Dark Lights On,No Defects,"Two-way, Not Divided",Dry,Clear,Six o'clock,Police Vehicle/Non Emergency,Superficial,N,Backing,2015-01-25 20:12,26,39.33212171,-76.56945795
N,Apparently Normal,No Misuse,Y,No Injury,12f36718-9ae8-463e-91c6-dccd54700fb8,D,ADF784001Y,Shoulder/Lap Belt(s),M,40a89bf9-1a22-45cd-b507-52a367cf70aa,Same Direction Sideswipe,N,Non Intersection,Left Turn Lane,Daylight,No Defects,"Two-way, Not Divided",Dry,Clear,Three o'clock,"Cargo Van/Light Truck 2 axles (10,000 lbs (4,536 kg) or less)",Functional,N,Slowing or Stopping,2015-02-17 15:30,27,39.29798661,-76.6018483
N,Apparently Normal,No Misuse,N,No Injury,0a6397b5-ff07-4ecf-b786-ce40569e3757,D,ADF7840021,Shoulder/Lap Belt(s),M,60f05299-16d9-4479-90fa-cd0c214dd232,Opposite Direction Sideswipe,N,Non Intersection,Right Turn Lane,Daylight,No Defects,"Two-way, Not Divided",Ice,Clear,Ten o'clock,(Sport) Utility Vehicle,Superficial,N,Slowing or Stopping,2015-03-13 9:00,36,39.30437553,-76.69046044
N,Apparently Normal,No Misuse,N,No Injury,123365a4-f8df-465e-8a26-27d0e65d4dd4,D,ADF7840022,Shoulder/Lap Belt(s),M,202e87df-036a-4f3c-95af-cfe29f7cbf95,Same Direction Rear End,N,Intersection Related,Right Turn Lane,Dark Lights On,No Defects,"Two-way, Not Divided",Dry,Clear,Six o'clock,Passenger Car,Superficial,N,Stopped in Traffic Lane,2015-03-18 22:00,35,39.29160617,-76.56749591
N,Apparently Normal,No Misuse,Y,No Injury,0a9e3fe6-c351-4b23-aa35-5926497163ba,D,ADF7840022,Shoulder/Lap Belt(s),M,abaa1bb7-9bec-4183-9a93-27ee1740f8c0,Same Direction Rear End,N,Intersection Related,Right Turn Lane,Dark Lights On,No Defects,"Two-way, Not Divided",Dry,Clear,Twelve o'clock,Passenger Car,No Damage,N,Slowing or Stopping,2015-03-18 22:00,57,39.29160617,-76.56749591
N,Apparently Normal,No Misuse,Y,No Injury,7a76718f-d0c6-4228-9438-5c2b56b65e52,D,ADF796001G,Shoulder/Lap Belt(s),M,fbd97215-aed4-4d22-a41d-bd2797f225c9,Same Direction Rear End,N,Non Intersection,Left Turn Lane,Dark Lights On,No Defects,"Two-way, Divided, Positive Median Barrier",Dry,Cloudy,Six o'clock,Passenger Car,Superficial,N,Backing,2015-02-07 19:05,38,39.31101283,-76.61991164
N,Apparently Normal,No Misuse,Y,No Injury,11730de2-6ed1-471a-8cac-768d373e70a8,D,ADF796001J,Shoulder/Lap Belt(s),M,fed75b11-4fa0-4547-8b72-9865d77953e3,Single Vehicle ,N,Non Intersection,Right Turn Lane,Daylight,No Defects,One-way Trafficway,Dry,Clear,Six o'clock,Police Vehicle/Non Emergency,Superficial,N,Backing,2015-03-10 14:10,28,39.28985403,-76.60775587
N,Apparently Normal,No Misuse,Y,No Injury,75d7efdb-6e45-4d9b-94ab-0d518273acb9,D,ADF796001K,Shoulder/Lap Belt(s),M,ae088de6-6dac-46ce-a23c-207109c38caf,Same Movement Angle,N,Intersection,Right Turn Lane,Daylight,No Defects,"Two-way, Not Divided",Dry,Clear,Ten o'clock,Passenger Car,Functional,N,Accelerating,2015-03-19 18:25,35,39.29066362,-76.64392143
N,Apparently Normal,No Misuse,Y,No Injury,0998213f-cf3d-45d9-95b7-51263b75daae,D,ADF796001L,Shoulder/Lap Belt(s),M,393383f1-b935-4ad3-81bc-e9c2dea16097,Same Direction Rear End,N,Non Intersection,Right Turn Lane,Daylight,No Defects,"Two-way, Divided, Unprotected (painted >4 feet) Median",Dry,Clear,Six o'clock,Passenger Car,Disabling,N,Making U Turn,2015-03-30 16:30,45,39.32064222,-76.57485053
N,Apparently Normal,No Misuse,N,No Injury,3222b643-6552-4a7e-aea4-cc258424de33,D,ADF8040006,Shoulder/Lap Belt(s),M,6ace2489-a2d2-41ab-b537-a097333362f4,Same Movement Angle,N,Intersection,Left Turn Lane,Daylight,No Defects,One-way Trafficway,Dry,Clear,Twelve o'clock,Passenger Car,Disabling,N,Moving Constant Speed,2015-02-03 10:41,35,39.29754275,-76.64747
N,Apparently Normal,No Misuse,Y,Possible Incapacitating Injury,714b5588-5ebc-4cc7-8152-b442ce00e025,D,ADF8040006,Shoulder/Lap Belt(s),M,4ffe1945-812a-4d09-aa98-7ff9112da7b4,Same Movement Angle,N,Intersection,Left Turn Lane,Daylight,No Defects,One-way Trafficway,Dry,Clear,Eight o'clock,Passenger Car,Disabling,N,Moving Constant Speed,2015-02-03 10:41,46,39.29754275,-76.64747
N,Apparently Normal,No Misuse,N,No Injury,37a8faae-299b-4ae7-b40e-339226efe05c,D,ADF8040008,Shoulder/Lap Belt(s),M,f4698b00-cf50-4158-96ba-0ea67adde39a,Same Movement Angle,N,Intersection Related,Right Turn Lane,Dark Lights On,No Defects,"Two-way, Not Divided",Wet,Cloudy,Twelve o'clock,Passenger Car,Disabling,N,Moving Constant Speed,2015-02-15 18:50,29,39.31200455,-76.63862944
N,Had Been Drinking,No Misuse,Y,No Injury,4220fd3c-a9fe-4e7f-97cb-45a70d683cb6,D,ADF8040008,Shoulder/Lap Belt(s),M,ca01cc3c-21f6-42b4-a4e3-aa9d7f80f465,Same Movement Angle,N,Intersection Related,Right Turn Lane,Dark Lights On,No Defects,"Two-way, Not Divided",Wet,Cloudy,Three o'clock,(Sport) Utility Vehicle,Disabling,N,Accelerating,2015-02-15 18:50,48,39.31200455,-76.63862944
N,Apparently Normal,No Misuse,N,No Injury,be2e18cc-0f2f-4a82-aa9d-e32ae752cc91,D,ADF804000C,Shoulder/Lap Belt(s),M,06b4da3a-d660-4043-b54b-6aae78aad0b2,Same Movement Angle,N,Intersection,Right Turn Lane,Dark Lights On,No Defects,"Two-way, Divided, Positive Median Barrier",Dry,Clear,Twelve o'clock,Passenger Car,Disabling,N,Moving Constant Speed,2015-02-27 22:25,29,39.30975598,-76.64989874
N,Apparently Normal,No Misuse,Y,No Injury,f6098143-0978-4edd-a4f2-a91d80f0647a,D,ADF8190009,Shoulder/Lap Belt(s),M,11b18fb3-fe7d-47af-8c65-e136992a8b57,Same Direction Left Turn,N,Non Intersection,Right Turn Lane,Daylight,No Defects,One-way Trafficway,Dry,Clear,Twelve o'clock,(Sport) Utility Vehicle,Superficial,N,Starting From Lane,2015-01-14 8:55,85,39.28597613,-76.62206411
N,Apparently Normal,No Misuse,N,Possible Incapacitating Injury,4264fd2b-09f5-4f7a-a0dc-ae37c8b5081d,D,ADF8190009,MC/Bike Helmet and Eye Protection,M,afb11f7b-749f-4a07-81a8-5aca25ab9989,Same Direction Left Turn,N,Non Intersection,Right Turn Lane,Daylight,No Defects,One-way Trafficway,Dry,Clear,Ten o'clock,Police Vehicle/Emergency,Superficial,N,Slowing or Stopping,2015-01-14 8:55,46,39.28597613,-76.62206411
N,Apparently Normal,No Misuse,N,No Injury,d44339ac-e4b7-4fdb-82cd-0274c1981e71,D,ADF819000G,Shoulder/Lap Belt(s),M,b7fd629c-6154-4b1c-b96c-3dd568496bc7,Same Direction Rear End,N,Intersection Related,Left Turn Lane,Daylight,No Defects,One-way Trafficway,Wet,Clear,Six o'clock,Police Vehicle/Non Emergency,Superficial,N,Stopped in Traffic Lane,2015-02-22 15:31,25,39.32322657,-76.6167748
N,Apparently Normal,No Misuse,Y,No Injury,679d4db9-7c43-4f86-8564-f8cfb6a41e2e,D,ADF819000G,Shoulder/Lap Belt(s),M,30ee767b-8c8d-4b84-9a83-f9b7fc506685,Same Direction Rear End,N,Intersection Related,Left Turn Lane,Daylight,No Defects,One-way Trafficway,Wet,Clear,Twelve o'clock,Passenger Car,Superficial,N,Slowing or Stopping,2015-02-22 15:31,29,39.32322657,-76.6167748
N,Apparently Normal,No Misuse,N,No Injury,4b2f1386-28ba-461e-969e-12c775e44890,D,ADF8600001,Shoulder/Lap Belt(s),M,c10b078e-f0c3-44f0-81ec-63da602ff9a6,Same Movement Angle,N,Intersection,Right Turn Lane,Dark Lights On,No Defects,"Two-way, Not Divided",Dry,Clear,Two o'clock,Van,Functional,N,Moving Constant Speed,2015-02-08 1:05,39,39.29075496,-76.6410917