CDL_FLAG,CONDITION_CODE,EQUIP_PROB_CODE,FAULT_FLAG,INJ_SEVER_CODE,PERSON_ID,PERSON_TYPE,REPORT_NO,SAF_EQUIP_CODE,SEX_CODE,VEHICLE_ID,COLLISION_TYPE_CODE,C_M_ZONE_FLAG,JUNCTION_CODE,LANE_CODE,LIGHT_CODE,RD_COND_CODE,RD_DIV_CODE,SURF_COND_CODE,WEATHER_CODE,AREA_DAMAGED_CODE_MAIN,BODY_TYPE_CODE,DAMAGE_CODE,HIT_AND_RUN_FLAG,MOVEMENT_CODE,TIME,AGE,LATITUDE,LONGITUDE
N,Apparently Normal,No Misuse,N,No Injury,f239d91d-3d4f-4a39-a124-a0339f2a2175,D,ADF9440004,Shoulder/Lap Belt(s),M,dc5b2ce3-2ab0-43ba-a8e5-9038605554d1,Same Movement Angle,N,Intersection,Left Turn Lane,Dawn,No Defects,"Two-way, Not Divided",Dry,Clear,Four o'clock,Passenger Car,Disabling,N,Moving Constant Speed,2015-03-17 6:15,59,39.29058993,-76.608987
N,Apparently Normal,No Misuse,Y,No Injury,edf86dd9-581d-4da7-80f0-ae0130bc7883,D,ADF955000Y,Shoulder/Lap Belt(s),M,ad8a02d6-7c5b-4dfd-821d-55cbae4ab9a1,Same Direction Rear End,N,Non Intersection,Left Turn Lane,Dark Lights On,No Defects,"Two-way, Not Divided",Wet,Clear,Twelve o'clock,Passenger Car,No Damage,N,Slowing or Stopping,2015-01-29 18:00,59,39.29421328,-76.67140603
N,Apparently Normal,No Misuse,N,Non-incapacitating Injury,d806dab1-4182-462c-a1ed-efc28c800b43,D,ADF955000Y,Shoulder/Lap Belt(s),M,3c69c063-10ce-4fd7-89b0-d8a7fd3ba2a2,Same Direction Rear End,N,Non Intersection,Left Turn Lane,Dark Lights On,No Defects,"Two-way, Not Divided",Wet,Clear,Six o'clock,Police Vehicle/Non Emergency,No Damage,N,Stopped in Traffic Lane,2015-01-29 18:00,26,39.29421328,-76.67140603
N,Apparently Normal,No Misuse,N,No Injury,1377ddac-bc43-4659-acf4-400fbc7420f4,D,ADF955000Z,Shoulder/Lap Belt(s),M,0bcd4d62-e0cb-4894-b867-a2cf537ce0ce,Same Direction Rear End,N,Non Intersection,Right Turn Lane,Dusk,No Defects,One-way Trafficway,Dry,Clear,Six o'clock,Passenger Car,Superficial,N,Slowing or Stopping,2015-02-06 17:50,25,39.28656572,-76.64678335
Y,Apparently Normal,No Misuse,Y,No Injury,66e85cb7-4482-4256-8f9e-f4c376df7a55,D,ADF955000Z,Shoulder/Lap Belt(s),M,4b027d6d-d44f-4f57-a979-d2d7ca01bb14,Same Direction Rear End,N,Non Intersection,Right Turn Lane,Dusk,No Defects,One-way Trafficway,Dry,Clear,Twelve o'clock,Police Vehicle/Non Emergency,Superficial,N,Slowing or Stopping,2015-02-06 17:50,45,39.28656572,-76.64678335
N,Apparently Normal,No Misuse,N,No Injury,b5af9888-bcdd-4696-97d3-25c9320ad601,D,ADF9550010,Shoulder/Lap Belt(s),M,33bd8c74-0388-4bb1-bcce-bebb3b529ee8,Same Direction Rear End,N,Non Intersection,Right Turn Lane,Daylight,No Defects,One-way Trafficway,Dry,Clear,Six o'clock,Pickup Truck,No Damage,N,Stopped in Traffic Lane,2015-02-24 11:48,66,39.30012484,-76.57605886
N,Apparently Normal,No Misuse,Y,No Injury,77320b73-fd82-4dbc-8fd7-a27397638f3c,D,ADF9550010,Shoulder/Lap Belt(s),M,0641d603-f34d-4a4e-9082-7428c7b0113d,Same Direction Rear End,N,Non Intersection,Right Turn Lane,Daylight,No Defects,One-way Trafficway,Dry,Clear,Twelve o'clock,Police Vehicle/Non Emergency,Superficial,N,Starting From Lane,2015-02-24 11:48,29,39.30012484,-76.57605886
N,Apparently Normal,No Misuse,Y,No Injury,fd4c09d5-d1d3-4635-83cb-0a476d1bc06e,D,ADF990000B,Shoulder/Lap Belt(s),M,1c0203ca-501a-409f-bbc0-f02550d213cc,Same Direction Sideswipe,N,Non Intersection,Right Turn Lane,Dark Lights On,No Defects,One-way Trafficway,Snow,Clear,Five o'clock,Fire Vehicle/Emergency,No Damage,N,Passing,2015-03-08 20:15,62,39.32530975,-76.70107126
N,Apparently Normal,No Misuse,N,No Injury,313914f3-ba67-486c-8ec1-a2b5e09479f3,D,ADG1450001,Shoulder/Lap Belt(s),M,2e52382b-f823-40b1-88f2-be6e8d9f05d6,Same Direction Rear End,N,Intersection,Right Turn Lane,Daylight,No Defects,"Two-way, Not Divided",Dry,Cloudy,Six o'clock,(Sport) Utility Vehicle,Functional,N,Slowing or Stopping,2015-01-21 7:30,28,39.28602181,-76.58144474
N,Apparently Normal,No Misuse,Y,No Injury,1c473b46-bdd0-4eed-9552-a07ea4117bcb,D,ADG1450001,Shoulder/Lap Belt(s),M,861a500a-e094-40fe-bd7a-9854e05d7c52,Same Direction Rear End,N,Intersection,Right Turn Lane,Daylight,No Defects,"Two-way, Not Divided",Dry,Cloudy,Twelve o'clock,(Sport) Utility Vehicle,Disabling,N,Moving Constant Speed,2015-01-21 7:30,27,39.28602181,-76.58144474
N,Apparently Normal,No Misuse,N,No Injury,7cae4349-591e-4b1b-b6a4-624f8370c9db,D,ADG2440001,Shoulder/Lap Belt(s),M,aabb1e2b-73d5-463a-9664-9414fa26b84e,Head On Left Turn,N,Intersection,Left Turn Lane,Daylight,No Defects,"Two-way, Not Divided",Dry,Clear,Eleven o'clock,Passenger Car,Superficial,N,Moving Constant Speed,2015-01-27 11:40,55,39.28159145,-76.64821029
N,Apparently Normal,No Misuse,Y,No Injury,9f520620-3b81-4b5c-95cf-2729f6578aab,D,ADG2440001,Shoulder Belt Only,M,2ca8fe72-af45-4590-9d8a-274424e5326f,Head On Left Turn,N,Intersection,Left Turn Lane,Daylight,No Defects,"Two-way, Not Divided",Dry,Clear,One o'clock,(Sport) Utility Vehicle,Superficial,N,Moving Constant Speed,2015-01-27 11:40,41,39.28159145,-76.64821029
N,Apparently Normal,No Misuse,N,No Injury,ee3926b0-e564-4187-b554-038f6168800a,D,ADG3300003,Shoulder/Lap Belt(s),M,1d16475d-1180-4dc0-b87e-56295470811b,Same Direction Rear End,N,Non Intersection,Right Turn Lane,Dark Lights On,No Defects,"Two-way, Divided, Positive Median Barrier",Dry,Clear,Six o'clock,Passenger Car,Functional,N,Slowing or Stopping,2015-03-20 1:30,32,39.3245711,-76.67311192
N,Apparently Normal,No Misuse,Y,No Injury,60396008-b1fc-4d60-813f-13edf1de4377,D,ADG3680001,Shoulder/Lap Belt(s),M,754029be-504e-4ac9-b310-fa5ab53f19a8,Single Vehicle ,N,Non Intersection,Left Turn Lane,Dark Lights On,No Defects,One-way Trafficway,Wet,Raining,Twelve o'clock,Van,Disabling,N,Moving Constant Speed,2015-01-04 3:04,62,39.35157243,-76.70463324
N,Apparently Normal,No Misuse,N,No Injury,e415afaa-4d4d-47ee-9ef0-6ea7689357f1,D,ADG4380003,Shoulder/Lap Belt(s),M,59ae7069-91b9-492e-9163-dccfbff387bc,Head On,N,Intersection,Right Turn Lane,Dark Lights On,No Defects,"Two-way, Divided, Unprotected (painted >4 feet) Median",Dry,Clear,Twelve o'clock,Passenger Car,Disabling,N,Moving Constant Speed,2015-02-13 18:57,45,39.33186286,-76.69708148
N,Apparently Normal,No Misuse,N,No Injury,3253f4ce-fb90-4f07-8f10-d14c1b0568c4,D,ADG445000K,Shoulder/Lap Belt(s),M,d0bc240d-5194-4c5b-8d41-163be11478fa,Same Movement Angle,N,Intersection,Right Turn Lane,Daylight,No Defects,"Two-way, Divided, Positive Median Barrier",Snow,Snow,Twelve o'clock,Passenger Car,Superficial,N,Moving Constant Speed,2015-02-21 11:50,37,39.30315571,-76.64595723
N,Apparently Normal,No Misuse,Y,No Injury,1a7c5c81-9a23-4780-afaf-ff4b0293beb3,D,ADG445000K,Shoulder/Lap Belt(s),M,cccbf0ed-f588-45fa-a9be-95740f413018,Same Movement Angle,N,Intersection,Right Turn Lane,Daylight,No Defects,"Two-way, Divided, Positive Median Barrier",Snow,Snow,Four o'clock,Police Vehicle/Emergency,Superficial,N,Accelerating,2015-02-21 11:50,27,39.30315571,-76.64595723
N,Apparently Normal,No Misuse,Y,No Injury,fc6fd8e4-5894-4c91-b1a6-1a7a422f7a80,D,ADG445000N,Shoulder/Lap Belt(s),M,707ece17-1f37-4e71-bfa6-db50e2419afc,Same Direction Sideswipe,N,Non Intersection,Left Turn Lane,Dark Lights On,No Defects,"Two-way, Not Divided",Dry,Clear,One o'clock,Station Wagon,Functional,N,Moving Constant Speed,2015-03-21 3:50,30,39.31817605,-76.60193682
N,Apparently Normal,No Misuse,N,No Injury,782146b6-8e66-4960-a07c-93d0c9986ac8,D,ADG4930007,Shoulder/Lap Belt(s),M,f0127798-4de7-4d39-a250-147593069940,Same Movement Angle,N,Intersection,Right Turn Lane,Daylight,No Defects,"Two-way, Divided, Unprotected (painted >4 feet) Median",Dry,Clear,Twelve o'clock,Passenger Car,Functional,N,Moving Constant Speed,2015-02-03 12:30,44,39.30369892,-76.58258468
N,Apparently Normal,No Misuse,Y,No Injury,7ec5d09e-f0bd-417f-8b79-e3e48ea7b1a0,D,ADG7230003,Shoulder/Lap Belt(s),M,380e2dab-8352-4ff9-826a-001f5c245003,Same Direction Rear End,N,Non Intersection,Right Turn Lane,Dark Lights On,No Defects,"Two-way, Not Divided",Wet,Sleet,One o'clock,Passenger Car,Functional,N,Moving Constant Speed,2015-02-10 0:20,18,39.28269595,-76.63278222
N,Apparently Normal,No Misuse,N,No Injury,7936d5dd-6845-414d-b771-00721bddea1d,D,ADG7640001,Shoulder/Lap Belt(s),M,1834c6aa-ca58-4c62-8562-be1c285578ae,Same Direction Rear End,N,Intersection Related,Acceleration Lane,Dark Lights On,No Defects,"Two-way, Divided, Positive Median Barrier",Dry,Clear,Six o'clock,Passenger Car,Functional,N,Stopped in Traffic Lane,2015-02-28 2:05,33,39.35490435,-76.66247562
N,Apparently Normal,No Misuse,N,No Injury,01c362b0-0c89-449a-88da-ffdafe93abef,D,ADG7910005,Shoulder/Lap Belt(s),M,c7e87856-1fca-4bcc-85f3-4ae754bbfc38,Single Vehicle ,N,Non Intersection,Acceleration Lane,Daylight,No Defects,"Two-way, Divided, Positive Median Barrier",Dry,Clear,Twelve o'clock,Pickup Truck,No Damage,N,Slowing or Stopping,2015-03-31 15:10,68,39.29485262,-76.59994125
N,Apparently Normal,No Misuse,N,No Injury,81199790-4ff0-4517-8e0a-21549208c007,D,ADG8830006,Shoulder/Lap Belt(s),M,c1f52d6e-a040-4875-ba15-5dd7b426ff8d,Same Movement Angle,N,Intersection,Right Turn Lane,Daylight,No Defects,One-way Trafficway,Dry,Clear,Twelve o'clock,"Other Light Trucks (10,000 lbs (4,536 kg))",Superficial,N,Moving Constant Speed,2015-03-19 9:30,42,39.29800354,-76.60401821
N,Apparently Normal,No Misuse,Y,No Injury,5569b44d-bd08-43fd-bf18-821bc6e7a63d,D,ADG8830006,Shoulder/Lap Belt(s),M,0a8e1e85-6844-4516-a15d-e2fbc5ee53f7,Same Movement Angle,N,Intersection,Right Turn Lane,Daylight,No Defects,One-way Trafficway,Dry,Clear,Eight o'clock,Passenger Car,Functional,N,Moving Constant Speed,2015-03-19 9:30,73,39.29800354,-76.60401821
N,Apparently Normal,No Misuse,Y,No Injury,fe535bba-5a06-4366-93bb-371eab8bedee,D,ADG9000001,Shoulder/Lap Belt(s),M,bc39cd98-00f1-4167-bf28-b9f199c4162a,Same Movement Angle,N,Intersection,Right Turn Lane,Daylight,No Defects,"Two-way, Divided, Unprotected (painted >4 feet) Median",Dry,Clear,Twelve o'clock,(Sport) Utility Vehicle,Functional,Y,Starting From Lane,2015-01-28 16:08,22,39.29432123,-76.5834403
N,Apparently Normal,No Misuse,N,Non-incapacitating Injury,a98bb24b-6c2c-4c91-844e-f2876d1304cf,D,ADG9000001,Shoulder/Lap Belt(s),M,f0884d4e-2984-4015-bf9a-fd0888cddc33,Same Movement Angle,N,Intersection,Right Turn Lane,Daylight,No Defects,"Two-way, Divided, Unprotected (painted >4 feet) Median",Dry,Clear,Ten o'clock,(Sport) Utility Vehicle,Disabling,N,Moving Constant Speed,2015-01-28 16:08,28,39.29432123,-76.5834403
N,Apparently Normal,No Misuse,N,No Injury,87519afa-013c-436f-a722-61b788b3cd9f,D,ADG9310001,Shoulder/Lap Belt(s),M,8ff99184-27ac-4449-b7a8-26cc0ab40b6a,Same Direction Sideswipe,N,Non Intersection,Right Turn Lane,Dark Lights On,No Defects,"Two-way, Divided, Unprotected (painted >4 feet) Median",Slush,Wintry Mix,Three o'clock,Passenger Car,Superficial,Y,Moving Constant Speed,2015-03-01 17:30,29,39.29265644,-76.59945309
N,Apparently Normal,No Misuse,N,No Injury,cc87bb2e-966e-44e2-b12d-867d64af65f1,D,ADG9480005,Shoulder/Lap Belt(s),M,63c0eaf8-6c1d-44d0-9b6f-acdb3211f22b,Same Direction Rear End,N,Non Intersection,Right Turn Lane,Daylight,No Defects,"Two-way, Not Divided",Dry,Snow,Twelve o'clock,Passenger Car,Superficial,N,Stopped in Traffic Lane,2015-01-26 10:41,30,39.32886181,-76.61522985
N,Apparently Normal,No Misuse,N,No Injury,94b6a98c-0a31-4d93-830b-926332d949b7,D,ADG9480009,Shoulder/Lap Belt(s),M,68889558-f7f4-4dca-b709-1e55ad3bc79a,Same Direction Right Turn,N,Intersection,Right Turn Lane,Daylight,No Defects,"Two-way, Not Divided",Dry,Clear,Eleven o'clock,(Sport) Utility Vehicle,Functional,N,Stopped in Traffic Lane,2015-02-08 11:00,42,39.32323487,-76.62014365
N,Apparently Normal,No Misuse,Y,No Injury,c6c6b667-d349-4c7a-a9ab-5191cfbbf53c,D,ADG9940008,Shoulder/Lap Belt(s),M,19c46d8a-2160-48b2-b4f6-9533fd4da91c,Same Movement Angle,N,Intersection Related,Left Turn Lane,Daylight,No Defects,"Two-way, Divided, Positive Median Barrier",Dry,Clear,Twelve o'clock,Passenger Car,Functional,N,Moving Constant Speed,2015-03-29 15:20,64,39.28320563,-76.64338231
N,Apparently Normal,No Misuse,N,Possible Incapacitating Injury,b826a349-778d-4258-a413-25a57f94a96f,D,ADG9940008,Shoulder/Lap Belt(s),M,e50b0353-5a88-4bb5-a35f-129237a57a21,Same Movement Angle,N,Intersection Related,Left Turn Lane,Daylight,No Defects,"Two-way, Divided, Positive Median Barrier",Dry,Clear,Five o'clock,Passenger Car,Functional,N,Moving Constant Speed,2015-03-29 15:20,27,39.28320563,-76.64338231
N,Apparently Normal,No Misuse,N,No Injury,cd290ccb-5d42-4f9c-881b-4e7e67a9d1d9,D,ADH0020003,Shoulder/Lap Belt(s),M,0042a7d8-47ed-449f-9132-54f0472920c9,Same Direction Rear End Left Turn,N,Non Intersection,Right Turn Lane,Dark Lights On,No Defects,"Two-way, Not Divided",Wet,Cloudy,Twelve o'clock,Passenger Car,Destroyed,N,Moving Constant Speed,2015-01-20 20:05,47,39.33519779,-76.57251298
N,Apparently Normal,No Misuse,N,No Injury,760b2f14-9f9f-4d24-b983-519e0b4c017d,D,ADH0020004,Shoulder/Lap Belt(s),M,b03e77e6-992f-472a-88ff-dd5bd26eaf16,Same Movement Angle,N,Intersection,Left Turn Lane,Dark Lights On,No Defects,"Two-way, Divided, Positive Median Barrier",Wet,Cloudy,Eleven o'clock,Passenger Car,Functional,N,Moving Constant Speed,2015-01-20 17:55,65,39.36602928,-76.58548951
N,Apparently Normal,No Misuse,Y,No Injury,732a1ea1-6a8d-4445-8260-8a684a1b2a6f,D,ADH0170003,Shoulder/Lap Belt(s),M,10185afe-8743-410f-ba6e-cf013fc83e39,Same Direction Rear End,Y,Non Intersection,Left Turn Lane,Dark Lights On,No Defects,One-way Trafficway,Dry,Clear,Twelve o'clock,Passenger Car,Functional,N,Slowing or Stopping,2015-03-22 0:49,38,39.28639964,-76.61656022
Y,Apparently Normal,No Misuse,N,Non-incapacitating Injury,06006ea4-487b-4f71-a357-b173c7b90dc0,D,ADH0170003,Shoulder/Lap Belt(s),M,2cde8baf-0b8f-46f0-b544-b5c081b55d97,Same Direction Rear End,Y,Non Intersection,Left Turn Lane,Dark Lights On,No Defects,One-way Trafficway,Dry,Clear,Six o'clock,Passenger Car,Functional,N,Slowing or Stopping,2015-03-22 0:49,35,39.28639964,-76.61656022
N,Apparently Normal,No Misuse,Y,No Injury,db1fc579-7f2b-4259-8a57-68ab2e56144c,D,ADH0450001,Shoulder/Lap Belt(s),M,0e246505-1452-4c61-aa27-00a90e0726a8,Single Vehicle ,N,Non Intersection,Acceleration Lane,Dark Lights On,No Defects,One-way Trafficway,Ice,Blowing Snow,Underside,(Sport) Utility Vehicle,Disabling,N,Moving Constant Speed,2015-02-15 3:50,44,39.28643328,-76.61629066
N,Apparently Normal,No Misuse,Y,No Injury,6fe4a33e-a10b-4b1b-89b0-d9622ea74ffb,D,ADH1180001,Shoulder/Lap Belt(s),M,4440949b-555b-4473-ba81-db3ce7720705,Same Direction Rear End,N,Non Intersection,Left Turn Lane,Dark Lights On,No Defects,One-way Trafficway,Dry,Clear,Twelve o'clock,Passenger Car,Disabling,N,Moving Constant Speed,2015-01-07 23:39,49,39.29894174,-76.60679698
N,Apparently Normal,No Misuse,Y,No Injury,3df3ed18-627d-4f2a-b6b2-eeed4027188b,D,ADH1180002,Shoulder/Lap Belt(s),M,4b02cfab-9670-4588-900e-9ded576b2ea3,Same Direction Rear End,N,Non Intersection,Right Turn Lane,Dark Lights On,No Defects,"Two-way, Not Divided",Dry,Clear,Twelve o'clock,Passenger Car,Functional,N,Moving Constant Speed,2015-01-10 2:56,33,39.31218821,-76.59324646
N,Apparently Normal,No Misuse,N,No Injury,60f03d18-bb0e-400f-8abe-ca52b9e9c38b,D,ADH1410001,Shoulder/Lap Belt(s),M,39a4588e-7fd1-4bfd-8bd3-0e6114a5b6ba,Same Direction Sideswipe,N,Intersection Related,Right Turn Lane,Dark Lights On,No Defects,"Two-way, Divided, Unprotected (painted >4 feet) Median",Dry,Clear,Four o'clock,Passenger Car,Functional,N,Slowing or Stopping,2015-03-01 2:18,30,39.28677332,-76.61074519
N,Apparently Normal,No Misuse,Y,No Injury,5c72039b-c51d-438d-ab88-5a97b24823f0,D,ADH1410002,Shoulder/Lap Belt(s),M,4effa4b2-032c-49b6-857b-074923dffc8e,Same Movement Angle,N,Intersection,Right Turn Lane,Dusk,No Defects,"Two-way, Divided, Unprotected (painted >4 feet) Median",Ice,Clear,Twelve o'clock,(Sport) Utility Vehicle,Destroyed,N,Moving Constant Speed,2015-03-02 6:20,55,39.28646607,-76.61489725
N,Apparently Normal,No Misuse,N,Non-incapacitating Injury,476498fc-ac4c-4929-9293-e471d238cf9b,D,ADH1410002,Shoulder/Lap Belt(s),M,92a7f52e-6720-44a6-8c07-afa6cde4da12,Same Movement Angle,N,Intersection,Right Turn Lane,Dusk,No Defects,"Two-way, Divided, Unprotected (painted >4 feet) Median",Ice,Clear,Twelve o'clock,(Sport) Utility Vehicle,Destroyed,N,Moving Constant Speed,2015-03-02 6:20,58,39.28646607,-76.61489725
N,Apparently Normal,No Misuse,N,No Injury,d1127425-3c55-4845-8b7a-4a7784534b4c,D,ADH1500002,Shoulder/Lap Belt(s),M,348955e6-2914-4d73-89dc-f0b3bd22551d,Single Vehicle ,N,Intersection,Right Turn Lane,Dark Lights On,No Defects,"Two-way, Not Divided",Dry,Clear,Six o'clock,Police Vehicle/Non Emergency,No Damage,N,Backing,2015-01-19 18:20,26,39.2898395,-76.65151209
Y,Apparently Normal,No Misuse,N,No Injury,4e88c9e9-00ff-413e-81e4-ab88dd2eabde,D,ADH1500005,Shoulder/Lap Belt(s),M,d06a81ac-eb40-4e19-a8be-576bd2c13b31,Same Movement Angle,N,Intersection,Right Turn Lane,Daylight,No Defects,"Two-way, Divided, Positive Median Barrier",Dry,Clear,Eight o'clock,"Medium/Heavy Truck 2 axles (10,000 lbs (4,536 kg) or less)",No Damage,N,Making Left Turn,2015-02-11 9:09,59,39.2996599,-76.56331301
N,Apparently Normal,No Misuse,Y,No Injury,1ff8ede5-9345-451b-b043-340ca11f354f,D,ADH1500005,Shoulder/Lap Belt(s),M,1aaf9c90-fd21-4af0-8684-3e8ac0e8a87d,Same Movement Angle,N,Intersection,Right Turn Lane,Daylight,No Defects,"Two-way, Divided, Positive Median Barrier",Dry,Clear,Twelve o'clock,Police Vehicle/Emergency,Disabling,N,Making U Turn,2015-02-11 9:09,24,39.2996599,-76.56331301
N,Apparently Normal,No Misuse,N,No Injury,18b698b9-6c2c-4a7e-8705-163337f338c7,D,ADH1670003,Shoulder/Lap Belt(s),M,6bfbeb5d-c4cd-4d7c-bc39-e8c75aac1200,Same Direction Sideswipe,N,Non Intersection,Left Turn Lane,Dark Lights On,No Defects,"Two-way, Divided, Positive Median Barrier",Dry,Cloudy,Four o'clock,Van,Functional,N,Moving Constant Speed,2015-01-11 18:30,52,39.25125653,-76.64589286
Y,Apparently Normal,No Misuse,N,No Injury,9fac69f5-6114-4593-9a5b-adfb07e902a2,D,ADH2200004,Shoulder/Lap Belt(s),M,4c02a67f-f731-464b-a8f5-2b7f6cb4b816,Same Direction Rear End,N,Non Intersection,Right Turn Lane,Dusk,No Defects,"Two-way, Divided, Unprotected (painted >4 feet) Median",Snow,Snow,Six o'clock,Fire Vehicle/Emergency,Superficial,N,Moving Constant Speed,2015-02-16 17:49,38,39.35333952,-76.68592215
N,Apparently Normal,No Misuse,N,No Injury,3dd9bd3b-98b9-448d-a4fb-a675cb29752a,D,ADH364000J,Shoulder/Lap Belt(s),M,03da29e0-c00c-459b-8a21-016939a394e9,Angle Meets Right Turn,N,Intersection,Right Turn Lane,Dark Lights On,No Defects,"Two-way, Not Divided",Wet,Raining,Twelve o'clock,Passenger Car,Disabling,N,Slowing or Stopping,2015-01-12 23:29,32,39.28620034,-76.5778935
Y,Apparently Normal,No Misuse,N,No Injury,d878d5f4-21c1-4c5a-bc16-530e6abbcd51,D,ADH364000L,Shoulder/Lap Belt(s),M,b249aeaf-223d-4f3a-85f6-ecf62e1818d7,Same Movement Angle,N,Intersection,Right Turn Lane,Dark Lights On,No Defects,One-way Trafficway,Dry,Clear,Twelve o'clock,Police Vehicle/Non Emergency,Functional,N,Moving Constant Speed,2015-01-25 2:10,45,39.29384795,-76.64721787
N,Apparently Normal,No Misuse,N,No Injury,f97ec527-5f55-4b39-8f0a-947e6d093c2f,D,ADH364000S,Shoulder/Lap Belt(s),M,15442577-a397-4e32-9826-7f1ededbdb3e,Same Movement Angle,N,Intersection,Right Turn Lane,Dark Lights On,No Defects,"Two-way, Not Divided",Dry,Clear,One o'clock,Police Vehicle/Non Emergency,Functional,N,Moving Constant Speed,2015-02-19 0:38,42,39.28578099,-76.65602624
N,Apparently Normal,No Misuse,Y,No Injury,a1203c6b-9411-4c92-95e7-aa3809af0d81,D,ADH364000S,Shoulder/Lap Belt(s),M,c4af981c-c0eb-4d60-8bbb-914d6d903a40,Same Movement Angle,N,Intersection,Right Turn Lane,Dark Lights On,No Defects,"Two-way, Not Divided",Dry,Clear,Twelve o'clock,(Sport) Utility Vehicle,Functional,N,Skidding,2015-02-19 0:38,32,39.28578099,-76.65602624
N,Apparently Normal,No Misuse,N,No Injury,5c766ea6-657d-4dcd-ad5d-747ca5a7504f,D,ADH5040005,Shoulder/Lap Belt(s),M,d3ef897c-40f7-4a38-8cba-9e27731f826e,Same Direction Right Turn,N,Non Intersection,Left Turn Lane,Dark Lights On,No Defects,"Two-way, Divided, Positive Median Barrier",Dry,Clear,Ten o'clock,Passenger Car,Functional,N,Moving Constant Speed,2015-03-17 2:09,60,39.35938709,-76.65710449
N,Apparently Normal,No Misuse,Y,No Injury,9c2e7597-c615-484a-8437-7c6fd4bab5be,D,ADH5040005,Shoulder/Lap Belt(s),M,f288dfdc-c29a-458b-93ff-54d67841c4d9,Same Direction Right Turn,N,Non Intersection,Left Turn Lane,Dark Lights On,No Defects,"Two-way, Divided, Positive Median Barrier",Dry,Clear,One o'clock,Passenger Car,Disabling,N,Moving Constant Speed,2015-03-17 2:09,20,39.35938709,-76.65710449
N,Apparently Normal,No Misuse,N,No Injury,52675f28-b076-470e-99a1-bad277d0d369,D,ADH5140001,Shoulder/Lap Belt(s),M,d577ddfa-253b-4d99-8a08-2965288bb75f,Single Vehicle ,N,Non Intersection,Left Turn Lane,Daylight,No Defects,"Two-way, Divided, Positive Median Barrier",Wet,Raining,Twelve o'clock,Passenger Car,Disabling,N,Moving Constant Speed,2015-01-04 11:00,40,39.33197386,-76.64238453
N,Apparently Normal,No Misuse,N,No Injury,4d9b4115-ce14-4624-9569-c722f5fcee33,D,ADH5140002,Shoulder/Lap Belt(s),M,704207b9-744e-4273-9ece-69b64d2acac5,Single Vehicle ,N,Non Intersection,Left Turn Lane,Dark Lights On,No Defects,"Two-way, Not Divided",Dry,Clear,Eleven o'clock,Passenger Car,Superficial,N,Moving Constant Speed,2015-01-17 18:29,24,39.36319041,-76.59670651
N,Apparently Normal,No Misuse,N,No Injury,7d8d2c8a-238c-4606-9d14-9ca08e67cb25,D,ADH5140003,Shoulder/Lap Belt(s),M,74af5700-158c-4784-8729-a3e64cc0514e,Same Direction Rear End,N,Non Intersection,Right Turn Lane,Dark Lights On,No Defects,"Two-way, Not Divided",Wet,Clear,Six o'clock,Passenger Car,Disabling,N,Slowing or Stopping,2015-01-18 19:54,69,39.33653794,-76.60950065
N,Apparently Normal,No Misuse,Y,No Injury,ae720971-809f-461d-a7e1-bfc9ba2bd849,D,ADH5140003,Shoulder/Lap Belt(s),M,f4b7ab05-5107-4f9b-bb81-b85bc98921b7,Same Direction Rear End,N,Non Intersection,Right Turn Lane,Dark Lights On,No Defects,"Two-way, Not Divided",Wet,Clear,Eleven o'clock,Pickup Truck,Superficial,N,Moving Constant Speed,2015-01-18 19:54,65,39.33653794,-76.60950065
N,Apparently Normal,No Misuse,N,No Injury,a3e79f9d-be51-4477-ac06-41d828519847,D,ADH5520001,Shoulder/Lap Belt(s),M,b427d08c-22c2-4e86-8614-9849cd30f4fe,Same Direction Sideswipe,N,Non Intersection,Left Turn Lane,Dark Lights On,No Defects,"Two-way, Not Divided",Wet,Raining,Ten o'clock,Passenger Car,Superficial,N,Moving Constant Speed,2015-01-12 22:20,64,39.32510227,-76.67094469
N,Apparently Normal,No Misuse,Y,No Injury,573c2e78-16d5-4848-8604-3edeff5ec0e4,D,ADH6080001,Shoulder/Lap Belt(s),M,b54a8d11-1b2c-42da-80c9-42001289f585,Same Direction Sideswipe,N,Non Intersection,Left Turn Lane,Daylight,No Defects,One-way Trafficway,Dry,Clear,Three o'clock,Pickup Truck,Superficial,N,Moving Constant Speed,2015-01-15 9:21,60,39.29008653,-76.59987688
N,Apparently Normal,No Misuse,N,No Injury,17982c90-9a16-4bcc-a342-dce742707335,D,ADH6080009,Shoulder/Lap Belt(s),M,8cf1044f-b7f4-4116-92c6-a053d55421fb,Same Direction Sideswipe,N,Non Intersection,Right Turn Lane,Dark Lights On,No Defects,"Two-way, Not Divided",Dry,Clear,Eight o'clock,Passenger Car,Superficial,N,Moving Constant Speed,2015-02-27 22:40,37,39.28427378,-76.60116434
N,Apparently Normal,No Misuse,Y,No Injury,02fae45a-5c16-4984-85d5-8cd6eff7b4f3,D,ADH6080009,Shoulder/Lap Belt(s),M,0b866013-b8d0-4126-a75e-a866a0957696,Same Direction Sideswipe,N,Non Intersection,Right Turn Lane,Dark Lights On,No Defects,"Two-way, Not Divided",Dry,Clear,Three o'clock,Passenger Car,Superficial,N,Accelerating,2015-02-27 22:40,44,39.28427378,-76.60116434