CDL_FLAG,CONDITION_CODE,EQUIP_PROB_CODE,FAULT_FLAG,INJ_SEVER_CODE,PERSON_ID,PERSON_TYPE,REPORT_NO,SAF_EQUIP_CODE,SEX_CODE,VEHICLE_ID,COLLISION_TYPE_CODE,C_M_ZONE_FLAG,JUNCTION_CODE,LANE_CODE,LIGHT_CODE,RD_COND_CODE,RD_DIV_CODE,SURF_COND_CODE,WEATHER_CODE,AREA_DAMAGED_CODE_MAIN,BODY_TYPE_CODE,DAMAGE_CODE,HIT_AND_RUN_FLAG,MOVEMENT_CODE,TIME,AGE,LATITUDE,LONGITUDE
N,Apparently Normal,No Misuse,N,No Injury,21f74a26-985b-44e6-a5d1-2558da5925cd,D,ADH608000C,Shoulder/Lap Belt(s),M,de30dabb-cce9-4e1d-a94d-b9f04f971dea,Same Movement Angle,N,Intersection,Left Turn Lane,Daylight,No Defects,"Two-way, Not Divided",Dry,Clear,Seven o'clock,Passenger Car,Superficial,N,Accelerating,2015-03-07 16:30,64,39.28922295,-76.53913021
N,Apparently Normal,No Misuse,N,No Injury,d6c20357-790f-41ae-8d30-ff5f99e27d40,D,ADH6400003,Shoulder/Lap Belt(s),M,07876fdb-fb42-4bbd-942c-c4d4cec7cfea,Single Vehicle ,N,Non Intersection,Right Turn Lane,Dark Lights On,No Defects,One-way Trafficway,Snow,Snow,Twelve o'clock,(Sport) Utility Vehicle,Disabling,N,Moving Constant Speed,2015-02-14 20:35,53,39.29374831,-76.62563682
N,Apparently Normal,No Misuse,Y,No Injury,f8d04e7c-56b3-4e91-a201-b9660bf5cd67,D,ADH6460005,Shoulder/Lap Belt(s),M,b349658c-9177-4da2-8f80-b1ed9f2ae216,Same Direction Sideswipe,N,Non Intersection,Right Turn Lane,Daylight,No Defects,"Two-way, Not Divided",Wet,Clear,Two o'clock,Ambulance/Emergency,Functional,N,Moving Constant Speed,2015-02-19 13:40,45,39.34541632,-76.61998272
N,Apparently Normal,No Misuse,Y,No Injury,57008f6d-850f-4ed1-a98e-c4c6d63fb4a2,D,ADH6750003,Shoulder/Lap Belt(s),M,19dd12f0-e2ff-43c5-a832-528346cb24a4,Single Vehicle ,N,Non Intersection,Right Turn Lane,Dark Lights On,No Defects,"Two-way, Not Divided",Snow,Wintry Mix,Twelve o'clock,Passenger Car,Disabling,N,Moving Constant Speed,2015-02-02 1:15,23,39.34806301,-76.62495017
N,Apparently Normal,No Misuse,N,No Injury,b49509f9-0c54-40ba-8eda-06c395488b6c,D,ADH7110009,Shoulder/Lap Belt(s),M,48230839-2be1-40a0-a1fc-e689713919f0,Same Movement Angle,N,Intersection,Right Turn Lane,Daylight,No Defects,"Two-way, Not Divided",Dry,Clear,Two o'clock,Passenger Car,Disabling,N,Moving Constant Speed,2015-02-05 10:43,29,39.31251921,-76.64534569
N,Apparently Normal,No Misuse,N,No Injury,0f35df4b-16f1-41fd-9e71-574fc13a806e,D,ADH711000B,Shoulder/Lap Belt(s),M,912098c0-b112-4206-9c1f-fdc50729144c,Same Movement Angle,N,Intersection,Right Turn Lane,Dark Lights On,No Defects,"Two-way, Not Divided",Wet,Raining,Nine o'clock,(Sport) Utility Vehicle,Destroyed,N,Moving Constant Speed,2015-02-09 21:43,38,39.31391375,-76.65013075
N,Apparently Normal,No Misuse,N,No Injury,e4ec8a20-6b94-4e6b-bbe1-bf2355e9c696,D,ADH7370005,Shoulder/Lap Belt(s),M,ba0e021e-cb23-44e1-b49d-2ad2e6dd8276,Same Direction Rear End,N,Non Intersection,Right Turn Lane,Dusk,No Defects,One-way Trafficway,Dry,Clear,Six o'clock,Passenger Car,Disabling,N,Moving Constant Speed,2015-03-30 6:20,55,39.34298525,-76.69283152
N,Apparently Normal,No Misuse,Y,Possible Incapacitating Injury,149aa4f8-a1dd-418c-9435-bd8df7503fae,D,ADH7370005,Shoulder/Lap Belt(s),M,8986c9e9-85bf-474a-8ec2-5c79698be2dd,Same Direction Rear End,N,Non Intersection,Right Turn Lane,Dusk,No Defects,One-way Trafficway,Dry,Clear,Twelve o'clock,Passenger Car,Functional,N,Moving Constant Speed,2015-03-30 6:20,51,39.34298525,-76.69283152
N,Apparently Normal,No Misuse,N,No Injury,f8b30cb3-969b-42c7-8da9-c1c0567d0c6d,D,ADH7470008,Shoulder/Lap Belt(s),M,bf3c1e48-947e-4656-915d-99e6a8881a17,Same Direction Rear End,N,Non Intersection,Right Turn Lane,Dark Lights On,No Defects,One-way Trafficway,Dry,Clear,Six o'clock,(Sport) Utility Vehicle,Functional,N,Moving Constant Speed,2015-01-15 22:00,46,39.28699753,-76.60391092
N,Apparently Normal,No Misuse,N,No Injury,77731165-8bce-4f83-9597-6dd6ada025d3,D,ADH7980005,Shoulder/Lap Belt(s),M,a1f7b8c6-d298-477f-862b-6471e8526c33,Same Direction Rear End,N,Non Intersection,Left Turn Lane,Daylight,No Defects,"Two-way, Divided, Positive Median Barrier",Wet,Clear,Six o'clock,(Sport) Utility Vehicle,Functional,N,Stopped in Traffic Lane,2015-02-23 15:10,53,39.3179561,-76.64687991
N,Apparently Normal,No Misuse,N,No Injury,ac33bd17-0d02-4ed8-9faf-8ac137b99a1d,D,ADH7980006,Shoulder/Lap Belt(s),M,b6c4790f-6ba0-4473-9726-802d14f9217a,Same Direction Sideswipe,N,Non Intersection,Right Turn Lane,Daylight,No Defects,"Two-way, Divided, Positive Median Barrier",Dry,Clear,Ten o'clock,Passenger Car,Superficial,N,Moving Constant Speed,2015-02-23 15:46,23,39.31827151,-76.65235162
N,Apparently Normal,No Misuse,N,No Injury,b453dd4e-2741-4eb2-aad5-1f363e38fb2f,D,ADH846000H,Shoulder/Lap Belt(s),M,1a30f809-660e-4ae4-963d-482513a1cf36,Opposite Direction Sideswipe,N,Non Intersection,Right Turn Lane,Daylight,No Defects,"Two-way, Not Divided",Wet,Raining,Ten o'clock,(Sport) Utility Vehicle,Superficial,N,Moving Constant Speed,2015-03-27 9:45,39,39.27637706,-76.54076099
N,Apparently Normal,No Misuse,Y,No Injury,36955d86-48f1-483c-8aab-0415aaf1b944,D,ADH846000H,Shoulder/Lap Belt(s),M,54ec3538-c1ae-4473-bdb5-5fcdac748558,Opposite Direction Sideswipe,N,Non Intersection,Right Turn Lane,Daylight,No Defects,"Two-way, Not Divided",Wet,Raining,Nine o'clock,Van,Superficial,N,Moving Constant Speed,2015-03-27 9:45,49,39.27637706,-76.54076099
N,Apparently Normal,No Misuse,Y,No Injury,b7214168-7c51-4cdf-ae60-83b6149b5b94,D,ADH8570003,Shoulder/Lap Belt(s),M,fa2b80ca-56a8-4735-9816-7704ec57959e,Same Direction Rear End,N,Non Intersection,Right Turn Lane,Dark Lights On,No Defects,"Two-way, Divided, Positive Median Barrier",Dry,Clear,Twelve o'clock,Passenger Car,Disabling,N,Moving Constant Speed,2015-03-29 2:00,31,39.28724042,-76.59364611
N,Apparently Normal,No Misuse,N,No Injury,a22b2795-9cfc-49d3-86b2-fa75a110611d,D,ADH8940001,Shoulder/Lap Belt(s),M,0d1e9216-098c-4bd4-82cd-dae63551c769,Head On Left Turn,N,Intersection,Right Turn Lane,Daylight,No Defects,"Two-way, Not Divided",Ice,Wintry Mix,Eleven o'clock,Van,Destroyed,N,Moving Constant Speed,2015-01-07 16:00,47,39.31447301,-76.61263347
N,Apparently Normal,No Misuse,N,No Injury,643e56ef-01d9-44a5-9d88-f57ae732eaa3,D,ADH9510001,Shoulder/Lap Belt(s),M,0a387511-d76d-40e1-8099-0cb0b95845ea,Same Direction Rear End Left Turn,N,Intersection Related,Left Turn Lane,Daylight,No Defects,"Two-way, Not Divided",Snow,Snow,Six o'clock,Passenger Car,Superficial,N,Stopped in Traffic Lane,2015-01-21 14:14,33,39.33754408,-76.63748413
N,Apparently Normal,No Misuse,N,No Injury,96d6cae6-9af2-4d67-b091-6610a8254c11,D,ADH9510006,Shoulder/Lap Belt(s),M,03676e44-1bb1-4713-84ba-c9c3ffadcdfd,Same Direction Rear End,N,Non Intersection,Right Turn Lane,Daylight,No Defects,One-way Trafficway,Dry,Clear,Twelve o'clock,Ambulance/Emergency,Superficial,N,Slowing or Stopping,2015-02-06 12:47,35,39.32880182,-76.54169172
Y,Apparently Normal,No Misuse,Y,No Injury,acca408a-14b8-4d70-b074-956f2f353745,D,ADH9510006,Shoulder/Lap Belt(s),M,bf31ca1a-8821-4dca-8334-9616a8c3771c,Same Direction Rear End,N,Non Intersection,Right Turn Lane,Daylight,No Defects,One-way Trafficway,Dry,Clear,Six o'clock,Truck Tractor,Superficial,N,Backing,2015-02-06 12:47,25,39.32880182,-76.54169172
N,Apparently Normal,No Misuse,Y,No Injury,aac2f0d2-1e1b-486f-8dfe-c9e98ccd137f,D,ADH951000C,Shoulder/Lap Belt(s),M,6df7f679-ea67-432c-87bc-4c06a78c4b02,Same Direction Sideswipe,N,Non Intersection,Left Turn Lane,Daylight,No Defects,"Two-way, Divided, Positive Median Barrier",Dry,Clear,Ten o'clock,Passenger Car,Superficial,N,Changing Lanes,2015-03-21 13:44,31,39.33340973,-76.58888787
N,Apparently Normal,No Misuse,N,Incapacitating/Disabled Injury,d8091157-d31c-4b29-a827-d7d3e3ccfd3d,D,ADH951000C,Shoulder/Lap Belt(s),M,c1c8b8e1-d25c-44ce-9427-78b1f75017c9,Same Direction Sideswipe,N,Non Intersection,Left Turn Lane,Daylight,No Defects,"Two-way, Divided, Positive Median Barrier",Dry,Clear,Two o'clock,Passenger Car,Superficial,N,Moving Constant Speed,2015-03-21 13:44,47,39.33340973,-76.58888787
N,Apparently Normal,No Misuse,Y,No Injury,3f37d2d9-22a5-4e2b-9ed9-e9917d84730d,D,ADH9910018,Shoulder/Lap Belt(s),M,b1536d72-6248-46d2-8b2e-e2dbe467a165,Same Direction Rear End,N,Intersection Related,Right Turn Lane,Dark Lights On,No Defects,"Two-way, Divided, Unprotected (painted >4 feet) Median",Wet,Snow,Twelve o'clock,Passenger Car,No Damage,N,Moving Constant Speed,2015-03-04 21:30,29,39.30239135,-76.6158092
N,Apparently Normal,No Misuse,N,No Injury,e4f0ed12-285b-4598-ac5c-0f7467bce3e3,D,ADI0020003,Shoulder/Lap Belt(s),M,22c7806b-707c-4309-b70d-7d94a86a81e9,Single Vehicle ,N,Intersection,Right Turn Lane,Daylight,No Defects,"Two-way, Divided, Unprotected (painted >4 feet) Median",Ice,Snow,Twelve o'clock,Passenger Car,Disabling,N,Moving Constant Speed,2015-02-26 7:10,45,39.32286554,-76.59735963
N,Apparently Normal,No Misuse,N,No Injury,5e7a26de-f8e2-41ed-b297-925fad07bc0d,D,ADI0540008,Shoulder/Lap Belt(s),M,ec277a2d-8125-4da7-b390-ca7b35c3e887,Head On Left Turn,N,Intersection,Right Turn Lane,Dark Lights On,No Defects,"Two-way, Divided, Positive Median Barrier",Wet,Raining,Eleven o'clock,Passenger Car,Superficial,N,Moving Constant Speed,2015-03-10 20:00,70,39.32835557,-76.59524202
N,Apparently Normal,No Misuse,N,No Injury,65777353-24a0-42b0-8e30-f89f7f8459ce,D,ADI0730006,Shoulder/Lap Belt(s),M,a79b6467-aaea-425c-8b41-6c22bfac79a2,Same Direction Rear End,N,Non Intersection,Left Turn Lane,Daylight,No Defects,One-way Trafficway,Wet,Clear,Six o'clock,Passenger Car,Superficial,N,Moving Constant Speed,2015-02-28 8:00,36,39.28636227,-76.61958039
N,Apparently Normal,No Misuse,Y,No Injury,ee6ea347-5c05-423b-9018-4e482bed2afb,D,ADI0730006,Shoulder/Lap Belt(s),M,2e44cb49-21da-4bb3-9a28-845d93666fa3,Same Direction Rear End,N,Non Intersection,Left Turn Lane,Daylight,No Defects,One-way Trafficway,Wet,Clear,Twelve o'clock,Passenger Car,Disabling,N,Moving Constant Speed,2015-02-28 8:00,23,39.28636227,-76.61958039
N,Apparently Normal,No Misuse,N,No Injury,25b5c8d1-fcef-4d7d-911c-ac1df0ad7a15,D,ADI096000C,Shoulder/Lap Belt(s),M,887b7c1a-44fc-439f-9f11-609338e5ac48,Same Direction Rear End,N,Non Intersection,Right Turn Lane,Daylight,No Defects,"Two-way, Divided, Unprotected (painted >4 feet) Median",Dry,Clear,Six o'clock,Passenger Car,Superficial,N,Moving Constant Speed,2015-03-12 9:05,30,39.35377091,-76.69896841
N,Apparently Normal,No Misuse,N,No Injury,f042574f-687c-4e8f-a4de-e4d2950dbcff,D,ADI1100005,Shoulder/Lap Belt(s),M,aabb0158-8718-47df-af94-101ad1c93274,Same Direction Rear End,N,Intersection Related,Right Turn Lane,Daylight,No Defects,"Two-way, Divided, Positive Median Barrier",Wet,Cloudy,Six o'clock,Passenger Car,Superficial,N,Moving Constant Speed,2015-01-24 15:00,30,39.30930253,-76.66208267
N,Apparently Normal,No Misuse,Y,No Injury,42d29bfa-c0a1-48ac-bc2b-24702c4ed31d,D,ADI1100005,Shoulder/Lap Belt(s),M,c588f8ea-c55f-4a51-9219-6665484ace3e,Same Direction Rear End,N,Intersection Related,Right Turn Lane,Daylight,No Defects,"Two-way, Divided, Positive Median Barrier",Wet,Cloudy,Twelve o'clock,(Sport) Utility Vehicle,Superficial,N,Moving Constant Speed,2015-01-24 15:00,34,39.30930253,-76.66208267
Y,Apparently Normal,No Misuse,N,No Injury,2d96f70c-229a-4a9d-bcf6-bee336bff055,D,ADI1180001,Shoulder/Lap Belt(s),M,da5413f4-e2aa-4240-85e2-35444eaa9741,Same Direction Rear End,N,Non Intersection,Right Turn Lane,Daylight,No Defects,"Two-way, Divided, Unprotected (painted >4 feet) Median",Dry,Clear,Seven o'clock,School Bus,Superficial,N,Slowing or Stopping,2015-01-28 14:50,62,39.31333269,-76.61377072
N,Apparently Normal,No Misuse,N,No Injury,c135b5aa-63c2-4d63-9a3a-2c7b0cb30234,D,ADI2210001,Shoulder/Lap Belt(s),M,6f506027-9e39-4e1c-bd60-50c1c8e48250,Same Movement Angle,N,Intersection,Right Turn Lane,Daylight,No Defects,"Two-way, Not Divided",Snow,Snow,Seven o'clock,Passenger Car,Superficial,N,Moving Constant Speed,2015-01-21 14:10,28,39.31291765,-76.65008783
N,Apparently Normal,No Misuse,N,No Injury,8c9a851f-db41-4520-bc2b-c07f774a7ef3,D,ADI221000C,Shoulder/Lap Belt(s),M,f44cd9b6-e1bc-41eb-b24c-220001935e4f,Same Movement Angle,N,Intersection,Right Turn Lane,Daylight,No Defects,"Two-way, Divided, Positive Median Barrier",Dry,Clear,Seven o'clock,Passenger Car,Superficial,N,Moving Constant Speed,2015-03-21 12:33,30,39.31738338,-76.64983034
Y,Apparently Normal,No Misuse,N,No Injury,83901a1c-8f4b-4f7b-8bdf-180535ab76d4,D,ADI221000D,Shoulder/Lap Belt(s),M,6c2ce29f-7cf7-4e6d-8792-e18d96465b9b,Same Direction Rear End,N,Non Intersection,Acceleration Lane,Daylight,No Defects,"Two-way, Divided, Positive Median Barrier",Wet,Raining,Six o'clock,"Medium/Heavy Truck 2 axles (10,000 lbs (4,536 kg) or less)",No Damage,N,Slowing or Stopping,2015-03-26 13:35,44,39.30933158,-76.65804863
N,Apparently Normal,No Misuse,Y,No Injury,ca2a1af3-2b2b-4f79-b750-864d97046b88,D,ADI221000D,Shoulder/Lap Belt(s),M,c7eff4fb-98ae-4790-a195-def56de8dfa7,Same Direction Rear End,N,Non Intersection,Acceleration Lane,Daylight,No Defects,"Two-way, Divided, Positive Median Barrier",Wet,Raining,Twelve o'clock,Van,Disabling,N,Moving Constant Speed,2015-03-26 13:35,26,39.30933158,-76.65804863
N,Apparently Normal,No Misuse,Y,No Injury,74016f6f-9a95-493e-b4be-8b90bdc9649f,D,ADI2590003,Shoulder/Lap Belt(s),M,0a06a7b3-b2e3-4e02-af48-4122661a76a0,Same Direction Rear End,N,Intersection,Right Turn Lane,Daylight,No Defects,"Two-way, Divided, Positive Median Barrier",Dry,Clear,Twelve o'clock,(Sport) Utility Vehicle,Superficial,N,Slowing or Stopping,2015-01-24 13:55,67,39.29956857,-76.56341493
N,Apparently Normal,No Misuse,N,Possible Incapacitating Injury,ef1e7f26-39e1-4a83-bced-290b3ff3c070,D,ADI2590003,Shoulder/Lap Belt(s),M,1b2742c9-d027-4c01-8278-7d9e5335f900,Same Direction Rear End,N,Intersection,Right Turn Lane,Daylight,No Defects,"Two-way, Divided, Positive Median Barrier",Dry,Clear,Six o'clock,Passenger Car,Superficial,N,Stopped in Traffic Lane,2015-01-24 13:55,49,39.29956857,-76.56341493
N,Apparently Normal,No Misuse,N,No Injury,78cb0dc0-a774-4259-b986-e91a531d569a,D,ADI2800006,Shoulder/Lap Belt(s),M,67aa3417-0822-4963-9dce-53519dc1102f,Same Direction Sideswipe,N,Intersection Related,Left Turn Lane,Dark - Unknown Lighting,No Defects,"Two-way, Not Divided",Dry,Clear,Two o'clock,Pickup Truck,Functional,N,Stopped in Traffic Lane,2015-03-12 2:30,48,39.32823108,-76.60955429
N,Apparently Normal,No Misuse,N,No Injury,81f9a27f-8706-4d9b-8800-287500417886,D,ADI3060003,Shoulder/Lap Belt(s),M,427cf485-db06-4237-a544-b422a966d58f,Same Direction Both Left Turn,N,Intersection,Left Turn Lane,Daylight,No Defects,"Two-way, Not Divided",Wet,Raining,Two o'clock,Pickup Truck,Superficial,N,Moving Constant Speed,2015-03-20 12:30,43,39.28713454,-76.62802935
Y,Apparently Normal,No Misuse,N,No Injury,fc2ae157-ede0-4d25-b45e-03a26360e366,D,ADI314000C,Shoulder/Lap Belt(s),M,98608844-78f9-4c06-8ceb-613520579d5f,Same Direction Left Turn,N,Non Intersection,Right Turn Lane,Daylight,No Defects,"Two-way, Not Divided",Dry,Cloudy,One o'clock,"Other Light Trucks (10,000 lbs (4,536 kg))",Superficial,N,Moving Constant Speed,2015-03-16 12:20,47,39.34105195,-76.67389512
N,Apparently Normal,No Misuse,Y,No Injury,28c15750-c43b-4738-823a-2bb44dd00192,D,ADI314000C,Shoulder/Lap Belt(s),M,138f47b3-49c6-4f2e-8376-6754f5117fc4,Same Direction Left Turn,N,Non Intersection,Right Turn Lane,Daylight,No Defects,"Two-way, Not Divided",Dry,Cloudy,Seven o'clock,Passenger Car,Superficial,Y,Changing Lanes,2015-03-16 12:20,23,39.34105195,-76.67389512
N,Apparently Normal,No Misuse,N,No Injury,b15cd27b-9bf2-42b6-990d-7cfb9d2c7f7d,D,ADI3210003,Shoulder/Lap Belt(s),M,ba25209c-50d5-426c-8f1e-2fc0a6cbceea,Same Movement Angle,N,Non Intersection,Right Turn Lane,Daylight,No Defects,"Two-way, Divided, Positive Median Barrier",Dry,Clear,Twelve o'clock,Passenger Car,Disabling,N,Moving Constant Speed,2015-02-08 14:50,24,39.31063695,-76.63007051
N,Apparently Normal,No Misuse,Y,No Injury,4bec1aa3-d32e-4068-85ad-efc27b24d43c,D,ADI3210003,Shoulder/Lap Belt(s),M,df6de373-c6ed-4e72-ab31-6fba8b7fa9d9,Same Movement Angle,N,Non Intersection,Right Turn Lane,Daylight,No Defects,"Two-way, Divided, Positive Median Barrier",Dry,Clear,Nine o'clock,Passenger Car,Superficial,N,Entering Traffic Lane,2015-02-08 14:50,23,39.31063695,-76.63007051
N,Apparently Normal,No Misuse,N,No Injury,cc5eb344-afb0-4c91-a256-edd6a0984e1d,D,ADI3610001,Shoulder/Lap Belt(s),M,9c9c2df2-fb5e-4d86-9865-c1b64cfcc12b,Same Direction Rear End,N,Non Intersection,Left Turn Lane,Daylight,No Defects,"Two-way, Divided, Positive Median Barrier",Dry,Clear,Six o'clock,(Sport) Utility Vehicle,Functional,N,Stopped in Traffic Lane,2015-01-30 15:45,59,39.29973462,-76.64569974
N,Apparently Normal,No Misuse,Y,No Injury,bdfa920e-86ca-48a4-bb4d-7eb5aa880c51,D,ADI3720001,Shoulder/Lap Belt(s),M,5cca7c8c-2c7b-421e-acbd-fefce8fd75ac,Single Vehicle ,N,Non Intersection,Right Turn Lane,Daylight,No Defects,"Two-way, Divided, Unprotected (painted >4 feet) Median",Dry,Clear,One o'clock,(Sport) Utility Vehicle,Functional,N,Moving Constant Speed,2015-01-28 12:30,55,39.34001838,-76.60046093
N,Apparently Normal,No Misuse,N,No Injury,71fc80fc-3382-4834-bbf2-09064ba64f18,D,ADI3870008,Shoulder/Lap Belt(s),M,1181fa87-31c9-4c2d-be4e-d15c317910e8,Same Direction Left Turn,N,Non Intersection,Right Turn Lane,Daylight,No Defects,"Two-way, Divided, Unprotected (painted >4 feet) Median",Dry,Clear,Twelve o'clock,Passenger Car,Functional,N,Moving Constant Speed,2015-01-08 14:50,27,39.30557099,-76.59041405
N,Apparently Normal,No Misuse,N,Possible Incapacitating Injury,1b26e0b2-79fc-4329-ad0b-73db0307fb06,D,ADI3880007,Shoulder/Lap Belt(s),M,bbd1a2f6-4d0f-4d1a-812a-f39cc5a8a149,Head On Left Turn,N,Intersection Related,Right Turn Lane,Daylight,No Defects,"Two-way, Divided, Positive Median Barrier",Dry,Clear,Twelve o'clock,Passenger Car,Disabling,N,Moving Constant Speed,2015-02-27 16:39,62,39.29500207,-76.60171822
Y,Apparently Normal,No Misuse,N,No Injury,3be9b595-ae74-4348-907b-68606fa4fdae,D,ADI4440003,Shoulder/Lap Belt(s),M,f03460b0-401a-4616-8156-059ce2544370,Same Direction Rear End,N,Non Intersection,Right Turn Lane,Daylight,No Defects,"Two-way, Divided, Unprotected (painted >4 feet) Median",Dry,Cloudy,Six o'clock,Pickup Truck,Superficial,N,Stopped in Traffic Lane,2015-02-20 13:30,53,39.3624729,-76.60989761
N,Apparently Normal,No Misuse,Y,No Injury,a183a653-d188-4553-9f71-0edadb19ba4e,D,ADI4440003,Shoulder/Lap Belt(s),M,aa6ae13d-3191-4546-9aac-9e3e7f6c39ac,Same Direction Rear End,N,Non Intersection,Right Turn Lane,Daylight,No Defects,"Two-way, Divided, Unprotected (painted >4 feet) Median",Dry,Cloudy,Twelve o'clock,Passenger Car,Superficial,N,Stopped in Traffic Lane,2015-02-20 13:30,44,39.3624729,-76.60989761
N,Apparently Normal,No Misuse,N,No Injury,661a1625-0810-4c41-8943-e5abe2251381,D,ADI4520002,Shoulder/Lap Belt(s),M,92b3481b-ece9-45b4-9545-98757a45810f,Same Direction Rear End Right Turn,N,Non Intersection,Right Turn Lane,Daylight,No Defects,"Two-way, Divided, Unprotected (painted >4 feet) Median",Wet,Clear,Six o'clock,"Cargo Van/Light Truck 2 axles (10,000 lbs (4,536 kg) or less)",No Damage,N,Moving Constant Speed,2015-03-26 13:36,22,39.32394034,-76.67154551
Y,Apparently Normal,No Misuse,N,No Injury,63a7a1a5-d2ad-4a2d-a5cf-c02c30f0ca8a,D,ADI4670005,Shoulder/Lap Belt(s),M,c032f24b-b949-494d-936f-6f583f3a2111,Same Direction Right Turn,N,Non Intersection,Left Turn Lane,Daylight,No Defects,"Two-way, Divided, Unprotected (painted >4 feet) Median",Wet,Clear,Ten o'clock,School Bus,Functional,N,Moving Constant Speed,2015-02-23 17:30,63,39.29469486,-76.60614252
Y,Apparently Normal,No Misuse,Y,No Injury,4bae7ac1-4e21-4167-a238-218aefe30461,D,ADI4670005,Shoulder/Lap Belt(s),M,6690e6b0-8c0c-49b1-8141-30f11fe410d8,Same Direction Right Turn,N,Non Intersection,Left Turn Lane,Daylight,No Defects,"Two-way, Divided, Unprotected (painted >4 feet) Median",Wet,Clear,Two o'clock,"Cargo Van/Light Truck 2 axles (10,000 lbs (4,536 kg) or less)",Functional,N,Changing Lanes,2015-02-23 17:30,48,39.29469486,-76.60614252
N,Apparently Normal,No Misuse,Y,No Injury,1c8a5da1-27c1-4680-9f5b-eef5800b703e,D,ADI467000D,Shoulder/Lap Belt(s),M,1f4f2feb-4c6c-4ed3-8a33-2c16bcf4509e,Same Movement Angle,N,Intersection,Acceleration Lane,Daylight,No Defects,"Two-way, Divided, Unprotected (painted >4 feet) Median",Wet,Raining,Twelve o'clock,Passenger Car,Functional,N,Moving Constant Speed,2015-03-14 13:30,42,39.30373835,-76.60786986
N,Apparently Normal,No Misuse,Y,No Injury,bdfd9228-2770-40a4-9548-8b1cf5fda432,D,ADI4770001,Shoulder/Lap Belt(s),M,4015e8cd-a3b8-4a44-bfef-040ab09eaf50,Same Direction Right Turn,N,Intersection,Right Turn Lane,Daylight,No Defects,"Two-way, Not Divided",Dry,Clear,Four o'clock,Other Bus,Superficial,N,Making Right Turn,2015-01-13 12:00,46,39.26858213,-76.61506087
N,Apparently Normal,No Misuse,Y,No Injury,5cecc248-dfbb-412c-83aa-393f0e817d89,D,ADI4770004,Shoulder/Lap Belt(s),M,863caf36-b4f7-4262-beeb-3d480499064c,Single Vehicle ,N,Intersection,Right Turn Lane,Dark Lights On,No Defects,"Two-way, Divided, Positive Median Barrier",Dry,Clear,Underside,Passenger Car,Disabling,N,Moving Constant Speed,2015-03-07 19:30,47,39.26222455,-76.61083236
N,Apparently Normal,No Misuse,N,No Injury,ae82c5ea-39bb-4805-b255-474823cd5055,D,ADI4880003,Shoulder/Lap Belt(s),M,621f684b-797b-4bb6-8ef7-03c64a34ce05,Same Direction Sideswipe,N,Non Intersection,Right Turn Lane,Daylight,No Defects,"Two-way, Divided, Unprotected (painted >4 feet) Median",Dry,Clear,Ten o'clock,Pickup Truck,Superficial,N,Parked  ,2015-03-26 14:25,50,39.34161514,-76.53419897
N,Apparently Normal,No Misuse,Y,No Injury,693e4b0a-6016-4e52-88ba-64e4bcefc6c5,D,ADI4880003,Shoulder/Lap Belt(s),M,5ccda019-d910-4b26-8488-6507748f2ac6,Same Direction Sideswipe,N,Non Intersection,Right Turn Lane,Daylight,No Defects,"Two-way, Divided, Unprotected (painted >4 feet) Median",Dry,Clear,Two o'clock,Pickup Truck,Superficial,N,Passing,2015-03-26 14:25,51,39.34161514,-76.53419897
N,Apparently Normal,No Misuse,N,No Injury,624da4c4-6af6-40d7-a957-c17c9c452533,D,ADI5190001,Shoulder/Lap Belt(s),M,1aca8484-813d-4257-a905-857682e49b59,Same Direction Sideswipe,N,Non Intersection,Right Turn Lane,Daylight,No Defects,One-way Trafficway,Wet,Clear,Five o'clock,Passenger Car,Functional,N,Moving Constant Speed,2015-01-30 7:45,30,39.35101243,-76.64662778
N,Apparently Normal,No Misuse,Y,No Injury,9ded0d06-38cf-4444-beb9-af939925fbe0,D,ADI5190001,Shoulder/Lap Belt(s),M,a4f23fb1-c0b8-43de-8339-9d52b866af59,Same Direction Sideswipe,N,Non Intersection,Right Turn Lane,Daylight,No Defects,One-way Trafficway,Wet,Clear,Eleven o'clock,Passenger Car,Disabling,N,Changing Lanes,2015-01-30 7:45,35,39.35101243,-76.64662778
N,Apparently Normal,No Misuse,N,No Injury,4378a097-9ccd-4350-bff1-fc9c9ebcb806,D,ADI5190004,Shoulder/Lap Belt(s),M,f249c131-4714-4356-a95a-10435b91579a,Same Movement Angle,N,Intersection,Right Turn Lane,Dark Lights On,No Defects,"Two-way, Divided, Unprotected (painted >4 feet) Median",Snow,Snow,One o'clock,(Sport) Utility Vehicle,Functional,N,Accelerating,2015-02-16 22:30,38,39.31514847,-76.61952943
N,Apparently Normal,No Misuse,N,No Injury,eec4a2b0-1715-44fb-b43d-bc20db22cea9,D,ADI5190006,Shoulder/Lap Belt(s),M,eb153195-3054-4364-891a-325e7790aec3,Same Direction Rear End,N,Non Intersection,Left Turn Lane,Dark Lights On,No Defects,"Two-way, Not Divided",Wet,Clear,Six o'clock,Passenger Car,Functional,N,Stopped in Traffic Lane,2015-02-17 22:10,25,39.336222,-76.649417
N,Apparently Normal,No Misuse,N,No Injury,13289f77-9118-476e-9587-90256aee7dd4,D,ADI5190007,Shoulder/Lap Belt(s),M,172fb8ba-8f95-42c9-924d-3f8ed6a6fb43,Angle Meets Left Turn,N,Intersection,Right Turn Lane,Dark Lights On,No Defects,"Two-way, Divided, Unprotected (painted >4 feet) Median",Dry,Clear,Twelve o'clock,Passenger Car,Disabling,N,Moving Constant Speed,2015-02-19 18:15,61,39.36974308,-76.62587821