CDL_FLAG,CONDITION_CODE,EQUIP_PROB_CODE,FAULT_FLAG,INJ_SEVER_CODE,PERSON_ID,PERSON_TYPE,REPORT_NO,SAF_EQUIP_CODE,SEX_CODE,VEHICLE_ID,COLLISION_TYPE_CODE,C_M_ZONE_FLAG,JUNCTION_CODE,LANE_CODE,LIGHT_CODE,RD_COND_CODE,RD_DIV_CODE,SURF_COND_CODE,WEATHER_CODE,AREA_DAMAGED_CODE_MAIN,BODY_TYPE_CODE,DAMAGE_CODE,HIT_AND_RUN_FLAG,MOVEMENT_CODE,TIME,AGE,LATITUDE,LONGITUDE
N,Apparently Normal,No Misuse,Y,No Injury,a5e973a5-764f-49a9-be60-791df25223ef,D,ADI5190007,Shoulder/Lap Belt(s),M,c74caae4-cc18-4bdd-a582-d04c54789ce7,Angle Meets Left Turn,N,Intersection,Right Turn Lane,Dark Lights On,No Defects,"Two-way, Divided, Unprotected (painted >4 feet) Median",Dry,Clear,Three o'clock,Passenger Car,Disabling,N,Making Left Turn,2015-02-19 18:15,18,39.36974308,-76.62587821
N,Apparently Normal,No Misuse,N,No Injury,3d2978a0-bc1d-48cb-960f-a5ec7a156471,D,ADI5190009,Shoulder/Lap Belt(s),M,71b29f30-daac-452e-b099-adae6ea547ec,Same Direction Rear End,N,Non Intersection,Left Turn Lane,Dusk,No Defects,"Two-way, Divided, Unprotected (painted >4 feet) Median",Ice,Wintry Mix,Six o'clock,Van,Superficial,N,Changing Lanes,2015-03-03 17:30,38,39.32203556,-76.60311162
N,Apparently Normal,No Misuse,N,No Injury,cabff6b3-7f33-4d98-8b80-7d0b0aae2709,D,ADI5200003,Shoulder/Lap Belt(s),M,dbd25d28-5e4f-4e4e-ac04-271386595865,Same Direction Rear End,N,Intersection,Deceleration Lane,Daylight,No Defects,One-way Trafficway,Dry,Clear,Six o'clock,Passenger Car,No Damage,N,Stopped in Traffic Lane,2015-03-23 13:40,42,39.29060757,-76.61395043
N,Apparently Normal,No Misuse,N,No Injury,891c08fe-9668-4754-a4b9-aadfcd62419a,D,ADI5260003,Shoulder/Lap Belt(s),M,2c17c87f-b65c-420f-b61b-b11c7f1015a9,Head On,N,Intersection,Right Turn Lane,Dark Lights On,No Defects,One-way Trafficway,Dry,Clear,Twelve o'clock,Pickup Truck,Superficial,N,Stopped in Traffic Lane,2015-01-31 23:08,59,39.29969207,-76.58769965
N,Apparently Normal,No Misuse,N,No Injury,b1b50f02-b461-4dca-82d7-33f2c8ed2956,D,ADI536000G,Shoulder/Lap Belt(s),M,7832a2c6-ed31-4876-9a44-467b1cbe9bdd,Same Movement Angle,N,Intersection Related,Right Turn Lane,Daylight,No Defects,"Two-way, Not Divided",Dry,Clear,Two o'clock,Passenger Car,Superficial,N,Moving Constant Speed,2015-01-22 8:28,34,39.35348055,-76.58335447
N,Apparently Normal,No Misuse,N,No Injury,489ddee4-a011-421e-824b-2130122be9e1,D,ADI536000P,Shoulder/Lap Belt(s),M,0681fcc3-f5e0-4a1d-a050-4fe79d7a1cf2,Same Direction Sideswipe,N,Non Intersection,Right Turn Lane,Dark Lights On,No Defects,"Two-way, Not Divided",Ice,Wintry Mix,Two o'clock,Pickup Truck,Superficial,N,Moving Constant Speed,2015-02-10 3:45,24,39.32153342,-76.57370925
N,Apparently Normal,No Misuse,Y,No Injury,551a9cfd-7b9d-48c8-859b-1e05ca2bc43e,D,ADI536000Q,Shoulder/Lap Belt(s),M,03778229-9250-4a63-84f0-09daadbd1063,Head On Left Turn,N,Non Intersection,Right Turn Lane,Dark Lights On,No Defects,"Two-way, Not Divided",Snow,Wintry Mix,One o'clock,(Sport) Utility Vehicle,Superficial,N,Slowing or Stopping,2015-02-10 2:20,52,39.34520059,-76.57861233
N,Apparently Normal,No Misuse,N,No Injury,87fb266c-cecf-4de5-a6de-487d41906a51,D,ADI536000S,Shoulder/Lap Belt(s),M,ce1d29c2-3882-458e-a429-1490b9dc6a49,Same Movement Angle,N,Intersection Related,Right Turn Lane,Dark Lights On,No Defects,"Two-way, Not Divided",Snow,Snow,Nine o'clock,Passenger Car,Superficial,N,Moving Constant Speed,2015-02-17 1:30,25,39.31509244,-76.54006362
N,Apparently Normal,No Misuse,Y,No Injury,492c0451-b6df-4bbd-a77c-f39211ee7db2,D,ADI536000S,Shoulder/Lap Belt(s),M,abd11862-64d4-4e76-93c6-b42c4c5d3030,Same Movement Angle,N,Intersection Related,Right Turn Lane,Dark Lights On,No Defects,"Two-way, Not Divided",Snow,Snow,Twelve o'clock,Passenger Car,Superficial,N,Slowing or Stopping,2015-02-17 1:30,37,39.31509244,-76.54006362
N,Apparently Normal,No Misuse,N,No Injury,d8efa78f-d6dd-4152-9ec6-85af2eccda29,D,ADI5460005,Shoulder/Lap Belt(s),M,7f901022-2faa-4f42-9d80-02b150814d69,Single Vehicle ,N,Non Intersection,Right Turn Lane,Dark Lights On,No Defects,"Two-way, Not Divided",Ice,Blowing Snow,Eleven o'clock,Pickup Truck,Functional,N,Moving Constant Speed,2015-01-07 18:10,68,39.3435742,-76.6421939
N,Apparently Normal,No Misuse,N,No Injury,644f05cb-eb84-4856-b7f0-141494448685,D,ADI5460006,Shoulder/Lap Belt(s),M,cf5d969e-9cf3-45d5-96ce-ef9af38d894c,Same Movement Angle,N,Intersection Related,Left Turn Lane,Daylight,No Defects,"Two-way, Divided, Unprotected (painted >4 feet) Median",Dry,Clear,One o'clock,Van,Functional,N,Moving Constant Speed,2015-01-13 12:10,29,39.34524,-76.659432
N,Apparently Normal,No Misuse,Y,No Injury,2a9fa525-f68a-4552-a484-571a715fc315,D,ADI5460006,Shoulder/Lap Belt(s),M,d9a9452d-25f3-46c6-b5ac-e4757afb4dac,Same Movement Angle,N,Intersection Related,Left Turn Lane,Daylight,No Defects,"Two-way, Divided, Unprotected (painted >4 feet) Median",Dry,Clear,Eleven o'clock,Van,Superficial,N,Entering Traffic Lane,2015-01-13 12:10,52,39.34524,-76.659432
N,Apparently Normal,No Misuse,N,No Injury,8b66d528-d623-4c24-ad71-0ff81afdd2a5,D,ADI5600002,Shoulder/Lap Belt(s),M,3622434f-bf25-470c-ac82-5fd78ef30e4e,Same Direction Left Turn,N,Intersection,Right Turn Lane,Daylight,No Defects,"Two-way, Not Divided",Dry,Clear,Twelve o'clock,Passenger Car,Functional,N,Making Left Turn,2015-01-02 9:40,38,39.2848966,-76.67110562
N,Apparently Normal,No Misuse,Y,No Injury,1f338182-d82c-490c-ad0e-8f9043ca3597,D,ADI5600006,Shoulder/Lap Belt(s),M,32834a0f-0294-4ccb-bd9e-aef83906d8cf,Same Movement Angle,N,Intersection,Right Turn Lane,Daylight,No Defects,One-way Trafficway,Dry,Clear,Twelve o'clock,Pickup Truck,Functional,N,Moving Constant Speed,2015-01-09 12:15,54,39.28679823,-76.64684504
N,Apparently Normal,No Misuse,N,No Injury,cf134709-3cd4-4474-a282-14046cf9f822,D,ADI5600007,Shoulder/Lap Belt(s),M,540f1fef-6785-4589-a35f-86900a85d5be,Same Movement Angle,N,Intersection,Right Turn Lane,Daylight,No Defects,"Two-way, Not Divided",Dry,Clear,Two o'clock,Passenger Car,Functional,N,Moving Constant Speed,2015-01-30 16:30,39,39.31104993,-76.67101979
N,Apparently Normal,No Misuse,N,No Injury,5e745576-55a3-40bb-bb24-c481907d515c,D,ADI5610003,Shoulder/Lap Belt(s),M,3f9fad1e-8ef2-43cc-a099-13f822f67dc1,Same Direction Right Turn,N,Intersection,Right Turn Lane,Daylight,No Defects,"Two-way, Not Divided",Dry,Clear,Ten o'clock,Station Wagon,Functional,N,Moving Constant Speed,2015-02-16 10:19,35,39.28536993,-76.59696937
N,Apparently Normal,No Misuse,N,No Injury,a9ed02cf-aa2e-4dce-ac7c-3cbf231feb4d,D,ADI5660003,Shoulder/Lap Belt(s),M,cd5ada18-b472-4426-a74f-ced0fa069a1c,Same Movement Angle,N,Intersection,Left Turn Lane,Daylight,"Holes, Ruts, Etc.","Two-way, Divided, Unprotected (painted >4 feet) Median",Wet,Clear,Nine o'clock,Passenger Car,Functional,N,Moving Constant Speed,2015-03-08 13:00,48,39.25145177,-76.6459465
N,Apparently Normal,No Misuse,Y,No Injury,266f8641-0ec7-403c-bc87-42f08b42dbe2,D,ADI5660004,Shoulder/Lap Belt(s),M,0d949d0d-7491-47cc-a3a6-9edbf30427a9,Same Direction Sideswipe,N,Non Intersection,Right Turn Lane,Daylight,No Defects,One-way Trafficway,Dry,Clear,One o'clock,Passenger Car,Disabling,N,Moving Constant Speed,2015-03-09 13:48,43,39.23075725,-76.6025269
N,Apparently Normal,No Misuse,Y,No Injury,6ea4fb65-1fbc-4d66-abc3-7c79dc28f206,D,ADI625000B,Shoulder/Lap Belt(s),M,b5e57c50-2703-4220-8c98-db8c76e9bb82,Same Direction Sideswipe,N,Non Intersection,Right Turn Lane,Daylight,No Defects,"Two-way, Not Divided",Snow,Snow,One o'clock,Passenger Car,Superficial,Y,Moving Constant Speed,2015-03-05 14:30,22,39.32154973,-76.54043108
N,Apparently Normal,No Misuse,N,No Injury,110392a4-5fa8-4bd7-a635-50c97549dff7,D,ADI6410002,Shoulder/Lap Belt(s),M,5aade68c-c112-41bb-bc13-a927e99b4595,Head On Left Turn,N,Intersection,Left Turn Lane,Dark Lights On,No Defects,"Two-way, Not Divided",Dry,Clear,Eleven o'clock,Passenger Car,Functional,N,Slowing or Stopping,2015-02-14 1:30,33,39.29365698,-76.6504097
N,Apparently Normal,No Misuse,Y,No Injury,80569d7f-10e2-4d1a-8f5d-4609f945fd0e,D,ADI6450009,Shoulder/Lap Belt(s),M,ae267bba-4062-4914-ad70-8388041f2c11,Same Direction Left Turn,N,Intersection Related,Left Turn Lane,Daylight,No Defects,"Two-way, Divided, Positive Median Barrier",Wet,Raining,One o'clock,(Sport) Utility Vehicle,Functional,N,Making Left Turn,2015-03-14 9:00,23,39.20316891,-76.56016946
N,Apparently Normal,No Misuse,N,No Injury,f21c3255-83e4-42b8-ae2d-c2b9b35da0f0,D,ADI6820005,Shoulder/Lap Belt(s),M,15c36ea0-14aa-4040-806e-d17486b6addf,Same Direction Rear End,N,Intersection,Right Turn Lane,Daylight,No Defects,"Two-way, Divided, Unprotected (painted >4 feet) Median",Dry,Clear,Six o'clock,Passenger Car,No Damage,N,Leaving Traffic Lane,2015-03-25 14:00,61,39.29434613,-76.63408041
N,Apparently Normal,No Misuse,Y,No Injury,1506ab08-25d8-4469-aeb5-e6b26f3f9e07,D,ADI6930008,Shoulder/Lap Belt(s),M,5eb84b8b-d41f-403f-86fb-7c051eb95e49,Same Direction Sideswipe,N,Non Intersection,Right Turn Lane,Dark Lights On,No Defects,One-way Trafficway,Wet,Raining,Four o'clock,Passenger Car,Superficial,N,Moving Constant Speed,2015-02-09 21:30,21,39.29786773,-76.68094397
N,Apparently Normal,No Misuse,N,No Injury,938e6f0b-8c72-46b9-b578-aac90b031ad5,D,ADI7030004,Shoulder/Lap Belt(s),M,46aa6d53-8e88-4290-8a22-996774c9283a,Same Direction Rear End,N,Non Intersection,Left Turn Lane,Daylight,No Defects,"Two-way, Not Divided",Wet,Cloudy,One o'clock,Passenger Car,Disabling,N,Parked  ,2015-01-19 12:50,41,39.30155076,-76.60186708
N,Apparently Normal,No Misuse,Y,No Injury,e8107f1a-b441-4a7b-b3f4-e800954172e9,D,ADI7030009,Shoulder/Lap Belt(s),M,bcc2619a-1603-421b-9fe4-55711ed41c26,Same Movement Angle,N,Intersection,Left Turn Lane,Dark Lights On,No Defects,"Two-way, Divided, Positive Median Barrier",Dry,Clear,Twelve o'clock,Passenger Car,Functional,N,Accelerating,2015-03-06 22:00,30,39.29490244,-76.59979105
Y,Apparently Normal,No Misuse,N,No Injury,ebf44648-e5e7-47f1-9509-5602b52b82ef,D,ADI7080003,Shoulder/Lap Belt(s),M,c78c1ff9-93ac-4db2-9da8-009b44ba0711,Same Direction Sideswipe,N,Intersection,Right Turn Lane,Dark Lights On,No Defects,One-way Trafficway,Dry,Clear,Eight o'clock,Transit Bus,Functional,N,Slowing or Stopping,2015-01-20 18:20,39,39.28308626,-76.60136819
N,Apparently Normal,No Misuse,Y,No Injury,1a9578ef-100d-480a-81aa-73f3c5d805e7,D,ADI7080003,Shoulder/Lap Belt(s),M,b6f35944-a13a-4dd9-b77e-efb2eb5d13da,Same Direction Sideswipe,N,Intersection,Right Turn Lane,Dark Lights On,No Defects,One-way Trafficway,Dry,Clear,Eleven o'clock,Pickup Truck,Functional,N,Starting From Parked,2015-01-20 18:20,45,39.28308626,-76.60136819
N,Apparently Normal,No Misuse,Y,No Injury,b7ae1af1-d30e-4dcc-aee2-c65b4d0c58a1,D,ADI7090004,Shoulder/Lap Belt(s),M,be101c27-8464-4227-9d22-b12c036ee6dd,Same Direction Sideswipe,N,Non Intersection,Right Turn Lane,Dark Lights On,No Defects,"Two-way, Not Divided",Dry,Clear,One o'clock,Passenger Car,Superficial,N,Slowing or Stopping,2015-02-18 18:10,64,39.30516836,-76.57175124
N,Apparently Normal,No Misuse,N,No Injury,ae09a019-9092-41d0-a973-fda9bb2e3bd1,D,ADI7610002,Shoulder/Lap Belt(s),M,5afbd315-1aca-4b4a-ae07-065947b14d21,Same Direction Rear End,N,Non Intersection,Right Turn Lane,Dark Lights On,No Defects,"Two-way, Not Divided",Wet,Raining,Seven o'clock,Passenger Car,Destroyed,N,Moving Constant Speed,2015-01-04 6:07,19,39.28158314,-76.68669462
N,Apparently Normal,No Misuse,Y,No Injury,e7f7ee23-449d-429c-8369-8a1037df01b7,D,ADI7610002,Shoulder/Lap Belt(s),M,27be6bec-b731-40f1-ac6e-b2c94c43e24c,Same Direction Rear End,N,Non Intersection,Right Turn Lane,Dark Lights On,No Defects,"Two-way, Not Divided",Wet,Raining,One o'clock,Passenger Car,Disabling,N,Moving Constant Speed,2015-01-04 6:07,19,39.28158314,-76.68669462
N,Apparently Normal,No Misuse,N,No Injury,80ed1f00-6a5c-49f4-a62e-7671a65fd878,D,ADI7610006,Shoulder/Lap Belt(s),M,7fd25f3e-abdd-41a9-93ac-bc377c7da815,Same Direction Rear End,N,Non Intersection,Right Turn Lane,Dark Lights On,No Defects,"Two-way, Not Divided",Wet,Raining,Six o'clock,Passenger Car,Functional,N,Slowing or Stopping,2015-02-01 23:30,57,39.27263023,-76.67495728
N,Apparently Normal,No Misuse,Y,No Injury,c2768a68-b2af-4707-a15f-6466e099e832,D,ADI770000G,Shoulder/Lap Belt(s),M,f91755d7-0553-474b-9c71-7dd3934aa8f5,Single Vehicle ,N,Non Intersection,Left Turn Lane,Daylight,No Defects,"Two-way, Not Divided",Dry,Clear,Twelve o'clock,Passenger Car,Disabling,N,Moving Constant Speed,2015-02-14 16:00,18,39.32666877,-76.58160299
N,Apparently Normal,No Misuse,N,No Injury,2ed5ccb2-8b07-47d3-93e5-3cbe5d1079e8,D,ADI7880002,Shoulder/Lap Belt(s),M,5eb77655-8e03-4d93-88c7-8dc90cd77a07,Same Direction Left Turn,N,Crossover Related,Right Turn Lane,Dawn,"Holes, Ruts, Etc.","Two-way, Divided, Positive Median Barrier",Dry,Clear,One o'clock,Passenger Car,Disabling,N,Moving Constant Speed,2015-02-28 4:45,25,39.27794564,-76.54596448
N,Apparently Normal,No Misuse,Y,No Injury,9cb01cdf-f0d5-4543-9dec-fdf434f1ca1d,D,ADI7880002,Shoulder/Lap Belt(s),M,032c8d62-a375-4bb4-8833-f8b43c2b57a5,Same Direction Left Turn,N,Crossover Related,Right Turn Lane,Dawn,"Holes, Ruts, Etc.","Two-way, Divided, Positive Median Barrier",Dry,Clear,Nine o'clock,(Sport) Utility Vehicle,Functional,N,Making Left Turn,2015-02-28 4:45,71,39.27794564,-76.54596448
N,Apparently Normal,No Misuse,N,No Injury,dcf93791-2069-4bfa-b4fe-423634be97ed,D,ADI8010006,Shoulder/Lap Belt(s),M,d36d519b-3630-4004-a7fc-d47f7ab08e17,Same Movement Angle,N,Intersection,Right Turn Lane,Daylight,No Defects,"Two-way, Divided, Positive Median Barrier",Dry,Cloudy,Twelve o'clock,Passenger Car,Destroyed,N,Moving Constant Speed,2015-01-29 9:45,36,39.31062657,-76.59514546
N,Apparently Normal,No Misuse,Y,No Injury,aac238c7-b953-4028-808f-fa4ed47f23ba,D,ADI8010006,Shoulder/Lap Belt(s),M,5afa48f0-c1e4-4b5d-aba5-0274bac753a6,Same Movement Angle,N,Intersection,Right Turn Lane,Daylight,No Defects,"Two-way, Divided, Positive Median Barrier",Dry,Cloudy,Three o'clock,Pickup Truck,Functional,N,Accelerating,2015-01-29 9:45,46,39.31062657,-76.59514546
N,Apparently Normal,No Misuse,N,No Injury,7e034239-d167-4b15-ae9f-17a0254e5f58,D,ADI8150004,Shoulder/Lap Belt(s),M,eb24d253-f8c0-49ff-8527-8546af3be3c6,Opposite Direction Sideswipe,N,Intersection,Right Turn Lane,Dark Lights On,No Defects,"Two-way, Not Divided",Dry,Clear,Ten o'clock,Passenger Car,Superficial,N,Moving Constant Speed,2015-02-12 18:50,63,39.29550025,-76.63637638
N,Apparently Normal,No Misuse,N,No Injury,a0c03cef-3873-4f26-9bc4-69ac8cb18f9b,D,ADI8320009,Shoulder/Lap Belt(s),M,2a359dd7-d118-4bd7-ab45-e77ad4766077,Same Direction Right Turn,N,Intersection,Acceleration Lane,Daylight,No Defects,"Two-way, Divided, Positive Median Barrier",Dry,Clear,Eleven o'clock,Passenger Car,Disabling,N,Stopped in Traffic Lane,2015-01-25 13:00,60,39.34469032,-76.64249182
Y,Apparently Normal,No Misuse,Y,No Injury,2f341117-77c2-47a9-9759-22b0aa8a6c26,D,ADI8320009,Shoulder/Lap Belt(s),M,7de8c026-a15e-43e4-b65e-52f2fb912a1f,Same Direction Right Turn,N,Intersection,Acceleration Lane,Daylight,No Defects,"Two-way, Divided, Positive Median Barrier",Dry,Clear,One o'clock,Truck Tractor,Superficial,N,Changing Lanes,2015-01-25 13:00,38,39.34469032,-76.64249182
N,Apparently Normal,No Misuse,N,No Injury,b03279d9-30d9-4022-bfe7-c153a70e0149,D,ADI8390001,Shoulder/Lap Belt(s),M,eb731161-6b2b-4dc0-8639-2f649999cd46,Same Movement Angle,N,Intersection,Right Turn Lane,Daylight,No Defects,"Two-way, Not Divided",Dry,Clear,Twelve o'clock,Pickup Truck,Superficial,N,Moving Constant Speed,2015-01-02 13:25,46,39.29685362,-76.63325429
N,Apparently Normal,No Misuse,Y,No Injury,79cc3d2a-8c35-4b85-892a-2caa751076dc,D,ADI8550002,Shoulder/Lap Belt(s),M,ed9f8f9d-4478-4c18-85d7-165e878f2930,Same Direction Left Turn,N,Intersection Related,Right Turn Lane,Daylight,No Defects,"Two-way, Divided, Positive Median Barrier",Slush,Clear,Nine o'clock,Passenger Car,Superficial,N,Moving Constant Speed,2015-02-22 13:15,25,39.33926381,-76.60034627
N,Apparently Normal,No Misuse,N,Possible Incapacitating Injury,4145b7c1-949f-450e-b77c-ad5e5d7615b1,D,ADI8550002,Shoulder/Lap Belt(s),M,a87ce1e5-cb3b-4fdd-ad9f-1ab3735d85d9,Same Direction Left Turn,N,Intersection Related,Right Turn Lane,Daylight,No Defects,"Two-way, Divided, Positive Median Barrier",Slush,Clear,Twelve o'clock,"Cargo Van/Light Truck 2 axles (10,000 lbs (4,536 kg) or less)",Disabling,N,Moving Constant Speed,2015-02-22 13:15,64,39.33926381,-76.60034627
N,Apparently Normal,No Misuse,Y,No Injury,7d75de27-0e6e-4093-83c3-c6fd909470e0,D,ADI8790003,Shoulder/Lap Belt(s),M,6269f4a8-0c38-44da-b1f2-db6197dc6977,Single Vehicle ,N,Intersection Related,Right Turn Lane,Daylight,No Defects,"Two-way, Divided, Positive Median Barrier",Dry,Clear,Eleven o'clock,Passenger Car,Disabling,N,Leaving Traffic Lane,2015-01-05 11:02,63,39.34702592,-76.56594157
N,Apparently Normal,No Misuse,Y,No Injury,2bc47036-aa6a-4b03-9e31-dc1dc30796f3,D,ADI879000B,Shoulder/Lap Belt(s),M,a23f1fc3-7b17-4765-9219-cba53ecc5f50,Same Movement Angle,N,Intersection,Right Turn Lane,Daylight,No Defects,"Two-way, Divided, Unprotected (painted >4 feet) Median",Dry,Clear,One o'clock,(Sport) Utility Vehicle,Superficial,N,Making Left Turn,2015-01-10 10:10,37,39.33320204,-76.55865669
N,Apparently Normal,No Misuse,N,Possible Incapacitating Injury,904fb633-b03c-4cf8-a8c0-396772dd865b,D,ADI879000B,Shoulder/Lap Belt(s),M,89ad224a-d3a5-4270-b503-960bbb4f080a,Same Movement Angle,N,Intersection,Right Turn Lane,Daylight,No Defects,"Two-way, Divided, Unprotected (painted >4 feet) Median",Dry,Clear,Eight o'clock,Passenger Car,Functional,N,Making Left Turn,2015-01-10 10:10,41,39.33320204,-76.55865669
N,Apparently Normal,No Misuse,N,No Injury,7c8a7b55-f84d-4000-9b77-5a1e32d5a511,D,ADI8790012,Shoulder/Lap Belt(s),M,5012b91c-52be-4180-a9a8-30df364986a4,Same Movement Angle,N,Intersection,Right Turn Lane,Daylight,No Defects,One-way Trafficway,Wet,Clear,Six o'clock,Passenger Car,Functional,N,Accelerating,2015-03-08 12:30,42,39.32350046,-76.57472849
N,Apparently Normal,No Misuse,N,No Injury,61ef2db8-de73-42f4-ac42-a4782a138923,D,ADI8800001,Shoulder/Lap Belt(s),M,5239f33e-972f-4d0e-9478-885f7dc39ac7,Head On Left Turn,N,Intersection Related,Deceleration Lane,Daylight,No Defects,"Two-way, Divided, Positive Median Barrier",Wet,Clear,Twelve o'clock,(Sport) Utility Vehicle,Disabling,N,Accelerating,2015-03-07 14:30,67,39.33996289,-76.58780359
N,Apparently Normal,No Misuse,Y,No Injury,81b6e016-181e-49e7-9346-f248a6e6b875,D,ADI8800001,Shoulder/Lap Belt(s),M,ba5b181e-2ace-4bce-a2e0-ce63d9fcd819,Head On Left Turn,N,Intersection Related,Deceleration Lane,Daylight,No Defects,"Two-way, Divided, Positive Median Barrier",Wet,Clear,Two o'clock,Passenger Car,Functional,N,Making Left Turn,2015-03-07 14:30,63,39.33996289,-76.58780359
N,Apparently Normal,No Misuse,N,No Injury,cdb66321-a1bc-4485-8199-f21b5cc4a618,D,ADI8920005,Shoulder/Lap Belt(s),M,afa52e64-dc2c-496c-bb16-8cc285527784,Same Movement Angle,N,Intersection,Left Turn Lane,Dark Lights On,No Defects,"Two-way, Divided, Positive Median Barrier",Snow,Snow,Twelve o'clock,"Cargo Van/Light Truck 2 axles (10,000 lbs (4,536 kg) or less)",Superficial,N,Stopped in Traffic Lane,2015-02-21 18:54,40,39.3489715,-76.67579144
N,Apparently Normal,No Misuse,Y,No Injury,a6a899d7-c83c-4df6-84c6-02889c90f0e8,D,ADI8920005,Shoulder/Lap Belt(s),M,ab145791-7031-4de8-92dd-ca7673f76a64,Same Movement Angle,N,Intersection,Left Turn Lane,Dark Lights On,No Defects,"Two-way, Divided, Positive Median Barrier",Snow,Snow,Twelve o'clock,Passenger Car,Functional,N,Making Right Turn,2015-02-21 18:54,38,39.3489715,-76.67579144
N,Apparently Normal,No Misuse,N,No Injury,f0520854-bb9c-4efc-9fb5-d2f391172827,D,ADI8920006,Shoulder/Lap Belt(s),M,2f40b6d0-c0f6-4b22-abc6-a3c2077bd1ad,Same Movement Angle,N,Intersection,Right Turn Lane,Daylight,No Defects,"Two-way, Not Divided",Snow,Snow,Two o'clock,Passenger Car,Functional,N,Moving Constant Speed,2015-03-05 14:30,23,39.31842921,-76.68993473
Y,Apparently Normal,No Misuse,Y,No Injury,57f3ff62-77e2-4f2c-829f-920e3af6be1f,D,ADI8920006,Shoulder/Lap Belt(s),M,501a195d-50fe-4faf-83af-a4f7c2e9dbc0,Same Movement Angle,N,Intersection,Right Turn Lane,Daylight,No Defects,"Two-way, Not Divided",Snow,Snow,Twelve o'clock,Snowmobile,No Damage,N,Making Left Turn,2015-03-05 14:30,53,39.31842921,-76.68993473
Y,Apparently Normal,No Misuse,N,No Injury,a786e1aa-0184-4005-bf62-6b799f4529b2,D,ADI9090001,Shoulder/Lap Belt(s),M,895199a8-5aa1-4b3f-9910-fb39cea3dd5f,Same Direction Rear End,N,Non Intersection,Right Turn Lane,Daylight,No Defects,One-way Trafficway,Dry,Clear,Six o'clock,Pickup Truck,Superficial,N,Moving Constant Speed,2015-01-28 12:00,51,39.3088169,-76.61953211
N,Apparently Normal,No Misuse,N,No Injury,cddc563a-de7e-4a87-ae98-7028e093b9c6,D,ADI9090001,Shoulder/Lap Belt(s),M,7e5de37c-f78a-4f65-8b80-420d05d62551,Same Direction Rear End,N,Non Intersection,Right Turn Lane,Daylight,No Defects,One-way Trafficway,Dry,Clear,Eleven o'clock,Passenger Car,Functional,N,Moving Constant Speed,2015-01-28 12:00,24,39.3088169,-76.61953211
N,Apparently Normal,No Misuse,N,No Injury,16dc3216-6542-419b-b99e-d6dd7db74efd,D,ADI9140002,Shoulder/Lap Belt(s),M,fb461c4d-7491-4837-844d-095b86ce26e2,Same Direction Rear End,N,Intersection Related,Acceleration Lane,Dark Lights On,No Defects,One-way Trafficway,Wet,Raining,Six o'clock,Passenger Car,Disabling,N,Stopped in Traffic Lane,2015-01-04 2:40,63,39.28775003,-76.61407381
N,Apparently Normal,No Misuse,Y,No Injury,fa95bbaf-73a2-45b5-af2f-31efd1a04c4b,D,ADI9140002,Shoulder/Lap Belt(s),M,0a7f18b2-8f45-4d56-b759-526ff171b143,Same Direction Rear End,N,Intersection Related,Acceleration Lane,Dark Lights On,No Defects,One-way Trafficway,Wet,Raining,Twelve o'clock,Passenger Car,Disabling,N,Moving Constant Speed,2015-01-04 2:40,36,39.28775003,-76.61407381
N,Apparently Normal,No Misuse,N,No Injury,eca2b1c1-4439-4a54-b968-97cac774dfe6,D,ADI9160004,Shoulder/Lap Belt(s),M,ca786050-fdfc-4975-ab54-91c4ba41f92a,Same Direction Left Turn,N,Non Intersection,Right Turn Lane,Daylight,No Defects,"Two-way, Not Divided",Dry,Clear,One o'clock,Pickup Truck,Functional,N,Moving Constant Speed,2015-01-07 9:45,48,39.23567696,-76.60039186
N,Apparently Normal,No Misuse,Y,Non-incapacitating Injury,07cea291-1785-4472-b370-eaee1cb9f7f7,D,ADI9160004,Shoulder/Lap Belt(s),M,d25282a8-1126-4bb3-b0a4-a27752cbdf37,Same Direction Left Turn,N,Non Intersection,Right Turn Lane,Daylight,No Defects,"Two-way, Not Divided",Dry,Clear,Eleven o'clock,"Cargo Van/Light Truck 2 axles (10,000 lbs (4,536 kg) or less)",Disabling,N,Making U Turn,2015-01-07 9:45,29,39.23567696,-76.60039186
N,Apparently Normal,No Misuse,N,No Injury,51aa799f-8420-4452-98cc-f81cc34e3825,D,ADI9490004,Shoulder/Lap Belt(s),M,774617f8-9358-4f25-81b9-985751dd6f20,Same Direction Rear End,N,Non Intersection,Right Turn Lane,Dark No Lights,No Defects,"Two-way, Not Divided",Wet,Foggy,Five o'clock,Passenger Car,Functional,N,Moving Constant Speed,2015-01-18 16:06,23,39.30458308,-76.67667389
N,Apparently Normal,No Misuse,N,No Injury,a068767b-8053-4808-a717-c7a140926bce,D,ADI965000C,Shoulder/Lap Belt(s),M,2357a2d3-3427-4f40-a537-f8d2fdcfe670,Same Direction Right Turn,N,Intersection Related,Right Turn Lane,Daylight,No Defects,"Two-way, Divided, Unprotected (painted >4 feet) Median",Dry,Clear,Three o'clock,Van,Superficial,N,Making Right Turn,2015-03-27 15:55,34,39.24168693,-76.60791546
N,Apparently Normal,No Misuse,Y,No Injury,664bab84-a59c-4c88-8890-1578f75d885c,D,ADI965000C,Shoulder/Lap Belt(s),M,aaaf73c6-4d45-4a83-8068-dcb2cc4ee1b2,Same Direction Right Turn,N,Intersection Related,Right Turn Lane,Daylight,No Defects,"Two-way, Divided, Unprotected (painted >4 feet) Median",Dry,Clear,Ten o'clock,Passenger Car,Superficial,N,Moving Constant Speed,2015-03-27 15:55,45,39.24168693,-76.60791546