CDL_FLAG,CONDITION_CODE,EQUIP_PROB_CODE,FAULT_FLAG,INJ_SEVER_CODE,PERSON_ID,PERSON_TYPE,REPORT_NO,SAF_EQUIP_CODE,SEX_CODE,VEHICLE_ID,COLLISION_TYPE_CODE,C_M_ZONE_FLAG,JUNCTION_CODE,LANE_CODE,LIGHT_CODE,RD_COND_CODE,RD_DIV_CODE,SURF_COND_CODE,WEATHER_CODE,AREA_DAMAGED_CODE_MAIN,BODY_TYPE_CODE,DAMAGE_CODE,HIT_AND_RUN_FLAG,MOVEMENT_CODE,TIME,AGE,LATITUDE,LONGITUDE
N,Apparently Normal,No Misuse,Y,No Injury,e6ac665b-8f8d-40ba-a237-268da60fd51d,D,ADI975000B,Shoulder/Lap Belt(s),M,61f85eaa-c59d-49ab-9290-bfbbb764ee80,Single Vehicle ,N,Intersection,Acceleration Lane,Dark Lights On,No Defects,"Two-way, Not Divided",Dry,Clear,Twelve o'clock,Passenger Car,Disabling,N,Moving Constant Speed,2015-03-20 0:15,22,39.33644252,-76.67397559
N,Apparently Normal,No Misuse,Y,No Injury,34bbdcfd-decc-4a5a-a290-00ba6c925b31,D,ADJ0030001,Shoulder/Lap Belt(s),M,67d63269-9258-41fe-a698-a74c3ae2a176,Same Direction Sideswipe,N,Non Intersection,Left Turn Lane,Daylight,No Defects,"Two-way, Divided, Unprotected (painted >4 feet) Median",Snow,Snow,One o'clock,(Sport) Utility Vehicle,Superficial,N,Skidding,2015-03-05 15:15,27,39.29482356,-76.65358543
N,Apparently Normal,No Misuse,Y,No Injury,f6fc023a-dd33-4324-b1b7-c7b33d23f2b1,D,ADJ0050008,Shoulder/Lap Belt(s),M,b774e87f-ec18-4a0f-9ff4-7d68023038e6,Single Vehicle ,N,Non Intersection,Acceleration Lane,Dark Lights On,No Defects,"Two-way, Divided, Positive Median Barrier",Snow,Snow,Five o'clock,Passenger Car,Functional,N,Moving Constant Speed,2015-02-16 21:34,24,39.31321648,-76.62638783
N,Apparently Normal,No Misuse,N,No Injury,b7245c60-6b4c-4374-a49d-b7da39193992,D,ADJ0130003,Shoulder/Lap Belt(s),M,a1583919-61fd-4be3-9f8c-e3e64e2bfb7d,Same Direction Sideswipe,N,Intersection Related,Right Turn Lane,Daylight,No Defects,"Two-way, Divided, Positive Median Barrier",Dry,Clear,Ten o'clock,"Cargo Van/Light Truck 2 axles (10,000 lbs (4,536 kg) or less)",Superficial,N,Stopped in Traffic Lane,2015-02-06 13:15,44,39.28182398,-76.53570771
Y,Apparently Normal,No Misuse,Y,No Injury,734167b0-dc1c-4f63-a87a-a961254d3f7b,D,ADJ0130009,Shoulder/Lap Belt(s),M,7ec7ccfb-e309-4a43-8c67-f43126b162c0,Single Vehicle ,N,Intersection Related,Right Turn Lane,Daylight,No Defects,"Two-way, Not Divided",Dry,Clear,Four o'clock,Truck Tractor,Superficial,N,Making Right Turn,2015-03-24 11:15,29,39.27721012,-76.56651422
N,Apparently Normal,No Misuse,Y,No Injury,f8cb675c-0c13-4eae-a936-fbee324590be,D,ADJ013000B,Shoulder/Lap Belt(s),M,45375d47-d86e-4520-8d9b-922ae8ef8fea,Same Direction Sideswipe,N,Non Intersection,Right Turn Lane,Daylight,No Defects,One-way Trafficway,Dry,Clear,Twelve o'clock,Passenger Car,Disabling,N,Accelerating,2015-03-25 8:05,67,39.28396652,-76.57352149
N,Apparently Normal,No Misuse,N,No Injury,d1a64f90-9246-4759-a906-74784cd5ac67,D,ADJ0160003,Shoulder/Lap Belt(s),M,f01a0896-890f-4e72-9561-cf83cc845348,Single Vehicle ,N,Non Intersection,Right Turn Lane,Daylight,No Defects,"Two-way, Divided, Positive Median Barrier",Ice,Wintry Mix,Twelve o'clock,Van,Functional,N,Moving Constant Speed,2015-03-01 16:04,62,39.28744594,-76.54570699
N,Apparently Normal,No Misuse,N,No Injury,2ff0895f-811f-46c1-9f9f-71a541fa601a,D,ADJ0220005,Shoulder/Lap Belt(s),M,0804ea44-5920-4a55-a691-4dbdc9c7797e,Same Direction Rear End,N,Non Intersection,Left Turn Lane,Dark Lights On,No Defects,"Two-way, Divided, Positive Median Barrier",Dry,Clear,Six o'clock,Ambulance/Emergency,Superficial,N,Parked  ,2015-02-11 6:55,30,39.31928413,-76.54724121
N,Apparently Normal,No Misuse,N,No Injury,fa747284-03e7-4de9-8970-a5c58d712b3e,D,ADJ0250006,Shoulder/Lap Belt(s),M,6c5721ee-0a38-4439-8a07-4275cb529658,Same Movement Angle,N,Intersection,Right Turn Lane,Daylight,No Defects,One-way Trafficway,Dry,Clear,Eight o'clock,(Sport) Utility Vehicle,Superficial,N,Moving Constant Speed,2015-01-11 13:13,31,39.32838462,-76.6121614
N,Apparently Normal,No Misuse,N,No Injury,f8e61553-a496-4984-91ff-75f2aefd2ef4,D,ADJ041000J,Shoulder/Lap Belt(s),M,1d117c04-e297-4900-bbf1-41ee48003fce,Head On Left Turn,N,Non Intersection,Left Turn Lane,Daylight,No Defects,"Two-way, Divided, Unprotected (painted >4 feet) Median",Dry,Clear,Six o'clock,Passenger Car,Functional,N,Backing,2015-03-08 13:05,43,39.30898708,-76.67007565
N,Apparently Normal,No Misuse,N,No Injury,0f20fa64-6cfa-49cf-907c-82d17b9d42ba,D,ADJ0470002,Shoulder/Lap Belt(s),M,50ebb07a-b144-4d4d-833a-e61d9081b545,Single Vehicle ,N,Non Intersection,Right Turn Lane,Dark Lights On,No Defects,"Two-way, Divided, Positive Median Barrier",Ice,Clear,Twelve o'clock,Passenger Car,Disabling,N,Moving Constant Speed,2015-01-07 3:00,38,39.26918745,-76.63366199
Y,Apparently Normal,No Misuse,N,No Injury,56977153-a6e6-4493-97c2-8fd40cbdb89c,D,ADJ047000F,Shoulder/Lap Belt(s),M,fff5cfe8-e6ef-49e8-b49c-9dd1ee495963,Same Movement Angle,N,Intersection,Right Turn Lane,Dark Lights On,No Defects,"Two-way, Not Divided",Dry,Clear,Nine o'clock,Passenger Car,Functional,N,Moving Constant Speed,2015-03-17 19:30,52,39.27665005,-76.61554098
N,Apparently Normal,No Misuse,Y,No Injury,4a4dff64-abc4-4288-b25a-3e5f0bd3f17d,D,ADJ047000F,Shoulder/Lap Belt(s),M,6a64902d-5f84-44b3-8480-086aac584993,Same Movement Angle,N,Intersection,Right Turn Lane,Dark Lights On,No Defects,"Two-way, Not Divided",Dry,Clear,Twelve o'clock,Passenger Car,Functional,N,Starting From Lane,2015-03-17 19:30,31,39.27665005,-76.61554098
N,Apparently Normal,No Misuse,Y,No Injury,2f0f4666-4e03-4f6a-a1d2-2998a4718da4,D,ADJ0610009,Shoulder/Lap Belt(s),M,e5a157ea-6074-4646-9b4d-da34f5b1b08a,Same Movement Angle,N,Intersection,Right Turn Lane,Daylight,No Defects,"Two-way, Divided, Positive Median Barrier",Dry,Clear,Twelve o'clock,(Sport) Utility Vehicle,Disabling,N,Moving Constant Speed,2015-02-28 15:00,46,39.28336446,-76.62637174
N,Apparently Normal,No Misuse,N,Possible Incapacitating Injury,af0b8f90-1655-438d-9448-499b89f7ffea,D,ADJ0610009,Shoulder/Lap Belt(s),M,503e1acf-61d1-4f7b-a832-bcb1c4db9a79,Same Movement Angle,N,Intersection,Right Turn Lane,Daylight,No Defects,"Two-way, Divided, Positive Median Barrier",Dry,Clear,Two o'clock,Passenger Car,Disabling,N,Making Left Turn,2015-02-28 15:00,33,39.28336446,-76.62637174
N,Apparently Normal,No Misuse,N,No Injury,ff2ce32f-f308-4230-8d9f-2f04a819d9a0,D,ADJ061000B,Shoulder/Lap Belt(s),M,cacd6b0a-4a65-4e31-adc6-193a28eb255c,Same Movement Angle,N,Intersection,Left Turn Lane,Daylight,No Defects,One-way Trafficway,Wet,Raining,Twelve o'clock,Passenger Car,Functional,N,Moving Constant Speed,2015-03-01 11:45,45,39.28595122,-76.62900567
N,Apparently Normal,No Misuse,Y,No Injury,0a56990b-344a-413c-b6cf-e9344a31ecb6,D,ADJ061000F,Shoulder/Lap Belt(s),M,b6ef748d-520d-403c-827c-15baea471bfb,Same Direction Rear End,N,Non Intersection,Left Turn Lane,Dark Lights On,No Defects,"Two-way, Not Divided",Dry,Clear,Twelve o'clock,Pickup Truck,Functional,Y,Moving Constant Speed,2015-03-15 20:00,61,39.28718021,-76.63802326
N,Apparently Normal,No Misuse,N,No Injury,9b72592d-b355-4932-8098-f1434ecc43ea,D,ADJ0630002,Shoulder/Lap Belt(s),M,73061cd2-d7d3-4f00-b4f6-9b025c03a99d,Same Direction Rear End,N,Non Intersection,Right Turn Lane,Daylight,No Defects,"Two-way, Divided, Positive Median Barrier",Dry,Clear,Six o'clock,(Sport) Utility Vehicle,Superficial,N,Stopped in Traffic Lane,2015-02-23 12:09,21,39.28986528,-76.6274929
N,Ill,No Misuse,Y,Possible Incapacitating Injury,c4b71ab4-650a-4191-a6df-099a17c07ffc,D,ADJ0630002,Shoulder/Lap Belt(s),M,8136b3b4-09f2-46b7-8efa-87a40db7c835,Same Direction Rear End,N,Non Intersection,Right Turn Lane,Daylight,No Defects,"Two-way, Divided, Positive Median Barrier",Dry,Clear,Twelve o'clock,Passenger Car,Superficial,N,Slowing or Stopping,2015-02-23 12:09,58,39.28986528,-76.6274929
N,Apparently Normal,No Misuse,N,No Injury,064a386f-78a5-45e8-a04b-55c8b094dd04,D,ADJ0630003,Shoulder/Lap Belt(s),M,8d0e7d79-71bd-436e-979e-931a4a775059,Same Direction Sideswipe,N,Non Intersection,Right Turn Lane,Daylight,No Defects,"Two-way, Divided, Positive Median Barrier",Wet,Raining,Three o'clock,Van,Superficial,N,Stopped in Traffic Lane,2015-03-04 15:55,60,39.30247022,-76.62609547
Y,Apparently Normal,No Misuse,N,No Injury,cfcaeb06-9c4d-46be-b721-1ea80f844289,D,ADJ069000C,Shoulder/Lap Belt(s),M,3a2a64bc-c669-44c4-ba99-b5523e40d42f,Same Direction Both Left Turn,N,Intersection Related,Acceleration Lane,Daylight,No Defects,"Two-way, Divided, Positive Median Barrier",Dry,Clear,Eleven o'clock,"Medium/Heavy Truck 2 axles (10,000 lbs (4,536 kg) or less)",Superficial,N,Starting From Parked,2015-03-16 11:40,44,39.28439004,-76.6133523
N,Apparently Normal,No Misuse,N,No Injury,8046dab0-0b4d-41b8-859f-dbff5c50d321,D,ADJ0890001,Shoulder/Lap Belt(s),M,82b7da2c-e8c7-4e37-bc7f-5ccbc98b561f,Same Direction Rear End,N,Non Intersection,Left Turn Lane,Dark Lights On,No Defects,"Two-way, Divided, Positive Median Barrier",Dry,Clear,Six o'clock,Passenger Car,Superficial,N,Moving Constant Speed,2015-01-15 18:57,46,39.32524751,-76.67492911
Y,Apparently Normal,No Misuse,N,No Injury,4143b83f-afe2-4aee-b927-26059ce01521,D,ADJ1000005,Shoulder/Lap Belt(s),M,47d6caff-efad-4038-9f0d-fc2148e1b554,Same Movement Angle,N,Intersection,Left Turn Lane,Dark Lights On,No Defects,One-way Trafficway,Dry,Clear,Twelve o'clock,Van,Functional,N,Moving Constant Speed,2015-02-10 23:58,39,39.29865426,-76.61411673
N,Apparently Normal,No Misuse,Y,No Injury,3b644e09-e97a-4ced-8397-5104c2288e39,D,ADJ1000005,Shoulder/Lap Belt(s),M,0f043678-6ab2-434f-8b66-a364ee1db1d3,Same Movement Angle,N,Intersection,Left Turn Lane,Dark Lights On,No Defects,One-way Trafficway,Dry,Clear,Eight o'clock,Passenger Car,Disabling,N,Moving Constant Speed,2015-02-10 23:58,35,39.29865426,-76.61411673
N,Apparently Normal,No Misuse,N,No Injury,e48320f5-d4fe-4d7b-a4ac-0eebf550e7f8,D,ADJ1000006,Shoulder/Lap Belt(s),M,cb706266-b1be-4b1d-ab56-a6c6335a840c,Same Direction Rear End,N,Intersection Related,Right Turn Lane,Dark Lights On,No Defects,One-way Trafficway,Dry,Clear,Six o'clock,Passenger Car,Superficial,N,Stopped in Traffic Lane,2015-02-25 0:15,32,39.29499429,-76.61822923
N,Apparently Normal,No Misuse,N,No Injury,1e2981f5-dc8a-4d3d-9ac1-3a6309bfdb1f,D,ADJ1000009,Shoulder/Lap Belt(s),M,da9d9940-73c9-46e8-9808-7200dd7655fe,Same Direction Rear End Right Turn,N,Intersection Related,Deceleration Lane,Dark Lights On,No Defects,One-way Trafficway,Dry,Clear,Six o'clock,(Sport) Utility Vehicle,Superficial,N,Making Right Turn,2015-03-21 0:35,58,39.28624342,-76.62206948
N,Apparently Normal,No Misuse,Y,No Injury,6e3a3376-f7b5-4c2a-857f-43bc3edb2adb,D,ADJ108000J,Shoulder/Lap Belt(s),M,d76896e1-ad37-4379-8b81-9631ee451af3,Single Vehicle ,N,Intersection,Left Turn Lane,Daylight,No Defects,"Two-way, Not Divided",Dry,Clear,Twelve o'clock,Pickup Truck,Superficial,N,Making Left Turn,2015-03-16 11:35,56,39.35303256,-76.69795454
N,Apparently Normal,No Misuse,N,No Injury,7fe4abd4-7aec-4e7d-8cf5-056d1aa548a8,D,ADJ1160002,Shoulder/Lap Belt(s),M,d55f67a7-a81a-449e-a616-88fe758f4a59,Same Movement Angle,N,Intersection Related,Right Turn Lane,Dark Lights On,No Defects,"Two-way, Not Divided",Dry,Clear,Eleven o'clock,Passenger Car,Disabling,N,Moving Constant Speed,2015-01-10 18:55,53,39.35231909,-76.59846067
N,Apparently Normal,No Misuse,Y,No Injury,adb57a7f-5f5c-4de3-bf7e-6f45f61b3701,D,ADJ1160002,Shoulder/Lap Belt(s),M,a4e038f4-43eb-4c48-8c3d-d9367bdb17b1,Same Movement Angle,N,Intersection Related,Right Turn Lane,Dark Lights On,No Defects,"Two-way, Not Divided",Dry,Clear,One o'clock,Passenger Car,Disabling,N,Moving Constant Speed,2015-01-10 18:55,22,39.35231909,-76.59846067
N,Apparently Normal,No Misuse,N,No Injury,f201d7e2-ca36-4f58-8420-d2e2c5eda6c8,D,ADJ1240001,Shoulder/Lap Belt(s),M,bcb27cd6-1387-4d7c-8ba6-dba98e840f31,Angle Meets Right Turn,N,Intersection Related,Right Turn Lane,Dark Lights On,No Defects,"Two-way, Not Divided",Ice,Sleet,One o'clock,Passenger Car,Superficial,N,Moving Constant Speed,2015-01-29 1:00,37,39.28812288,-76.64863005
N,Apparently Normal,No Misuse,N,No Injury,8f966ba5-56a1-449c-94ab-39e195d12000,D,ADJ1240006,Shoulder/Lap Belt(s),M,96e4c406-b645-4a5b-bfc6-89a497999c65,Same Direction Rear End,N,Intersection Related,Right Turn Lane,Daylight,No Defects,"Two-way, Divided, Unprotected (painted >4 feet) Median",Ice,Snow,Six o'clock,Passenger Car,Disabling,N,Stopped in Traffic Lane,2015-02-28 10:30,59,39.26473941,-76.65472806
N,Apparently Normal,No Misuse,N,No Injury,6b07cec8-f4a2-4322-9d9b-d9be2e5226f7,D,ADJ1240007,Shoulder/Lap Belt(s),M,546790f1-f4be-4c44-a6aa-d06b751764ed,Same Movement Angle,N,Intersection Related,Right Turn Lane,Daylight,No Defects,"Two-way, Not Divided",Wet,Raining,Two o'clock,Passenger Car,Functional,N,Moving Constant Speed,2015-03-04 11:35,63,39.28490072,-76.67104661
N,Apparently Normal,No Misuse,Y,No Injury,35bb0c9d-94de-4bdb-aabe-1adbd1abcae6,D,ADJ1410004,Shoulder/Lap Belt(s),M,cc93e29e-a4de-4655-a77b-26e85645ba0a,Same Direction Rear End,N,Intersection Related,Right Turn Lane,Dark Lights On,No Defects,"Two-way, Divided, Positive Median Barrier",Wet,Clear,Twelve o'clock,Truck Tractor,Superficial,N,Slowing or Stopping,2015-01-30 6:13,36,39.29011974,-76.62764311
N,Apparently Normal,No Misuse,N,Possible Incapacitating Injury,60c0e197-59c3-4f0c-a846-3c70a6b71d6a,D,ADJ1410004,Shoulder/Lap Belt(s),M,564fdb9e-9054-4050-8b43-db154cf0700b,Same Direction Rear End,N,Intersection Related,Right Turn Lane,Dark Lights On,No Defects,"Two-way, Divided, Positive Median Barrier",Wet,Clear,Six o'clock,Passenger Car,Functional,N,Slowing or Stopping,2015-01-30 6:13,66,39.29011974,-76.62764311
N,Apparently Normal,No Misuse,N,Possible Incapacitating Injury,be58a05c-eead-44ea-82e9-a9b7a1572b6f,D,ADJ1410004,Shoulder/Lap Belt(s),M,b09bf666-19dd-4118-af70-28dd33c588c8,Same Direction Rear End,N,Intersection Related,Right Turn Lane,Dark Lights On,No Defects,"Two-way, Divided, Positive Median Barrier",Wet,Clear,Six o'clock,Passenger Car,Disabling,N,Slowing or Stopping,2015-01-30 6:13,56,39.29011974,-76.62764311
N,Apparently Normal,No Misuse,N,No Injury,2b82e906-a8f0-44b3-9159-a1e065dd3f48,D,ADJ1430002,Shoulder/Lap Belt(s),M,e06183a1-628e-4d2c-aaed-435ee046b448,Same Movement Angle,N,Intersection,Right Turn Lane,Dark Lights On,No Defects,"Two-way, Divided, Positive Median Barrier",Dry,Clear,Eleven o'clock,Passenger Car,Superficial,N,Accelerating,2015-03-28 1:42,36,39.29921987,-76.57264709
N,Apparently Normal,No Misuse,N,No Injury,5ef2b82c-6a07-46c5-b7a8-e4154761469b,D,ADJ1680002,Shoulder/Lap Belt(s),M,680a2fd8-6f06-4a0a-bca5-520af9321ea4,Same Movement Angle,N,Intersection,Deceleration Lane,Dark Lights On,No Defects,"Two-way, Divided, Positive Median Barrier",Dry,Clear,Twelve o'clock,Passenger Car,Disabling,N,Moving Constant Speed,2015-03-13 0:25,26,39.32829748,-76.59782767
N,Apparently Normal,No Misuse,Y,No Injury,e15cedd2-fc22-4718-a98a-987cb743c89e,D,ADJ1680002,Shoulder/Lap Belt(s),M,7a4dbbbb-5d43-43d9-8879-e62d87fdcb6c,Same Movement Angle,N,Intersection,Deceleration Lane,Dark Lights On,No Defects,"Two-way, Divided, Positive Median Barrier",Dry,Clear,Five o'clock,Passenger Car,Disabling,N,Moving Constant Speed,2015-03-13 0:25,39,39.32829748,-76.59782767
N,Apparently Normal,No Misuse,N,No Injury,ff1f0377-635c-44e6-8eb0-6b112ab5b5f0,D,ADJ176000F,Shoulder/Lap Belt(s),M,d918aadd-74f9-4323-b842-12a4252cfceb,Same Direction Rear End,N,Intersection Related,Right Turn Lane,Dark Lights On,No Defects,"Two-way, Divided, Unprotected (painted >4 feet) Median",Wet,Raining,Six o'clock,Other Bus,No Damage,N,Slowing or Stopping,2015-03-14 19:00,71,39.27701547,-76.61234379
N,Apparently Normal,No Misuse,N,No Injury,7608d630-329d-4b0f-bb40-201c2fda0a7f,D,ADJ186000B,Shoulder/Lap Belt(s),M,bc7d8d8a-17ba-4331-840c-003e1b633e3f,Same Direction Right Turn,N,Intersection,Left Turn Lane,Daylight,No Defects,"Two-way, Divided, Unprotected (painted >4 feet) Median",Dry,Clear,Ten o'clock,Passenger Car,Functional,N,Moving Constant Speed,2015-03-12 10:05,47,39.3088418,-76.67277932
N,Apparently Normal,No Misuse,N,No Injury,4088fb29-12e7-41c2-8f7d-ab03ea244e58,D,ADJ1950003,Shoulder/Lap Belt(s),M,c3336b11-1670-4c99-8c55-362ba2146c8a,Same Direction Rear End,N,Non Intersection,Left Turn Lane,Dark Lights On,No Defects,"Two-way, Not Divided",Wet,Clear,Six o'clock,Passenger Car,Functional,N,Moving Constant Speed,2015-03-20 23:12,39,39.31237809,-76.58835411
N,Apparently Normal,No Misuse,N,No Injury,e979dbd7-87a3-472f-bfa8-5e259898b843,D,ADJ2110001,Shoulder/Lap Belt(s),M,639a0182-e01b-4efe-bce0-5ab6b5ae8a8f,Same Direction Rear End,N,Non Intersection,Acceleration Lane,Daylight,No Defects,"Two-way, Divided, Positive Median Barrier",Dry,Clear,Six o'clock,Passenger Car,Superficial,N,Slowing or Stopping,2015-02-04 17:05,57,39.29259209,-76.70109272
N,Apparently Normal,No Misuse,N,No Injury,eec93e40-712a-4365-8a22-10e5efdc46e9,D,ADJ2130008,Shoulder/Lap Belt(s),M,f68c9847-b554-4902-b117-94bb6a2d3f43,Same Direction Rear End,N,Non Intersection,Right Turn Lane,Dark Lights On,No Defects,"Two-way, Divided, Unprotected (painted >4 feet) Median",Dry,Clear,Six o'clock,Passenger Car,Superficial,N,Slowing or Stopping,2015-02-28 22:45,36,39.33853775,-76.55094266
N,Apparently Normal,No Misuse,N,No Injury,2611d5af-bcf4-40e2-a169-b3716c6d814c,D,ADJ2130009,Shoulder/Lap Belt(s),M,5dbf1924-d631-45b7-bbf7-2dacae63035d,Same Movement Angle,N,Intersection,Right Turn Lane,Dark Lights On,No Defects,"Two-way, Divided, Positive Median Barrier",Dry,Clear,Eleven o'clock,Passenger Car,Destroyed,N,Moving Constant Speed,2015-03-06 23:59,27,39.35486598,-76.57569408
N,Had Been Drinking,No Misuse,Y,No Injury,4d05501d-1005-49ea-9322-875015e59c7a,D,ADJ2130009,Shoulder/Lap Belt(s),M,47b2e970-4989-455d-829c-4d513cc9f94a,Same Movement Angle,N,Intersection,Right Turn Lane,Dark Lights On,No Defects,"Two-way, Divided, Positive Median Barrier",Dry,Clear,Twelve o'clock,Passenger Car,Disabling,N,Accelerating,2015-03-06 23:59,62,39.35486598,-76.57569408
Y,Apparently Normal,No Misuse,N,No Injury,607d1501-9206-475e-9ea3-f747adb88535,D,ADJ2160001,Shoulder/Lap Belt(s),M,952067c2-a52f-46b1-aafd-737b0d42ad49,Same Direction Rear End,N,Non Intersection,Right Turn Lane,Daylight,"Holes, Ruts, Etc.","Two-way, Divided, Unprotected (painted >4 feet) Median",Ice,Snow,Six o'clock,School Bus,Superficial,N,Moving Constant Speed,2015-01-06 9:40,45,39.28597198,-76.53701663
N,Apparently Normal,No Misuse,Y,No Injury,980b687d-bbf9-43c4-9900-1107c2d367cb,D,ADJ2160001,Shoulder/Lap Belt(s),M,7c3fff41-c02c-4771-966a-0584f0db1813,Same Direction Rear End,N,Non Intersection,Right Turn Lane,Daylight,"Holes, Ruts, Etc.","Two-way, Divided, Unprotected (painted >4 feet) Median",Ice,Snow,Twelve o'clock,Van,Functional,N,Starting From Lane,2015-01-06 9:40,66,39.28597198,-76.53701663
N,Apparently Normal,No Misuse,Y,No Injury,85359c9a-9377-4230-ae24-6a80660537e4,D,ADJ2160004,Shoulder/Lap Belt(s),M,dce2b994-29f9-4bff-bf60-e40bd57f602b,Same Movement Angle,N,Intersection,Right Turn Lane,Daylight,No Defects,"Two-way, Divided, Unprotected (painted >4 feet) Median",Dry,Clear,Twelve o'clock,(Sport) Utility Vehicle,Functional,N,Moving Constant Speed,2015-01-23 16:00,61,39.2948329,-76.57105654
N,Apparently Normal,No Misuse,N,No Injury,613bb157-2c97-467e-b5c3-ef6e991f9f09,D,ADJ2160006,Shoulder/Lap Belt(s),M,d5bc8be6-5c0c-4e7f-a570-467ca9973a7c,Same Direction Sideswipe,N,Non Intersection,Right Turn Lane,Daylight,No Defects,"Two-way, Divided, Unprotected (painted >4 feet) Median",Dry,Clear,Three o'clock,Pickup Truck,Superficial,N,Moving Constant Speed,2015-01-30 12:00,60,39.2947945,-76.56954646
N,Apparently Normal,No Misuse,Y,No Injury,a89cd456-33e9-42c1-9a42-987a1eac4192,D,ADJ2160006,Shoulder/Lap Belt(s),M,24445505-f2ba-47b3-9b91-d7efc2d8b5a9,Same Direction Sideswipe,N,Non Intersection,Right Turn Lane,Daylight,No Defects,"Two-way, Divided, Unprotected (painted >4 feet) Median",Dry,Clear,Eleven o'clock,Passenger Car,Functional,N,Changing Lanes,2015-01-30 12:00,54,39.2947945,-76.56954646
N,Apparently Normal,No Misuse,N,No Injury,bfd0d32e-d4d0-46e1-ba18-a3da02ec39fe,D,ADJ2160007,Shoulder/Lap Belt(s),M,874e84fb-decf-46dd-9a91-e1ed48c22cf6,Same Movement Angle,N,Intersection,Right Turn Lane,Daylight,No Defects,"Two-way, Divided, Positive Median Barrier",Dry,Clear,Eleven o'clock,Passenger Car,Disabling,N,Starting From Lane,2015-01-30 15:15,23,39.29547534,-76.57353759
N,Apparently Normal,No Misuse,Y,No Injury,e3fccd4c-40cb-422b-9cf2-afb5b2e8c772,D,ADJ2160007,Shoulder/Lap Belt(s),M,635daee7-dc29-48c2-abbb-cdd1ed6a8a04,Same Movement Angle,N,Intersection,Right Turn Lane,Daylight,No Defects,"Two-way, Divided, Positive Median Barrier",Dry,Clear,Twelve o'clock,Pickup Truck,Functional,N,Moving Constant Speed,2015-01-30 15:15,25,39.29547534,-76.57353759
N,Apparently Normal,No Misuse,N,No Injury,9541ee21-fe9d-43ea-ae38-532422e44389,D,ADJ2230001,Shoulder/Lap Belt(s),M,e7df7f53-a1c3-4e01-b08c-2e00f0926b06,Single Vehicle ,N,Intersection,Left Turn Lane,Dark Lights On,No Defects,One-way Trafficway,Wet,Raining,Eleven o'clock,Passenger Car,Superficial,N,Moving Constant Speed,2015-01-12 17:54,23,39.31331609,-76.61388874
N,Apparently Normal,No Misuse,N,No Injury,47db7ed2-181a-4b93-8d34-30d876070609,D,ADJ2280008,Shoulder/Lap Belt(s),M,e3f8d7e4-6d6e-4ead-a270-5c56b65e46d0,Same Movement Angle,N,Intersection,Right Turn Lane,Daylight,No Defects,"Two-way, Divided, Unprotected (painted >4 feet) Median",Wet,Raining,Eleven o'clock,Passenger Car,Functional,N,Moving Constant Speed,2015-03-04 15:00,32,39.33857094,-76.66136384
N,Apparently Normal,No Misuse,Y,No Injury,ba3f96f9-85dd-47d5-9f92-cbe53c519316,D,ADJ2280008,Shoulder/Lap Belt(s),M,8bb2d501-36d6-45c3-a493-ac945712ec9d,Same Movement Angle,N,Intersection,Right Turn Lane,Daylight,No Defects,"Two-way, Divided, Unprotected (painted >4 feet) Median",Wet,Raining,Twelve o'clock,(Sport) Utility Vehicle,Disabling,N,Moving Constant Speed,2015-03-04 15:00,18,39.33857094,-76.66136384
N,Apparently Normal,No Misuse,N,No Injury,68f5f40a-33f9-4ad1-bc30-3d49856b18a9,D,ADJ2360008,Shoulder/Lap Belt(s),M,45a87921-cd7a-49f9-bc51-d5233d1677b8,Same Direction Sideswipe,N,Non Intersection,Acceleration Lane,Dark Lights On,No Defects,"Two-way, Divided, Positive Median Barrier",Dry,Clear,Ten o'clock,Pickup Truck,Superficial,N,Moving Constant Speed,2015-02-12 20:57,34,39.35790221,-76.6539073
N,Apparently Normal,No Misuse,Y,No Injury,d18f3972-542e-41ff-9b60-bc56a2e81a26,D,ADJ2360008,Shoulder/Lap Belt(s),M,8e3eaa0c-a86e-44de-9303-4e042aa10058,Same Direction Sideswipe,N,Non Intersection,Acceleration Lane,Dark Lights On,No Defects,"Two-way, Divided, Positive Median Barrier",Dry,Clear,One o'clock,Passenger Car,Superficial,N,Changing Lanes,2015-02-12 20:57,20,39.35790221,-76.6539073
N,Apparently Normal,No Misuse,N,No Injury,91b5bc08-4a31-40a9-b62a-cc1104b04969,D,ADJ2450001,Shoulder/Lap Belt(s),M,cff5d1d4-e453-44ea-aff2-1f5649297586,Same Direction Rear End,N,Intersection,Right Turn Lane,Daylight,No Defects,"Two-way, Divided, Positive Median Barrier",Dry,Clear,Six o'clock,Passenger Car,Functional,N,Moving Constant Speed,2015-02-05 10:30,52,39.29518059,-76.59740388
N,Apparently Normal,No Misuse,N,No Injury,fb51fffa-e4e9-46bd-a960-9fa692e00b7c,D,ADJ2470005,Shoulder/Lap Belt(s),M,9d623892-b3d5-4012-98c4-41fa4f69f2d8,Same Direction Sideswipe,N,Non Intersection,Right Turn Lane,Daylight,No Defects,"Two-way, Not Divided",Snow,Snow,Nine o'clock,(Sport) Utility Vehicle,Superficial,N,Moving Constant Speed,2015-01-06 10:27,37,39.25757877,-76.6369772