CDL_FLAG,CONDITION_CODE,EQUIP_PROB_CODE,FAULT_FLAG,INJ_SEVER_CODE,PERSON_ID,PERSON_TYPE,REPORT_NO,SAF_EQUIP_CODE,SEX_CODE,VEHICLE_ID,COLLISION_TYPE_CODE,C_M_ZONE_FLAG,JUNCTION_CODE,LANE_CODE,LIGHT_CODE,RD_COND_CODE,RD_DIV_CODE,SURF_COND_CODE,WEATHER_CODE,AREA_DAMAGED_CODE_MAIN,BODY_TYPE_CODE,DAMAGE_CODE,HIT_AND_RUN_FLAG,MOVEMENT_CODE,TIME,AGE,LATITUDE,LONGITUDE
N,Apparently Normal,No Misuse,N,No Injury,47cdd614-a3a9-4214-a888-dd8f73db4241,D,ADJ2470006,Shoulder/Lap Belt(s),M,4e64bf14-72d9-4f82-b8a3-fcdd1d8f55d3,Same Direction Rear End,N,Non Intersection,Right Turn Lane,Daylight,No Defects,"Two-way, Not Divided",Snow,Snow,Six o'clock,"Other Light Trucks (10,000 lbs (4,536 kg))",No Damage,N,Slowing or Stopping,2015-01-06 10:35,42,39.25764523,-76.63708448
N,Apparently Normal,No Misuse,N,No Injury,727d80e3-d5f3-4852-a1f8-688e72901caf,D,ADJ2470008,Shoulder/Lap Belt(s),M,487dff86-3dd2-4290-ab93-0e433a9f2034,Single Vehicle ,N,Non Intersection,Right Turn Lane,Dark Lights On,No Defects,"Two-way, Not Divided",Wet,Raining,Twelve o'clock,Passenger Car,Superficial,N,Moving Constant Speed,2015-01-23 22:04,29,39.27711513,-76.61232233
Y,Apparently Normal,No Misuse,Y,No Injury,adb0618b-f23e-460d-b8e6-69a431ce552e,D,ADJ247000C,Shoulder/Lap Belt(s),M,825e46db-14fe-48a3-b02f-08e47c0c3cf2,Same Direction Sideswipe,N,Non Intersection,Right Turn Lane,Dark Lights On,No Defects,"Two-way, Not Divided",Dry,Clear,One o'clock,Passenger Car,Disabling,Y,Moving Constant Speed,2015-02-07 21:10,40,39.27163354,-76.61514938
N,Apparently Normal,No Misuse,N,No Injury,16419c26-4a83-42f4-9757-49ab4b4f0645,D,ADJ2560003,Shoulder/Lap Belt(s),M,56b8fa48-539d-4a0c-98f1-5d74eef9f116,Same Direction Rear End,N,Intersection Related,Right Turn Lane,Daylight,No Defects,"Two-way, Not Divided",Dry,Clear,Six o'clock,"Other Light Trucks (10,000 lbs (4,536 kg))",Superficial,N,Slowing or Stopping,2015-01-09 9:06,37,39.28681069,-76.63208485
N,Apparently Normal,No Misuse,N,No Injury,cb0c773b-eeca-448e-a4ef-a4a8c2465963,D,ADJ2560009,Shoulder/Lap Belt(s),M,c6adf2c1-ee78-48dc-b510-2b1260b6b852,Same Movement Angle,N,Intersection,Left Turn Lane,Daylight,No Defects,One-way Trafficway,Dry,Clear,Eleven o'clock,"Cargo Van/Light Truck 2 axles (10,000 lbs (4,536 kg) or less)",Superficial,N,Moving Constant Speed,2015-02-25 15:35,56,39.28423226,-76.64670825
N,Apparently Normal,No Misuse,N,No Injury,f3f67741-5d32-43f9-afcf-fa8bbab8a877,D,ADJ2580002,Shoulder/Lap Belt(s),M,d3092da2-2060-45d1-83e7-ab5d48986c9c,Same Direction Right Turn,N,Intersection,Left Turn Lane,Daylight,No Defects,One-way Trafficway,Dry,Clear,Eight o'clock,Passenger Car,Superficial,N,Moving Constant Speed,2015-03-03 10:55,40,39.2876458,-76.61778733
Y,Apparently Normal,No Misuse,Y,No Injury,533f0772-e66a-4c15-846b-1a0c9ed7cfbd,D,ADJ2580002,Shoulder/Lap Belt(s),M,21702245-bb79-46b5-922e-c5624abe3856,Same Direction Right Turn,N,Intersection,Left Turn Lane,Daylight,No Defects,One-way Trafficway,Dry,Clear,One o'clock,"Medium/Heavy Truck 2 axles (10,000 lbs (4,536 kg) or less)",Superficial,N,Moving Constant Speed,2015-03-03 10:55,23,39.2876458,-76.61778733
N,Apparently Normal,No Misuse,Y,No Injury,1fa84550-bf55-4736-bd9a-7488ef0c5b5a,D,ADJ258001L,Shoulder/Lap Belt(s),M,acd1b149-b437-469c-8f17-538e0019cbd5,Same Direction Rear End,N,Intersection,Right Turn Lane,Daylight,No Defects,One-way Trafficway,Dry,Clear,Eight o'clock,"Other Light Trucks (10,000 lbs (4,536 kg))",Functional,N,Making Left Turn,2015-02-28 11:55,24,39.29494985,-76.61906675
N,Apparently Normal,No Misuse,Y,No Injury,cce745a4-34bd-4226-bbec-7326c7cab71b,D,ADJ2620001,Lap Belt Only,M,d3f146a2-cfee-4381-be45-4378a4bb44fe,Same Direction Right Turn,N,Non Intersection,Right Turn Lane,Dark Lights On,No Defects,"Two-way, Divided, Positive Median Barrier",Dry,Clear,Two o'clock,Pickup Truck,Superficial,N,Moving Constant Speed,2015-01-02 20:00,40,39.31435784,-76.67235285
N,Apparently Normal,No Misuse,N,No Injury,e0bfc9a8-0a35-42f1-b8b6-2261d53103fd,D,ADJ2620005,Lap Belt Only,M,aa759a78-a98d-4cc1-b291-5047a654f8dc,Same Direction Sideswipe,N,Intersection,Left Turn Lane,Dark Lights On,No Defects,"Two-way, Divided, Unprotected (painted >4 feet) Median",Dry,Clear,Eight o'clock,Passenger Car,Superficial,N,Moving Constant Speed,2015-02-12 19:56,30,39.31600551,-76.6769743
N,Apparently Normal,No Misuse,N,No Injury,692edabb-1b05-4579-bcf7-6ca61f925aa2,D,ADJ2620009,Shoulder Belt Only,M,91211daa-2a69-4725-ab06-82b4751e5b3b,Same Movement Angle,N,Intersection Related,Right Turn Lane,Daylight,No Defects,One-way Trafficway,Dry,Clear,Twelve o'clock,Passenger Car,Functional,N,Moving Constant Speed,2015-03-16 10:25,21,39.32003944,-76.65957212
N,Apparently Normal,No Misuse,Y,No Injury,49f59f61-7aea-4641-ab22-8c3be7ca299b,D,ADJ2620009,Shoulder Belt Only,M,6d87e561-185e-43ac-bc62-8dbc45727f37,Same Movement Angle,N,Intersection Related,Right Turn Lane,Daylight,No Defects,One-way Trafficway,Dry,Clear,Eight o'clock,Passenger Car,Functional,N,Accelerating,2015-03-16 10:25,22,39.32003944,-76.65957212
N,Apparently Normal,No Misuse,N,No Injury,55da9df6-e01a-4194-8696-6224dd9110c1,D,ADJ2630005,Shoulder/Lap Belt(s),M,cfb53a95-3ae8-4290-ad32-85c951fda62e,Same Direction Rear End,N,Intersection Related,Left Turn Lane,Daylight,No Defects,"Two-way, Divided, Positive Median Barrier",Dry,Clear,Six o'clock,(Sport) Utility Vehicle,Superficial,N,Slowing or Stopping,2015-02-07 15:36,27,39.29387286,-76.68145895
N,Apparently Normal,No Misuse,N,No Injury,1f9b67ef-2410-4b7c-b840-fb2b805bd10b,D,ADJ2650006,Shoulder/Lap Belt(s),M,ca614250-939e-46ab-896e-2a485f8edd95,Same Direction Rear End,N,Intersection Related,Right Turn Lane,Daylight,No Defects,"Two-way, Not Divided",Dry,Clear,Six o'clock,Passenger Car,No Damage,N,Moving Constant Speed,2015-02-20 16:40,57,39.28522876,-76.64675385
N,Apparently Normal,No Misuse,N,No Injury,88ef552c-2422-44fa-a1bf-e980bdfeb7fc,D,ADJ2680002,Shoulder/Lap Belt(s),M,14760180-e30a-42aa-ab07-18ca5c6e47e2,Angle Meets Left Turn,N,Non Intersection,Right Turn Lane,Daylight,No Defects,One-way Trafficway,Wet,Raining,Two o'clock,Passenger Car,Functional,N,Accelerating,2015-01-12 10:45,54,39.29766729,-76.56933457
Y,Apparently Normal,No Misuse,Y,No Injury,591c7d96-282f-4062-bc3e-6920767c1ebb,D,ADJ2680007,Shoulder/Lap Belt(s),M,9efbd592-fbc9-4fa4-bb1c-e0229606e7ca,Single Vehicle ,N,Intersection Related,Right Turn Lane,Daylight,No Defects,"Two-way, Not Divided",Wet,Sleet,Four o'clock,Truck Tractor,No Damage,N,Making Right Turn,2015-03-20 12:20,45,39.29580746,-76.57634318
N,Apparently Normal,No Misuse,N,No Injury,48d7498b-500c-41a3-94be-b1440081d19d,D,ADJ2740003,Shoulder/Lap Belt(s),M,cc3f9963-3657-411a-8124-492ae0c97749,Head On Left Turn,N,Intersection,Acceleration Lane,Dark Lights On,No Defects,"Two-way, Divided, Positive Median Barrier",Wet,Raining,Twelve o'clock,Passenger Car,Disabling,N,Moving Constant Speed,2015-01-23 22:06,41,39.29357394,-76.68937683
N,Apparently Normal,No Misuse,Y,No Injury,0cda7c85-b4ce-427c-aaab-df1732f76896,D,ADJ2740003,Shoulder/Lap Belt(s),M,8dc17c78-3548-412a-9ef9-c2908f0d5a30,Head On Left Turn,N,Intersection,Acceleration Lane,Dark Lights On,No Defects,"Two-way, Divided, Positive Median Barrier",Wet,Raining,Twelve o'clock,Passenger Car,Disabling,N,Making Left Turn,2015-01-23 22:06,22,39.29357394,-76.68937683
N,Apparently Normal,No Misuse,N,No Injury,9704d346-febe-4abf-b90f-efd133effe27,D,ADJ2900006,Shoulder/Lap Belt(s),M,da3d2b4b-656c-4062-8ef7-1b2e507d5033,Same Direction Rear End,N,Non Intersection,Right Turn Lane,Daylight,No Defects,"Two-way, Divided, Unprotected (painted >4 feet) Median",Dry,Clear,Six o'clock,Passenger Car,Disabling,N,Slowing or Stopping,2015-02-11 14:10,38,39.31062249,-76.7074576
N,Apparently Normal,No Misuse,Y,No Injury,2da2eebf-6416-483c-a58d-e69417fe4b22,D,ADJ2900006,Shoulder/Lap Belt(s),M,e188ae5a-debd-4d43-ba22-e220e61c4107,Same Direction Rear End,N,Non Intersection,Right Turn Lane,Daylight,No Defects,"Two-way, Divided, Unprotected (painted >4 feet) Median",Dry,Clear,Twelve o'clock,(Sport) Utility Vehicle,Superficial,N,Slowing or Stopping,2015-02-11 14:10,48,39.31062249,-76.7074576
Y,Apparently Normal,No Misuse,Y,No Injury,5c90bd9a-1320-4ff1-9d1e-6b6410c129f8,D,ADJ2900007,Shoulder/Lap Belt(s),M,83c781bb-deb4-4d53-ae50-7414cf4aa1a8,Same Direction Sideswipe,N,Non Intersection,Right Turn Lane,Daylight,No Defects,"Two-way, Not Divided",Ice,Clear,Two o'clock,Truck Tractor,Superficial,N,Moving Constant Speed,2015-02-10 9:00,46,39.27280198,-76.66264996
N,Apparently Normal,No Misuse,N,No Injury,cfc14dee-3eab-4cdf-8519-ffdbe7b4e5c2,D,ADJ2980001,Shoulder/Lap Belt(s),M,abd82f6d-162c-461f-aeba-0dd9caac3052,Same Direction Rear End,N,Non Intersection,Right Turn Lane,Dark Lights On,No Defects,"Two-way, Not Divided",Dry,Clear,Six o'clock,Pickup Truck,Functional,N,Stopped in Traffic Lane,2015-01-17 20:30,55,39.31003304,-76.64254278
N,Apparently Normal,No Misuse,N,No Injury,6752738c-77f7-45a8-b604-b657eee571cd,D,ADJ3110003,Shoulder/Lap Belt(s),M,231faf29-b4e9-41a9-96fb-af9cba55be0b,Same Movement Angle,N,Intersection Related,Right Turn Lane,Dark - Unknown Lighting,No Defects,"Two-way, Not Divided",Dry,Clear,Nine o'clock,Passenger Car,Functional,N,Starting From Lane,2015-02-07 1:48,23,39.31816775,-76.65074497
Y,Apparently Normal,No Misuse,N,No Injury,cb0dfabf-1241-42f9-8897-e7b690c8363d,D,ADJ3110007,Shoulder/Lap Belt(s),M,14652610-ae7d-4132-a018-515013845a23,Same Movement Angle,N,Intersection Related,Right Turn Lane,Daylight,No Defects,"Two-way, Not Divided",Wet,Raining,Non-collision,"Medium/Heavy Truck 2 axles (10,000 lbs (4,536 kg) or less)",No Damage,N,Moving Constant Speed,2015-03-10 18:36,40,39.30666681,-76.64610744
N,Apparently Normal,No Misuse,N,No Injury,5d078e3e-3545-4453-905b-e75beb2ada2f,D,ADJ3140002,Shoulder/Lap Belt(s),M,d3c39397-29e3-43f9-ab8b-e63d8f1aa127,Same Movement Angle,N,Intersection,Right Turn Lane,Dark Lights On,No Defects,"Two-way, Not Divided",Wet,Raining,Twelve o'clock,Van,Functional,N,Accelerating,2015-03-04 22:41,44,39.28796701,-76.65146247
N,Apparently Normal,No Misuse,N,No Injury,e40c5cb1-49d4-4c87-9c2f-a12472588fb1,D,ADJ3230006,Shoulder/Lap Belt(s),M,2260ec6a-1ddb-48fe-bf1b-948d9b786c19,Same Direction Rear End,N,Intersection,Left Turn Lane,Daylight,No Defects,"Two-way, Not Divided",Dry,Clear,Twelve o'clock,Passenger Car,Superficial,N,Making Right Turn,2015-01-30 14:58,22,39.30987116,-76.64497018
N,Apparently Normal,No Misuse,Y,No Injury,8c7699bc-15dd-4c4e-a792-93c0935f27e4,D,ADJ3370004,Shoulder/Lap Belt(s),M,c15ec839-b7ae-4310-af90-9e94c73adbd9,Same Movement Angle,N,Intersection,Right Turn Lane,Daylight,No Defects,"Two-way, Divided, Unprotected (painted >4 feet) Median",Dry,Clear,Twelve o'clock,Van,Superficial,N,Accelerating,2015-03-18 11:00,66,39.27677878,-76.66245818
N,Apparently Normal,No Misuse,N,Possible Incapacitating Injury,671971ed-c3ec-49e9-933e-a1ccbdcc3512,D,ADJ3370004,Shoulder/Lap Belt(s),M,6dd90009-bcdf-4d28-b558-b84ce3dc91d0,Same Movement Angle,N,Intersection,Right Turn Lane,Daylight,No Defects,"Two-way, Divided, Unprotected (painted >4 feet) Median",Dry,Clear,Six o'clock,Passenger Car,Superficial,N,Starting From Lane,2015-03-18 11:00,48,39.27677878,-76.66245818
N,Apparently Normal,No Misuse,N,No Injury,290ff6fb-6b63-4bec-998e-84f5996de515,D,ADJ3420004,Shoulder/Lap Belt(s),M,dae79226-4500-4b36-83cf-01f8cff57317,Same Direction Rear End,N,Intersection,Right Turn Lane,Daylight,No Defects,"Two-way, Not Divided",Ice,Cloudy,Six o'clock,Pickup Truck,Superficial,N,Stopped in Traffic Lane,2015-03-03 9:10,60,39.28881607,-76.63378
N,Apparently Normal,No Misuse,Y,No Injury,db060b95-72c4-4dea-874e-0e1c2dc74062,D,ADJ3420004,Shoulder/Lap Belt(s),M,c20d9819-ff8d-4e15-95a0-8595ccd6f26b,Same Direction Rear End,N,Intersection,Right Turn Lane,Daylight,No Defects,"Two-way, Not Divided",Ice,Cloudy,Eleven o'clock,Passenger Car,Superficial,N,Slowing or Stopping,2015-03-03 9:10,42,39.28881607,-76.63378
N,Apparently Normal,No Misuse,N,No Injury,70516db6-e0b8-42d1-bc11-914c915bc10e,D,ADJ3520004,Shoulder/Lap Belt(s),M,543a5f62-7914-4869-8bc6-6e7af151abca,Same Direction Rear End,N,Intersection,Right Turn Lane,Daylight,No Defects,"Two-way, Divided, Positive Median Barrier",Dry,Cloudy,Six o'clock,"Other Light Trucks (10,000 lbs (4,536 kg))",No Damage,N,Stopped in Traffic Lane,2015-02-09 10:45,59,39.28917313,-76.62802935
N,Apparently Normal,No Misuse,Y,No Injury,4b97e606-a147-4907-a9bb-696c847b6f5c,D,ADJ3520004,Shoulder/Lap Belt(s),M,c6afb32b-873e-4fa1-a018-cbf57b258bbe,Same Direction Rear End,N,Intersection,Right Turn Lane,Daylight,No Defects,"Two-way, Divided, Positive Median Barrier",Dry,Cloudy,Twelve o'clock,Passenger Car,Functional,N,Accelerating,2015-02-09 10:45,39,39.28917313,-76.62802935
N,Apparently Normal,No Misuse,N,No Injury,346b2033-40e0-4f0c-8149-dd934bae22d1,D,ADJ3750001,Shoulder/Lap Belt(s),M,753b4b89-f1f4-49e0-88ba-687cf45f49d2,Same Direction Left Turn,N,Non Intersection,Right Turn Lane,Daylight,No Defects,"Two-way, Divided, Positive Median Barrier",Dry,Clear,One o'clock,Passenger Car,Superficial,N,Moving Constant Speed,2015-02-04 16:50,29,39.31411297,-76.6811049
N,Apparently Normal,No Misuse,N,No Injury,f7db164e-0b00-4b0c-b22d-abc27fc970ed,D,ADJ3750002,Shoulder/Lap Belt(s),M,c6d47557-29df-4007-b307-188137f02a13,Same Movement Angle,N,Intersection,Right Turn Lane,Daylight,Loose Surface Material,One-way Trafficway,Snow,Clear,Seven o'clock,Passenger Car,Functional,N,Moving Constant Speed,2015-02-23 13:50,37,39.33765403,-76.68704331
N,Apparently Normal,No Misuse,Y,No Injury,f962b273-8ce4-4f77-b977-02db42aec756,D,ADJ386000B,Shoulder/Lap Belt(s),M,1b6fb66e-ffc0-4a3f-802c-9df64df46587,Same Direction Right Turn,N,Intersection,Right Turn Lane,Daylight,No Defects,"Two-way, Not Divided",Dry,Cloudy,Ten o'clock,Passenger Car,Disabling,N,Changing Lanes,2015-03-03 15:00,58,39.27395912,-76.56912804
N,Apparently Normal,No Misuse,N,No Injury,63fcce2e-d376-4312-968c-e3052d49f97f,D,ADJ3900006,Shoulder/Lap Belt(s),M,abe3652f-b26e-4e39-8607-1c83b9a74eb1,Same Direction Sideswipe,N,Non Intersection,Right Turn Lane,Daylight,No Defects,"Two-way, Divided, Unprotected (painted >4 feet) Median",Dry,Clear,One o'clock,Passenger Car,Functional,N,Moving Constant Speed,2015-01-20 14:50,43,39.26804325,-76.65094882
N,Apparently Normal,No Misuse,N,No Injury,5175f4d2-5afc-4930-bb49-ae1585ac33ce,D,ADJ390000D,Shoulder/Lap Belt(s),M,302f2632-626f-4ffd-beb8-06124454ff61,Same Direction Rear End,N,Non Intersection,Right Turn Lane,Daylight,No Defects,"Two-way, Divided, Unprotected (painted >4 feet) Median",Dry,Clear,Six o'clock,Pickup Truck,Superficial,N,Stopped in Traffic Lane,2015-02-08 10:30,39,39.30899213,-76.66982621
N,Apparently Normal,No Misuse,N,No Injury,c7d534f9-14d0-4e97-a32c-6e50edad514f,D,ADJ3930002,Shoulder/Lap Belt(s),M,c98e04fc-1851-43df-aea2-6fa7805126c2,Same Movement Angle,N,Intersection Related,Right Turn Lane,Daylight,No Defects,"Two-way, Divided, Positive Median Barrier",Dry,Clear,Twelve o'clock,Passenger Car,Disabling,N,Moving Constant Speed,2015-01-22 9:30,44,39.29312557,-76.66246891
N,Apparently Normal,No Misuse,Y,No Injury,4a76c292-787d-4394-9887-e80dc513c807,D,ADJ3930002,Shoulder/Lap Belt(s),M,08e5e8b6-f785-4ede-a82a-c659a664bdaf,Same Movement Angle,N,Intersection Related,Right Turn Lane,Daylight,No Defects,"Two-way, Divided, Positive Median Barrier",Dry,Clear,Nine o'clock,Passenger Car,Disabling,N,Moving Constant Speed,2015-01-22 9:30,27,39.29312557,-76.66246891
N,Apparently Normal,No Misuse,N,No Injury,af0d7a45-e1e0-4dde-8b74-67fd4ede90a1,D,ADJ3930003,Shoulder/Lap Belt(s),M,e9ed81f6-3d74-4454-aea5-8ff05128a7ef,Same Direction Rear End,N,Non Intersection,Right Turn Lane,Daylight,No Defects,"Two-way, Not Divided",Dry,Clear,Six o'clock,Passenger Car,Superficial,N,Slowing or Stopping,2015-02-05 11:50,58,39.31024472,-76.6382432
N,Apparently Normal,No Misuse,N,No Injury,ee245c54-02e1-4c18-88b6-c052227e9b2f,D,ADJ3930006,Shoulder/Lap Belt(s),M,6428d815-5bec-4758-a1df-1495b3f5b1a4,Same Direction Rear End,N,Non Intersection,Right Turn Lane,Daylight,No Defects,"Two-way, Not Divided",Dry,Clear,Six o'clock,Passenger Car,Functional,N,Slowing or Stopping,2015-03-23 15:50,43,39.28947206,-76.67246819
N,Apparently Normal,No Misuse,Y,No Injury,5e3fcfcf-5cfb-45ef-b454-634b1196ad4f,D,ADJ3930006,Shoulder/Lap Belt(s),M,6a9e66d4-93d2-4372-9671-29ec8bb89abf,Same Direction Rear End,N,Non Intersection,Right Turn Lane,Daylight,No Defects,"Two-way, Not Divided",Dry,Clear,Twelve o'clock,Passenger Car,Functional,N,Moving Constant Speed,2015-03-23 15:50,23,39.28947206,-76.67246819
N,Apparently Normal,No Misuse,N,No Injury,4898f08f-e630-4024-8566-1feb4de15c2e,D,ADJ4060001,Shoulder/Lap Belt(s),M,dbd4747d-a757-459b-bd1a-ecbb5189fbb9,Same Movement Angle,N,Intersection,Right Turn Lane,Dusk,No Defects,"Two-way, Divided, Positive Median Barrier",Wet,Cloudy,Five o'clock,Police Vehicle/Emergency,Functional,N,Making Left Turn,2015-01-06 17:03,27,39.2969408,-76.5297237
N,Apparently Normal,No Misuse,N,No Injury,bf1dd677-aea4-41d2-a916-ad792ca0c66e,D,ADJ4060003,Shoulder/Lap Belt(s),M,fbd41b8d-4c9b-4b03-9b81-9225edf1d8c0,Same Direction Rear End,N,Intersection,Right Turn Lane,Daylight,No Defects,"Two-way, Divided, Positive Median Barrier",Dry,Clear,Six o'clock,Passenger Car,Functional,N,Stopped in Traffic Lane,2015-01-08 16:00,45,39.28739612,-76.54826045
N,Apparently Normal,No Misuse,N,No Injury,ebef2b2e-1385-49f3-aefa-a048744ef25c,D,ADJ4060003,Shoulder/Lap Belt(s),M,3c07c90e-f9aa-4292-9ad2-837d03438fc4,Same Direction Rear End,N,Intersection,Right Turn Lane,Daylight,No Defects,"Two-way, Divided, Positive Median Barrier",Dry,Clear,Six o'clock,Passenger Car,Functional,N,Stopped in Traffic Lane,2015-01-08 16:00,34,39.28739612,-76.54826045
N,Apparently Normal,No Misuse,N,No Injury,7f8ac1cc-ca00-4d8e-acba-2340c52df02a,D,ADJ4060008,Shoulder/Lap Belt(s),M,b001339f-441a-4196-af66-87985224fb68,Same Direction Rear End,N,Intersection,Left Turn Lane,Daylight,No Defects,"Two-way, Divided, Positive Median Barrier",Dry,Clear,Six o'clock,Passenger Car,Functional,N,Stopped in Traffic Lane,2015-03-08 9:30,59,39.27254873,-76.5308395
N,Apparently Normal,No Misuse,Y,No Injury,503cb4a2-bdba-4e19-9299-2de8fe7ef34a,D,ADJ4120006,Shoulder/Lap Belt(s),M,17833579-d714-4c2a-9b18-96b84a58c0aa,Angle Meets Left Turn Head On,N,Intersection,Right Turn Lane,Daylight,No Defects,"Two-way, Not Divided",Dry,Clear,Eleven o'clock,Passenger Car,Functional,N,Accelerating,2015-02-05 16:34,23,39.33332237,-76.6470167
N,Apparently Normal,No Misuse,N,Possible Incapacitating Injury,faaf4bb5-4a31-4c98-bac8-6060d89a033f,D,ADJ4120006,Shoulder/Lap Belt(s),M,d46ee54f-2925-4fe3-b9a4-616aa5b43939,Angle Meets Left Turn Head On,N,Intersection,Right Turn Lane,Daylight,No Defects,"Two-way, Not Divided",Dry,Clear,One o'clock,Passenger Car,Functional,N,Moving Constant Speed,2015-02-05 16:34,55,39.33332237,-76.6470167
N,Apparently Normal,No Misuse,N,No Injury,4f36c6f4-3eb8-432a-b930-130e3410b0dc,D,ADJ4120008,Shoulder/Lap Belt(s),M,d14cd50e-6167-450f-8cc3-dbf03297ef7e,Same Direction Rear End Left Turn,N,Intersection Related,Right Turn Lane,Daylight,No Defects,"Two-way, Not Divided",Dry,Cloudy,Six o'clock,(Sport) Utility Vehicle,No Damage,N,Stopped in Traffic Lane,2015-02-16 8:00,63,39.35292886,-76.66660219
N,Apparently Normal,No Misuse,N,No Injury,6deb1163-92ea-4b8a-a1fb-cf9667a780fa,D,ADJ4190002,Shoulder/Lap Belt(s),M,78934321-b756-489b-979a-c1b5999907dd,Same Movement Angle,N,Intersection,Right Turn Lane,Daylight,No Defects,"Two-way, Not Divided",Wet,Raining,Four o'clock,Passenger Car,Superficial,N,Moving Constant Speed,2015-01-24 15:00,53,39.34556566,-76.60418987
N,Apparently Normal,No Misuse,N,No Injury,8ede5e66-fb7c-4e2d-9f8d-73b90713b12d,D,ADJ4240006,Shoulder/Lap Belt(s),M,6dba8a29-21a2-4e82-8822-4cecd44df2d8,Head On Left Turn,N,Intersection,Right Turn Lane,Dark Lights On,No Defects,"Two-way, Not Divided",Dry,Clear,Twelve o'clock,Passenger Car,Disabling,N,Moving Constant Speed,2015-01-22 18:45,30,39.29211257,-76.57620907
N,Apparently Normal,No Misuse,Y,No Injury,11385aba-5409-4bf2-863d-46fff59cfe4f,D,ADJ4240006,Shoulder/Lap Belt(s),M,b872e3e1-911b-46f9-b8f4-7df891d48ad0,Head On Left Turn,N,Intersection,Right Turn Lane,Dark Lights On,No Defects,"Two-way, Not Divided",Dry,Clear,Twelve o'clock,Passenger Car,Disabling,N,Making Left Turn,2015-01-22 18:45,66,39.29211257,-76.57620907
N,Apparently Normal,No Misuse,N,No Injury,7bcc1a10-63cb-46ca-8189-4986a73937cf,D,ADJ424000G,Shoulder/Lap Belt(s),M,b1a4eca9-cbdd-4791-bff8-7d1db5ee5e0b,Same Movement Angle,N,Intersection,Left Turn Lane,Daylight,No Defects,"Two-way, Not Divided",Ice,Clear,Twelve o'clock,Passenger Car,Functional,N,Moving Constant Speed,2015-03-02 8:15,28,39.29561649,-76.58066154
N,Apparently Normal,No Misuse,Y,No Injury,ba66a20d-e384-4448-9764-6a603ba44f06,D,ADJ424000G,Shoulder/Lap Belt(s),M,6c78ad7e-7e5d-4a44-a449-ee00f5c3eec0,Same Movement Angle,N,Intersection,Left Turn Lane,Daylight,No Defects,"Two-way, Not Divided",Ice,Clear,Eight o'clock,(Sport) Utility Vehicle,Functional,N,Moving Constant Speed,2015-03-02 8:15,24,39.29561649,-76.58066154
N,Apparently Normal,No Misuse,Y,No Injury,358b8d29-fac3-424e-8a96-82e8e68b29f0,D,ADJ424000H,Shoulder/Lap Belt(s),M,7a8fcc86-c830-40b7-be7d-546d0e98ef77,Single Vehicle ,N,Alley,Right Turn Lane,Dark Lights On,No Defects,"Two-way, Not Divided",Wet,Raining,Twelve o'clock,Passenger Car,No Damage,N,Accelerating,2015-03-14 19:20,24,39.28243021,-76.59732342
N,Apparently Normal,No Misuse,N,No Injury,ac41efed-17ca-488b-9d28-0393df7b7609,D,ADJ4290001,Shoulder/Lap Belt(s),M,b0b63fba-0edf-44d7-ad71-32482373a7a3,Same Movement Angle,N,Intersection Related,Left Turn Lane,Daylight,No Defects,"Two-way, Divided, Positive Median Barrier",Snow,Snow,Twelve o'clock,Recreational Vehicle,Destroyed,N,Moving Constant Speed,2015-01-06 8:31,29,39.31433708,-76.66606307
N,Apparently Normal,No Misuse,Y,No Injury,5a51c744-8a14-4e54-878a-69b6ab50c2da,D,ADJ4290001,Shoulder/Lap Belt(s),M,14f782fe-5837-46c0-89bf-ceee10d39ad8,Same Movement Angle,N,Intersection Related,Left Turn Lane,Daylight,No Defects,"Two-way, Divided, Positive Median Barrier",Snow,Snow,Nine o'clock,(Sport) Utility Vehicle,Disabling,N,Moving Constant Speed,2015-01-06 8:31,41,39.31433708,-76.66606307
N,Apparently Normal,No Misuse,N,No Injury,044689b2-ba71-47e1-b328-28110d394ce9,D,ADJ4320002,Shoulder/Lap Belt(s),M,f46e49aa-6756-4a9a-9f25-213f9aa46de7,Same Direction Left Turn,N,Intersection Related,Right Turn Lane,Daylight,No Defects,"Two-way, Not Divided",Wet,Clear,Three o'clock,Passenger Car,Disabling,N,Moving Constant Speed,2015-01-22 9:45,18,39.31758051,-76.66014612
N,Apparently Normal,No Misuse,N,No Injury,dd7ec8c3-0ff6-4486-815f-ab3916a7338c,D,ADJ4420003,Shoulder/Lap Belt(s),M,327b1e23-3575-4e21-a96d-0c32b5207c6c,Same Direction Rear End,N,Intersection,Right Turn Lane,Daylight,No Defects,One-way Trafficway,Dry,Clear,Six o'clock,Truck Tractor,Superficial,Y,Stopped in Traffic Lane,2015-03-17 10:30,56,39.28691656,-76.60429716
N,Apparently Normal,No Misuse,N,No Injury,8efd4818-c12f-4a3a-984a-2bc0c6aaa9dc,D,ADJ4430002,Shoulder/Lap Belt(s),M,ef0b010e-0af0-4bb1-809e-98fdcd35e0a1,Same Direction Sideswipe,N,Intersection,Right Turn Lane,Daylight,No Defects,"Two-way, Not Divided",Dry,Cloudy,Two o'clock,"Cargo Van/Light Truck 2 axles (10,000 lbs (4,536 kg) or less)",Disabling,N,Moving Constant Speed,2015-01-09 15:15,47,39.29473845,-76.57346115
N,Apparently Normal,No Misuse,Y,No Injury,774fa720-a07b-4b9b-96ac-7d89eb4f1791,D,ADJ4430002,Shoulder/Lap Belt(s),M,24c1f179-b68e-4164-b705-e68b847d1e28,Same Direction Sideswipe,N,Intersection,Right Turn Lane,Daylight,No Defects,"Two-way, Not Divided",Dry,Cloudy,Twelve o'clock,Passenger Car,Disabling,N,Moving Constant Speed,2015-01-09 15:15,55,39.29473845,-76.57346115