CDL_FLAG,CONDITION_CODE,EQUIP_PROB_CODE,FAULT_FLAG,INJ_SEVER_CODE,PERSON_ID,PERSON_TYPE,REPORT_NO,SAF_EQUIP_CODE,SEX_CODE,VEHICLE_ID,COLLISION_TYPE_CODE,C_M_ZONE_FLAG,JUNCTION_CODE,LANE_CODE,LIGHT_CODE,RD_COND_CODE,RD_DIV_CODE,SURF_COND_CODE,WEATHER_CODE,AREA_DAMAGED_CODE_MAIN,BODY_TYPE_CODE,DAMAGE_CODE,HIT_AND_RUN_FLAG,MOVEMENT_CODE,TIME,AGE,LATITUDE,LONGITUDE
N,Apparently Normal,No Misuse,N,No Injury,6a20861a-9ec3-4f0d-8545-b1ec737216f1,D,ADJ5530006,Shoulder/Lap Belt(s),M,169e6118-f15b-48fb-b7c1-6b5416df5486,Same Direction Sideswipe,N,Non Intersection,Left Turn Lane,Dark Lights On,No Defects,"Two-way, Divided, Positive Median Barrier",Dry,Clear,Two o'clock,(Sport) Utility Vehicle,Superficial,N,Moving Constant Speed,2015-02-04 20:27,48,39.25226181,-76.639992
N,Apparently Normal,No Misuse,N,No Injury,2d3e833b-11b2-4238-86d9-08e98597ae71,D,ADJ569000C,Shoulder/Lap Belt(s),M,f2926ff8-33b9-4578-80f0-526985910826,Same Direction Sideswipe,N,Intersection,Right Turn Lane,Daylight,No Defects,One-way Trafficway,Dry,Clear,One o'clock,"Cargo Van/Light Truck 2 axles (10,000 lbs (4,536 kg) or less)",Superficial,N,Moving Constant Speed,2015-03-18 9:30,55,39.29425065,-76.61424279
N,Apparently Normal,No Misuse,N,No Injury,422d8ba3-688c-40e6-9ede-b6d177e2d1d4,D,ADJ5790004,Shoulder/Lap Belt(s),M,fb95e5f7-49e8-4d38-be64-64873b79cb2d,Same Movement Angle,N,Intersection,Right Turn Lane,Daylight,No Defects,"Two-way, Not Divided",Dry,Cloudy,Five o'clock,Passenger Car,Superficial,N,Accelerating,2015-02-19 13:11,31,39.35966913,-76.70327067
N,Apparently Normal,No Misuse,N,No Injury,4e8a4348-1bf7-496c-9b19-858547f11498,D,ADJ5790004,Shoulder/Lap Belt(s),M,ad655386-4e07-49ab-a910-4d60768f88f9,Same Movement Angle,N,Intersection,Right Turn Lane,Daylight,No Defects,"Two-way, Not Divided",Dry,Cloudy,Twelve o'clock,Passenger Car,Functional,N,Stopped in Traffic Lane,2015-02-19 13:11,17,39.35966913,-76.70327067
N,Apparently Normal,No Misuse,N,Possible Incapacitating Injury,8eb0c628-0f57-4eaf-be06-7a10aa40503b,D,ADJ5790007,Shoulder/Lap Belt(s),M,e2036ea6-d523-43b3-905b-a355199513b6,Same Direction Rear End,N,Non Intersection,Left Turn Lane,Daylight,No Defects,"Two-way, Divided, Positive Median Barrier",Dry,Cloudy,Six o'clock,Passenger Car,Functional,N,Slowing or Stopping,2015-02-27 13:45,23,39.34543291,-76.67163134
N,Apparently Normal,No Misuse,N,No Injury,57250755-cee4-4142-a63d-f6b621019ad5,D,ADJ5910001,Shoulder/Lap Belt(s),M,2a4a4c98-0c4a-43b1-b67c-d5b8d9172add,Opposite Direction Sideswipe,N,Non Intersection,Right Turn Lane,Daylight,No Defects,"Two-way, Not Divided",Snow,Snow,One o'clock,Passenger Car,Functional,Y,Moving Constant Speed,2015-02-21 16:30,30,39.31439519,-76.63281441
N,Apparently Normal,No Misuse,N,No Injury,234bbbdd-539c-4f89-8c1a-3fa6fb3ef3af,D,ADJ6000003,Shoulder/Lap Belt(s),M,6666209c-355b-4ee7-a9e2-801f2e8fa994,Same Direction Sideswipe,N,Intersection,Left Turn Lane,Daylight,No Defects,"Two-way, Divided, Positive Median Barrier",Dry,Clear,Ten o'clock,Passenger Car,Superficial,N,Moving Constant Speed,2015-03-18 8:00,28,39.29067608,-76.60633564
N,Apparently Normal,No Misuse,Y,No Injury,88b89799-3449-4815-9f4b-835ea42448bc,D,ADJ6020001,Shoulder/Lap Belt(s),M,3456bbc4-9124-4e84-9caa-ecdc39b252f2,Same Direction Rear End,N,Intersection Related,Left Turn Lane,Daylight,No Defects,One-way Trafficway,Wet,Raining,Twelve o'clock,Passenger Car,Functional,N,Moving Constant Speed,2015-01-12 14:00,81,39.2869311,-76.60677552
N,Apparently Normal,No Misuse,N,No Injury,950e6201-cac1-460c-936b-43d881897dbd,D,ADJ6130001,Shoulder/Lap Belt(s),M,b52e8fca-b653-4e0c-a4c8-cc5acdbfbbcf,Same Movement Angle,N,Intersection,Right Turn Lane,Dark Lights On,No Defects,"Two-way, Not Divided",Ice,Sleet,Twelve o'clock,Recreational Vehicle,Superficial,N,Moving Constant Speed,2015-02-10 0:07,25,39.35849119,-76.57232523
N,Apparently Normal,No Misuse,Y,No Injury,204f6f4c-7921-4ec5-95cf-b2210d729d53,D,ADJ6240007,Shoulder/Lap Belt(s),M,ba6da56d-4778-47f9-93e4-90e8cba63b63,Same Direction Rear End,N,Non Intersection,Right Turn Lane,Daylight,No Defects,"Two-way, Divided, Unprotected (painted >4 feet) Median",Dry,Clear,Twelve o'clock,Passenger Car,Functional,N,Moving Constant Speed,2015-03-09 12:20,23,39.32258558,-76.57236546
N,Apparently Normal,No Misuse,N,Possible Incapacitating Injury,8f4b1429-01dc-4585-b688-168ef98244fe,D,ADJ6240007,Shoulder/Lap Belt(s),M,fe71ccf3-cf94-4e21-8d51-c9168a8538a4,Same Direction Rear End,N,Non Intersection,Right Turn Lane,Daylight,No Defects,"Two-way, Divided, Unprotected (painted >4 feet) Median",Dry,Clear,Six o'clock,Passenger Car,Functional,N,Slowing or Stopping,2015-03-09 12:20,54,39.32258558,-76.57236546
N,Apparently Normal,No Misuse,N,No Injury,424550a5-68dd-476f-a6eb-cd35b03eb9d8,D,ADJ6260002,Shoulder/Lap Belt(s),M,cfaea819-e2bc-40b7-ac49-4a45b29de03e,Angle Meets Right Turn,N,Alley,Right Turn Lane,Daylight,No Defects,"Two-way, Not Divided",Dry,Clear,Twelve o'clock,Passenger Car,Superficial,N,Moving Constant Speed,2015-01-22 10:00,38,39.36898001,-76.58701301
N,Apparently Normal,No Misuse,N,No Injury,eed04c4d-92fb-4226-a9d8-6c7c166e41dc,D,ADJ6260003,Shoulder/Lap Belt(s),M,2a5bb796-fef3-42bb-b030-616d0adca8de,Single Vehicle ,N,Intersection,Right Turn Lane,Daylight,No Defects,One-way Trafficway,Dry,Clear,Three o'clock,Passenger Car,Superficial,N,Accelerating,2015-01-22 8:30,31,39.34832021,-76.57039404
N,Apparently Normal,No Misuse,Y,No Injury,9cb360db-a5c6-46de-afd9-3ff8cfa91e4e,D,ADJ6290001,Shoulder/Lap Belt(s),M,54141fd7-d186-4b63-8caa-f96e5d99244b,Single Vehicle ,N,Intersection,Right Turn Lane,Dark Lights On,No Defects,"Two-way, Not Divided",Dry,Clear,Twelve o'clock,Pickup Truck,No Damage,N,Making Left Turn,2015-01-13 17:41,52,39.29603216,-76.56964503
Y,Apparently Normal,No Misuse,N,No Injury,f96503bc-225a-425e-b5b1-9aed368df859,D,ADJ6290006,Shoulder Belt Only,M,f358145b-8e35-4cf2-94f7-870a5d75596c,Same Direction Left Turn,N,Non Intersection,Right Turn Lane,Daylight,No Defects,One-way Trafficway,Dry,Clear,Eight o'clock,Truck Tractor,Superficial,N,Changing Lanes,2015-02-10 16:05,44,39.27943222,-76.54995561
N,Apparently Normal,No Misuse,Y,No Injury,45f20729-6036-4270-adb2-1845beff5336,D,ADJ642000M,Shoulder/Lap Belt(s),M,ea0fc4ae-0229-41b2-a0d7-5450c4c76770,Single Vehicle ,N,Non Intersection,Right Turn Lane,Dark Lights On,No Defects,"Two-way, Not Divided",Dry,Clear,Twelve o'clock,Passenger Car,Disabling,N,Moving Constant Speed,2015-03-12 21:40,22,39.3383469,-76.54106341
N,Apparently Normal,No Misuse,N,No Injury,081bb4bd-e139-4bf0-99d3-8651eaad4d9b,D,ADJ6430003,Shoulder/Lap Belt(s),M,e05a843e-0c15-47bc-a6ed-f98643593a5e,Same Direction Rear End,N,Intersection Related,Left Turn Lane,Daylight,No Defects,"Two-way, Not Divided",Dry,Clear,Six o'clock,Passenger Car,Functional,N,Stopped in Traffic Lane,2015-01-11 10:40,50,39.35223613,-76.56154543
N,Apparently Normal,No Misuse,Y,No Injury,1a5f30a8-aba4-4daa-ac1e-5a4cda3f12c1,D,ADJ6430003,Shoulder/Lap Belt(s),M,a8510369-1346-4e55-bc79-34bd149bc643,Same Direction Rear End,N,Intersection Related,Left Turn Lane,Daylight,No Defects,"Two-way, Not Divided",Dry,Clear,Twelve o'clock,Passenger Car,Superficial,N,Slowing or Stopping,2015-01-11 10:40,21,39.35223613,-76.56154543
Y,Apparently Normal,No Misuse,N,No Injury,04e6ecf8-9ed1-4352-88c5-bd619bb39ba8,D,ADJ6490003,Shoulder/Lap Belt(s),M,d59f3e4d-0267-4d81-b0e3-3cd4b39b4b20,Same Direction Rear End,N,Intersection Related,Right Turn Lane,Daylight,No Defects,"Two-way, Divided, Unprotected (painted >4 feet) Median",Dry,Clear,One o'clock,"Cargo Van/Light Truck 2 axles (10,000 lbs (4,536 kg) or less)",Superficial,N,Stopped in Traffic Lane,2015-03-02 16:42,29,39.27346079,-76.6713953
Y,Apparently Asleep,No Misuse,Y,No Injury,27737519-5c84-4ae4-b5ce-5d518644da08,D,ADJ6490003,Shoulder/Lap Belt(s),M,d77cea7e-8194-4f2e-aa0c-81f578d411c8,Same Direction Rear End,N,Intersection Related,Right Turn Lane,Daylight,No Defects,"Two-way, Divided, Unprotected (painted >4 feet) Median",Dry,Clear,Five o'clock,Passenger Car,Superficial,N,Backing,2015-03-02 16:42,50,39.27346079,-76.6713953
N,Apparently Normal,No Misuse,N,No Injury,22d058dc-9ae0-4778-b587-c7dd78a6dfb7,D,ADJ6730003,Shoulder/Lap Belt(s),M,3793055e-96f4-4180-9a00-792a21dcbb5d,Same Movement Angle,N,Intersection,Right Turn Lane,Dark Lights On,No Defects,"Two-way, Not Divided",Dry,Clear,Four o'clock,Passenger Car,Disabling,N,Moving Constant Speed,2015-02-07 22:10,26,39.30795355,-76.58147693
N,Apparently Normal,No Misuse,N,No Injury,87983cda-adb6-48ba-85cd-53c0a67b71d9,D,ADJ6960001,Shoulder/Lap Belt(s),M,57373fcf-7d78-4dca-9f69-42696ac7fb51,Same Direction Rear End,N,Non Intersection,Acceleration Lane,Daylight,No Defects,"Two-way, Divided, Positive Median Barrier",Dry,Clear,Six o'clock,Passenger Car,Functional,N,Moving Constant Speed,2015-02-11 9:11,50,39.32612309,-76.63841486
N,Apparently Normal,No Misuse,Y,No Injury,a6f04efc-525c-485d-ab54-f416795c5853,D,ADJ6960001,Shoulder/Lap Belt(s),M,a86ca0e3-4f82-4003-9146-bcb073575eaa,Same Direction Rear End,N,Non Intersection,Acceleration Lane,Daylight,No Defects,"Two-way, Divided, Positive Median Barrier",Dry,Clear,Twelve o'clock,Passenger Car,Disabling,N,Moving Constant Speed,2015-02-11 9:11,40,39.32612309,-76.63841486
Y,Apparently Normal,No Misuse,N,No Injury,73cf10c7-8368-4ea7-b895-cfad5f470814,D,ADJ7110002,Shoulder/Lap Belt(s),M,cf6aae6f-0962-4fe0-9f0f-eb0e2547d6db,Same Movement Angle,N,Intersection,Right Turn Lane,Daylight,No Defects,"Two-way, Not Divided with a Continuous Left Turn Lane",Dry,Clear,Eleven o'clock,(Sport) Utility Vehicle,Disabling,N,Accelerating,2015-02-20 7:20,34,39.23853555,-76.60955429
N,Apparently Normal,No Misuse,Y,No Injury,ed304903-e240-499c-a35c-5b2f3363cb36,D,ADJ7110002,Shoulder/Lap Belt(s),M,a006c219-95a8-40b4-b534-f750277f69a3,Same Movement Angle,N,Intersection,Right Turn Lane,Daylight,No Defects,"Two-way, Not Divided with a Continuous Left Turn Lane",Dry,Clear,Five o'clock,Passenger Car,Disabling,N,Moving Constant Speed,2015-02-20 7:20,31,39.23853555,-76.60955429
N,Apparently Normal,No Misuse,N,No Injury,5026fb55-1607-4a71-a8b4-1c4f9e2703b2,D,ADJ7140003,Shoulder/Lap Belt(s),M,4103e8d9-f23c-4783-bd20-84c3d7e8fd89,Same Movement Angle,N,Intersection Related,Right Turn Lane,Daylight,No Defects,"Two-way, Not Divided",Dry,Clear,Twelve o'clock,Passenger Car,Superficial,N,Accelerating,2015-03-23 15:20,53,39.29525116,-76.64406359
N,Apparently Normal,No Misuse,Y,No Injury,43cc45ab-8d70-4710-af3a-d691dd51bfa3,D,ADJ7170002,Lap Belt Only,M,9f8a0c7e-7a78-4c0d-a420-0f864a7188be,Same Movement Angle,N,Intersection Related,Right Turn Lane,Daylight,No Defects,"Two-way, Not Divided",Dry,Clear,One o'clock,Passenger Car,Functional,N,Making Left Turn,2015-02-19 17:40,55,39.31012228,-76.64038494
N,Apparently Normal,No Misuse,N,No Injury,6cc2df6a-8365-4952-b519-16f07db12889,D,ADJ7220001,Shoulder/Lap Belt(s),M,28834767-df01-495e-bf85-bc983ebec271,Same Direction Left Turn,N,Intersection,Right Turn Lane,Daylight,No Defects,"Two-way, Not Divided",Dry,Clear,Twelve o'clock,Passenger Car,Disabling,N,Moving Constant Speed,2015-02-16 12:01,32,39.31714682,-76.67683482
N,Apparently Normal,No Misuse,Y,No Injury,5aafcf39-1aa3-4f05-bc16-bd6746cdc1ec,D,ADX0070004,Shoulder/Lap Belt(s),M,da102819-6b38-41da-b16d-1e27e420ba23,Single Vehicle ,N,Non Intersection,Right Turn Lane,Dark Lights On,No Defects,One-way Trafficway,Dry,Clear,Twelve o'clock,Passenger Car,Disabling,N,Moving Constant Speed,2015-02-06 22:31,23,39.28527028,-76.62236452
N,Apparently Normal,No Misuse,N,No Injury,fb269562-8ac2-402f-82f5-00699190d006,D,AE26320013,Shoulder/Lap Belt(s),M,3bafd14c-b2f7-4469-a43c-9ede1565f185,Single Vehicle ,N,Non Intersection,Right Turn Lane,Daylight,No Defects,"Two-way, Not Divided",Dry,Clear,Two o'clock,"Cargo Van/Light Truck 2 axles (10,000 lbs (4,536 kg) or less)",No Damage,N,Slowing or Stopping,2015-01-28 8:09,70,39.33924306,-76.43692732
N,Apparently Normal,No Misuse,N,No Injury,7dba09f1-00cf-407c-8d63-5e80f9e0ea6c,D,AE2638001D,Shoulder/Lap Belt(s),M,4b6e69a6-e30b-4d54-a4d2-a0968f69e4ef,Same Direction Rear End,N,Non Intersection,Right Turn Lane,Dark No Lights,No Defects,"Two-way, Not Divided",Ice,Sleet,One o'clock,Van,Disabling,N,Moving Constant Speed,2015-03-03 18:07,51,39.24770469,-76.49037838
N,Apparently Normal,No Misuse,N,No Injury,0ad4b8b2-d1ff-49b1-b702-7ae047a4ffdb,D,AE28880008,Shoulder/Lap Belt(s),M,14231d4c-ee56-4f4a-946f-6f65dfb24444,Same Direction Rear End Left Turn,N,Intersection Related,Right Turn Lane,Dark Lights On,No Defects,"Two-way, Not Divided",Dry,Clear,Six o'clock,(Sport) Utility Vehicle,Superficial,N,Slowing or Stopping,2015-02-20 2:10,48,39.2714259,-76.50851011
N,Apparently Normal,No Misuse,Y,No Injury,6039a30c-a0f9-4b02-b818-25e94ea672bb,D,AE2888000B,Shoulder/Lap Belt(s),M,e884f0b6-5d3c-43cb-ab98-5fe1d46feb21,Same Direction Rear End,N,Non Intersection,Right Turn Lane,Dark Lights On,No Defects,"Two-way, Not Divided",Dry,Clear,Two o'clock,Passenger Car,Disabling,N,Moving Constant Speed,2015-03-29 2:05,26,39.27263023,-76.52402401
N,Apparently Normal,No Misuse,N,No Injury,ca0a5366-c1dd-43b0-bd06-fcc7a8c173c4,D,AE29380007,Shoulder/Lap Belt(s),M,df2fbbe6-8e4d-4f2d-a754-49af64049606,Head On Left Turn,N,Non Intersection,Right Turn Lane,Daylight,No Defects,"Two-way, Not Divided",Snow,Snow,Seven o'clock,Van,Disabling,N,Moving Constant Speed,2015-01-06 9:12,80,39.29863039,-76.52673841
N,Apparently Normal,No Misuse,Y,No Injury,2cf12c67-30bc-4d5f-b87a-fe54200a4434,D,AE29380007,Shoulder/Lap Belt(s),M,3087422a-4bbb-4535-9bda-0468252f463c,Head On Left Turn,N,Non Intersection,Right Turn Lane,Daylight,No Defects,"Two-way, Not Divided",Snow,Snow,Eleven o'clock,(Sport) Utility Vehicle,Functional,N,Moving Constant Speed,2015-01-06 9:12,37,39.29863039,-76.52673841
N,Apparently Normal,No Misuse,N,No Injury,4afbda0d-54c3-4da9-803e-bf4179db3a7d,D,AE2938000B,Shoulder/Lap Belt(s),M,c52944bd-9a8d-4deb-8dee-630888203a91,Single Vehicle ,N,Intersection,Right Turn Lane,Daylight,No Defects,"Two-way, Not Divided",Dry,Cloudy,One o'clock,Passenger Car,No Damage,N,Moving Constant Speed,2015-01-20 15:58,25,39.25800245,-76.51683837
N,Apparently Normal,No Misuse,N,No Injury,7b49c1dc-2fce-4908-867a-ec5ea83a44a6,D,AE2938000H,Shoulder/Lap Belt(s),M,0cae9ef4-e06e-4e04-974d-a3c9087c37f0,Same Direction Rear End,N,Non Intersection,Left Turn Lane,Dark - Unknown Lighting,No Defects,"Two-way, Divided, Positive Median Barrier",Snow,Snow,Six o'clock,Van,Superficial,N,Moving Constant Speed,2015-02-21 19:15,45,39.34618793,-76.50650382
N,Apparently Normal,No Misuse,Y,No Injury,4e73d058-20ff-4d76-be5f-98257d572cdf,D,AE32510004,Shoulder/Lap Belt(s),M,f6f0eb77-789b-4658-acfa-c66cbc55b340,Single Vehicle ,N,Non Intersection,Right Turn Lane,Dark No Lights,No Defects,"Two-way, Divided, Unprotected (painted >4 feet) Median",Dry,Clear,Nine o'clock,Passenger Car,Disabling,N,Slowing or Stopping,2015-02-01 0:26,21,39.46063308,-76.46085262
N,Apparently Normal,No Misuse,N,No Injury,b01c571a-2da9-4393-9ad5-4119671ad05b,D,AE33980009,Shoulder/Lap Belt(s),M,cfaee48e-62d6-4857-8d46-98f53f3985d3,Same Direction Sideswipe,N,Non Intersection,Left Turn Lane,Daylight,No Defects,"Two-way, Divided, Positive Median Barrier",Dry,Clear,Five o'clock,Passenger Car,Superficial,N,Moving Constant Speed,2015-02-20 14:06,64,39.31207096,-76.52628779
N,Apparently Normal,No Misuse,N,No Injury,394268cb-8697-40e8-8eff-3d8c38dea5aa,D,AE33980009,Shoulder/Lap Belt(s),M,068cde24-b26e-442d-bf0b-f67bbef31230,Same Direction Sideswipe,N,Non Intersection,Left Turn Lane,Daylight,No Defects,"Two-way, Divided, Positive Median Barrier",Dry,Clear,Five o'clock,Pickup Truck,Superficial,Y,Moving Constant Speed,2015-02-20 14:06,64,39.31207096,-76.52628779
N,Apparently Normal,No Misuse,Y,No Injury,4c91f8bb-9162-4ec2-a0af-5163a113157e,D,AE33980009,Shoulder/Lap Belt(s),M,e52b34ad-372c-4ebc-b04a-15f7b84759dd,Same Direction Sideswipe,N,Non Intersection,Left Turn Lane,Daylight,No Defects,"Two-way, Divided, Positive Median Barrier",Dry,Clear,Twelve o'clock,Passenger Car,Functional,N,Changing Lanes,2015-02-20 14:06,46,39.31207096,-76.52628779
Y,Apparently Normal,No Misuse,N,No Injury,81cc82ee-ecd9-42c6-97de-e948f3984154,D,AE3438002P,Shoulder/Lap Belt(s),M,3710fc84-0d0e-4b5f-949c-275fde10abc5,Head On Left Turn,N,Intersection,Left Turn Lane,Daylight,No Defects,"Two-way, Not Divided",Dry,Clear,Eleven o'clock,Pickup Truck,Disabling,N,Moving Constant Speed,2015-03-09 9:18,29,39.4006158,-76.59147486
N,Apparently Normal,No Misuse,Y,No Injury,db0e377a-6be6-4d28-9fc2-b001ec085a76,D,AE3438002P,Shoulder/Lap Belt(s),M,046b471e-4955-481d-958f-c743fd3adf8d,Head On Left Turn,N,Intersection,Left Turn Lane,Daylight,No Defects,"Two-way, Not Divided",Dry,Clear,Twelve o'clock,Passenger Car,Disabling,N,Making Left Turn,2015-03-09 9:18,59,39.4006158,-76.59147486
N,Apparently Normal,No Misuse,N,No Injury,907c8e6e-6bee-431c-8c3c-857d779edf1b,D,AE3438002S,Shoulder/Lap Belt(s),M,b1f8eccf-a765-42f9-9c7e-7e350132881e,Same Direction Left Turn,N,Non Intersection,Right Turn Lane,Daylight,No Defects,One-way Trafficway,Dry,Clear,Twelve o'clock,Passenger Car,Disabling,N,Moving Constant Speed,2015-03-30 17:58,22,39.40010335,-76.59874499
N,Apparently Normal,No Misuse,Y,No Injury,7014ce5d-3961-49ef-a8d4-b72c550e2da8,D,AE3438002S,Shoulder/Lap Belt(s),M,8fa794c6-c6f4-452d-897e-9d0a0af3807d,Same Direction Left Turn,N,Non Intersection,Right Turn Lane,Daylight,No Defects,One-way Trafficway,Dry,Clear,Eight o'clock,Station Wagon,Disabling,N,Changing Lanes,2015-03-30 17:58,22,39.40010335,-76.59874499
N,Apparently Normal,No Misuse,N,No Injury,b04de834-48a2-40a9-8575-ba9bdab67ed1,D,AE3472000R,Shoulder/Lap Belt(s),M,79f99bfd-4a7c-497b-8882-965b241eda4e,Same Direction Rear End,N,Non Intersection,Left Turn Lane,Daylight,No Defects,"Two-way, Divided, Positive Median Barrier",Dry,Clear,Six o'clock,Pickup Truck,Superficial,N,Stopped in Traffic Lane,2015-03-29 18:32,55,39.35245183,-76.4547801
N,Influenced by Medications and/or Drugs and/or Alcohol,No Misuse,Y,Incapacitating/Disabled Injury,9a6ae5bd-8fa3-44ef-b8df-a9142e5345c8,D,AE3472000R,Shoulder/Lap Belt(s),M,185934dd-7394-4ee1-af48-6c88540ac22a,Same Direction Rear End,N,Non Intersection,Left Turn Lane,Daylight,No Defects,"Two-way, Divided, Positive Median Barrier",Dry,Clear,Twelve o'clock,Pickup Truck,Destroyed,N,Skidding,2015-03-29 18:32,65,39.35245183,-76.4547801
Y,Apparently Normal,No Misuse,Y,No Injury,0d7836f6-a97b-44eb-aa5b-a62da4dea79d,D,AE34810007,Shoulder/Lap Belt(s),M,9a2dc427-384a-46d4-979f-da0fae41cb2f,Single Vehicle ,N,Non Intersection,Right Turn Lane,Daylight,No Defects,"Two-way, Not Divided",Dry,Clear,Twelve o'clock,"Medium/Heavy Truck 2 axles (10,000 lbs (4,536 kg) or less)",Destroyed,N,Moving Constant Speed,2015-03-30 8:50,24,39.60848204,-76.57658458
N,Apparently Normal,No Misuse,Y,Incapacitating/Disabled Injury,eb57f772-ed7d-40c8-b125-6bd19d340294,D,AE35000019,Shoulder/Lap Belt(s),M,12e248cd-4dc6-4506-be44-1da155332bd8,Angle Meets Left Turn Head On,N,Intersection,Right Turn Lane,Dark Lights On,No Defects,"Two-way, Divided, Unprotected (painted >4 feet) Median",Dry,Clear,Nine o'clock,Passenger Car,Disabling,N,Making Left Turn,2015-01-30 22:02,49,39.34659656,-76.73834324
N,Apparently Normal,No Misuse,Y,No Injury,d8789581-444a-4078-bc1b-19d153bee37c,D,AE3510000B,Shoulder/Lap Belt(s),M,a9d55171-1050-477a-a798-9961d340d69f,Single Vehicle ,N,Non Intersection,Right Turn Lane,Daylight,No Defects,"Two-way, Not Divided",Dry,Clear,Four o'clock,Passenger Car,Disabling,N,Moving Constant Speed,2015-03-06 17:50,20,39.58998921,-76.69064283
N,Apparently Normal,No Misuse,N,No Injury,05b24941-27fd-4f72-81b6-4b71e0f09b95,D,AE3523000F,Shoulder/Lap Belt(s),M,f1b6431b-5431-458a-a707-07b7f1ee54e9,Single Vehicle ,N,Non Intersection,Right Turn Lane,Dark No Lights,No Defects,"Two-way, Not Divided",Dry,Clear,Twelve o'clock,Police Vehicle/Non Emergency,Functional,N,Moving Constant Speed,2015-03-25 2:26,47,39.44913489,-76.47233248
N,Apparently Normal,No Misuse,N,No Injury,1ce40b0c-6bd1-415a-8672-a13382fed1e7,D,AE36150007,Shoulder/Lap Belt(s),M,c5ea9013-daf9-46f7-96a5-e10a6f338a69,Same Movement Angle,N,Intersection,Right Turn Lane,Dark Lights On,No Defects,"Two-way, Not Divided",Dry,Clear,Two o'clock,Passenger Car,Superficial,N,Moving Constant Speed,2015-03-07 1:53,21,39.31217887,-76.52719975
N,Apparently Normal,No Misuse,Y,No Injury,dcd858ca-4f95-4516-8bc2-7ac81bb184c9,D,AE36270005,Shoulder/Lap Belt(s),M,8ecb7508-c02a-4545-9c57-142825f7aede,Single Vehicle ,N,Non Intersection,Right Turn Lane,Dark Lights On,No Defects,"Two-way, Divided, Positive Median Barrier",Wet,Raining,Eight o'clock,Police Vehicle/Non Emergency,Functional,N,Moving Constant Speed,2015-03-16 22:24,46,39.33215643,-76.48792148
N,Apparently Normal,No Misuse,Y,No Injury,3741fe76-c9a3-4cd1-af92-f2028db6e495,D,AE36870005,Shoulder/Lap Belt(s),M,378bd8cc-601e-494e-a51a-26e015a6cbf0,Single Vehicle ,N,Non Intersection,Right Turn Lane,Dark Lights On,No Defects,"Two-way, Divided, Unprotected (painted >4 feet) Median",Ice,Clear,Twelve o'clock,Passenger Car,Disabling,N,Moving Constant Speed,2015-01-08 0:30,20,39.34582702,-76.85566574
N,Apparently Normal,No Misuse,Y,No Injury,2abbb696-983e-4022-af9f-c651184d7136,D,AE36870006,Shoulder/Lap Belt(s),M,11bea63c-2a36-43fb-89a6-588c19ce07b1,Single Vehicle ,N,Non Intersection,Right Turn Lane,Dark No Lights,No Defects,"Two-way, Divided, Unprotected (painted >4 feet) Median",Ice,Raining,Five o'clock,(Sport) Utility Vehicle,Disabling,N,Moving Constant Speed,2015-01-11 23:51,34,39.33124358,-76.81655645
N,Apparently Normal,No Misuse,Y,No Injury,99fa3151-42b9-4691-a935-384beb4789d0,D,AE36870007,Shoulder/Lap Belt(s),M,c4749e5e-e776-43ab-9a41-b70a30cecdd3,Single Vehicle ,N,Non Intersection,Right Turn Lane,Dark No Lights,No Defects,"Two-way, Not Divided",Ice,Wintry Mix,Eleven o'clock,Passenger Car,Disabling,N,Moving Constant Speed,2015-01-24 1:47,54,39.35536373,-76.81623459
N,Apparently Normal,No Misuse,Y,No Injury,bb1a4c27-a3d0-4694-b7e9-159a89a86019,D,AE37270009,Shoulder/Lap Belt(s),M,11449a36-573b-4283-ae84-21262d88b2b5,Single Vehicle ,N,Residential Driveway,Right Turn Lane,Dark No Lights,No Defects,"Two-way, Not Divided",Ice,Wintry Mix,Underside,(Sport) Utility Vehicle,Functional,N,Skidding,2015-02-09 23:42,47,39.51312952,-76.6396594
N,Apparently Normal,No Misuse,N,No Injury,26d9c64d-848e-4e8b-b0a5-5f3c0f99d22e,D,AE3770001S,Shoulder/Lap Belt(s),M,545b9fb1-1752-4cf6-84d6-7731c46bd2b8,Same Movement Angle,N,Crossover Related,Right Turn Lane,Daylight,No Defects,"Two-way, Divided, Unprotected (painted >4 feet) Median",Dry,Clear,Seven o'clock,Passenger Car,Functional,N,Moving Constant Speed,2015-03-30 17:15,60,39.27821348,-76.4805159
N,Apparently Normal,No Misuse,N,No Injury,a4afbcc8-6f77-4342-8a8d-5508e8e301cc,D,AE3788001C,Shoulder/Lap Belt(s),M,31fb8c82-3d06-49af-8109-965f02c9b4bc,Same Direction Rear End,N,Intersection Related,Right Turn Lane,Daylight,No Defects,"Two-way, Divided, Positive Median Barrier",Dry,Clear,Six o'clock,Truck Tractor,Superficial,N,Stopped in Traffic Lane,2015-02-23 14:38,42,39.32835349,-76.75788313
N,Apparently Normal,No Misuse,Y,No Injury,dcbf2f21-df8f-46a8-8356-48a20ea473d7,D,AE3788001C,Shoulder/Lap Belt(s),M,e4e3e3f0-8b8b-495a-ac97-99febaac5f01,Same Direction Rear End,N,Intersection Related,Right Turn Lane,Daylight,No Defects,"Two-way, Divided, Positive Median Barrier",Dry,Clear,Twelve o'clock,"Cargo Van/Light Truck 2 axles (10,000 lbs (4,536 kg) or less)",Disabling,N,Moving Constant Speed,2015-02-23 14:38,65,39.32835349,-76.75788313