CDL_FLAG,CONDITION_CODE,EQUIP_PROB_CODE,FAULT_FLAG,INJ_SEVER_CODE,PERSON_ID,PERSON_TYPE,REPORT_NO,SAF_EQUIP_CODE,SEX_CODE,VEHICLE_ID,COLLISION_TYPE_CODE,C_M_ZONE_FLAG,JUNCTION_CODE,LANE_CODE,LIGHT_CODE,RD_COND_CODE,RD_DIV_CODE,SURF_COND_CODE,WEATHER_CODE,AREA_DAMAGED_CODE_MAIN,BODY_TYPE_CODE,DAMAGE_CODE,HIT_AND_RUN_FLAG,MOVEMENT_CODE,TIME,AGE,LATITUDE,LONGITUDE
N,Apparently Normal,No Misuse,Y,No Injury,50b79d0f-cca5-451e-8e7c-61866af2f8e9,D,AE3788001J,Shoulder/Lap Belt(s),M,0cfe8862-ee25-47e1-9603-399f3f37dadb,Head On,N,Non Intersection,Right Turn Lane,Daylight,No Defects,"Two-way, Not Divided",Wet,Clear,Eight o'clock,"Medium/Heavy Truck 2 axles (10,000 lbs (4,536 kg) or less)",No Damage,N,Moving Constant Speed,2015-03-02 6:44,50,39.31032773,-76.79237366
N,Apparently Normal,No Misuse,Y,No Injury,ab5165ce-913d-4806-935f-837af4b00306,D,AE3788001T,Shoulder/Lap Belt(s),M,598b9d27-34ec-4967-8488-4d92354f5155,Head On Left Turn,N,Intersection,Right Turn Lane,Dark Lights On,No Defects,"Two-way, Divided, Positive Median Barrier",Dry,Clear,One o'clock,Passenger Car,Disabling,N,Making Left Turn,2015-03-17 20:02,67,39.31202888,-76.75483562
N,Apparently Normal,No Misuse,Y,No Injury,18ded122-0cd4-44c1-bc7e-066b1356e775,D,AE3788001T,Shoulder/Lap Belt(s),M,38a0f3d2-6fef-4345-aa8b-1474a2b04035,Head On Left Turn,N,Intersection,Right Turn Lane,Dark Lights On,No Defects,"Two-way, Divided, Positive Median Barrier",Dry,Clear,Twelve o'clock,Passenger Car,Disabling,N,Moving Constant Speed,2015-03-17 20:02,30,39.31202888,-76.75483562
N,Apparently Normal,No Misuse,N,No Injury,992a9b6a-6313-44b8-a25c-2048322ab889,D,AE3788001Y,Shoulder/Lap Belt(s),M,60f41d81-5bd1-49db-9572-518568e16d50,Same Direction Rear End,N,Intersection Related,Left Turn Lane,Daylight,No Defects,"Two-way, Not Divided",Dry,Clear,Six o'clock,Passenger Car,Superficial,N,Accelerating,2015-03-23 11:30,61,39.31231998,-76.74387932
N,Apparently Normal,No Misuse,Y,No Injury,e11abff5-f58f-434a-a43e-cba037353563,D,AE3788001Y,Shoulder/Lap Belt(s),M,c284da84-7999-4127-8bd5-2b7d4a6f357c,Same Direction Rear End,N,Intersection Related,Left Turn Lane,Daylight,No Defects,"Two-way, Not Divided",Dry,Clear,Twelve o'clock,Passenger Car,Superficial,N,Slowing or Stopping,2015-03-23 11:30,30,39.31231998,-76.74387932
N,Apparently Normal,No Misuse,Y,No Injury,114877a7-ad91-4442-a4f4-a851ebeec3dc,D,AE37880021,Shoulder/Lap Belt(s),M,fc173f56-e2f5-4eff-8e64-67d13adefa7e,Same Movement Angle,N,Intersection,Left Turn Lane,Daylight,No Defects,"Two-way, Divided, Positive Median Barrier",Dry,Clear,Twelve o'clock,Pickup Truck,Disabling,N,Moving Constant Speed,2015-03-30 13:50,67,39.3127076,-76.74676958
N,Apparently Normal,No Misuse,N,Possible Incapacitating Injury,724f54aa-092b-4987-9503-d4cf3622a84f,D,AE37880021,Shoulder/Lap Belt(s),M,dcdedbab-ccd2-45c1-b8d5-1386bc0ad18c,Same Movement Angle,N,Intersection,Left Turn Lane,Daylight,No Defects,"Two-way, Divided, Positive Median Barrier",Dry,Clear,Ten o'clock,Passenger Car,Disabling,N,Making Left Turn,2015-03-30 13:50,46,39.3127076,-76.74676958
N,Apparently Normal,No Misuse,Y,No Injury,9c08233b-fc4f-42ca-b9bc-462e0a62a76b,D,AE37980004,Shoulder/Lap Belt(s),M,3317ff9d-b747-4756-8ff9-1261b95dca5d,Single Vehicle ,N,Non Intersection,Left Turn Lane,Daylight,No Defects,"Two-way, Not Divided",Snow,Snow,Twelve o'clock,Passenger Car,Disabling,N,Slowing or Stopping,2015-01-06 8:00,21,39.39268501,-76.60287023
N,Apparently Normal,No Misuse,N,No Injury,1b14e679-d6f4-4342-ab84-4ac3f485c2ce,D,AE37980008,Shoulder/Lap Belt(s),M,4046dbff-68ce-41b8-b59f-38d2f41cddfc,Same Direction Sideswipe,N,Non Intersection,Right Turn Lane,Daylight,No Defects,"Two-way, Not Divided",Ice,Clear,One o'clock,Passenger Car,Functional,N,Moving Constant Speed,2015-02-06 11:51,63,39.38180584,-76.6539824
N,Apparently Normal,No Misuse,Y,No Injury,c412e71b-a226-4345-a967-08eb947f938f,D,AE37980008,Shoulder/Lap Belt(s),M,fe3c9c22-4c8a-471b-b537-b0e9aa3f82f6,Same Direction Sideswipe,N,Non Intersection,Right Turn Lane,Daylight,No Defects,"Two-way, Not Divided",Ice,Clear,Eleven o'clock,Passenger Car,Disabling,N,Slowing or Stopping,2015-02-06 11:51,24,39.38180584,-76.6539824
N,Apparently Normal,No Misuse,Y,No Injury,b6b0c611-0dd0-493d-98da-3af7763780f5,D,AE38030008,Shoulder/Lap Belt(s),M,0ccc90a1-55c8-4f04-9601-2246e5e69f08,Single Vehicle ,N,Intersection Related,Right Turn Lane,Dark Lights On,No Defects,"Two-way, Not Divided",Dry,Clear,One o'clock,Passenger Car,Disabling,N,Making Left Turn,2015-02-05 2:00,19,39.43324304,-76.63706303
N,Apparently Normal,No Misuse,Y,No Injury,2b1cca78-718e-44e7-86d0-8f8b11342aad,D,AE3803000C,Shoulder/Lap Belt(s),M,51bb3b7a-74fd-4e02-9112-1c8924dbfcce,Single Vehicle ,N,Non Intersection,Left Turn Lane,Daylight,No Defects,"Two-way, Not Divided",Ice,Sleet,Twelve o'clock,(Sport) Utility Vehicle,Disabling,N,Moving Constant Speed,2015-02-10 9:05,24,39.45362504,-76.64980888
N,Apparently Normal,No Misuse,N,No Injury,795a85d9-9d15-4a0f-83b9-8dcddf37ad8d,D,AE38400007,Shoulder/Lap Belt(s),M,b8406179-ec2d-425d-a61f-4dc165632167,Same Direction Rear End,N,Non Intersection,Right Turn Lane,Dark No Lights,No Defects,"Two-way, Not Divided",Ice,Clear,Six o'clock,Passenger Car,Destroyed,N,Moving Constant Speed,2015-03-10 2:34,35,39.39059555,-76.77588344
N,Apparently Normal,No Misuse,Y,No Injury,75156376-f68b-4f13-ae84-76d51d975c01,D,AE38680007,Shoulder/Lap Belt(s),M,c0794392-49af-4dda-a740-320543352265,Single Vehicle ,N,Non Intersection,Right Turn Lane,Dark No Lights,No Defects,"Two-way, Not Divided",Ice,Clear,Twelve o'clock,Pickup Truck,Disabling,N,Moving Constant Speed,2015-01-19 2:25,47,39.41444654,-76.40585661
N,Apparently Normal,No Misuse,N,Non-incapacitating Injury,0688fa09-b3dd-4682-a72b-6969cca1ab2e,D,AE38680008,Shoulder/Lap Belt(s),M,bea0fb34-ec08-4240-ae14-be62df4d62e2,Head On,N,Intersection,Right Turn Lane,Dark Lights On,No Defects,"Two-way, Not Divided",Wet,Raining,Twelve o'clock,Passenger Car,Disabling,N,Moving Constant Speed,2015-01-24 6:05,27,39.38438482,-76.49774909
N,Apparently Normal,No Misuse,Y,No Injury,4518712d-1018-4c39-99e5-51c9a2bf8439,D,AE39120004,Shoulder/Lap Belt(s),M,f7110ca9-826b-4882-afc9-5ce297294f0a,Single Vehicle ,N,Non Intersection,Right Turn Lane,Dark Lights On,No Defects,"Two-way, Divided, Unprotected (painted >4 feet) Median",Wet,Raining,Eleven o'clock,Van,Disabling,N,Moving Constant Speed,2015-01-04 2:00,28,39.37386928,-76.56552315
N,Apparently Normal,No Misuse,Y,No Injury,be62cbb0-485b-4fee-91d8-8c07719660d4,D,AE39390004,Shoulder/Lap Belt(s),M,b2a75b60-c42d-4cb9-a537-91a4320e7acd,Single Vehicle ,N,Non Intersection,Right Turn Lane,Daylight,No Defects,"Two-way, Not Divided",Snow,Snow,Ten o'clock,Pickup Truck,Disabling,N,Slowing or Stopping,2015-01-06 15:40,35,39.54426088,-76.70889258
N,Apparently Normal,No Misuse,N,No Injury,e80a4470-8337-4f5d-87be-8d51c844dc88,D,AE39780010,Shoulder/Lap Belt(s),M,594c3158-0c34-43ec-ba71-f29787a196a3,Opposite Direction Sideswipe,N,Non Intersection,Right Turn Lane,Dark No Lights,Foreign Material,"Two-way, Not Divided",Ice,Sleet,Ten o'clock,Passenger Car,Functional,N,Moving Constant Speed,2015-02-09 21:30,55,39.59449507,-76.7997551
N,Apparently Normal,No Misuse,Y,No Injury,021b250c-313f-495e-8471-623238e0eaaa,D,AE39780010,Shoulder/Lap Belt(s),M,30f47e91-33f5-495a-a633-0c3a9e519829,Opposite Direction Sideswipe,N,Non Intersection,Right Turn Lane,Dark No Lights,Foreign Material,"Two-way, Not Divided",Ice,Sleet,Six o'clock,Police Vehicle/Non Emergency,Disabling,N,Moving Constant Speed,2015-02-09 21:30,31,39.59449507,-76.7997551
N,Apparently Normal,No Misuse,Y,No Injury,4745e29f-7031-4468-b135-b88feab31eab,D,AE40480006,Shoulder/Lap Belt(s),M,7e748d15-2b49-4468-89fe-cde3d24b5c2e,Head On,N,Non Intersection,Right Turn Lane,Dark Lights On,Foreign Material,"Two-way, Not Divided",Ice,Severe Winds,Twelve o'clock,Pickup Truck,Disabling,N,Moving Constant Speed,2015-02-15 1:44,28,39.26263782,-76.49405837
N,Apparently Normal,No Misuse,Y,No Injury,4ba98cb5-3f6c-4b9a-823b-fcebf19423b3,D,AE40520007,Shoulder/Lap Belt(s),M,1fc96ce1-9edc-4159-b505-5424d0292f23,Single Vehicle ,N,Intersection,Right Turn Lane,Daylight,No Defects,"Two-way, Divided, Unprotected (painted >4 feet) Median",Wet,Raining,Twelve o'clock,Pickup Truck,Disabling,N,Moving Constant Speed,2015-02-02 9:52,20,39.6593239,-76.80249029
N,Apparently Normal,No Misuse,N,No Injury,2842eb5c-4d2f-4ca8-a7df-58c8b9a030b0,D,AE4083000N,Shoulder/Lap Belt(s),M,0a8dbd0c-ae78-4c4d-8866-6e4c0c409e96,Same Direction Sideswipe,N,Intersection,Right Turn Lane,Dark Lights On,No Defects,"Two-way, Not Divided with a Continuous Left Turn Lane",Dry,Clear,One o'clock,Police Vehicle/Emergency,Superficial,N,Making Left Turn,2015-03-02 21:51,26,39.39461688,-76.49284601
N,Apparently Normal,No Misuse,Y,No Injury,5a14e0b6-47a9-466e-b11e-f2cf3870a5b7,D,AE4083000S,Shoulder/Lap Belt(s),M,f2845904-3f4c-45f4-942c-3d3b2a3f59c4,Opposite Direction Sideswipe,N,Intersection,Right Turn Lane,Dark Lights On,No Defects,"Two-way, Not Divided",Wet,Snow,Twelve o'clock,Passenger Car,Functional,Y,Making Right Turn,2015-03-20 4:40,26,39.36061479,-76.72501802
N,Apparently Normal,No Misuse,N,No Injury,a7704fdf-3a2b-4612-9af7-eae1c59fb92d,D,AE41340010,Shoulder/Lap Belt(s),M,99804c38-a261-47cb-a219-59feadc326e9,Same Direction Rear End,N,Non Intersection,Left Turn Lane,Daylight,No Defects,"Two-way, Divided, Positive Median Barrier",Dry,Clear,Six o'clock,Pickup Truck,Functional,N,Stopped in Traffic Lane,2015-02-23 16:40,26,39.32030504,-76.45390034
N,Apparently Normal,No Misuse,Y,No Injury,8856f438-7d5b-4507-b446-f217cdda3953,D,AE41340010,Shoulder/Lap Belt(s),M,f2c44b35-7f6a-4003-a9a6-5bab7401f10a,Same Direction Rear End,N,Non Intersection,Left Turn Lane,Daylight,No Defects,"Two-way, Divided, Positive Median Barrier",Dry,Clear,Twelve o'clock,(Sport) Utility Vehicle,Disabling,N,Moving Constant Speed,2015-02-23 16:40,54,39.32030504,-76.45390034
Y,Apparently Normal,No Misuse,N,No Injury,e8c45bc6-93c1-426b-9aab-8b23855eaa7b,D,AE42640009,Shoulder/Lap Belt(s),M,04115ad4-cc8a-473f-8653-8a007f9ab5ae,Same Direction Sideswipe,N,Intersection,Right Turn Lane,Dark Lights On,No Defects,"Two-way, Not Divided",Slush,Sleet,Twelve o'clock,"Medium/Heavy Truck 2 axles (10,000 lbs (4,536 kg) or less)",Superficial,N,Moving Constant Speed,2015-02-22 1:27,51,39.40245989,-76.58517838
N,Apparently Normal,No Misuse,Y,No Injury,59d03a95-b4af-4c0b-9a6c-32245a8a7ecc,D,AE42640009,Shoulder/Lap Belt(s),M,4cbf12d9-f59f-455b-b92f-77ff6ab980c7,Same Direction Sideswipe,N,Intersection,Right Turn Lane,Dark Lights On,No Defects,"Two-way, Not Divided",Slush,Sleet,Twelve o'clock,Passenger Car,Functional,N,Skidding,2015-02-22 1:27,22,39.40245989,-76.58517838
N,Apparently Normal,No Misuse,Y,No Injury,ca70e2a4-daa2-4485-bfdb-6e50d14b54c8,D,AE42790002,Shoulder/Lap Belt(s),M,0f1f9771-c485-4b0d-9b0f-73711773eaab,Single Vehicle ,N,Non Intersection,Right Turn Lane,Dark No Lights,No Defects,"Two-way, Divided, Positive Median Barrier",Snow,Snow,Twelve o'clock,Passenger Car,Disabling,N,Moving Constant Speed,2015-01-06 7:00,46,39.513361,-76.662962
N,Apparently Normal,No Misuse,N,No Injury,ad8fa9b4-5299-45db-a7b0-5be2a7a9df79,D,AE42790014,Shoulder/Lap Belt(s),M,b1436759-7c3d-4c62-bd27-4976ef152fdb,Single Vehicle ,N,Non Intersection,Right Turn Lane,Dark No Lights,No Defects,"Two-way, Not Divided",Wet,Sleet,Two o'clock,"Medium/Heavy Truck 2 axles (10,000 lbs (4,536 kg) or less)",Superficial,N,Moving Constant Speed,2015-01-29 19:05,55,39.420197,-76.605776
N,Apparently Normal,No Misuse,N,No Injury,f267d276-228b-4baa-97a3-6d83f198bf62,D,AE4311000D,Shoulder/Lap Belt(s),M,25c54709-0485-4dd7-a132-f95491415f1b,Same Direction Both Left Turn,N,Non Intersection,Left Turn Lane,Daylight,No Defects,"Two-way, Not Divided",Dry,Clear,Nine o'clock,Passenger Car,Functional,N,Making Left Turn,2015-02-15 12:00,64,39.41617059,-76.62945896
N,Apparently Normal,No Misuse,Y,No Injury,638b1cb3-2213-48a1-9c09-69d0d0b2fa4c,D,AE4311000F,Shoulder/Lap Belt(s),M,86c186ce-ea31-4009-974d-2a899f1486a3,Single Vehicle ,N,Intersection,Right Turn Lane,Daylight,No Defects,"Two-way, Not Divided",Snow,Snow,One o'clock,Passenger Car,Disabling,N,Making Left Turn,2015-02-26 7:47,51,39.46745821,-76.80271626
N,Apparently Normal,No Misuse,N,No Injury,978e9717-d277-4434-ad7a-55c7f90e7cbf,D,AE4311000G,Shoulder/Lap Belt(s),M,07871a25-8332-4ec4-915b-6570d1bc348f,Single Vehicle ,N,Non Intersection,Right Turn Lane,Daylight,No Defects,"Two-way, Not Divided",Dry,Clear,Seven o'clock,Pickup Truck,Functional,N,Moving Constant Speed,2015-03-17 13:36,67,39.59610719,-76.81453943
N,Apparently Normal,No Misuse,N,No Injury,8e6ec620-73c0-4d34-ad6c-13d389aa4bfe,D,AE44240007,Shoulder/Lap Belt(s),M,ee6fe0fe-d8e0-4091-be6c-5f7e18300ca2,Same Direction Left Turn,N,Non Intersection,Right Turn Lane,Daylight,No Defects,"Two-way, Not Divided",Dry,Clear,One o'clock,Pickup Truck,Disabling,N,Moving Constant Speed,2015-02-11 7:08,34,39.36212451,-76.77788973
N,Apparently Normal,No Misuse,Y,No Injury,d05aca8b-cd43-4f2a-8757-e214152ddf88,D,AE44240007,Shoulder/Lap Belt(s),M,6f9809a5-cbf7-457a-a4cc-8784d68789b9,Same Direction Left Turn,N,Non Intersection,Right Turn Lane,Daylight,No Defects,"Two-way, Not Divided",Dry,Clear,Eleven o'clock,Passenger Car,Disabling,N,Changing Lanes,2015-02-11 7:08,27,39.36212451,-76.77788973
N,Apparently Normal,No Misuse,N,No Injury,bed4a5f8-d21f-4394-aa84-08eb82017d33,D,AE44240009,Shoulder/Lap Belt(s),M,fbb33b7b-aed1-45e8-b64d-4e5faa031fa8,Same Direction Rear End,N,Non Intersection,Right Turn Lane,Daylight,No Defects,"Two-way, Not Divided",Dry,Clear,Six o'clock,Pickup Truck,Functional,N,Stopped in Traffic Lane,2015-02-13 8:47,66,39.32589071,-76.75915718
N,Apparently Normal,No Misuse,Y,No Injury,4016d025-a06e-4899-b89d-5fdeb79e105a,D,AE44240009,Shoulder/Lap Belt(s),M,a6dbc169-e726-4262-8306-368fdc776b6f,Same Direction Rear End,N,Non Intersection,Right Turn Lane,Daylight,No Defects,"Two-way, Not Divided",Dry,Clear,Twelve o'clock,Passenger Car,Disabling,N,Slowing or Stopping,2015-02-13 8:47,23,39.32589071,-76.75915718
N,Apparently Normal,No Misuse,N,No Injury,529d2855-e96d-4f81-b9f8-ba98a2c33504,D,AE4424000H,Shoulder/Lap Belt(s),M,da93e2b0-af01-43b9-bc16-76eca8ea89a0,Same Direction Left Turn,N,Non Intersection,Right Turn Lane,Daylight,No Defects,"Two-way, Not Divided",Dry,Clear,Eleven o'clock,"Cargo Van/Light Truck 2 axles (10,000 lbs (4,536 kg) or less)",Disabling,N,Making Left Turn,2015-02-24 10:10,57,39.32526826,-76.74010277
N,Apparently Normal,No Misuse,Y,No Injury,2fc358af-8c5b-4914-8afb-d7d031313f1a,D,AE4424000H,Shoulder/Lap Belt(s),M,213c03e5-bc8f-46d4-9038-efd50abc2849,Same Direction Left Turn,N,Non Intersection,Right Turn Lane,Daylight,No Defects,"Two-way, Not Divided",Dry,Clear,One o'clock,Passenger Car,Functional,N,Moving Constant Speed,2015-02-24 10:10,45,39.32526826,-76.74010277
N,Apparently Normal,No Misuse,Y,No Injury,ad45aa0a-a52d-47d4-b978-8db4b044a361,D,AE4424000L,Shoulder/Lap Belt(s),M,edddfc27-dc80-4ef1-8af8-d810ca8cde59,Single Vehicle ,N,Non Intersection,Right Turn Lane,Daylight,No Defects,"Two-way, Not Divided",Snow,Snow,Eleven o'clock,Passenger Car,Disabling,N,Moving Constant Speed,2015-02-26 7:00,25,39.33677029,-76.7927599
N,Apparently Normal,No Misuse,N,No Injury,26900c8d-45fc-48ba-8354-37f90f6dd71f,D,AE4424000N,Shoulder/Lap Belt(s),M,618992c9-8b9d-4edc-81aa-489b8ce10d58,Same Direction Rear End,N,Non Intersection,Right Turn Lane,Daylight,No Defects,"Two-way, Not Divided",Ice,Clear,Six o'clock,Pickup Truck,Superficial,N,Parked  ,2015-03-06 10:09,51,39.3297249,-76.72941685
N,Apparently Normal,No Misuse,Y,No Injury,b41d3078-5cf9-4174-bd31-0650c9d063e0,D,AE4424000N,Shoulder/Lap Belt(s),M,695f5524-4730-4fd1-95a3-98875da83257,Same Direction Rear End,N,Non Intersection,Right Turn Lane,Daylight,No Defects,"Two-way, Not Divided",Ice,Clear,Twelve o'clock,Passenger Car,Disabling,N,Slowing or Stopping,2015-03-06 10:09,36,39.3297249,-76.72941685
N,Apparently Normal,No Misuse,N,No Injury,fa3594b6-d926-4dd4-82fa-dde354f739f6,D,AE4424000R,Shoulder/Lap Belt(s),M,93d8a0be-48ab-479c-a673-0d72954322bd,Same Direction Sideswipe,N,Intersection,Right Turn Lane,Daylight,No Defects,"Two-way, Not Divided",Dry,Clear,Ten o'clock,"Other Light Trucks (10,000 lbs (4,536 kg))",Superficial,N,Stopped in Traffic Lane,2015-03-13 17:17,52,39.35087554,-76.7502737
N,Apparently Normal,No Misuse,Y,No Injury,da167a43-4769-4a99-90fb-959b596eaea4,D,AE4424000R,Shoulder/Lap Belt(s),M,0abf5408-b213-4228-b48b-a633ac3fefd5,Same Direction Sideswipe,N,Intersection,Right Turn Lane,Daylight,No Defects,"Two-way, Not Divided",Dry,Clear,Two o'clock,Ambulance/Non Emergency,Superficial,N,Passing,2015-03-13 17:17,28,39.35087554,-76.7502737
N,Apparently Normal,No Misuse,N,No Injury,1a86e0a5-e3aa-4869-96c4-71b174b277cd,D,AE44920003,Shoulder/Lap Belt(s),M,ed4b2316-e014-4017-bb42-1d9d4c3ef6e7,Same Direction Right Turn,N,Intersection,Left Turn Lane,Dark Lights On,No Defects,"Two-way, Not Divided",Wet,Cloudy,Seven o'clock,(Sport) Utility Vehicle,Superficial,N,Starting From Lane,2015-03-11 5:50,62,39.39521799,-76.60370171
N,Apparently Normal,No Misuse,N,No Injury,6d98a375-8674-4e47-b852-f92843c35056,D,AE4519000F,Shoulder/Lap Belt(s),M,167990f3-3049-4768-a0cf-38427e0163db,Same Movement Angle,N,Intersection Related,Right Turn Lane,Daylight,No Defects,"Two-way, Not Divided",Dry,Clear,Twelve o'clock,Passenger Car,Disabling,N,Moving Constant Speed,2015-01-28 14:20,26,39.28035405,-76.50372505
N,Apparently Normal,No Misuse,Y,No Injury,e3bdc164-ed36-4862-b0a6-dd1787f7f99a,D,AE4519000F,Shoulder/Lap Belt(s),M,00e940cb-c0ba-4681-b5d8-47c318e7802e,Same Movement Angle,N,Intersection Related,Right Turn Lane,Daylight,No Defects,"Two-way, Not Divided",Dry,Clear,Eleven o'clock,Van,Disabling,N,Making Left Turn,2015-01-28 14:20,69,39.28035405,-76.50372505
Y,Apparently Normal,No Misuse,N,No Injury,0af5f7e3-1d4c-44e9-be99-779cebd678e9,D,AE4519000G,Shoulder/Lap Belt(s),M,7ca253fd-05b8-4732-a0b3-dcc458298683,Same Direction Right Turn,N,Non Intersection,Right Turn Lane,Daylight,No Defects,"Two-way, Not Divided",Dry,Clear,Four o'clock,Transit Bus,Superficial,N,Making Right Turn,2015-01-28 16:10,63,39.27159201,-76.47117376
Y,Apparently Normal,No Misuse,Y,No Injury,1eeb0549-dab2-49d1-a85c-f32b4fe4fde5,D,AE4519000G,Shoulder/Lap Belt(s),M,f373639c-a70f-462e-a66f-2876d35149be,Same Direction Right Turn,N,Non Intersection,Right Turn Lane,Daylight,No Defects,"Two-way, Not Divided",Dry,Clear,Eleven o'clock,Truck Tractor,Functional,N,Making Right Turn,2015-01-28 16:10,67,39.27159201,-76.47117376
N,Apparently Normal,No Misuse,Y,No Injury,7b86122c-3fc9-441a-a70a-140556034a64,D,AE4519000J,Shoulder/Lap Belt(s),M,42abc9b7-5225-467c-9d54-62026d85e7c6,Same Direction Right Turn,N,Intersection Related,Right Turn Lane,Daylight,No Defects,"Two-way, Not Divided",Dry,Clear,Eleven o'clock,(Sport) Utility Vehicle,Superficial,N,Making Right Turn,2015-02-11 12:30,32,39.27283787,-76.51787639
N,Apparently Normal,No Misuse,N,No Injury,a7995d0b-f14d-40b4-943c-5c06ff523da2,D,AE45210007,Shoulder/Lap Belt(s),M,1cd10390-63ee-45cb-a0ed-92d75932246f,Same Direction Rear End,N,Non Intersection,Right Turn Lane,Daylight,No Defects,"Two-way, Not Divided",Dry,Clear,Six o'clock,Pickup Truck,Superficial,N,Moving Constant Speed,2015-01-19 8:35,48,39.2380702,-76.68321848
N,Apparently Normal,No Misuse,Y,No Injury,4b284c0d-e226-4fbd-85df-5a6257229220,D,AE45220006,Shoulder/Lap Belt(s),M,4a09b339-3904-4c8d-860c-e32a286210dc,Single Vehicle ,N,Non Intersection,Right Turn Lane,Dark Lights On,"Holes, Ruts, Etc.","Two-way, Divided, Positive Median Barrier",Wet,Clear,Ten o'clock,Passenger Car,Destroyed,N,Moving Constant Speed,2015-03-05 3:25,31,39.39720368,-76.40562057
N,Apparently Normal,No Misuse,Y,No Injury,cd241f1a-f1dd-45d2-9a10-4b95bba01d69,D,AE45220007,Shoulder/Lap Belt(s),M,d8c8d591-e451-4648-ada5-eff102484765,Single Vehicle ,N,Intersection Related,Right Turn Lane,Dark Lights On,No Defects,"Two-way, Not Divided",Wet,Raining,Twelve o'clock,(Sport) Utility Vehicle,Destroyed,N,Moving Constant Speed,2015-03-13 0:18,32,39.35288323,-76.43677711
N,Apparently Normal,No Misuse,N,No Injury,f13e97b0-aa72-4714-aeda-acb90e3da2a4,D,AE4538000D,Shoulder/Lap Belt(s),M,03d17cb7-95b3-4d6d-8345-a65219e51ee3,Same Direction Sideswipe,N,Intersection Related,Left Turn Lane,Dark Lights On,No Defects,"Two-way, Divided, Positive Median Barrier",Wet,Raining,Eight o'clock,Passenger Car,Superficial,N,Moving Constant Speed,2015-03-04 19:50,65,39.22247939,-76.70001984
N,Apparently Normal,No Misuse,Y,No Injury,b8382879-8dff-43ab-8993-3e46e6844069,D,AE4546000T,Shoulder/Lap Belt(s),M,625acfbc-be2e-4020-af10-5bfb9218804d,Same Movement Angle,N,Commercial Driveway,Right Turn Lane,Daylight,No Defects,"Two-way, Not Divided",Wet,Clear,Eleven o'clock,Passenger Car,Disabling,N,Making Left Turn,2015-03-06 16:16,68,39.4420594,-76.80877805
N,Apparently Normal,No Misuse,N,Possible Incapacitating Injury,6924c421-4d1c-48b1-9630-5d5bf5cfbe31,D,AE4546000T,Shoulder/Lap Belt(s),M,7fb504ac-0e1e-4f9d-93d8-4c1dfcfec4d4,Same Movement Angle,N,Commercial Driveway,Right Turn Lane,Daylight,No Defects,"Two-way, Not Divided",Wet,Clear,One o'clock,Passenger Car,Disabling,N,Moving Constant Speed,2015-03-06 16:16,22,39.4420594,-76.80877805
N,Apparently Normal,No Misuse,N,No Injury,7db0b0b3-d261-41b5-8abf-c4d0d6bde36c,D,AE45500003,Shoulder/Lap Belt(s),M,f11eb78c-25b0-4f17-8617-283253185abf,Same Direction Rear End Right Turn,N,Intersection,Right Turn Lane,Dark Lights On,No Defects,"Two-way, Not Divided",Wet,Cloudy,Five o'clock,Passenger Car,Functional,N,Making Right Turn,2015-03-07 22:18,26,39.31910983,-76.51167512
N,Apparently Normal,No Misuse,N,No Injury,eda8e483-c053-4132-96c7-9de026cc4aa5,D,AE4552000C,Shoulder/Lap Belt(s),M,2a562398-719a-4c67-8073-6db848434ebf,Same Direction Sideswipe,N,Non Intersection,Left Turn Lane,Dark Lights On,No Defects,"Two-way, Divided, Unprotected (painted >4 feet) Median",Dry,Cloudy,Three o'clock,Passenger Car,Superficial,N,Moving Constant Speed,2015-01-19 19:43,37,39.27253056,-76.50256634
N,Had Been Drinking,No Misuse,Y,No Injury,effe4e55-0d3e-434f-a762-6ccc8c9b5016,D,AE4552000C,Shoulder/Lap Belt(s),M,987d839c-31fa-446c-bef1-3ecbf8a17910,Same Direction Sideswipe,N,Non Intersection,Left Turn Lane,Dark Lights On,No Defects,"Two-way, Divided, Unprotected (painted >4 feet) Median",Dry,Cloudy,Ten o'clock,Pickup Truck,Superficial,Y,Moving Constant Speed,2015-01-19 19:43,52,39.27253056,-76.50256634
N,Apparently Normal,No Misuse,N,No Injury,c0d828ab-0b55-498f-af03-6523bab4bc82,D,AE45620003,Shoulder/Lap Belt(s),M,a033ce11-c4e8-4e9e-8292-bd4caa90ce63,Same Direction Rear End,N,Non Intersection,Right Turn Lane,Daylight,No Defects,"Two-way, Not Divided",Ice,Clear,Six o'clock,Passenger Car,Disabling,N,Stopped in Traffic Lane,2015-03-09 8:11,18,39.39227251,-76.60012364
N,Apparently Normal,No Misuse,Y,No Injury,b27863f2-2e3c-43cb-9361-1f6611d79af0,D,AE45620003,Shoulder/Lap Belt(s),M,80642f96-c2d2-4e19-a9c3-8064b29dac4e,Same Direction Rear End,N,Non Intersection,Right Turn Lane,Daylight,No Defects,"Two-way, Not Divided",Ice,Clear,Twelve o'clock,Passenger Car,Disabling,N,Slowing or Stopping,2015-03-09 8:11,18,39.39227251,-76.60012364
N,Apparently Normal,No Misuse,Y,No Injury,880ce8cb-e17a-45ea-9797-fadf01d9434f,D,AE46000009,Shoulder/Lap Belt(s),M,0ace5f9a-9b27-40a4-8901-04db9dc6c89a,Single Vehicle ,N,Non Intersection,Right Turn Lane,Dark Lights On,No Defects,"Two-way, Divided, Positive Median Barrier",Wet,Raining,Eleven o'clock,Passenger Car,Disabling,N,Entering Traffic Lane,2015-01-04 21:20,22,39.3679142,-76.51548386