CDL_FLAG,CONDITION_CODE,EQUIP_PROB_CODE,FAULT_FLAG,INJ_SEVER_CODE,PERSON_ID,PERSON_TYPE,REPORT_NO,SAF_EQUIP_CODE,SEX_CODE,VEHICLE_ID,COLLISION_TYPE_CODE,C_M_ZONE_FLAG,JUNCTION_CODE,LANE_CODE,LIGHT_CODE,RD_COND_CODE,RD_DIV_CODE,SURF_COND_CODE,WEATHER_CODE,AREA_DAMAGED_CODE_MAIN,BODY_TYPE_CODE,DAMAGE_CODE,HIT_AND_RUN_FLAG,MOVEMENT_CODE,TIME,AGE,LATITUDE,LONGITUDE
N,Apparently Normal,No Misuse,N,No Injury,2943aeda-66e1-4724-801d-e39796a280d0,D,AE46530003,Shoulder/Lap Belt(s),M,0bb21960-dcca-407c-951e-3e0ed21c4a0f,Same Movement Angle,N,Intersection,Right Turn Lane,Dark Lights On,No Defects,"Two-way, Divided, Positive Median Barrier",Dry,Clear,Nine o'clock,Passenger Car,Disabling,N,Accelerating,2015-02-04 23:17,61,39.41338557,-76.63041115
N,Apparently Normal,No Misuse,Y,No Injury,35ff94c6-52f6-496e-b8d0-0b69dcc9af2c,D,AE46530003,Shoulder/Lap Belt(s),M,47c09254-1a10-446b-b97b-35f646d085b6,Same Movement Angle,N,Intersection,Right Turn Lane,Dark Lights On,No Defects,"Two-way, Divided, Positive Median Barrier",Dry,Clear,Twelve o'clock,Passenger Car,Disabling,N,Moving Constant Speed,2015-02-04 23:17,25,39.41338557,-76.63041115
N,Apparently Normal,No Misuse,N,No Injury,5bba17ac-6472-4c81-93fc-4b449f2c6e7e,D,AE4696000X,Shoulder/Lap Belt(s),M,6a5cb0e8-b7b2-4c27-bcaf-a66d38325b2d,Head On Left Turn,N,Non Intersection,Acceleration Lane,Daylight,No Defects,"Two-way, Not Divided",Dry,Clear,Twelve o'clock,Police Vehicle/Non Emergency,Functional,N,Moving Constant Speed,2015-03-16 17:30,40,39.37425079,-76.50855303
N,Apparently Normal,No Misuse,Y,No Injury,97aaaa33-2ec7-499e-b553-d8fcf4b79d0a,D,AE4696000X,Shoulder/Lap Belt(s),M,177de349-fb56-4274-8353-8602d42f396c,Head On Left Turn,N,Non Intersection,Acceleration Lane,Daylight,No Defects,"Two-way, Not Divided",Dry,Clear,Three o'clock,(Sport) Utility Vehicle,Functional,N,Making Left Turn,2015-03-16 17:30,31,39.37425079,-76.50855303
N,Apparently Normal,No Misuse,N,No Injury,c9d38dd1-6968-44cf-97eb-6b7c90ce09c4,D,AE47140009,Shoulder/Lap Belt(s),M,28b0cebe-b1f5-42ee-befb-902ecd64c0a1,Head On Left Turn,N,Non Intersection,Right Turn Lane,Daylight,No Defects,"Two-way, Divided, Unprotected (painted >4 feet) Median",Wet,Raining,Twelve o'clock,(Sport) Utility Vehicle,Disabling,N,Moving Constant Speed,2015-01-03 12:48,45,39.4375685,-76.65028095
N,Apparently Normal,No Misuse,Y,No Injury,898427ea-004c-4c2c-a4a6-2696b1321031,D,AE47140009,Shoulder/Lap Belt(s),M,781b9cac-bca0-4d80-81bc-b7629ad87d54,Head On Left Turn,N,Non Intersection,Right Turn Lane,Daylight,No Defects,"Two-way, Divided, Unprotected (painted >4 feet) Median",Wet,Raining,Twelve o'clock,Passenger Car,Disabling,N,Making Left Turn,2015-01-03 12:48,17,39.4375685,-76.65028095
N,Apparently Normal,No Misuse,N,No Injury,0e243728-8edc-4bc9-b44f-a3fb8f020e37,D,AE4714000B,Shoulder/Lap Belt(s),M,77af0abe-fbae-45bb-a80a-c9b93a5dfa29,Same Movement Angle,N,Intersection,Right Turn Lane,Daylight,No Defects,"Two-way, Divided, Unprotected (painted >4 feet) Median",Wet,Raining,Twelve o'clock,Passenger Car,Disabling,N,Moving Constant Speed,2015-01-03 12:35,53,39.4461689,-76.61536932
N,Apparently Normal,No Misuse,Y,No Injury,06d9d06b-2133-4c6a-a9b4-34691088399f,D,AE4714000B,Shoulder/Lap Belt(s),M,21efceb4-dd2b-4984-9a2b-6f7d1c430e49,Same Movement Angle,N,Intersection,Right Turn Lane,Daylight,No Defects,"Two-way, Divided, Unprotected (painted >4 feet) Median",Wet,Raining,Two o'clock,(Sport) Utility Vehicle,Functional,N,Moving Constant Speed,2015-01-03 12:35,57,39.4461689,-76.61536932
N,Apparently Normal,No Misuse,Y,No Injury,6c48d4e3-3183-4eaa-87c7-b76a836907c7,D,AE47270018,Shoulder/Lap Belt(s),M,7a307c13-7d03-4bc6-828a-0fe91047613b,Single Vehicle ,N,Non Intersection,Right Turn Lane,Daylight,No Defects,"Two-way, Not Divided",Snow,Snow,Eleven o'clock,(Sport) Utility Vehicle,Disabling,N,Moving Constant Speed,2015-01-06 8:50,32,39.43852139,-76.53113723
N,Apparently Normal,No Misuse,Y,No Injury,dd55c611-2be8-4143-a3f5-54a257704c28,D,AE47270024,Shoulder/Lap Belt(s),M,eb20155a-d228-4157-b68f-589a08aa01b4,Single Vehicle ,N,Non Intersection,Right Turn Lane,Daylight,No Defects,"Two-way, Not Divided",Ice,Cloudy,Nine o'clock,Van,Disabling,N,Moving Constant Speed,2015-03-10 7:43,56,39.47035702,-76.54466629
N,Apparently Normal,No Misuse,N,No Injury,d44f00a4-b9c6-4130-a44f-020f6b50cf8c,D,AE47270026,Shoulder/Lap Belt(s),M,a1af5fab-5950-4cec-8c48-7c08670280c3,Head On Left Turn,N,Intersection,Right Turn Lane,Dark Lights On,No Defects,"Two-way, Not Divided",Dry,Clear,Twelve o'clock,Passenger Car,Destroyed,N,Moving Constant Speed,2015-03-19 19:45,25,39.40420082,-76.54048204
N,Apparently Normal,No Misuse,Y,No Injury,a711a618-eda8-47d6-86d4-47488c34ba36,D,AE47270026,Shoulder/Lap Belt(s),M,226bdd07-5678-45c5-ba9e-4e88b71a09dc,Head On Left Turn,N,Intersection,Right Turn Lane,Dark Lights On,No Defects,"Two-way, Not Divided",Dry,Clear,Twelve o'clock,Passenger Car,Destroyed,N,Making Left Turn,2015-03-19 19:45,18,39.40420082,-76.54048204
N,Apparently Normal,No Misuse,Y,No Injury,99963de0-6725-4601-b926-03fdcf793682,D,AE47320009,Shoulder/Lap Belt(s),M,8fd379f4-de86-40fa-99b4-dd1a5b8d7ce9,Single Vehicle ,N,Intersection,Right Turn Lane,Dawn,No Defects,"Two-way, Not Divided",Ice,Clear,One o'clock,Passenger Car,Disabling,N,Moving Constant Speed,2015-03-02 6:38,24,39.44429646,-76.819067
N,Apparently Normal,No Misuse,N,No Injury,1a440358-99b0-4e73-8df2-0ed563757dff,D,AE47700003,Shoulder/Lap Belt(s),M,2e9a6196-7a1c-4226-b2a8-c7eded8e42d0,Same Direction Right Turn,N,Non Intersection,Left Turn Lane,Daylight,No Defects,"Two-way, Divided, Positive Median Barrier",Dry,Clear,Twelve o'clock,Passenger Car,Destroyed,N,Moving Constant Speed,2015-01-06 13:55,21,39.40367025,-76.39684439
N,Apparently Normal,No Misuse,Y,No Injury,7cc1cf51-6cf1-4f66-adec-58e281d1a3c4,D,AE47700003,Shoulder/Lap Belt(s),M,a6c04681-7feb-4c43-a867-3f4e4a8a59fd,Same Direction Right Turn,N,Non Intersection,Left Turn Lane,Daylight,No Defects,"Two-way, Divided, Positive Median Barrier",Dry,Clear,One o'clock,Passenger Car,Disabling,N,Making Right Turn,2015-01-06 13:55,36,39.40367025,-76.39684439
N,Apparently Normal,No Misuse,Y,No Injury,24932649-ed55-4f68-b3e8-a2ead056b103,D,AE47700005,Shoulder/Lap Belt(s),M,8054f36b-8795-417e-9ff4-000807fc99b5,Single Vehicle ,N,Non Intersection,Right Turn Lane,Dark No Lights,No Defects,"Two-way, Not Divided",Ice,Clear,Twelve o'clock,Passenger Car,Destroyed,N,Moving Constant Speed,2015-03-02 20:06,22,39.36386644,-76.37594461
N,Apparently Normal,No Misuse,Y,No Injury,fe164661-22d4-49b5-9aac-4fb37e33a124,D,AE47740005,Shoulder/Lap Belt(s),M,ad2625ec-4645-40cf-a45d-cb58c8602f78,Single Vehicle ,N,Non Intersection,Right Turn Lane,Dark Lights On,Loose Surface Material,"Two-way, Divided, Positive Median Barrier",Snow,Blowing Snow,Four o'clock,(Sport) Utility Vehicle,Disabling,N,Moving Constant Speed,2015-02-15 0:10,27,39.35369625,-76.40909672
N,Apparently Normal,No Misuse,N,No Injury,f2449b38-f67f-4021-b109-f787c9f74397,D,AE47820006,Shoulder/Lap Belt(s),M,c05f9ca2-3da9-4425-b123-9d76b9478a1f,Single Vehicle ,N,Non Intersection,Deceleration Lane,Dark No Lights,No Defects,"Two-way, Divided, Positive Median Barrier",Snow,Snow,Five o'clock,Passenger Car,Disabling,N,Moving Constant Speed,2015-02-14 20:50,58,39.40808044,-76.39051437
N,Apparently Normal,No Misuse,N,No Injury,d9f66bb7-02a9-4f09-bbab-c7e82972585d,D,AE47920006,Shoulder/Lap Belt(s),M,8cdbedaf-b45e-4c59-ba71-1a491b590fe3,Same Direction Rear End,N,Non Intersection,Right Turn Lane,Daylight,No Defects,"Two-way, Not Divided",Ice,Sleet,Six o'clock,Passenger Car,Destroyed,N,Slowing or Stopping,2015-01-18 9:01,66,39.41305401,-76.51041985
N,Apparently Normal,No Misuse,N,No Injury,ea85b158-9a9b-4a70-969a-405725b4aa66,D,AE47920006,Shoulder/Lap Belt(s),M,af6e4e4a-1bae-485d-abbf-0236107631ab,Same Direction Rear End,N,Non Intersection,Right Turn Lane,Daylight,No Defects,"Two-way, Not Divided",Ice,Sleet,Six o'clock,Passenger Car,Functional,N,Moving Constant Speed,2015-01-18 9:01,47,39.41305401,-76.51041985
N,Apparently Normal,No Misuse,Y,No Injury,90c16e85-9d93-4cf9-b6d3-1a5ce0a88188,D,AE4839000C,Shoulder/Lap Belt(s),M,2fd5850e-088a-420e-92f5-d3004b650e4b,Single Vehicle ,N,Intersection Related,Right Turn Lane,Dark No Lights,No Defects,One-way Trafficway,Dry,Clear,One o'clock,Passenger Car,Disabling,N,Moving Constant Speed,2015-02-18 1:42,42,39.32330957,-76.47724628
N,Apparently Normal,No Misuse,N,No Injury,d85aff33-9803-4ec7-b904-2bb5b87dedc3,D,AE4877000B,Shoulder/Lap Belt(s),M,5d8507b0-ae69-41b6-988a-a29b3f01809c,Head On Left Turn,N,Intersection,Left Turn Lane,Dark Lights On,No Defects,"Two-way, Not Divided",Wet,Snow,Four o'clock,Pickup Truck,Disabling,N,Making Left Turn,2015-01-26 20:59,43,39.39902764,-76.58687353
N,Apparently Normal,No Misuse,N,No Injury,2ef8c936-2c43-4468-8720-1b1cf41fa1ed,D,AE4880004L,Shoulder/Lap Belt(s),M,797e6e8e-7b16-40ba-a813-cc2c600c64d7,Angle Meets Left Turn Head On,N,Intersection,Right Turn Lane,Daylight,No Defects,"Two-way, Divided, Positive Median Barrier",Dry,Cloudy,Eight o'clock,Van,Superficial,N,Making Left Turn,2015-01-23 13:56,54,39.338379,-76.483245
N,Apparently Normal,No Misuse,N,No Injury,94967881-e49d-4673-a38f-1d6a71691d0f,D,AE4880004Y,Shoulder/Lap Belt(s),M,aefb0c52-0797-4d86-95fb-1e90065d6b8c,Same Direction Right Turn,N,Commercial Driveway,Left Turn Lane,Daylight,No Defects,"Two-way, Not Divided",Wet,Raining,Seven o'clock,Passenger Car,Superficial,N,Moving Constant Speed,2015-02-09 16:54,37,39.355166,-76.459841
N,Had Been Drinking,No Misuse,Y,No Injury,e502ce2b-39fb-43ac-ba07-fb794a364153,D,AE4880004Y,Shoulder/Lap Belt(s),M,1fe63725-7a83-424a-a201-77dd87e62363,Same Direction Right Turn,N,Commercial Driveway,Left Turn Lane,Daylight,No Defects,"Two-way, Not Divided",Wet,Raining,One o'clock,Pickup Truck,Superficial,N,Making Right Turn,2015-02-09 16:54,45,39.355166,-76.459841
N,Apparently Normal,No Misuse,N,No Injury,407d22b2-8023-4bc3-a961-5d60e828790f,D,AE4880004Z,Shoulder/Lap Belt(s),M,2d860282-34df-4ffd-8c49-1a249c2ad3d0,Same Movement Angle,N,Intersection,Right Turn Lane,Daylight,No Defects,"Two-way, Not Divided",Dry,Clear,Twelve o'clock,Passenger Car,Disabling,N,Moving Constant Speed,2015-02-11 15:09,21,39.352394,-76.465388
N,Apparently Normal,No Misuse,Y,No Injury,5d23cfff-8a22-4baf-a1b4-c3e12ea8f6a8,D,AE4880004Z,Shoulder/Lap Belt(s),M,1cba58da-04aa-42c6-a87f-e117faf0e0c8,Same Movement Angle,N,Intersection,Right Turn Lane,Daylight,No Defects,"Two-way, Not Divided",Dry,Clear,Eleven o'clock,Passenger Car,Disabling,N,Making Left Turn,2015-02-11 15:09,28,39.352394,-76.465388
N,Apparently Normal,No Misuse,N,No Injury,07ee0a17-2878-4cd3-8b3d-b00911f2c241,D,AE4880005L,Shoulder/Lap Belt(s),M,c1802023-8d11-47e8-9669-dfc525bd339a,Same Direction Rear End,N,Intersection Related,Right Turn Lane,Dark Lights On,No Defects,"Two-way, Divided, Positive Median Barrier",Ice,Wintry Mix,Six o'clock,(Sport) Utility Vehicle,Superficial,N,Stopped in Traffic Lane,2015-03-03 20:34,37,39.379205,-76.459903
N,Apparently Normal,No Misuse,N,No Injury,f649203e-d5a9-40fd-89a6-a457d904786c,D,AE4880005M,Shoulder/Lap Belt(s),M,e1aae90b-5b65-406d-9fed-2e76dc9d6a3e,Single Vehicle ,N,Non Intersection,Left Turn Lane,Dark Lights On,No Defects,"Two-way, Divided, Positive Median Barrier",Wet,Wintry Mix,One o'clock,Passenger Car,Functional,N,Moving Constant Speed,2015-03-03 20:50,45,39.367047,-76.448962
N,Apparently Normal,No Misuse,N,No Injury,8577faac-701b-4739-b257-d63d1919368f,D,AE48870008,Shoulder/Lap Belt(s),M,b3b16b29-3bda-463e-96f8-bd800a5537af,Head On Left Turn,N,Intersection,Acceleration Lane,Daylight,No Defects,"Two-way, Not Divided",Dry,Clear,Five o'clock,Passenger Car,Functional,N,Making Left Turn,2015-02-05 17:05,66,39.37680517,-76.50577426
N,Apparently Normal,No Misuse,N,No Injury,777da7f3-8395-44fc-842d-facc85c82140,D,AE48870009,Shoulder/Lap Belt(s),M,f8dae8b8-e26e-4828-af0a-877b1062cc42,Same Movement Angle,N,Intersection,Right Turn Lane,Daylight,No Defects,"Two-way, Not Divided",Wet,Clear,Twelve o'clock,Passenger Car,Disabling,N,Moving Constant Speed,2015-02-22 13:59,28,39.36156252,-76.49130106
N,Apparently Normal,No Misuse,Y,No Injury,56416867-b105-496c-9b02-3a99e0b8a5aa,D,AE48870009,Shoulder/Lap Belt(s),M,f7266b2d-764e-4025-b6e0-478182138991,Same Movement Angle,N,Intersection,Right Turn Lane,Daylight,No Defects,"Two-way, Not Divided",Wet,Clear,Eleven o'clock,Pickup Truck,Functional,N,Skidding,2015-02-22 13:59,52,39.36156252,-76.49130106
N,Apparently Normal,No Misuse,Y,No Injury,4b1d5dd2-fbcd-4480-9e22-4f47458efc24,D,AE4897000C,Shoulder/Lap Belt(s),M,cc3b4f78-c333-443c-8b08-4d253747b6a4,Single Vehicle ,N,Non Intersection,Right Turn Lane,Dark Lights On,No Defects,"Two-way, Not Divided",Ice,Raining,Four o'clock,"Other Light Trucks (10,000 lbs (4,536 kg))",Superficial,N,Moving Constant Speed,2015-03-04 19:52,55,39.40065259,-76.6030097
Y,Apparently Normal,No Misuse,Y,No Injury,a25d1b87-ffa4-4f8e-a1d9-6f78908d1939,D,AE49110009,Shoulder/Lap Belt(s),M,814b55cf-a5f2-4513-a3ef-78c9041d1d76,Single Vehicle ,N,Non Intersection,Right Turn Lane,Daylight,No Defects,"Two-way, Divided, Unprotected (painted >4 feet) Median",Wet,Clear,Twelve o'clock,Passenger Car,Disabling,Y,Negotiating a Curve,2015-03-07 9:50,38,39.32789082,-76.52307987
N,Apparently Normal,No Misuse,Y,No Injury,0164d873-00d6-4a82-b3fc-f9099b3cf509,D,AE49330005,Shoulder/Lap Belt(s),M,ce478386-d02d-4344-b1e8-8b54a36b3ca7,Same Direction Sideswipe,N,Non Intersection,Right Turn Lane,Dark No Lights,No Defects,"Two-way, Not Divided",Dry,Clear,One o'clock,(Sport) Utility Vehicle,Disabling,N,Moving Constant Speed,2015-01-01 5:00,46,39.40018073,-76.47147954
N,Apparently Normal,No Misuse,N,No Injury,315d62a8-e94f-456d-be7e-2d21ae14769c,D,AE49440005,Shoulder/Lap Belt(s),M,bd4645ed-3642-4e13-a4e3-41fde7276dc7,Same Direction Rear End,N,Non Intersection,Right Turn Lane,Dark Lights On,No Defects,"Two-way, Not Divided",Dry,Clear,Eight o'clock,Passenger Car,Disabling,N,Moving Constant Speed,2015-01-10 20:47,28,39.30465779,-76.44872904
N,Apparently Normal,No Misuse,Y,No Injury,8e09d77e-4daf-4952-afcf-35f3a5cc5bac,D,AE49440005,Shoulder/Lap Belt(s),M,5e3ac245-d348-44a5-bea8-db2ff300083f,Same Direction Rear End,N,Non Intersection,Right Turn Lane,Dark Lights On,No Defects,"Two-way, Not Divided",Dry,Clear,One o'clock,Passenger Car,Disabling,N,Moving Constant Speed,2015-01-10 20:47,30,39.30465779,-76.44872904
N,Apparently Normal,No Misuse,N,No Injury,eddfc2d8-b46b-48ad-9f43-89f6d8561cda,D,AE49630005,Shoulder/Lap Belt(s),M,3948036f-8f5b-4a14-acc9-ffe414611bf9,Same Movement Angle,N,Intersection,Right Turn Lane,Daylight,No Defects,One-way Trafficway,Dry,Clear,Three o'clock,Passenger Car,Superficial,N,Accelerating,2015-01-27 7:20,49,39.27205713,-76.73145533
N,Apparently Normal,No Misuse,N,No Injury,342d68b7-35be-46ec-a991-aeda1725c5ba,D,AE49730007,Shoulder/Lap Belt(s),M,014e323c-37fa-4db2-8613-ec6dfb969e84,Single Vehicle ,N,Intersection Related,Right Turn Lane,Dark Lights On,No Defects,"Two-way, Not Divided",Wet,Clear,Twelve o'clock,Police Vehicle/Emergency,Disabling,N,Moving Constant Speed,2015-03-14 23:40,37,39.33389911,-76.47670984
N,Apparently Normal,No Misuse,N,No Injury,c0d3d6f0-27ad-41d2-bac7-b7507f5c17e5,D,AE50010004,Shoulder/Lap Belt(s),M,cdea00f2-2111-416a-8d7e-100d1fb9122b,Opposite Direction Sideswipe,Y,Intersection,Right Turn Lane,Dusk,No Defects,"Two-way, Not Divided",Wet,Clear,Ten o'clock,Passenger Car,Superficial,N,Moving Constant Speed,2015-01-06 17:30,59,39.24500019,-76.64088249
N,Apparently Normal,No Misuse,Y,No Injury,1cd20865-b429-4b65-a92b-676ac841a02d,D,AE50090008,Shoulder/Lap Belt(s),M,f5f59703-0689-4e58-858b-fd7e1cf2877e,Single Vehicle ,N,Non Intersection,Right Turn Lane,Dark Lights On,No Defects,"Two-way, Not Divided",Slush,Wintry Mix,Eleven o'clock,Pickup Truck,Disabling,N,Moving Constant Speed,2015-02-02 2:09,19,39.23434734,-76.44997358
N,Apparently Normal,No Misuse,N,No Injury,f1e24b77-5e5f-4754-a4f1-788fba55bc51,D,AE50170005,Shoulder/Lap Belt(s),M,47205fc2-0e9e-42ff-9a66-710986124531,Same Movement Angle,N,Non Intersection,Right Turn Lane,Daylight,No Defects,"Two-way, Divided, Positive Median Barrier",Dry,Clear,One o'clock,Passenger Car,Functional,N,Making Right Turn,2015-02-23 13:08,25,39.36291668,-76.78263724
N,Apparently Normal,No Misuse,Y,No Injury,0bed335e-3ed6-49c8-90fe-bf4d95ba7013,D,AE5023000B,Shoulder/Lap Belt(s),M,0fb11ec3-6798-440e-9ab0-c2a8ab499871,Same Direction Sideswipe,N,Non Intersection,Right Turn Lane,Dark Lights On,No Defects,"Two-way, Not Divided",Dry,Clear,One o'clock,Passenger Car,Disabling,N,Accelerating,2015-03-12 1:01,25,39.38975808,-76.521492
N,Apparently Normal,No Misuse,N,No Injury,1e60d538-d2ae-412e-bbc0-b476633e9b4d,D,AE5057000B,Shoulder/Lap Belt(s),M,e843e70c-5d42-4ecd-8341-88364d300389,Same Direction Rear End,N,Non Intersection,Right Turn Lane,Daylight,Foreign Material,"Two-way, Not Divided",Snow,Blowing Snow,Six o'clock,Pickup Truck,Superficial,N,Slowing or Stopping,2015-03-06 7:25,36,39.23864357,-76.69105053
N,Apparently Normal,No Misuse,Y,No Injury,b51db933-685b-42a1-b736-79fa02682976,D,AE5057000B,Shoulder/Lap Belt(s),M,0946c990-e7d2-4f83-836f-a53bd5cd9234,Same Direction Rear End,N,Non Intersection,Right Turn Lane,Daylight,Foreign Material,"Two-way, Not Divided",Snow,Blowing Snow,Twelve o'clock,Passenger Car,Disabling,N,Slowing or Stopping,2015-03-06 7:25,20,39.23864357,-76.69105053
N,Apparently Normal,No Misuse,N,No Injury,ea3deccd-4f40-4b80-a02a-309f9ec2c273,D,AE5059000D,Shoulder/Lap Belt(s),M,5d1d1352-a846-4a32-bc62-06b963bfcd2a,Same Movement Angle,N,Intersection,Right Turn Lane,Daylight,No Defects,"Two-way, Divided, Positive Median Barrier",Dry,Clear,Twelve o'clock,Passenger Car,Disabling,N,Moving Constant Speed,2015-02-19 14:21,62,39.43948255,-76.82421684
N,Apparently Normal,No Misuse,Y,No Injury,22e89e9f-c28e-49ae-b99d-649a8ce2af5e,D,AE5059000D,Shoulder/Lap Belt(s),M,3b3715a0-d02b-4004-8b81-87ba3171fb3f,Same Movement Angle,N,Intersection,Right Turn Lane,Daylight,No Defects,"Two-way, Divided, Positive Median Barrier",Dry,Clear,Twelve o'clock,Passenger Car,Disabling,N,Moving Constant Speed,2015-02-19 14:21,33,39.43948255,-76.82421684
N,Apparently Normal,No Misuse,N,No Injury,33eb22c1-8a45-4ace-8311-687226e9d06e,D,AE5069000H,Shoulder/Lap Belt(s),M,67409fdb-33b8-46c1-b1a7-2af24adce1b2,Same Movement Angle,N,Intersection,Right Turn Lane,Dark Lights On,No Defects,"Two-way, Not Divided",Snow,Snow,Twelve o'clock,Pickup Truck,Functional,N,Accelerating,2015-02-21 18:30,54,39.38123365,-76.8231976
N,Apparently Normal,No Misuse,N,No Injury,14b5020e-8136-4489-b7cf-83274e49e94a,D,AE51410009,Shoulder/Lap Belt(s),M,4a2780ed-8dde-4e2e-a19f-f7ca6ecdec6b,Head On Left Turn,N,Intersection,Right Turn Lane,Dark Lights On,No Defects,"Two-way, Not Divided",Dry,Clear,Twelve o'clock,Passenger Car,Disabling,N,Moving Constant Speed,2015-03-06 22:01,22,39.38156535,-76.53616905
N,Had Been Drinking,No Misuse,Y,No Injury,3bae2f7f-566e-48eb-a9d1-7b47e2a2834c,D,AE51410009,Shoulder/Lap Belt(s),M,d4cf483c-929d-4840-9d16-38d8826b4000,Head On Left Turn,N,Intersection,Right Turn Lane,Dark Lights On,No Defects,"Two-way, Not Divided",Dry,Clear,Five o'clock,Pickup Truck,Functional,N,Making Left Turn,2015-03-06 22:01,57,39.38156535,-76.53616905
N,Apparently Normal,No Misuse,Y,No Injury,0c3fad91-b80e-477c-b205-0e0a361d2a2f,D,AE51480007,Shoulder/Lap Belt(s),M,3f335038-89fb-45a1-bd90-6d7493948874,Single Vehicle ,N,Non Intersection,Right Turn Lane,Daylight,No Defects,"Two-way, Not Divided",Ice,Snow,Underside,Passenger Car,Disabling,N,Slowing or Stopping,2015-01-06 11:28,66,39.63569563,-76.81595564
N,Apparently Normal,No Misuse,Y,No Injury,1046d08c-d12e-4096-9d0a-444691787285,D,AE5148000G,Shoulder/Lap Belt(s),M,a9067bbc-92c8-4cf5-abc2-6697145fc47e,Single Vehicle ,N,Non Intersection,Right Turn Lane,Dark Lights On,No Defects,"Two-way, Not Divided with a Continuous Left Turn Lane",Ice,Clear,Twelve o'clock,Police Vehicle/Emergency,Superficial,N,Moving Constant Speed,2015-03-11 6:26,51,39.44129713,-76.78125858
N,Apparently Normal,No Misuse,N,No Injury,25502d8a-e80d-4a6e-a321-a672f8cb2243,D,AE51490005,Shoulder/Lap Belt(s),M,de32e12d-a643-46c7-9c53-521135030494,Same Direction Rear End,N,Intersection,Right Turn Lane,Daylight,No Defects,"Two-way, Not Divided",Snow,Snow,Six o'clock,(Sport) Utility Vehicle,Superficial,N,Stopped in Traffic Lane,2015-03-20 10:15,56,39.28920634,-76.73135877
N,Apparently Normal,No Misuse,Y,No Injury,2a606321-9f1b-411c-9b69-7525263a0a5a,D,AE51490005,Shoulder/Lap Belt(s),M,21ea31ef-1b2e-46a5-b95e-c5f856683dea,Same Direction Rear End,N,Intersection,Right Turn Lane,Daylight,No Defects,"Two-way, Not Divided",Snow,Snow,Twelve o'clock,Passenger Car,Superficial,Y,Moving Constant Speed,2015-03-20 10:15,31,39.28920634,-76.73135877
N,Apparently Normal,No Misuse,N,No Injury,1082cd2a-5f60-4ff2-b8b2-1f86fcdb77e3,D,AE51610003,Shoulder/Lap Belt(s),M,22b94340-6c92-49f7-969b-eee87890e679,Head On,N,Non Intersection,Right Turn Lane,Dark Lights On,No Defects,"Two-way, Divided, Unprotected (painted >4 feet) Median",Dry,Clear,Twelve o'clock,Pickup Truck,Disabling,N,Moving Constant Speed,2015-01-23 5:05,56,39.30083054,-76.51552677
N,Apparently Normal,No Misuse,Y,Possible Incapacitating Injury,4f8ee3b9-3f70-47ff-a5e9-21eefeca7cb2,D,AE51610003,Shoulder/Lap Belt(s),M,69ef9aa3-0674-477c-9176-f1736d19a1fd,Head On,N,Non Intersection,Right Turn Lane,Dark Lights On,No Defects,"Two-way, Divided, Unprotected (painted >4 feet) Median",Dry,Clear,Three o'clock,Passenger Car,Destroyed,N,Moving Constant Speed,2015-01-23 5:05,21,39.30083054,-76.51552677
N,Apparently Normal,No Misuse,Y,No Injury,6df912dd-970e-49df-8243-6d0fcfca261b,D,AE51760005,Shoulder/Lap Belt(s),M,4b80c2cc-b348-4e7d-ba7d-fc13dad9ca67,Single Vehicle ,N,Non Intersection,Right Turn Lane,Dark Lights On,No Defects,"Two-way, Not Divided",Dry,Clear,One o'clock,Passenger Car,Disabling,N,Moving Constant Speed,2015-01-28 23:15,22,39.39561181,-76.51257098
N,Apparently Normal,No Misuse,Y,No Injury,435fb146-e2cf-4c40-9656-9d4e6c0127c6,D,AE5177000J,Shoulder/Lap Belt(s),M,7f7856f7-db6d-4a04-99b2-d4e2cf8c6eba,Same Movement Angle,N,Intersection,Left Turn Lane,Daylight,No Defects,"Two-way, Not Divided",Dry,Clear,Twelve o'clock,Pickup Truck,Functional,N,Moving Constant Speed,2015-01-28 14:16,29,39.40155624,-76.58837557
N,Apparently Normal,No Misuse,Y,Non-incapacitating Injury,3d4efde9-5036-45fc-b42b-cfea4004eeea,D,AE5177000J,Shoulder/Lap Belt(s),M,c15cde36-7127-44bf-9f89-4870354e426a,Same Movement Angle,N,Intersection,Left Turn Lane,Daylight,No Defects,"Two-way, Not Divided",Dry,Clear,Four o'clock,Police Vehicle/Emergency,Disabling,N,Accelerating,2015-01-28 14:16,35,39.40155624,-76.58837557
N,Apparently Normal,No Misuse,N,Non-incapacitating Injury,9f5549db-6500-47b9-9a5e-176277b417ab,D,AE5177000K,Shoulder/Lap Belt(s),M,f0715046-667a-4713-b2a4-4a59cff2d175,Head On Left Turn,N,Non Intersection,Left Turn Lane,Daylight,No Defects,"Two-way, Divided, Positive Median Barrier",Wet,Clear,Ten o'clock,(Sport) Utility Vehicle,Destroyed,N,Moving Constant Speed,2015-02-15 12:10,23,39.36969331,-76.51376188
N,Apparently Normal,No Misuse,Y,No Injury,9aa43b1b-6604-4187-b0fa-22bbd5203f78,D,AE51910007,Shoulder/Lap Belt(s),M,37a8fe8e-7f95-4375-a2b1-52244978f486,Single Vehicle ,N,Non Intersection,Right Turn Lane,Dark No Lights,No Defects,"Two-way, Not Divided",Dry,Clear,Twelve o'clock,Passenger Car,Disabling,N,Moving Constant Speed,2015-03-29 4:11,60,39.48725058,-76.56787813
N,Apparently Normal,No Misuse,Y,No Injury,cdf1a2a4-d62f-4d6b-805b-74494446323f,D,AE5193000N,Shoulder/Lap Belt(s),M,c4ac3741-2d71-4f20-a1c4-588dc4b34184,Single Vehicle ,N,Intersection,Right Turn Lane,Dark Lights On,No Defects,"Two-way, Not Divided",Ice,Wintry Mix,One o'clock,Passenger Car,Disabling,N,Moving Constant Speed,2015-02-28 1:00,19,39.50155722,-76.78125858