CDL_FLAG,CONDITION_CODE,EQUIP_PROB_CODE,FAULT_FLAG,INJ_SEVER_CODE,PERSON_ID,PERSON_TYPE,REPORT_NO,SAF_EQUIP_CODE,SEX_CODE,VEHICLE_ID,COLLISION_TYPE_CODE,C_M_ZONE_FLAG,JUNCTION_CODE,LANE_CODE,LIGHT_CODE,RD_COND_CODE,RD_DIV_CODE,SURF_COND_CODE,WEATHER_CODE,AREA_DAMAGED_CODE_MAIN,BODY_TYPE_CODE,DAMAGE_CODE,HIT_AND_RUN_FLAG,MOVEMENT_CODE,TIME,AGE,LATITUDE,LONGITUDE
N,Apparently Normal,No Misuse,Y,No Injury,65d4802e-9c1f-4e52-9dce-248e51da7e93,D,AE5198000B,Shoulder/Lap Belt(s),M,2a9bf32b-7b1d-4e5d-a50e-88d7fac250e3,Single Vehicle ,N,Non Intersection,Right Turn Lane,Dark Lights On,No Defects,"Two-way, Divided, Positive Median Barrier",Wet,Foggy,Underside,Van,Disabling,N,Moving Constant Speed,2015-03-14 21:55,38,39.37699592,-76.50603175
N,Apparently Normal,No Misuse,N,No Injury,b80340ad-742e-4e3f-99d3-a2b2f0bc8bb6,D,AE52020008,Shoulder/Lap Belt(s),M,f7a491c1-6947-439f-9d74-bdf86b5b30ce,Same Direction Rear End,N,Intersection Related,Right Turn Lane,Dark Lights On,No Defects,"Two-way, Divided, Unprotected (painted >4 feet) Median",Dry,Clear,Six o'clock,Passenger Car,Functional,N,Slowing or Stopping,2015-03-21 22:54,24,39.48766459,-76.65688992
N,Apparently Normal,No Misuse,Y,No Injury,77e8ec6c-c1ee-44c2-9746-e79fde27ef5d,D,AE52020008,Shoulder/Lap Belt(s),M,a6f6ceae-76a5-4953-95e0-3faca6e4ec97,Same Direction Rear End,N,Intersection Related,Right Turn Lane,Dark Lights On,No Defects,"Two-way, Divided, Unprotected (painted >4 feet) Median",Dry,Clear,Twelve o'clock,Police Vehicle/Emergency,Functional,N,Slowing or Stopping,2015-03-21 22:54,37,39.48766459,-76.65688992
N,Apparently Normal,No Misuse,N,No Injury,21fbeb86-2196-4d21-b703-c182d1620469,D,AE5207000F,Shoulder/Lap Belt(s),M,e6b6cd3f-35c8-4a71-a67a-7c48bca85812,Same Direction Rear End,N,Intersection Related,Left Turn Lane,Dusk,No Defects,"Two-way, Not Divided",Snow,Snow,Four o'clock,Pickup Truck,Functional,N,Moving Constant Speed,2015-02-21 17:40,18,39.40499665,-76.47297621
N,Apparently Normal,No Misuse,Y,No Injury,f7053dfe-1884-4258-b4c8-72f243e71867,D,AE5207000F,Shoulder/Lap Belt(s),M,b2a3de15-ecc5-4097-bd6a-65f13368670d,Same Direction Rear End,N,Intersection Related,Left Turn Lane,Dusk,No Defects,"Two-way, Not Divided",Snow,Snow,Six o'clock,"Other Light Trucks (10,000 lbs (4,536 kg))",Superficial,N,Backing,2015-02-21 17:40,54,39.40499665,-76.47297621
N,Apparently Normal,No Misuse,Y,No Injury,92c2dd58-a7f4-47eb-a862-125f90190802,D,AE5209000D,Shoulder/Lap Belt(s),M,ed9b5a64-0fba-44b3-8e07-ca21581e1c93,Same Direction Rear End,N,Non Intersection,Right Turn Lane,Daylight,No Defects,"Two-way, Not Divided",Dry,Clear,Twelve o'clock,Passenger Car,Functional,N,Moving Constant Speed,2015-02-27 14:26,62,39.30336269,-76.75406098
N,Apparently Normal,No Misuse,Y,No Injury,7f380a4a-02cd-4831-81c1-08dcec8dac1d,D,AE52130005,Shoulder/Lap Belt(s),M,e29f23a6-b25c-4ae6-b015-d7f97cb16e51,Same Direction Right Turn,N,Non Intersection,Right Turn Lane,Dark Lights On,No Defects,"Two-way, Not Divided",Ice,Wintry Mix,Twelve o'clock,Passenger Car,Disabling,N,Moving Constant Speed,2015-03-01 19:43,28,39.2575,-76.513351
N,Apparently Normal,No Misuse,Y,No Injury,98b0b7d8-23f3-4085-8809-fa720209bd1b,D,AE52150006,Shoulder/Lap Belt(s),M,f5fba800-7835-428d-813f-87b493137390,Single Vehicle ,N,Non Intersection,Right Turn Lane,Dark Lights On,No Defects,"Two-way, Not Divided",Dry,Clear,Twelve o'clock,Passenger Car,Disabling,Y,Making Left Turn,2015-02-27 2:41,18,39.3460137,-76.45003796
N,Apparently Normal,No Misuse,N,No Injury,29991f3b-8fb2-4202-94c5-84b9ce5eeffc,D,AE5226000D,Shoulder/Lap Belt(s),M,cb63a5b4-495f-4102-b685-ed59eb9fb954,Same Movement Angle,N,Crossover Related,Right Turn Lane,Dark Lights On,No Defects,"Two-way, Divided, Positive Median Barrier",Dry,Clear,Nine o'clock,Passenger Car,Superficial,N,Moving Constant Speed,2015-03-21 23:40,29,39.31688535,-76.51610613
N,Apparently Normal,No Misuse,Y,No Injury,e13f1b98-917d-44b2-85d6-cd08ac7a893c,D,AE5228000D,Shoulder/Lap Belt(s),M,d0823a13-ec0a-469b-b1ad-46d5a654ce95,Single Vehicle ,N,Non Intersection,Left Turn Lane,Dark Lights On,No Defects,"Two-way, Divided, Unprotected (painted >4 feet) Median",Dry,Clear,Seven o'clock,(Sport) Utility Vehicle,Functional,N,Making Right Turn,2015-02-26 19:19,67,39.37759303,-76.50493741
N,Apparently Normal,No Misuse,Y,No Injury,3e3d08d3-e335-476a-a00e-f43eb3e276f7,D,AE52460005,Shoulder Belt Only,M,eb46fcad-2636-4476-8036-1146a3e2059e,Single Vehicle ,N,Non Intersection,Right Turn Lane,Daylight,No Defects,"Two-way, Not Divided",Wet,Raining,Three o'clock,Van,Disabling,N,Moving Constant Speed,2015-01-03 9:21,47,39.4214088,-76.50324225
N,Apparently Normal,No Misuse,N,No Injury,21e81440-3228-4cf1-9503-a93c43e60b69,D,AE5246000F,Shoulder/Lap Belt(s),M,e160c4a8-aab7-43ae-89d7-e847f7a6060a,Same Direction Sideswipe,N,Non Intersection,Left Turn Lane,Daylight,No Defects,"Two-way, Divided, Positive Median Barrier",Snow,Snow,Seven o'clock,(Sport) Utility Vehicle,Superficial,N,Moving Constant Speed,2015-02-21 15:30,60,39.39739437,-76.60651803
Y,Apparently Normal,No Misuse,N,No Injury,6ce1f716-6d1d-4a00-977d-098ead57c78b,D,AE5249000B,Shoulder/Lap Belt(s),M,f8f2bd20-a766-43d9-b846-72ef7984399e,Same Direction Rear End,N,Non Intersection,Left Turn Lane,Daylight,No Defects,"Two-way, Not Divided",Dry,Clear,Six o'clock,Truck Tractor,Functional,N,Slowing or Stopping,2015-03-30 15:19,25,39.29601503,-76.50771618
Y,Apparently Normal,No Misuse,Y,No Injury,22df3139-1d8a-44aa-8146-bb61294edbc0,D,AE5249000B,Shoulder/Lap Belt(s),M,074b4e01-6c61-41e1-9600-24da0bcb4552,Same Direction Rear End,N,Non Intersection,Left Turn Lane,Daylight,No Defects,"Two-way, Not Divided",Dry,Clear,Two o'clock,Truck Tractor,Disabling,N,Moving Constant Speed,2015-03-30 15:19,71,39.29601503,-76.50771618
N,Apparently Normal,No Misuse,Y,No Injury,1e7facba-f76e-47db-a546-5f8910d81e35,D,AE52530007,Shoulder/Lap Belt(s),M,eda87a7c-e2e9-44da-96e3-cbb4b156a7a8,Single Vehicle ,N,Non Intersection,Right Turn Lane,Dark Lights On,No Defects,"Two-way, Not Divided",Ice,Clear,Two o'clock,Pickup Truck,Disabling,N,Moving Constant Speed,2015-01-19 7:15,25,39.4636233,-76.83327734
N,Apparently Normal,No Misuse,Y,No Injury,2cc268f7-2d00-4da9-85a3-1e96e67a486b,D,AE5254000Q,Shoulder/Lap Belt(s),M,9ae91014-4a26-4c20-863d-ec3064b256c2,Single Vehicle ,N,Non Intersection,Right Turn Lane,Daylight,No Defects,"Two-way, Not Divided",Dry,Clear,One o'clock,(Sport) Utility Vehicle,Disabling,N,Moving Constant Speed,2015-03-22 12:43,42,39.49620913,-76.70338869
N,Apparently Normal,No Misuse,N,No Injury,981d4615-c8c1-4d3f-a2ad-dfbf3765f528,D,AE5265000G,Shoulder/Lap Belt(s),M,9e8bd0dc-cfdc-4f12-92c5-2a5314773429,Same Direction Rear End,N,Non Intersection,Left Turn Lane,Dark Lights On,No Defects,"Two-way, Not Divided",Dry,Clear,Six o'clock,Passenger Car,Superficial,N,Accelerating,2015-02-13 21:26,70,39.40579248,-76.77887678
N,Apparently Normal,No Misuse,Y,No Injury,ae4ce3fa-05f8-4a65-8c3a-b087c5d0fdbc,D,AE5296000C,Shoulder/Lap Belt(s),M,4f57f1ed-192d-433c-bfe9-d540db44c3ef,Single Vehicle ,N,Non Intersection,Right Turn Lane,Dark Lights On,No Defects,"Two-way, Not Divided",Ice,Clear,Twelve o'clock,Passenger Car,Disabling,N,Moving Constant Speed,2015-01-24 20:43,18,39.39906081,-76.82649136
N,Apparently Normal,No Misuse,N,No Injury,3136f7e0-5a62-44d4-905c-6e686093f59f,D,AE5297000L,Shoulder/Lap Belt(s),M,11cc5b32-504e-4a55-ab79-ae6275c85788,Same Direction Rear End,N,Non Intersection,Right Turn Lane,Daylight,No Defects,"Two-way, Not Divided",Dry,Clear,Six o'clock,Passenger Car,Superficial,N,Moving Constant Speed,2015-03-24 8:12,23,39.45461913,-76.41804457
N,Apparently Normal,No Misuse,Y,No Injury,94b5a0d1-f156-4db1-84e6-0b434238549b,D,AE5297000L,Shoulder/Lap Belt(s),M,b9f92d0c-b9ee-47da-b6b9-885a63f83d34,Same Direction Rear End,N,Non Intersection,Right Turn Lane,Daylight,No Defects,"Two-way, Not Divided",Dry,Clear,Twelve o'clock,Passenger Car,Superficial,N,Moving Constant Speed,2015-03-24 8:12,46,39.45461913,-76.41804457
N,Apparently Normal,No Misuse,N,No Injury,3c4cd3c6-e672-4672-8fcc-f90fb393cf6a,D,AE53020009,Shoulder/Lap Belt(s),M,fdbfdd7b-5d92-4a31-b7fb-8ea7b0622860,Same Movement Angle,N,Non Intersection,Right Turn Lane,Dark Lights On,No Defects,"Two-way, Not Divided",Dry,Clear,Twelve o'clock,Passenger Car,Disabling,N,Moving Constant Speed,2015-02-18 0:20,49,39.242183,-76.649482
N,Apparently Normal,No Misuse,Y,No Injury,8f54fe7d-e9ab-48a5-b025-f4141ea3769f,D,AE53020009,Shoulder/Lap Belt(s),M,bc859204-3f2f-4d51-8ac7-e48c345d8460,Same Movement Angle,N,Non Intersection,Right Turn Lane,Dark Lights On,No Defects,"Two-way, Not Divided",Dry,Clear,One o'clock,Passenger Car,Disabling,N,Making Left Turn,2015-02-18 0:20,27,39.242183,-76.649482
N,Apparently Normal,No Misuse,Y,No Injury,98e05078-aa96-46fd-8c3a-8264eadeab14,D,AE53050006,Shoulder/Lap Belt(s),M,997610d8-e5e9-4be8-a387-975fadac3f2e,Same Movement Angle,N,Intersection,Right Turn Lane,Dark Lights On,No Defects,"Two-way, Not Divided",Dry,Clear,Twelve o'clock,(Sport) Utility Vehicle,Disabling,N,Moving Constant Speed,2015-02-05 18:04,48,39.26663329,-76.49534583
Y,Apparently Normal,No Misuse,Y,No Injury,fdbb5db3-51e4-4f71-8a93-561a8b2f3dfc,D,AE53070004,Shoulder/Lap Belt(s),M,2e7c3393-9d92-41ae-a040-2364056ce5ce,Single Vehicle ,N,Non Intersection,Acceleration Lane,Dark Lights On,No Defects,"Two-way, Divided, Positive Median Barrier",Ice,Cloudy,Non-collision,(Sport) Utility Vehicle,Superficial,N,Moving Constant Speed,2015-01-19 0:08,26,39.30216719,-76.71209514
N,Apparently Normal,No Misuse,N,No Injury,85401361-c585-40ec-bb13-0cdb8c18e7bb,D,AE53090008,Shoulder/Lap Belt(s),M,40b42dd9-f4c5-4f48-bdcb-90a5f19d9d24,Same Movement Angle,N,Intersection,Right Turn Lane,Daylight,No Defects,"Two-way, Not Divided with a Continuous Left Turn Lane",Wet,Snow,Eight o'clock,Passenger Car,Disabling,N,Starting From Lane,2015-01-26 9:25,26,39.34763988,-76.74134731
N,Apparently Normal,No Misuse,Y,No Injury,5fa8ac38-9950-4884-82df-b278c8ed4c11,D,AE53090009,Shoulder/Lap Belt(s),M,38c980ce-8ca5-4d92-bfd2-3961a8fa8107,Same Direction Rear End,N,Non Intersection,Right Turn Lane,Dark Lights On,No Defects,"Two-way, Not Divided with a Continuous Left Turn Lane",Dry,Clear,Twelve o'clock,Passenger Car,Functional,N,Moving Constant Speed,2015-02-06 22:15,25,39.35637996,-76.76583052
N,Apparently Normal,No Misuse,N,Possible Incapacitating Injury,6bf6c07c-90dc-4e2f-a9f7-77939d9768de,D,AE53090009,Shoulder/Lap Belt(s),M,1bc94861-c964-406c-9dac-b34ab4b52393,Same Direction Rear End,N,Non Intersection,Right Turn Lane,Dark Lights On,No Defects,"Two-way, Not Divided with a Continuous Left Turn Lane",Dry,Clear,Six o'clock,(Sport) Utility Vehicle,Functional,N,Stopped in Traffic Lane,2015-02-06 22:15,52,39.35637996,-76.76583052
Y,Apparently Normal,No Misuse,N,No Injury,67f1af14-4803-480f-95cc-9a0fde1ea529,D,AE5310000C,Shoulder/Lap Belt(s),M,0807cc48-649e-4340-bc00-96d8c0a39c9c,Same Direction Right Turn,N,Intersection,Left Turn Lane,Daylight,No Defects,"Two-way, Not Divided",Dry,Clear,Nine o'clock,Passenger Car,Disabling,N,Stopped in Traffic Lane,2015-02-20 12:15,52,39.31381414,-76.52166367
N,Apparently Normal,No Misuse,N,No Injury,ead34d65-6926-47f9-b778-a1b7527d7d5e,D,AE53160006,Shoulder/Lap Belt(s),M,a3095254-f299-49f3-8401-dde2931fd231,Same Direction Rear End,N,Non Intersection,Right Turn Lane,Daylight,No Defects,"Two-way, Not Divided",Dry,Clear,Six o'clock,Passenger Car,Functional,N,Stopped in Traffic Lane,2015-01-11 16:20,32,39.42783169,-76.79036736
N,Apparently Normal,No Misuse,Y,No Injury,c70ba6cd-b2a5-44af-8096-90174ba08db9,D,AE53160008,Shoulder/Lap Belt(s),M,3abdbd2d-7644-48fb-90e2-93b1198c51b3,Same Movement Angle,N,Intersection,Right Turn Lane,Dark No Lights,No Defects,"Two-way, Not Divided",Dry,Clear,Twelve o'clock,Pickup Truck,Disabling,N,Moving Constant Speed,2015-01-19 7:15,28,39.418682,-76.77926302
N,Apparently Normal,No Misuse,N,No Injury,6d1e90cf-bfac-4f3f-a799-f2f279c442fb,D,AE53160009,Shoulder/Lap Belt(s),M,0e3103cf-8d5f-40eb-ba2d-f13195313036,Same Movement Angle,N,Non Intersection,Right Turn Lane,Daylight,No Defects,"Two-way, Not Divided",Dry,Clear,Twelve o'clock,Passenger Car,Disabling,N,Moving Constant Speed,2015-01-19 14:06,54,39.34059558,-76.67253256
N,Apparently Normal,No Misuse,Y,No Injury,78a6cb34-385b-4cc3-a628-725ba1b58cd9,D,AE53220007,Shoulder/Lap Belt(s),M,ee617e40-96cb-4ed8-829f-be23d5dcaa72,Single Vehicle ,N,Non Intersection,Right Turn Lane,Daylight,No Defects,"Two-way, Not Divided",Snow,Snow,Five o'clock,Passenger Car,Superficial,N,Moving Constant Speed,2015-02-19 9:20,30,39.48557797,-76.76115274
N,Other Handicaps,No Misuse,N,Non-incapacitating Injury,e7060360-f573-4aac-a1a4-d7cfb34280bd,D,AE53310009,Shoulder/Lap Belt(s),M,693f1977-3cf9-49b5-a534-b070f0021878,Same Direction Both Left Turn,N,Intersection,Right Turn Lane,Dark Lights On,No Defects,"Two-way, Not Divided",Dry,Clear,Ten o'clock,(Sport) Utility Vehicle,Superficial,N,Moving Constant Speed,2015-03-08 22:03,62,39.31251694,-76.52659893
N,Apparently Normal,No Misuse,N,Non-incapacitating Injury,a5559aa8-f728-4338-9224-68c34683e4bf,D,AE53530009,Shoulder/Lap Belt(s),M,4e5a16b4-906d-4fd9-a4af-9d21f53989da,Head On Left Turn,N,Intersection,Right Turn Lane,Dusk,No Defects,"Two-way, Divided, Positive Median Barrier",Dry,Cloudy,Twelve o'clock,Passenger Car,Disabling,N,Moving Constant Speed,2015-02-16 16:58,23,39.37209442,-76.51123524
N,Apparently Normal,No Misuse,N,No Injury,a2fe8da4-b6a8-4985-9968-912a328a2dd6,D,AE5353000B,Shoulder/Lap Belt(s),M,259f010b-7315-49b0-bcc3-9ce792519e33,Same Direction Right Turn,N,Non Intersection,Left Turn Lane,Dawn,No Defects,"Two-way, Divided, Positive Median Barrier",Dry,Cloudy,Eleven o'clock,(Sport) Utility Vehicle,Superficial,N,Moving Constant Speed,2015-03-08 6:55,56,39.38081901,-76.49417639
N,Apparently Normal,No Misuse,N,No Injury,c66c16c6-8f20-4235-adbe-c2f2a8275585,D,AE5360000C,Shoulder/Lap Belt(s),M,d4fc0a6e-4290-4a4f-ba30-5f482074d63e,Opposite Direction Sideswipe,N,Non Intersection,Right Turn Lane,Dark Lights On,No Defects,"Two-way, Not Divided",Snow,Snow,Ten o'clock,Passenger Car,Functional,N,Moving Constant Speed,2015-03-11 20:41,32,39.37788329,-76.42454624
N,Apparently Normal,No Misuse,Y,No Injury,1af97d60-436e-45fb-ade0-4548bf5bf3d0,D,AE53650009,Shoulder/Lap Belt(s),M,9a7a163a-5087-465b-9265-a1c625ce3845,Single Vehicle ,N,Non Intersection,Right Turn Lane,Dark No Lights,No Defects,"Two-way, Not Divided",Dry,Clear,Twelve o'clock,Passenger Car,Disabling,N,Moving Constant Speed,2015-02-01 3:30,24,39.36934081,-76.86867714
N,Apparently Normal,No Misuse,N,No Injury,7e562769-8fec-4516-a882-2ab57500c403,D,AE53670009,Shoulder/Lap Belt(s),M,298c4691-7540-48d1-a9eb-54d6ab3b1ca3,Head On Left Turn,N,Non Intersection,Right Turn Lane,Daylight,No Defects,"Two-way, Not Divided",Dry,Clear,Eleven o'clock,Passenger Car,Functional,N,Moving Constant Speed,2015-01-27 12:36,37,39.41593851,-76.77529335
N,Apparently Normal,No Misuse,Y,No Injury,9de8c4e5-0649-4f8e-aa61-ad7b63cefd2b,D,AE5380000R,Shoulder/Lap Belt(s),M,baf125bf-ac28-4413-85f4-01e30548a340,Single Vehicle ,N,Non Intersection,Left Turn Lane,Daylight,No Defects,"Two-way, Divided, Positive Median Barrier",Wet,Snow,One o'clock,Passenger Car,Disabling,N,Moving Constant Speed,2015-03-01 16:30,37,39.40234382,-76.79535627
N,Apparently Normal,No Misuse,Y,No Injury,dc130df9-a053-4ea1-869e-755d18fc74f8,D,AE54130005,Shoulder/Lap Belt(s),M,ff4a8c9b-1acf-4e95-b409-7ad13c479ee8,Single Vehicle ,N,Non Intersection,Right Turn Lane,Dark No Lights,No Defects,"Two-way, Not Divided",Dry,Clear,Six o'clock,Police Vehicle/Emergency,Superficial,N,Backing,2015-03-17 22:01,27,39.39183099,-76.39991283
N,Apparently Normal,No Misuse,N,No Injury,a09a8742-b8c5-4853-a7e6-f319f525aa42,D,AE5419002S,Shoulder/Lap Belt(s),M,b5620fbe-aae8-4a47-99a5-b0607f0d1e27,Same Direction Rear End,N,Non Intersection,Left Turn Lane,Daylight,No Defects,"Two-way, Not Divided",Dry,Clear,Six o'clock,Passenger Car,Functional,N,Slowing or Stopping,2015-03-17 15:55,58,39.40655514,-76.47106647
N,Apparently Normal,No Misuse,N,No Injury,18ba1d02-1a1f-4c18-aa64-9c33f7df9c93,D,AE54230008,Shoulder/Lap Belt(s),M,41b3da2a-a67c-495a-baae-294aa3e65fef,Same Direction Rear End,N,Non Intersection,Left Turn Lane,Daylight,No Defects,"Two-way, Not Divided",Dry,Clear,Six o'clock,(Sport) Utility Vehicle,Functional,N,Stopped in Traffic Lane,2015-01-20 16:48,21,39.44638639,-76.81533739
N,Apparently Normal,No Misuse,N,No Injury,a4aa91fa-0c27-4a45-a75f-bdda81d738f0,D,AE5428000F,Shoulder/Lap Belt(s),M,04e49cd6-b964-40d3-96c5-17f003e15b1b,Single Vehicle ,N,Non Intersection,Right Turn Lane,Dusk,No Defects,"Two-way, Not Divided",Dry,Clear,One o'clock,(Sport) Utility Vehicle,Functional,N,Moving Constant Speed,2015-01-17 7:10,51,39.26365955,-76.77964926
N,Apparently Normal,No Misuse,N,No Injury,d51764e0-bbf7-4a7e-ab01-d35b0d265e69,D,AE54320009,Shoulder/Lap Belt(s),M,4950b75f-0813-4279-8951-cc333eb47f1b,Same Direction Rear End,N,Intersection,Right Turn Lane,Daylight,No Defects,"Two-way, Divided, Positive Median Barrier",Dry,Clear,Six o'clock,Passenger Car,Functional,N,Stopped in Traffic Lane,2015-01-15 13:01,26,39.26232216,-76.70969725
N,Apparently Normal,No Misuse,Y,No Injury,c4afc097-f995-4d81-8f2e-f873892b6a6a,D,AE54320009,Shoulder/Lap Belt(s),M,bf0ce673-3ef4-4475-b32f-0ef2dcb37406,Same Direction Rear End,N,Intersection,Right Turn Lane,Daylight,No Defects,"Two-way, Divided, Positive Median Barrier",Dry,Clear,Twelve o'clock,Passenger Car,Disabling,N,Moving Constant Speed,2015-01-15 13:01,20,39.26232216,-76.70969725
N,Apparently Normal,No Misuse,Y,No Injury,424113e7-6f9d-42cb-a28a-ca813b507ca0,D,AE54330005,Shoulder/Lap Belt(s),M,c3ac3a0e-13b3-4946-98d0-bd57280985dc,Head On,N,Non Intersection,Right Turn Lane,Dark Lights On,No Defects,"Two-way, Divided, Unprotected (painted >4 feet) Median",Ice,Wintry Mix,Twelve o'clock,Passenger Car,Disabling,N,Slowing or Stopping,2015-02-22 0:16,24,39.31064317,-76.75310612
N,Apparently Normal,No Misuse,N,No Injury,6a110323-82a9-47c7-8b83-ed7928cb0b9c,D,AE5439000M,Shoulder/Lap Belt(s),M,bb0cd3fb-3544-4558-9158-62f00d6097c1,Opposite Direction Sideswipe,N,Intersection,Right Turn Lane,Daylight,No Defects,"Two-way, Not Divided",Wet,Clear,Ten o'clock,Pickup Truck,Superficial,N,Moving Constant Speed,2015-03-02 10:45,46,39.46578512,-76.64439082
Y,Apparently Normal,No Misuse,Y,No Injury,77ed85a1-d279-4f41-9e8f-a8d519338f19,D,AE5439000M,Shoulder/Lap Belt(s),M,e9ee89ce-fe1d-4fc1-97e1-893ec737a4d3,Opposite Direction Sideswipe,N,Intersection,Right Turn Lane,Daylight,No Defects,"Two-way, Not Divided",Wet,Clear,Ten o'clock,Pickup Truck,Superficial,Y,Slowing or Stopping,2015-03-02 10:45,54,39.46578512,-76.64439082
N,Apparently Normal,No Misuse,Y,No Injury,7201efc3-2baa-4cc8-a168-7521e5c71ec5,D,AE5447000Z,Shoulder/Lap Belt(s),M,14db3471-32ad-404d-a448-e5d1a14b6426,Single Vehicle ,N,Non Intersection,Right Turn Lane,Daylight,No Defects,"Two-way, Not Divided",Ice,Snow,Twelve o'clock,"Other Light Trucks (10,000 lbs (4,536 kg))",Superficial,N,Moving Constant Speed,2015-03-09 9:32,27,39.61243293,-76.80148244
N,Apparently Normal,No Misuse,Y,No Injury,65dce179-1789-455d-a203-7183156f1e5a,D,AE5450000C,Shoulder/Lap Belt(s),M,cdc8a0f7-dafe-4a51-87cf-cb4577205289,Single Vehicle ,N,Non Intersection,Right Turn Lane,Daylight,No Defects,"Two-way, Not Divided",Dry,Clear,One o'clock,Passenger Car,Disabling,N,Moving Constant Speed,2015-03-12 16:57,19,39.25647387,-76.77294374
N,Apparently Normal,No Misuse,Y,No Injury,59c9b75a-a820-45e1-a1c4-e420e82b15a1,D,AE54510006,Shoulder/Lap Belt(s),M,4d47c28a-4d7b-442c-a384-adb4ae77181e,Single Vehicle ,N,Intersection,Left Turn Lane,Dark Lights On,No Defects,"Two-way, Divided, Positive Median Barrier",Dry,Clear,Twelve o'clock,Passenger Car,Destroyed,N,Slowing or Stopping,2015-03-26 2:15,27,39.31228678,-76.46546602
N,Apparently Normal,No Misuse,N,No Injury,83bdf30a-5840-4ded-9bc6-ca9a9f6826f0,D,AE54520004,Shoulder/Lap Belt(s),M,4489945f-55fe-4d7c-b9e2-fde7d1a4ca1a,Same Direction Left Turn,N,Intersection,Right Turn Lane,Daylight,No Defects,"Two-way, Not Divided",Dry,Clear,One o'clock,Passenger Car,Superficial,N,Moving Constant Speed,2015-01-07 16:49,21,39.35967743,-76.74697995
N,Apparently Normal,No Misuse,Y,No Injury,4e2a9e4f-f1a7-4d1f-ad26-96018307bb28,D,AE54520006,Shoulder/Lap Belt(s),M,21ab56a6-baf8-4062-8010-ff5f0ea88b33,Same Direction Rear End,N,Non Intersection,Right Turn Lane,Daylight,No Defects,"Two-way, Not Divided",Dry,Clear,Twelve o'clock,Passenger Car,Disabling,N,Accelerating,2015-01-13 15:15,35,39.37377598,-76.70593008
N,Apparently Normal,No Misuse,N,No Injury,9ec62b42-16a9-4385-ac59-150e2738a52a,D,AE54550005,Shoulder/Lap Belt(s),M,1748966c-ffe5-4b11-abdb-2ba77e2bedba,Same Direction Left Turn,N,Non Intersection,Right Turn Lane,Dark Lights On,No Defects,"Two-way, Not Divided",Dry,Clear,One o'clock,Passenger Car,Superficial,N,Moving Constant Speed,2015-03-29 1:06,21,39.35935391,-76.77346945
N,Apparently Normal,No Misuse,Y,No Injury,abc039d6-26d1-4808-ac14-a38b9c38542d,D,AE54650008,Shoulder/Lap Belt(s),M,28b3a71c-240f-42da-ab6d-c87500df69d2,Single Vehicle ,N,Non Intersection,Right Turn Lane,Dark Lights On,No Defects,"Two-way, Not Divided",Snow,Blowing Snow,Twelve o'clock,Passenger Car,Functional,N,Moving Constant Speed,2015-02-19 22:27,25,39.21144073,-76.44036055
N,Apparently Normal,No Misuse,N,No Injury,a4bf5273-0ccb-4bc1-ab24-9bb005aad905,D,AE5466000R,Shoulder/Lap Belt(s),M,505e3ffb-38f3-4a80-afb4-224dcad116ef,Same Movement Angle,N,Commercial Driveway,Right Turn Lane,Dawn,No Defects,"Two-way, Not Divided",Snow,Snow,Four o'clock,"Other Light Trucks (10,000 lbs (4,536 kg))",Superficial,N,Moving Constant Speed,2015-01-06 7:10,40,39.35737959,-76.78222418
N,Apparently Normal,No Misuse,Y,No Injury,3a8feff5-0024-48f1-8aae-f911c43b5bc2,D,AE5466000R,Shoulder/Lap Belt(s),M,e0427051-a0ba-41e5-ae0c-6093ffe90118,Same Movement Angle,N,Commercial Driveway,Right Turn Lane,Dawn,No Defects,"Two-way, Not Divided",Snow,Snow,Twelve o'clock,(Sport) Utility Vehicle,Functional,N,Slowing or Stopping,2015-01-06 7:10,71,39.35737959,-76.78222418
N,Apparently Normal,No Misuse,Y,No Injury,dfc03880-355a-49e4-b605-cb122b9cc5ff,D,AE5466000Z,Shoulder/Lap Belt(s),M,92922f81-ae87-445f-aa29-609a87d9d902,Single Vehicle ,N,Non Intersection,Right Turn Lane,Daylight,No Defects,"Two-way, Not Divided",Dry,Clear,Three o'clock,Passenger Car,Disabling,N,Moving Constant Speed,2015-01-20 14:49,45,39.36927446,-76.76713943
N,Apparently Normal,No Misuse,Y,No Injury,5f0c0bb4-7493-440b-9b8b-ef6166f61119,D,AE54660017,Shoulder/Lap Belt(s),M,e63c10ef-8775-4ed8-9fa0-68366d919b71,Single Vehicle ,N,Intersection,Right Turn Lane,Daylight,No Defects,"Two-way, Not Divided",Dry,Clear,Twelve o'clock,Passenger Car,Disabling,N,Making Left Turn,2015-02-18 8:24,27,39.35996362,-76.79072142
N,Apparently Normal,No Misuse,N,No Injury,a7ce23a6-056b-46a9-8fb9-d5cfee7fa15b,D,AE5466001Q,Shoulder/Lap Belt(s),M,5654c392-cc87-4c1a-b1e4-173ef0c0ef4a,Same Direction Rear End,N,Intersection,Left Turn Lane,Daylight,No Defects,"Two-way, Divided, Positive Median Barrier",Wet,Snow,Six o'clock,Passenger Car,Functional,N,Stopped in Traffic Lane,2015-03-20 10:19,21,39.31263542,-76.74664736
N,Apparently Normal,No Misuse,N,No Injury,fd04fbc4-9322-4e23-be33-6788d28653ae,D,AE54700002,Shoulder/Lap Belt(s),M,fbf009da-69a0-4067-9fa8-64efb3ca9339,Single Vehicle ,N,Non Intersection,Right Turn Lane,Dark No Lights,No Defects,"Two-way, Divided, Positive Median Barrier",Dry,Severe Winds,Twelve o'clock,Passenger Car,Destroyed,N,Moving Constant Speed,2015-03-18 0:05,24,39.45403096,-76.87055469