CDL_FLAG,CONDITION_CODE,EQUIP_PROB_CODE,FAULT_FLAG,INJ_SEVER_CODE,PERSON_ID,PERSON_TYPE,REPORT_NO,SAF_EQUIP_CODE,SEX_CODE,VEHICLE_ID,COLLISION_TYPE_CODE,C_M_ZONE_FLAG,JUNCTION_CODE,LANE_CODE,LIGHT_CODE,RD_COND_CODE,RD_DIV_CODE,SURF_COND_CODE,WEATHER_CODE,AREA_DAMAGED_CODE_MAIN,BODY_TYPE_CODE,DAMAGE_CODE,HIT_AND_RUN_FLAG,MOVEMENT_CODE,TIME,AGE,LATITUDE,LONGITUDE
N,Apparently Normal,No Misuse,Y,No Injury,8781b0f5-f96f-421f-8c1c-8647eb3a4df8,D,AE5472000G,Shoulder/Lap Belt(s),M,21a030ff-a4a6-49cb-b4d7-c9765175b8f7,Single Vehicle ,N,Non Intersection,Right Turn Lane,Daylight,No Defects,"Two-way, Divided, Positive Median Barrier",Snow,Sleet,Underside,Passenger Car,Disabling,N,Moving Constant Speed,2015-03-01 12:28,29,39.39254406,-76.62850142
N,Apparently Normal,No Misuse,Y,No Injury,e2c8cb2b-fd8c-4a22-9975-a270724189db,D,AE54740005,Shoulder/Lap Belt(s),M,bea7a2df-8f76-4e0f-80c9-b07a3a143a13,Same Direction Rear End,N,Non Intersection,Left Turn Lane,Dark Lights On,No Defects,One-way Trafficway,Ice,Sleet,Eleven o'clock,(Sport) Utility Vehicle,Superficial,Y,Moving Constant Speed,2015-02-10 5:32,38,39.2505171,-76.67866945
N,Apparently Normal,No Misuse,N,No Injury,fdb9cac7-e2b1-4504-9d0a-127a0ce3b540,D,AE54810006,Shoulder/Lap Belt(s),M,c6e986e7-e88d-445f-9bb0-cb4929c9e6ba,Single Vehicle ,N,Non Intersection,Right Turn Lane,Dark No Lights,No Defects,"Two-way, Not Divided",Dry,Clear,Eleven o'clock,Passenger Car,Disabling,N,Moving Constant Speed,2015-02-11 0:02,32,39.55356778,-76.76853418
N,Apparently Normal,No Misuse,N,No Injury,ef488dea-00fd-4841-98bb-af32f4069fd6,D,AE5486000K,Shoulder/Lap Belt(s),M,4ab12a35-57a4-4cf6-8fdf-2fd939d6c0b6,Opposite Direction Both Left Turn,N,Intersection,Right Turn Lane,Daylight,No Defects,"Two-way, Not Divided",Ice,Raining,One o'clock,(Sport) Utility Vehicle,Disabling,N,Accelerating,2015-01-24 8:44,38,39.38090193,-76.71115637
N,Apparently Normal,No Misuse,Y,No Injury,27193647-4000-4f90-9575-306ae2da52c1,D,AE5486000K,Shoulder/Lap Belt(s),M,004428a9-bc2f-4d17-a80e-13a6d879b09f,Opposite Direction Both Left Turn,N,Intersection,Right Turn Lane,Daylight,No Defects,"Two-way, Not Divided",Ice,Raining,Twelve o'clock,(Sport) Utility Vehicle,Superficial,N,Skidding,2015-01-24 8:44,41,39.38090193,-76.71115637
N,Apparently Normal,No Misuse,N,No Injury,db6e2691-9876-4b56-a4f1-d3a28d475f7f,D,AE5491000L,Shoulder/Lap Belt(s),M,f214bb1f-474a-4e43-a33b-e3c28da7aaec,Same Direction Rear End,N,Non Intersection,Right Turn Lane,Daylight,No Defects,"Two-way, Not Divided",Dry,Clear,Six o'clock,Passenger Car,Superficial,N,Stopped in Traffic Lane,2015-03-24 8:58,63,39.47441516,-76.6335547
N,Apparently Normal,No Misuse,N,No Injury,98026f34-cd57-40d0-810b-3a4a3974bb84,D,AE5491000L,Shoulder/Lap Belt(s),M,c577cc28-c5f7-4ee8-8bee-3774bbec598e,Same Direction Rear End,N,Non Intersection,Right Turn Lane,Daylight,No Defects,"Two-way, Not Divided",Dry,Clear,Six o'clock,Passenger Car,Disabling,N,Stopped in Traffic Lane,2015-03-24 8:58,33,39.47441516,-76.6335547
N,Apparently Normal,No Misuse,Y,No Injury,2667e62f-fabc-4e9a-a5c6-43bea7931979,D,AE5491000L,Shoulder/Lap Belt(s),M,f3c3a967-0cc7-48df-8f33-491b249a89c5,Same Direction Rear End,N,Non Intersection,Right Turn Lane,Daylight,No Defects,"Two-way, Not Divided",Dry,Clear,Eleven o'clock,Passenger Car,Disabling,N,Slowing or Stopping,2015-03-24 8:58,34,39.47441516,-76.6335547
N,Apparently Normal,No Misuse,N,No Injury,c8f9531f-bc2a-4fba-80aa-6653c52ca6de,D,AE5491000N,Shoulder/Lap Belt(s),M,6b610787-e3b9-4588-8474-24658ab166f2,Same Direction Rear End,N,Non Intersection,Right Turn Lane,Daylight,No Defects,"Two-way, Not Divided",Dry,Clear,Six o'clock,Passenger Car,Superficial,N,Stopped in Traffic Lane,2015-03-30 17:16,26,39.48108988,-76.65797353
N,Apparently Normal,No Misuse,N,No Injury,e8faf186-cb49-4369-a9f3-6d6fd0feac9f,D,AE55020003,Shoulder/Lap Belt(s),M,02cc2082-f508-455e-abbc-46ac7ccec823,Same Direction Rear End,N,Intersection,Right Turn Lane,Dark Lights On,No Defects,"Two-way, Not Divided",Dry,Clear,Six o'clock,All Terrain Vehicle (ATV),Functional,N,Stopped in Traffic Lane,2015-01-11 0:22,39,39.21523131,-76.54174805
N,Had Been Drinking,No Misuse,Y,No Injury,6c0b0699-3dd8-4471-9313-cc0d5301b3e9,D,AE55020003,Shoulder/Lap Belt(s),M,d2e4b9ba-355d-4dcd-973d-f3e04b27c582,Same Direction Rear End,N,Intersection,Right Turn Lane,Dark Lights On,No Defects,"Two-way, Not Divided",Dry,Clear,Twelve o'clock,Pickup Truck,Functional,N,Moving Constant Speed,2015-01-11 0:22,32,39.21523131,-76.54174805
N,Using Drugs,No Misuse,Y,No Injury,ead5527f-9720-4cd4-b695-1e4f85e7059b,D,AE55140006,Shoulder/Lap Belt(s),M,5ed59d80-b126-4301-bb45-1dcf781efc11,Same Direction Rear End,N,Non Intersection,Right Turn Lane,Daylight,No Defects,"Two-way, Not Divided",Dry,Clear,Twelve o'clock,Pickup Truck,Disabling,N,Moving Constant Speed,2015-02-02 11:46,31,39.39564498,-76.85827017
N,Apparently Normal,No Misuse,N,No Injury,15e9ac65-987d-4e1f-b936-dcd78ea839e6,D,AE55160008,Shoulder/Lap Belt(s),M,059877ad-7f74-4f18-8f6a-ad50aa9e7675,Same Direction Rear End,N,Intersection,Right Turn Lane,Daylight,No Defects,One-way Trafficway,Dry,Clear,Six o'clock,Passenger Car,Superficial,N,Slowing or Stopping,2015-03-01 8:19,50,39.26229724,-76.70514822
N,Apparently Normal,No Misuse,Y,No Injury,c9ad305c-dd4f-4309-9c18-4e0395a5b5b3,D,AE5516000G,Shoulder/Lap Belt(s),M,85050963-40ca-4c28-8800-113a499f031b,Single Vehicle ,N,Non Intersection,Right Turn Lane,Daylight,No Defects,"Two-way, Not Divided",Ice,Raining,Seven o'clock,Passenger Car,Disabling,N,Moving Constant Speed,2015-03-24 7:42,25,39.24982128,-76.72934979
N,Apparently Normal,No Misuse,N,No Injury,4d05412f-a5a7-4701-91f9-b10c31582b3c,D,AE5522000B,Shoulder/Lap Belt(s),M,73dc7507-d8f2-429d-8ff0-49051aacd50a,Same Direction Sideswipe,N,Intersection,Left Turn Lane,Daylight,No Defects,"Two-way, Divided, Positive Median Barrier",Dry,Clear,Three o'clock,(Sport) Utility Vehicle,Functional,N,Moving Constant Speed,2015-01-22 11:54,75,39.40370341,-76.59564972
N,Apparently Normal,No Misuse,N,No Injury,a2fc52f5-2ede-4b7e-bc05-d816b42b861a,D,AE55410006,Shoulder/Lap Belt(s),M,7ae677bc-e70c-4d56-899a-d74a6c0ba9cd,Same Direction Rear End Left Turn,N,Intersection Related,Right Turn Lane,Dark Lights On,No Defects,"Two-way, Not Divided",Wet,Raining,Six o'clock,(Sport) Utility Vehicle,Superficial,N,Starting From Lane,2015-01-04 22:30,54,39.37273305,-76.72135949
N,Apparently Normal,No Misuse,N,No Injury,eb43a95a-b3b7-4128-b65e-7a3adc205d0e,D,AE55410006,Shoulder/Lap Belt(s),M,11f42dcb-59d7-4436-9e0a-dc31a6f685ee,Same Direction Rear End Left Turn,N,Intersection Related,Right Turn Lane,Dark Lights On,No Defects,"Two-way, Not Divided",Wet,Raining,Twelve o'clock,Passenger Car,Disabling,N,Stopped in Traffic Lane,2015-01-04 22:30,21,39.37273305,-76.72135949
N,Apparently Normal,No Misuse,Y,No Injury,1a0bbecc-18de-4328-acbd-aa12c9212b54,D,AE55410006,Shoulder/Lap Belt(s),M,3eed85ec-0e81-4b5d-8d52-87fc76fb302a,Same Direction Rear End Left Turn,N,Intersection Related,Right Turn Lane,Dark Lights On,No Defects,"Two-way, Not Divided",Wet,Raining,Eleven o'clock,Passenger Car,Functional,N,Slowing or Stopping,2015-01-04 22:30,21,39.37273305,-76.72135949
N,Apparently Normal,No Misuse,N,No Injury,9f877023-fb2e-4a20-bd6a-74493543da0b,D,AE55590003,Shoulder/Lap Belt(s),M,94c1d1e3-ece1-45f8-b3b6-7777c0b23f46,Head On Left Turn,N,Non Intersection,Right Turn Lane,Dark Lights On,No Defects,"Two-way, Not Divided",Dry,Clear,Eleven o'clock,Passenger Car,Superficial,N,Parked  ,2015-03-23 0:42,30,39.26229724,-76.69804573
N,Apparently Normal,No Misuse,Y,No Injury,0618d606-dc6c-4047-856a-f62124894260,D,AE55780008,Shoulder/Lap Belt(s),M,57ff5b61-0237-449a-b87d-fbda448f7bb4,Single Vehicle ,N,Non Intersection,Right Turn Lane,Dark Lights On,No Defects,"Two-way, Not Divided",Wet,Raining,Twelve o'clock,Passenger Car,Disabling,N,Moving Constant Speed,2015-01-03 19:55,52,39.33129337,-76.52842283
N,Apparently Normal,No Misuse,Y,No Injury,317e5e15-21d2-4764-aef7-4525a40ee49d,D,AE5584000D,Shoulder/Lap Belt(s),M,089fd80a-e287-4691-a3ff-b539ba0e5bb4,Same Movement Angle,N,Intersection,Right Turn Lane,Dusk,No Defects,"Two-way, Divided, Positive Median Barrier",Dry,Clear,Twelve o'clock,Passenger Car,Superficial,N,Accelerating,2015-02-01 17:32,32,39.25996297,-76.46310568
N,Apparently Normal,No Misuse,Y,No Injury,f141b361-3a06-4ad3-99db-9c4aa9477e85,D,AE5587000B,Shoulder/Lap Belt(s),M,e8e80945-187b-46e9-8435-c22ad83fcef7,Single Vehicle ,N,Non Intersection,Right Turn Lane,Daylight,No Defects,"Two-way, Divided, Positive Median Barrier",Ice,Cloudy,Twelve o'clock,Passenger Car,Disabling,N,Moving Constant Speed,2015-01-18 8:10,24,39.38912791,-76.76186085
N,Apparently Normal,No Misuse,Y,No Injury,d4805d7d-25fa-4853-99f8-12bbb9a9bcf9,D,AE5587000D,Shoulder/Lap Belt(s),M,c23c4a91-df04-4250-89f2-701445db200d,Single Vehicle ,N,Non Intersection,Right Turn Lane,Daylight,No Defects,"Two-way, Divided, Positive Median Barrier",Ice,Cloudy,Seven o'clock,(Sport) Utility Vehicle,Disabling,N,Moving Constant Speed,2015-01-18 8:10,56,39.38703834,-76.75939322
N,Apparently Normal,No Misuse,N,No Injury,1ff2e12c-b060-42b2-917f-0ee73f380748,D,AE5587000H,Shoulder/Lap Belt(s),M,984cca78-b949-4e49-a089-4aebcb6d383d,Head On Left Turn,N,Non Intersection,Right Turn Lane,Dark Lights On,No Defects,"Two-way, Divided, Unprotected (painted >4 feet) Median",Snow,Snow,Eleven o'clock,Pickup Truck,Disabling,N,Moving Constant Speed,2015-01-26 17:00,51,39.39080284,-76.7626977
N,Apparently Normal,No Misuse,Y,No Injury,03fb8dab-c9e6-4175-93a0-58f0082a4660,D,AE5587000L,Shoulder/Lap Belt(s),M,8a1fad4c-916d-4c15-8849-a1ab48e105b6,Single Vehicle ,N,Non Intersection,Right Turn Lane,Dark Lights On,No Defects,"Two-way, Divided, Positive Median Barrier",Dry,Clear,Twelve o'clock,Passenger Car,Disabling,N,Moving Constant Speed,2015-02-20 20:30,33,39.40818821,-76.78184867
N,Apparently Normal,No Misuse,N,No Injury,a850e2c9-0009-4b88-9f51-0fffda6aaf7e,D,AE5587000R,Shoulder/Lap Belt(s),M,50227e4b-794e-4058-9063-5769ab39dc34,Same Direction Rear End,N,Non Intersection,Left Turn Lane,Daylight,No Defects,"Two-way, Divided, Unprotected (painted >4 feet) Median",Dry,Clear,Six o'clock,(Sport) Utility Vehicle,Superficial,N,Slowing or Stopping,2015-03-04 7:40,38,39.40305678,-76.75655007
N,Apparently Normal,No Misuse,Y,No Injury,2784c14b-021d-493e-9bd1-6d615cb60f25,D,AE5587000S,Shoulder/Lap Belt(s),M,7ca8799f-78ae-4ff5-8795-085a5590b004,Single Vehicle ,N,Non Intersection,Right Turn Lane,Dawn,No Defects,"Two-way, Divided, Unprotected (painted >4 feet) Median",Ice,Cloudy,Four o'clock,Pickup Truck,Disabling,N,Moving Constant Speed,2015-03-03 6:30,30,39.39154079,-76.77146316
N,Apparently Normal,No Misuse,N,No Injury,5440fd39-1b6d-42b3-98ea-12a37b0015dd,D,AE55880009,Shoulder/Lap Belt(s),M,3080b65a-2b6d-4c9a-9be5-5b5a7714593c,Same Movement Angle,N,Intersection,Left Turn Lane,Dark Lights On,No Defects,"Two-way, Divided, Unprotected (painted >4 feet) Median",Wet,Raining,Twelve o'clock,Passenger Car,Superficial,N,Making Left Turn,2015-02-09 19:05,68,39.38287559,-76.57095194
N,Apparently Normal,No Misuse,Y,No Injury,81a999fa-ce2a-41b5-a8c2-e3b5b76528ca,D,AE55880009,Shoulder/Lap Belt(s),M,f052200d-aafd-4db5-9f6b-cecca05ae563,Same Movement Angle,N,Intersection,Left Turn Lane,Dark Lights On,No Defects,"Two-way, Divided, Unprotected (painted >4 feet) Median",Wet,Raining,Four o'clock,Passenger Car,Functional,N,Moving Constant Speed,2015-02-09 19:05,28,39.38287559,-76.57095194
N,Apparently Normal,No Misuse,N,No Injury,23942001-d22a-4251-a9e0-bd57e36c2378,D,AE56000009,Shoulder/Lap Belt(s),M,09e0f2e2-000d-47c6-a6a3-cc301e8691e4,Same Direction Rear End,N,Intersection,Left Turn Lane,Dark Lights On,No Defects,"Two-way, Not Divided",Wet,Raining,Six o'clock,Passenger Car,Superficial,N,Slowing or Stopping,2015-01-03 19:13,60,39.39892816,-76.58680916
N,Apparently Normal,No Misuse,Y,No Injury,746ccb23-3a30-4a30-831e-9a3039c76e2c,D,AE56000009,Shoulder/Lap Belt(s),M,d9107596-15fe-4d3d-a823-a4862b989918,Same Direction Rear End,N,Intersection,Left Turn Lane,Dark Lights On,No Defects,"Two-way, Not Divided",Wet,Raining,Twelve o'clock,Passenger Car,Disabling,N,Slowing or Stopping,2015-01-03 19:13,30,39.39892816,-76.58680916
N,Apparently Normal,No Misuse,N,No Injury,923ea1b8-4353-42a7-afe5-2f8ec50cde23,D,AE5604000D,Shoulder/Lap Belt(s),M,2fab5e31-a64e-4c04-a531-6f4a04ee7f52,Same Direction Sideswipe,N,Non Intersection,Right Turn Lane,Daylight,No Defects,One-way Trafficway,Dry,Clear,Ten o'clock,Passenger Car,Superficial,N,Parked  ,2015-03-13 17:56,46,39.35752891,-76.74902916
N,Apparently Normal,No Misuse,Y,No Injury,a3a854b8-db04-42bb-83ab-1c759db8a2ce,D,AE5604000D,Shoulder/Lap Belt(s),M,fada0857-b7bd-45a5-95e2-cc0dda0eb678,Same Direction Sideswipe,N,Non Intersection,Right Turn Lane,Daylight,No Defects,One-way Trafficway,Dry,Clear,Two o'clock,Passenger Car,Superficial,Y,Moving Constant Speed,2015-03-13 17:56,49,39.35752891,-76.74902916
N,Apparently Normal,No Misuse,Y,No Injury,ec8c4edb-418d-4de2-9037-6c8706d77d00,D,AE5608000C,Shoulder Belt Only,M,79b0fc29-e459-40e0-8d32-f93f4da032ca,Single Vehicle ,N,Non Intersection,Right Turn Lane,Dark No Lights,No Defects,"Two-way, Not Divided",Dry,Clear,Twelve o'clock,Passenger Car,Functional,Y,Moving Constant Speed,2015-03-18 3:00,57,39.30413478,-76.71714306
N,Apparently Normal,No Misuse,Y,No Injury,b39b304c-c937-4a58-a9a2-c3891934acf4,D,AE56130002,Shoulder/Lap Belt(s),M,166fed03-df4b-48cd-97a3-1cdb08efbdf5,Single Vehicle ,N,Non Intersection,Right Turn Lane,Dark No Lights,No Defects,"Two-way, Not Divided",Wet,Raining,Eleven o'clock,Passenger Car,Disabling,N,Moving Constant Speed,2015-01-17 0:35,23,39.33847967,-76.86007261
N,Apparently Normal,No Misuse,N,No Injury,e4bf6f09-3e3a-4f29-8177-a93ab9df3c15,D,AE56300009,Shoulder/Lap Belt(s),M,bee400f7-9cbc-40f1-b698-a6dca2512639,Same Direction Sideswipe,N,Non Intersection,Acceleration Lane,Daylight,No Defects,"Two-way, Divided, Positive Median Barrier",Dry,Clear,Nine o'clock,Passenger Car,Superficial,N,Moving Constant Speed,2015-01-02 15:48,27,39.28718021,-76.7334938
N,Had Been Drinking,No Misuse,Y,No Injury,fb6e0eb5-02dc-454e-9642-d954a2d33347,D,AE5645001K,Shoulder/Lap Belt(s),M,eed0e2b2-e51b-4a16-bd17-cda61809b8f9,Same Direction Rear End,N,Non Intersection,Acceleration Lane,Daylight,No Defects,"Two-way, Divided, Positive Median Barrier",Dry,Clear,Twelve o'clock,Passenger Car,Functional,N,Changing Lanes,2015-02-23 12:59,43,39.24577291,-76.67274714
N,Apparently Normal,No Misuse,N,No Injury,c97a3715-184b-4135-ab9c-2f68c9a6c9b2,D,AE5645001Q,Shoulder/Lap Belt(s),M,6761138f-8a66-472b-9204-55596ef8c8e0,Head On,N,Non Intersection,Right Turn Lane,Dawn,No Defects,"Two-way, Not Divided",Wet,Cloudy,Twelve o'clock,Passenger Car,Disabling,N,Moving Constant Speed,2015-03-04 6:37,66,39.26932035,-76.69178545
N,Apparently Normal,No Misuse,Y,No Injury,435f30d4-7f2e-46e7-b6c1-54df7398403f,D,AE5645001Q,Shoulder/Lap Belt(s),M,5ecf30d5-9b1a-4b38-8b17-980a6aa04343,Head On,N,Non Intersection,Right Turn Lane,Dawn,No Defects,"Two-way, Not Divided",Wet,Cloudy,Eleven o'clock,Passenger Car,Disabling,N,Changing Lanes,2015-03-04 6:37,43,39.26932035,-76.69178545
N,Apparently Normal,No Misuse,Y,No Injury,95cd2d00-4e19-4161-9128-14c26afe4262,D,AE56750003,Shoulder/Lap Belt(s),M,7024e2a9-8820-4025-919f-f981582feeec,Single Vehicle ,N,Non Intersection,Right Turn Lane,Dark Lights On,No Defects,"Two-way, Not Divided",Snow,Snow,Twelve o'clock,Passenger Car,Disabling,N,Slowing or Stopping,2015-01-06 17:53,21,39.35995117,-76.7415297
N,Apparently Normal,No Misuse,N,No Injury,0d2f1033-69a8-4101-a03b-8b1c20635df2,D,AE56950004,Shoulder/Lap Belt(s),M,c4febe55-54c9-4546-a025-0d35e9b77272,Same Direction Rear End,N,Intersection Related,Right Turn Lane,Dark Lights On,No Defects,"Two-way, Not Divided",Ice,Blowing Snow,Five o'clock,Passenger Car,Superficial,N,Slowing or Stopping,2015-02-19 1:29,34,39.37877065,-76.58364415
N,Apparently Normal,No Misuse,Y,No Injury,db21bede-e247-4d07-976f-260085fedb7c,D,AE57140008,Shoulder/Lap Belt(s),M,6d6350cb-336e-4242-85f1-28981d9161d8,Single Vehicle ,N,Intersection,Right Turn Lane,Daylight,No Defects,"Two-way, Not Divided",Ice,Wintry Mix,Twelve o'clock,Passenger Car,Disabling,N,Slowing or Stopping,2015-01-18 11:11,74,39.38838993,-76.58106923
N,Apparently Normal,No Misuse,Y,No Injury,82f6cd2a-f905-45be-8171-2e226fc3b60c,D,AE57260005,Shoulder/Lap Belt(s),M,6edaf9e4-b85f-42bb-a1d0-bb9478b12ce8,Same Direction Rear End,N,Non Intersection,Right Turn Lane,Daylight,No Defects,"Two-way, Divided, Positive Median Barrier",Dry,Clear,Twelve o'clock,Pickup Truck,Superficial,Y,Moving Constant Speed,2015-01-02 15:02,24,39.28337691,-76.75145388
N,Apparently Normal,No Misuse,N,Possible Incapacitating Injury,ef39481b-0674-4ff2-b0c4-24e7d198fec3,D,AE57260005,Shoulder/Lap Belt(s),M,3eadaaca-855b-4b1c-8dbb-5394108b993f,Same Direction Rear End,N,Non Intersection,Right Turn Lane,Daylight,No Defects,"Two-way, Divided, Positive Median Barrier",Dry,Clear,Six o'clock,Passenger Car,Functional,N,Moving Constant Speed,2015-01-02 15:02,29,39.28337691,-76.75145388
N,Apparently Normal,No Misuse,N,No Injury,76631c5c-5edf-43b6-a550-85b019dbde26,D,AE5728000L,Shoulder/Lap Belt(s),M,7f2f733d-ca4f-480a-b9b6-464ea219ddf9,Same Direction Rear End,N,Intersection,Left Turn Lane,Daylight,No Defects,"Two-way, Divided, Positive Median Barrier",Dry,Clear,Six o'clock,Passenger Car,Superficial,N,Moving Constant Speed,2015-03-19 12:51,21,39.25125653,-76.66922808
N,Apparently Normal,No Misuse,Y,No Injury,aa214902-7958-4337-bb2f-cd0bb4996ee0,D,AE57350004,Shoulder/Lap Belt(s),M,603470f9-f27a-46d7-9d6f-1e7cc8900364,Same Direction Sideswipe,N,Non Intersection,Right Turn Lane,Dark No Lights,No Defects,"Two-way, Not Divided",Dry,Clear,One o'clock,Passenger Car,Disabling,N,Moving Constant Speed,2015-01-17 20:01,57,39.37534554,-76.70173645
N,Apparently Normal,No Misuse,N,No Injury,c3c3f4bd-220d-4d2d-81d6-db810b657ba2,D,AE57460008,Shoulder/Lap Belt(s),M,25dfd2ff-ebfb-43cf-b335-d65fba71b334,Same Movement Angle,N,Intersection,Left Turn Lane,Daylight,No Defects,"Two-way, Divided, Unprotected (painted >4 feet) Median",Wet,Raining,One o'clock,Passenger Car,Disabling,N,Moving Constant Speed,2015-03-03 16:42,56,39.39625022,-76.75103545
N,Apparently Normal,No Misuse,Y,No Injury,600c57a7-f500-4a50-94ef-b838058a0e39,D,AE57460008,Shoulder/Lap Belt(s),M,79c4e0cd-7901-42e1-bb1c-67aa56bdd243,Same Movement Angle,N,Intersection,Left Turn Lane,Daylight,No Defects,"Two-way, Divided, Unprotected (painted >4 feet) Median",Wet,Raining,One o'clock,Passenger Car,Disabling,N,Moving Constant Speed,2015-03-03 16:42,23,39.39625022,-76.75103545
N,Apparently Normal,No Misuse,N,No Injury,afbf71b9-34ae-42e6-9319-6b652f67a70f,D,AE57510008,Shoulder/Lap Belt(s),M,8a23b5df-11eb-4c24-8763-486eb087f98e,Same Direction Rear End,N,Non Intersection,Right Turn Lane,Daylight,No Defects,"Two-way, Divided, Unprotected (painted >4 feet) Median",Ice,Raining,Six o'clock,Passenger Car,Functional,N,Moving Constant Speed,2015-01-18 9:30,34,39.38075266,-76.71207905
N,Apparently Normal,No Misuse,Y,No Injury,0cb4ba6d-ba24-4a5d-9202-e13969d3ec86,D,AE57510008,Shoulder/Lap Belt(s),M,70034308-094c-4ec6-a1f1-1675fe23b697,Same Direction Rear End,N,Non Intersection,Right Turn Lane,Daylight,No Defects,"Two-way, Divided, Unprotected (painted >4 feet) Median",Ice,Raining,Twelve o'clock,Passenger Car,Functional,N,Moving Constant Speed,2015-01-18 9:30,19,39.38075266,-76.71207905
N,Apparently Normal,No Misuse,N,No Injury,bf8d17f2-83b3-4773-bc74-327a3a57d82d,D,AE5751000C,Shoulder/Lap Belt(s),M,9927f2de-451c-4e30-803b-9c44d3a6f586,Head On,N,Non Intersection,Left Turn Lane,Daylight,No Defects,"Two-way, Divided, Unprotected (painted >4 feet) Median",Dry,Clear,Twelve o'clock,Passenger Car,Superficial,N,Slowing or Stopping,2015-03-08 8:30,26,39.41308716,-76.68225288
N,Apparently Normal,No Misuse,N,No Injury,9a451170-b803-40b9-bf32-344600dd2514,D,AE5767000B,Shoulder/Lap Belt(s),M,1f6d7265-3c29-445d-8812-a583d282e0fb,Same Movement Angle,N,Intersection,Right Turn Lane,Daylight,No Defects,"Two-way, Divided, Positive Median Barrier",Snow,Snow,Three o'clock,Passenger Car,Superficial,N,Making Left Turn,2015-01-06 7:40,50,39.28626678,-76.73868656
N,Apparently Normal,No Misuse,Y,No Injury,708b10ef-7588-45f2-b3a2-0c6873db4cae,D,AE5767000B,Shoulder/Lap Belt(s),M,b91d9d2e-5bd5-45e8-bf7a-4a9a439fb1c3,Same Movement Angle,N,Intersection,Right Turn Lane,Daylight,No Defects,"Two-way, Divided, Positive Median Barrier",Snow,Snow,Twelve o'clock,Passenger Car,Disabling,N,Moving Constant Speed,2015-01-06 7:40,23,39.28626678,-76.73868656
N,Apparently Normal,No Misuse,N,No Injury,ddb5c297-d0a1-4d5a-bc9c-1f5d0e730218,D,AE5767000F,Shoulder/Lap Belt(s),M,642264a4-46e0-4ac8-8183-0d4e6dcb9c6e,Opposite Direction Sideswipe,N,Non Intersection,Right Turn Lane,Dawn,No Defects,"Two-way, Not Divided",Wet,Raining,Eleven o'clock,Passenger Car,Functional,N,Moving Constant Speed,2015-03-14 7:15,32,39.23959918,-76.64682627
N,Apparently Normal,No Misuse,N,No Injury,2dafa771-7c8e-4181-bf75-24020be3f6fb,D,AE5767000G,Shoulder/Lap Belt(s),M,2e5e15e3-c300-4c2b-ab59-08c99261419b,Same Direction Rear End,N,Non Intersection,Right Turn Lane,Daylight,No Defects,"Two-way, Divided, Unprotected (painted >4 feet) Median",Dry,Clear,Six o'clock,Passenger Car,Superficial,N,Slowing or Stopping,2015-03-27 17:28,49,39.24450165,-76.6407752
N,Apparently Normal,No Misuse,N,No Injury,ca9750d6-9072-4e75-b06f-181e7a5de226,D,AE5767000G,Shoulder/Lap Belt(s),M,99eb9265-f998-4221-afe9-e5f0d7a42157,Same Direction Rear End,N,Non Intersection,Right Turn Lane,Daylight,No Defects,"Two-way, Divided, Unprotected (painted >4 feet) Median",Dry,Clear,Twelve o'clock,Passenger Car,Superficial,N,Slowing or Stopping,2015-03-27 17:28,23,39.24450165,-76.6407752
N,Apparently Normal,No Misuse,N,No Injury,1808b075-4e00-4f61-84e0-06835caf0d14,D,AE57700007,Shoulder/Lap Belt(s),M,6ef662de-42b7-4fd2-9ec9-0bf7a0c99a43,Same Direction Rear End,N,Non Intersection,Right Turn Lane,Daylight,No Defects,"Two-way, Not Divided",Dry,Clear,Six o'clock,Passenger Car,Superficial,N,Making Left Turn,2015-01-13 15:39,53,39.26151639,-76.51297331
N,Apparently Normal,No Misuse,N,No Injury,2ad162a8-3f00-4cec-9b86-64f756c1ac88,D,AE57820005,Shoulder/Lap Belt(s),M,d50bfdcf-f090-4d0d-b264-7598a8926ce7,Head On,N,Intersection,Right Turn Lane,Daylight,No Defects,"Two-way, Not Divided",Snow,Snow,Twelve o'clock,Pickup Truck,Functional,Y,Slowing or Stopping,2015-01-06 9:20,64,39.33455468,-76.44963026
N,Apparently Normal,No Misuse,Y,No Injury,59c1e9bc-6cda-4b45-99af-3f2b8c8010e5,D,AE57820005,Shoulder/Lap Belt(s),M,6b9987b8-e7c2-46f3-916d-46341f30f8a6,Head On,N,Intersection,Right Turn Lane,Daylight,No Defects,"Two-way, Not Divided",Snow,Snow,Twelve o'clock,Passenger Car,Disabling,N,Skidding,2015-01-06 9:20,26,39.33455468,-76.44963026
N,Apparently Normal,No Misuse,N,No Injury,87a0c11a-ac9a-4980-8118-1a02c446317f,D,AE57850007,Shoulder/Lap Belt(s),M,50567d66-16a8-403e-be97-743dd3d4ff98,Same Direction Sideswipe,N,Non Intersection,Right Turn Lane,Daylight,No Defects,"Two-way, Divided, Positive Median Barrier",Dry,Clear,One o'clock,Passenger Car,Superficial,N,Moving Constant Speed,2015-01-23 7:40,45,39.31663634,-76.4598012
Y,Apparently Normal,No Misuse,Y,No Injury,b1345f6a-84ef-498b-b760-819024add5e7,D,AE57850009,Shoulder/Lap Belt(s),M,641938fe-3086-4eca-9f3c-397cc07ca34d,Same Direction Sideswipe,N,Non Intersection,Right Turn Lane,Daylight,No Defects,"Two-way, Not Divided",Dry,Clear,One o'clock,Passenger Car,Functional,Y,Moving Constant Speed,2015-02-10 15:11,53,39.27967306,-76.40967607