CDL_FLAG,CONDITION_CODE,EQUIP_PROB_CODE,FAULT_FLAG,INJ_SEVER_CODE,PERSON_ID,PERSON_TYPE,REPORT_NO,SAF_EQUIP_CODE,SEX_CODE,VEHICLE_ID,COLLISION_TYPE_CODE,C_M_ZONE_FLAG,JUNCTION_CODE,LANE_CODE,LIGHT_CODE,RD_COND_CODE,RD_DIV_CODE,SURF_COND_CODE,WEATHER_CODE,AREA_DAMAGED_CODE_MAIN,BODY_TYPE_CODE,DAMAGE_CODE,HIT_AND_RUN_FLAG,MOVEMENT_CODE,TIME,AGE,LATITUDE,LONGITUDE
N,Apparently Normal,No Misuse,N,No Injury,cd7ead46-be1a-45fa-b93e-1de01593e262,D,AE5797000D,Shoulder/Lap Belt(s),M,e6a6aced-6de4-4f77-9467-935b27eb6add,Same Direction Rear End,N,Non Intersection,Right Turn Lane,Daylight,No Defects,"Two-way, Not Divided",Wet,Clear,Six o'clock,(Sport) Utility Vehicle,Disabling,N,Stopped in Traffic Lane,2015-02-17 13:55,46,39.36403234,-76.71290517
N,Apparently Normal,No Misuse,N,No Injury,8dda36df-2955-44a9-a6de-ea408618801e,D,AE5797000D,Shoulder/Lap Belt(s),M,24e291bf-cc54-4af7-8e38-107ef708be7f,Same Direction Rear End,N,Non Intersection,Right Turn Lane,Daylight,No Defects,"Two-way, Not Divided",Wet,Clear,Six o'clock,(Sport) Utility Vehicle,Functional,N,Making Left Turn,2015-02-17 13:55,35,39.36403234,-76.71290517
N,Apparently Normal,No Misuse,Y,No Injury,823c6f49-fac3-48e4-a83e-bd05fa43a0af,D,AE5797000D,Shoulder/Lap Belt(s),M,023a0427-bce9-473a-9118-dfad89c7f66e,Same Direction Rear End,N,Non Intersection,Right Turn Lane,Daylight,No Defects,"Two-way, Not Divided",Wet,Clear,Twelve o'clock,Passenger Car,Disabling,N,Moving Constant Speed,2015-02-17 13:55,28,39.36403234,-76.71290517
N,Apparently Normal,No Misuse,N,No Injury,0c6ea276-90b7-4677-904a-d6431c0cf526,D,AE5797000K,Shoulder/Lap Belt(s),M,d7cb8b77-2ba5-4482-98d8-07ed4a4bc5d0,Same Direction Rear End,N,Non Intersection,Left Turn Lane,Dark Lights On,No Defects,"Two-way, Not Divided",Wet,Clear,Six o'clock,Passenger Car,Functional,N,Stopped in Traffic Lane,2015-03-06 19:17,65,39.39012292,-76.74553156
N,Apparently Normal,No Misuse,Y,No Injury,0b0ff43b-7c3d-4d87-87ec-2b53001dba83,D,AJ01190004,Shoulder/Lap Belt(s),M,0eb1e5e9-1a15-44a7-bf2d-010e78ce6571,Single Vehicle ,N,Intersection,Right Turn Lane,Daylight,No Defects,"Two-way, Not Divided",Ice,Raining,Four o'clock,Fire Vehicle/Emergency,Functional,N,Moving Constant Speed,2015-01-18 7:50,24,39.53645039,-76.34708405
N,Apparently Normal,No Misuse,N,No Injury,5cf47087-a693-461a-aa22-bd17d94c21d1,D,AJ0133000B,Shoulder/Lap Belt(s),M,2df6c8c1-e850-4dbb-b2f4-74ff83a7d7e8,Same Direction Rear End,N,Intersection Related,Right Turn Lane,Daylight,No Defects,"Two-way, Not Divided",Ice,Wintry Mix,Six o'clock,Fire Vehicle/Emergency,Superficial,N,Parked  ,2015-01-19 7:50,35,39.53745984,-76.34804964
N,Apparently Normal,No Misuse,Y,No Injury,787db91b-89b6-4afe-bf15-05b471f0d204,D,AJ0133000B,Shoulder/Lap Belt(s),M,589f837a-4fe9-440e-9502-8bc2bcd00ef7,Same Direction Rear End,N,Intersection Related,Right Turn Lane,Daylight,No Defects,"Two-way, Not Divided",Ice,Wintry Mix,Twelve o'clock,Fire Vehicle/Emergency,Superficial,N,Moving Constant Speed,2015-01-19 7:50,48,39.53745984,-76.34804964
N,Apparently Normal,No Misuse,Y,No Injury,939ba6b8-1660-4798-b993-218f8377ca19,D,AK00580007,Shoulder/Lap Belt(s),M,4148bf13-f701-4f5b-bd9c-ae470b73b475,Single Vehicle ,N,Non Intersection,Right Turn Lane,Daylight,No Defects,"Two-way, Divided, Positive Median Barrier",Slush,Sleet,Twelve o'clock,Station Wagon,Functional,N,Moving Constant Speed,2015-01-14 10:22,68,38.31529593,-75.21748781
N,Apparently Normal,No Misuse,Y,No Injury,0d6d47d5-85bb-4727-84ab-a3cc35991206,D,AL14450002,Shoulder/Lap Belt(s),M,df7ccdc3-ccfa-4053-937b-cd898c81887e,Same Direction Rear End,N,Intersection,Right Turn Lane,Daylight,No Defects,"Two-way, Not Divided",Dry,Clear,Twelve o'clock,Pickup Truck,Disabling,N,Moving Constant Speed,2015-01-19 16:06,31,38.99522309,-76.91438198
N,Apparently Normal,No Misuse,N,Non-incapacitating Injury,6b299e07-e039-4fa7-b15c-3df2f82b891a,D,AL14450002,Shoulder/Lap Belt(s),M,2a800075-be05-4344-b199-3552fbfdbfa0,Same Direction Rear End,N,Intersection,Right Turn Lane,Daylight,No Defects,"Two-way, Not Divided",Dry,Clear,Twelve o'clock,Passenger Car,Disabling,N,Stopped in Traffic Lane,2015-01-19 16:06,24,38.99522309,-76.91438198
N,Apparently Normal,No Misuse,N,No Injury,50abc69f-9dd3-421a-bb41-9e33d9dc7a93,D,AM02810003,Shoulder/Lap Belt(s),M,168bc7fd-9120-433c-bb5e-844538c81743,Single Vehicle ,N,Non Intersection,Right Turn Lane,Dark Lights On,Foreign Material,"Two-way, Not Divided with a Continuous Left Turn Lane",Dry,Clear,Underside,Police Vehicle/Non Emergency,Functional,N,Moving Constant Speed,2015-01-31 6:17,34,38.93953381,-76.93061471
N,Apparently Normal,No Misuse,N,No Injury,c9b3463c-d4db-4178-8b4e-8fb8624bd777,D,AM03230006,Shoulder/Lap Belt(s),M,95d66d15-6c3b-4cbb-a5ec-0eab280d4dcf,Same Movement Angle,N,Alley,Right Turn Lane,Dark Lights On,No Defects,"Two-way, Not Divided",Ice,Snow,Six o'clock,Van,No Damage,N,Moving Constant Speed,2015-01-07 18:36,77,38.93865966,-76.93608373
N,Apparently Normal,No Misuse,N,No Injury,9e3bfdc7-4e08-4d28-8365-29626b26d7ee,D,AM03230006,Shoulder/Lap Belt(s),M,56927a59-3378-4023-a5f0-9e2061ae9f31,Same Movement Angle,N,Alley,Right Turn Lane,Dark Lights On,No Defects,"Two-way, Not Divided",Ice,Snow,Eight o'clock,Passenger Car,Functional,N,Moving Constant Speed,2015-01-07 18:36,50,38.93865966,-76.93608373
N,Apparently Normal,No Misuse,N,No Injury,bd1113df-8ef2-47c6-8e79-577321eb4fcd,D,AM03230009,Shoulder/Lap Belt(s),M,35293df1-f434-4626-ba51-18ae3e01346a,Same Direction Rear End,N,Intersection,Right Turn Lane,Dawn,No Defects,One-way Trafficway,Dry,Clear,Six o'clock,Passenger Car,Functional,N,Stopped in Traffic Lane,2015-01-31 7:00,33,38.93962977,-76.94126308
N,Apparently Normal,No Misuse,Y,No Injury,692d7d61-8da3-4103-81e5-bf766acfcd92,D,AM0323000C,Shoulder/Lap Belt(s),M,68e6045e-a351-4166-b7e0-ebaa23bdc0c1,Head On Left Turn,N,Commercial Driveway,Acceleration Lane,Daylight,No Defects,"Two-way, Divided, Positive Median Barrier",Dry,Clear,Twelve o'clock,Passenger Car,Destroyed,N,Accelerating,2015-03-09 7:38,24,38.93887246,-76.92394674
N,Apparently Normal,No Misuse,N,Possible Incapacitating Injury,38f81c6e-7052-48b0-8c7c-9e03afd19f7a,D,AM0323000C,Shoulder/Lap Belt(s),M,d281ec07-bdae-4e8d-9219-2d25a597b328,Head On Left Turn,N,Commercial Driveway,Acceleration Lane,Daylight,No Defects,"Two-way, Divided, Positive Median Barrier",Dry,Clear,Twelve o'clock,(Sport) Utility Vehicle,Destroyed,N,Moving Constant Speed,2015-03-09 7:38,36,38.93887246,-76.92394674
N,Apparently Normal,No Misuse,Y,No Injury,d21532ed-0635-4200-8976-11bc44b8515a,D,AP01270006,Shoulder Belt Only,M,5030fbfe-ef9e-4257-9580-e108ebc9d31c,Single Vehicle ,N,Non Intersection,Right Turn Lane,Dark No Lights,No Defects,"Two-way, Not Divided",Dry,Clear,Roof Top,Passenger Car,Disabling,N,Moving Constant Speed,2015-03-31 5:30,21,39.32323487,-77.61657357
N,Apparently Normal,No Misuse,N,No Injury,d1437826-45cd-475a-9efa-a7a5ea9c6027,D,AZ1674000F,Shoulder/Lap Belt(s),M,41264611-9ee6-4736-aef4-a037badd8e8b,Head On Left Turn,N,Intersection,Acceleration Lane,Dark Lights On,No Defects,"Two-way, Divided, Positive Median Barrier",Wet,Raining,Twelve o'clock,Station Wagon,Functional,N,Moving Constant Speed,2015-01-03 17:19,36,38.93414274,-76.91466093
N,Apparently Normal,No Misuse,Y,No Injury,0707903e-6b56-4736-85f5-f37debcaf0be,D,AZ1674000F,Shoulder/Lap Belt(s),M,14a0197b-3d9a-4cb6-ad96-110af83658d9,Head On Left Turn,N,Intersection,Acceleration Lane,Dark Lights On,No Defects,"Two-way, Divided, Positive Median Barrier",Wet,Raining,Three o'clock,Passenger Car,Functional,N,Making Left Turn,2015-01-03 17:19,37,38.93414274,-76.91466093
N,Apparently Normal,No Misuse,N,No Injury,dad88e02-7ae3-4c1b-a43c-e68e8a5081eb,D,BE0071000B,Shoulder/Lap Belt(s),M,a977bce3-7b7e-4754-9b66-a18dd99a4902,Head On Left Turn,N,Intersection,Right Turn Lane,Dark Lights On,No Defects,"Two-way, Not Divided",Dry,Cloudy,Twelve o'clock,Passenger Car,Disabling,N,Moving Constant Speed,2015-02-15 18:06,37,38.85524943,-76.90103531
N,Apparently Normal,No Misuse,Y,No Injury,23c3f0ed-e1d3-4b04-910d-86cb10f05b7c,D,BJ00820001,Shoulder/Lap Belt(s),M,b3a3ca22-ca22-40ba-a683-c7cc593de65e,Single Vehicle ,N,Intersection,Right Turn Lane,Dark Lights On,No Defects,"Two-way, Not Divided",Dry,Clear,Seven o'clock,Passenger Car,Functional,N,Backing,2015-01-19 20:03,22,38.77586703,-76.06687903
N,Apparently Normal,No Misuse,N,No Injury,1a5a6348-ed6a-4f41-a317-35e22c14f1c3,D,BJ00860001,Shoulder/Lap Belt(s),M,1c4e0065-8c46-42b8-8903-a24790ff4915,Head On,N,Non Intersection,Right Turn Lane,Dark Lights On,No Defects,"Two-way, Not Divided",Dry,Clear,Twelve o'clock,Police Vehicle/Emergency,No Damage,N,Slowing or Stopping,2015-03-31 21:30,28,38.77671495,-76.06874317
Y,Apparently Normal,No Misuse,Y,No Injury,736162de-bd33-4aac-8eda-f7a7f13a5087,D,BJ01590004,Shoulder/Lap Belt(s),M,03446ab6-4247-48e1-9aac-1ab3b9b6bcf8,Single Vehicle ,N,Intersection,Right Turn Lane,Daylight,No Defects,"Two-way, Not Divided",Dry,Clear,Non-collision,Truck Tractor,No Damage,N,Making Right Turn,2015-01-20 9:32,30,38.76936774,-76.06055975
N,Apparently Normal,No Misuse,N,No Injury,473e5afd-9ef8-4e43-945b-a826a9c842e7,D,BJ01830003,Shoulder/Lap Belt(s),M,880d2c67-1553-48f0-a4d2-55e03ca9603f,Same Direction Rear End,N,Non Intersection,Left Turn Lane,Daylight,No Defects,"Two-way, Divided, Positive Median Barrier",Dry,Cloudy,Six o'clock,Passenger Car,Functional,N,Slowing or Stopping,2015-02-07 10:43,54,38.8124929,-76.05991602
N,Apparently Normal,No Misuse,Y,Possible Incapacitating Injury,7b1f9069-1212-491f-a5b0-dcf256dea36a,D,BJ01830003,Shoulder/Lap Belt(s),M,0beb678f-558e-4cf5-a650-fd68d276766a,Same Direction Rear End,N,Non Intersection,Left Turn Lane,Daylight,No Defects,"Two-way, Divided, Positive Median Barrier",Dry,Cloudy,Twelve o'clock,Passenger Car,Disabling,N,Accelerating,2015-02-07 10:43,72,38.8124929,-76.05991602
N,Apparently Normal,No Misuse,N,No Injury,cde63548-cf98-4a13-8178-e719107135c8,D,BK0231000G,Shoulder/Lap Belt(s),M,8fec5857-349e-4f7f-b077-1d82ecc787b3,Single Vehicle ,N,Non Intersection,Left Turn Lane,Dark Lights On,No Defects,"Two-way, Divided, Positive Median Barrier",Wet,Raining,Twelve o'clock,Passenger Car,Disabling,N,Moving Constant Speed,2015-03-10 20:05,22,39.59816568,-75.81783056
N,Apparently Normal,No Misuse,Y,No Injury,f9f875d6-2cfb-4cee-a658-85f20ca89eaf,D,BS02730005,Shoulder/Lap Belt(s),M,f7b938c4-d2e3-40f4-b9e3-f2f3a3959fc3,Same Direction Sideswipe,N,Non Intersection,Left Turn Lane,Daylight,No Defects,"Two-way, Not Divided",Dry,Clear,Eleven o'clock,Passenger Car,Disabling,N,Changing Lanes,2015-01-16 12:45,21,39.40687015,-77.38703012
N,Apparently Normal,No Misuse,N,Possible Incapacitating Injury,8f0f028c-7b0b-4daa-9abf-da684b59ad65,D,BS02730005,Shoulder/Lap Belt(s),M,ab88b4a0-7d91-4ae1-b03a-65f42a1157ca,Same Direction Sideswipe,N,Non Intersection,Left Turn Lane,Daylight,No Defects,"Two-way, Not Divided",Dry,Clear,Three o'clock,Pickup Truck,Destroyed,N,Moving Constant Speed,2015-01-16 12:45,26,39.40687015,-77.38703012
N,Apparently Normal,No Misuse,Y,No Injury,805d12c0-f191-4638-b1dc-6737f6faf33c,D,BS02730007,Shoulder/Lap Belt(s),M,8b500c88-f8b7-458f-943f-5f08ab911d24,Single Vehicle ,N,Intersection,Right Turn Lane,Daylight,Loose Surface Material,"Two-way, Not Divided",Snow,Clear,Twelve o'clock,Police Vehicle/Non Emergency,Superficial,N,Making U Turn,2015-02-28 9:50,26,39.42235362,-77.45337725
N,Apparently Normal,No Misuse,N,No Injury,0d3cb851-d2ff-4fa3-97ff-a44d77181024,D,BS0382000D,Shoulder/Lap Belt(s),M,63b797c2-7540-4010-8b63-74aa1d992ea4,Same Direction Rear End,N,Intersection,Right Turn Lane,Daylight,No Defects,"Two-way, Divided, Unprotected (painted >4 feet) Median",Dry,Clear,Six o'clock,Passenger Car,Functional,N,Stopped in Traffic Lane,2015-03-02 15:56,54,39.40452413,-77.39404678
Y,Apparently Normal,No Misuse,Y,No Injury,919e2617-e1f2-4ff3-9445-084b3e10ff95,D,BS0382000D,Shoulder/Lap Belt(s),M,2e5c968e-2a03-4344-9b62-43c13fdc52bb,Same Direction Rear End,N,Intersection,Right Turn Lane,Daylight,No Defects,"Two-way, Divided, Unprotected (painted >4 feet) Median",Dry,Clear,Twelve o'clock,"Medium/Heavy Truck 2 axles (10,000 lbs (4,536 kg) or less)",Superficial,N,Moving Constant Speed,2015-03-02 15:56,38,39.40452413,-77.39404678
N,Apparently Normal,No Misuse,Y,No Injury,64ca941e-f54a-4709-b0aa-e43c5a6254c4,D,BS04350004,Shoulder/Lap Belt(s),M,f5d71135-1956-4cb7-a1ea-53f77da70762,Same Direction Rear End,N,Non Intersection,Left Turn Lane,Daylight,No Defects,One-way Trafficway,Wet,Clear,Twelve o'clock,Police Vehicle/Emergency,Superficial,N,Slowing or Stopping,2015-01-28 13:30,29,39.415052,-77.410825
N,Apparently Normal,No Misuse,N,No Injury,c5f15cec-b8e0-4ea5-8ba2-0334cac5cfcb,D,BS04500004,Shoulder/Lap Belt(s),M,e55c4159-7d55-4ba7-a5a0-8d971152e4c2,Same Movement Angle,N,Intersection Related,Right Turn Lane,Daylight,No Defects,"Two-way, Not Divided",Dry,Clear,Twelve o'clock,Passenger Car,Functional,N,Moving Constant Speed,2015-02-13 14:22,33,39.41746361,-77.40483999
N,Apparently Normal,No Misuse,N,No Injury,b95fd3b4-59e1-4f57-b3f5-afa20b2cf303,D,BS04500004,Shoulder/Lap Belt(s),M,45db3eab-3d8a-400c-bebf-f7cec7c88e3a,Same Movement Angle,N,Intersection Related,Right Turn Lane,Daylight,No Defects,"Two-way, Not Divided",Dry,Clear,One o'clock,Passenger Car,Disabling,N,Moving Constant Speed,2015-02-13 14:22,21,39.41746361,-77.40483999
N,Apparently Normal,No Misuse,Y,No Injury,73b8aa60-6aa9-45a5-afe9-cb676ac1a9da,D,BS04500004,Shoulder/Lap Belt(s),M,92d93ea2-ee60-434f-8c37-cd00c42f48ab,Same Movement Angle,N,Intersection Related,Right Turn Lane,Daylight,No Defects,"Two-way, Not Divided",Dry,Clear,Twelve o'clock,Passenger Car,Disabling,N,Accelerating,2015-02-13 14:22,60,39.41746361,-77.40483999
N,Apparently Normal,No Misuse,N,No Injury,59bd75a3-f509-4314-9f05-c1b298ce0118,D,BS0488000D,Shoulder/Lap Belt(s),M,0f20f895-3aba-4742-ae1d-b76e8af26427,Head On,N,Non Intersection,Right Turn Lane,Dark Lights On,No Defects,"Two-way, Not Divided",Dry,Cloudy,Twelve o'clock,Passenger Car,Disabling,N,Moving Constant Speed,2015-02-01 19:52,36,39.41627,-77.453698
N,Had Been Drinking,No Misuse,Y,No Injury,e5205367-653b-4e78-a9d0-c1ad824f7067,D,BS0488000D,Shoulder/Lap Belt(s),M,6349a222-95dd-4654-b250-a472293b1393,Head On,N,Non Intersection,Right Turn Lane,Dark Lights On,No Defects,"Two-way, Not Divided",Dry,Cloudy,Twelve o'clock,Passenger Car,Disabling,N,Moving Constant Speed,2015-02-01 19:52,31,39.41627,-77.453698
N,Apparently Normal,No Misuse,N,No Injury,d71bd590-d3f9-4486-8cd4-902710893253,D,BW00970005,Shoulder/Lap Belt(s),M,45c4bfad-85fa-4dbd-8a15-5f1fbf9cc1d2,Same Movement Angle,N,Intersection,Left Turn Lane,Dark Lights On,Foreign Material,"Two-way, Divided, Unprotected (painted >4 feet) Median",Ice,Clear,Four o'clock,Pickup Truck,Superficial,N,Moving Constant Speed,2015-02-28 1:38,29,38.99609028,-76.89983368
N,Apparently Normal,No Misuse,Y,No Injury,4ddffa88-cead-48ce-939c-872082636fee,D,BW0108000G,Shoulder/Lap Belt(s),M,cc8297f5-2875-41e7-8ddd-bb22b153a189,Head On Left Turn,N,Intersection,Right Turn Lane,Dusk,No Defects,"Two-way, Divided, Positive Median Barrier",Dry,Clear,Two o'clock,(Sport) Utility Vehicle,Disabling,N,Making Left Turn,2015-03-18 19:07,24,38.99712423,-76.90700054
N,Apparently Normal,No Misuse,N,Non-incapacitating Injury,065f2681-5c9c-426c-b94c-77e1630cabd5,D,BW0108000G,Shoulder/Lap Belt(s),M,727cd9f6-bbd8-4c02-abba-e8598dc0d654,Head On Left Turn,N,Intersection,Right Turn Lane,Dusk,No Defects,"Two-way, Divided, Positive Median Barrier",Dry,Clear,Ten o'clock,(Sport) Utility Vehicle,Disabling,N,Moving Constant Speed,2015-03-18 19:07,38,38.99712423,-76.90700054
N,Apparently Normal,No Misuse,N,No Injury,663d8b9f-3f70-4f0c-a104-2ff96e85189d,D,BW0118000C,Shoulder/Lap Belt(s),M,e2ff928b-e2c8-47ce-8067-dfcac885ca8f,Same Direction Rear End,N,Intersection Related,Acceleration Lane,Dark Lights On,No Defects,"Two-way, Divided, Positive Median Barrier",Wet,Raining,Seven o'clock,"Other Light Trucks (10,000 lbs (4,536 kg))",Superficial,N,Stopped in Traffic Lane,2015-02-02 1:29,32,38.993905,-76.87334
N,Apparently Normal,No Misuse,N,No Injury,117ec2df-f8ea-4bf4-b8ea-b6233993de5c,D,BW01300008,Shoulder/Lap Belt(s),M,1b858b43-ea86-44dd-8d6a-03c18b9376a2,Same Direction Rear End,N,Intersection Related,Acceleration Lane,Daylight,No Defects,"Two-way, Divided, Positive Median Barrier",Dry,Clear,Six o'clock,Pickup Truck,Superficial,N,Stopped in Traffic Lane,2015-02-23 8:25,67,38.99558998,-76.88773155
N,Had Been Drinking,No Misuse,Y,Non-incapacitating Injury,2aa90e17-c2ea-4339-8315-f9fe7791460e,D,BW01300008,Shoulder/Lap Belt(s),M,f7293532-2475-44c8-8d76-f9cdb6f55312,Same Direction Rear End,N,Intersection Related,Acceleration Lane,Daylight,No Defects,"Two-way, Divided, Positive Median Barrier",Dry,Clear,Twelve o'clock,Passenger Car,Disabling,N,Moving Constant Speed,2015-02-23 8:25,58,38.99558998,-76.88773155
N,Apparently Normal,No Misuse,Y,No Injury,5c0c2952-73fe-428e-992c-1710c6923e88,D,BW01370009,Shoulder/Lap Belt(s),M,d0fd882f-7535-4479-9126-9a67318bea11,Single Vehicle ,N,Non Intersection,Right Turn Lane,Daylight,No Defects,"Two-way, Not Divided",Snow,Snow,Six o'clock,"Other Light Trucks (10,000 lbs (4,536 kg))",No Damage,N,Backing,2015-03-05 15:17,45,38.98100463,-76.86929941
N,Apparently Normal,No Misuse,N,No Injury,372c7871-2c57-4905-9322-d2ceada676b3,D,BW0141000M,Shoulder/Lap Belt(s),M,23559526-a5f1-4a0e-a19c-d18b4edc41d0,Same Direction Rear End,N,Non Intersection,Right Turn Lane,Dawn,No Defects,"Two-way, Divided, Positive Median Barrier",Wet,Raining,Twelve o'clock,"Other Light Trucks (10,000 lbs (4,536 kg))",Disabling,N,Moving Constant Speed,2015-01-30 5:20,23,39.002023,-76.895657
N,Apparently Normal,No Misuse,Y,Non-incapacitating Injury,bf72dfc5-9f59-4eaf-bca7-03fd5f34b82a,D,BW0141000M,Shoulder/Lap Belt(s),M,63faa14e-64a1-4522-910c-0299b02bb6b9,Same Direction Rear End,N,Non Intersection,Right Turn Lane,Dawn,No Defects,"Two-way, Divided, Positive Median Barrier",Wet,Raining,Six o'clock,Passenger Car,Disabling,N,Moving Constant Speed,2015-01-30 5:20,31,39.002023,-76.895657
N,Apparently Normal,No Misuse,Y,No Injury,10cb2a57-fc6d-4e11-bf71-5c330a11af77,D,BW0150000H,Shoulder/Lap Belt(s),M,e30c13f0-4d3f-4500-8c11-fff2f251dc58,Single Vehicle ,N,Non Intersection,Right Turn Lane,Dark Lights On,No Defects,"Two-way, Divided, Positive Median Barrier",Ice,Clear,Eleven o'clock,Passenger Car,Disabling,N,Accelerating,2015-03-02 23:09,52,38.9964873,-76.8651679
N,Apparently Normal,No Misuse,N,No Injury,28de747e-426d-48da-91d1-ebb80e1fb464,D,BW0155000B,Shoulder/Lap Belt(s),M,1d2d94fa-ee0a-4269-9339-f4aa5d1dba99,Same Direction Rear End,N,Intersection,Right Turn Lane,Dark Lights On,No Defects,"Two-way, Divided, Positive Median Barrier",Wet,Raining,Six o'clock,Passenger Car,Superficial,N,Stopped in Traffic Lane,2015-01-23 21:23,51,38.9980581,-76.91184998
N,Had Been Drinking,No Misuse,Y,No Injury,6fdbe6cd-7166-4563-b1c8-153f3590f893,D,BW0155000B,Shoulder/Lap Belt(s),M,2ffb13e8-7ff0-465b-bd03-05cf45c5e46f,Same Direction Rear End,N,Intersection,Right Turn Lane,Dark Lights On,No Defects,"Two-way, Divided, Positive Median Barrier",Wet,Raining,Twelve o'clock,Passenger Car,Superficial,N,Slowing or Stopping,2015-01-23 21:23,71,38.9980581,-76.91184998
N,Apparently Normal,No Misuse,Y,No Injury,6c5aab81-40fa-4165-88ba-5090ee501504,D,BX39090001,Shoulder/Lap Belt(s),M,cb3ca02f-a184-4e6c-8e32-8d7f3ed851db,Single Vehicle ,N,Intersection,Right Turn Lane,Dark Lights On,No Defects,"Two-way, Not Divided",Dry,Clear,Seven o'clock,Police Vehicle/Non Emergency,Superficial,N,Backing,2015-03-15 21:27,44,39.64586183,-77.7226764
N,Apparently Normal,No Misuse,Y,No Injury,d53b2317-5735-478c-9cc5-3c2b304d82f4,D,BX39340003,Shoulder/Lap Belt(s),M,bae01b94-83ec-41c3-99ac-ddd0515d738a,Single Vehicle ,N,Non Intersection,Right Turn Lane,Daylight,No Defects,One-way Trafficway,Wet,Raining,Nine o'clock,Truck Tractor,Superficial,N,Accelerating,2015-03-11 15:40,35,39.64211319,-77.72358835
N,Apparently Normal,No Misuse,Y,No Injury,42702745-eb1b-46ed-afbc-b554c70c73c9,D,BX39910003,Shoulder/Lap Belt(s),M,389732a3-d1e2-4601-b530-d24e5d56b239,Single Vehicle ,N,Commercial Driveway,Left Turn Lane,Daylight,No Defects,"Two-way, Divided, Unprotected (painted >4 feet) Median",Snow,Snow,Eleven o'clock,Passenger Car,Disabling,N,Making Right Turn,2015-03-05 9:35,33,39.63700264,-77.70889252
N,Apparently Normal,No Misuse,N,No Injury,8a29801f-5c6d-4468-9786-e94807c4539f,D,BX39910006,Shoulder/Lap Belt(s),M,94d3fceb-8558-4902-8dd3-746539b2c486,Same Direction Sideswipe,N,Intersection Related,Acceleration Lane,Daylight,No Defects,"Two-way, Divided, Unprotected (painted >4 feet) Median",Dry,Clear,Four o'clock,Passenger Car,Superficial,N,Moving Constant Speed,2015-03-09 15:05,26,39.6166398,-77.69242644
N,Apparently Normal,No Misuse,N,No Injury,b66fe354-3918-4d8c-abb9-3a1f90105a5e,D,BX41420001,Shoulder/Lap Belt(s),M,5bcb47ae-16df-4c5c-960e-949d5256b9c9,Same Movement Angle,N,Intersection,Left Turn Lane,Daylight,No Defects,One-way Trafficway,Wet,Raining,Nine o'clock,Passenger Car,Functional,N,Moving Constant Speed,2015-01-24 11:31,23,39.65198726,-77.73806691
N,Apparently Normal,No Misuse,Y,No Injury,49d2ccf1-10ee-495b-aa9b-02c5e6998091,D,BX41420001,Shoulder/Lap Belt(s),M,c38005a4-97a4-435d-8d5b-0c0571fd8b32,Same Movement Angle,N,Intersection,Left Turn Lane,Daylight,No Defects,One-way Trafficway,Wet,Raining,Twelve o'clock,Passenger Car,Destroyed,N,Moving Constant Speed,2015-01-24 11:31,59,39.65198726,-77.73806691
N,Apparently Normal,No Misuse,N,No Injury,3d20867b-adf4-4827-b382-724ae32799f8,D,BX49320002,Shoulder/Lap Belt(s),M,65a368a7-021c-41ee-b7b6-23120c15e854,Same Direction Right Turn,N,Non Intersection,Right Turn Lane,Daylight,No Defects,"Two-way, Not Divided",Dry,Cloudy,One o'clock,Passenger Car,Functional,N,Backing,2015-02-05 16:30,27,39.65386237,-77.71719933
N,Apparently Normal,No Misuse,Y,No Injury,fd011ab0-d156-42be-9fe7-0412753569e1,D,BX49320002,Shoulder/Lap Belt(s),M,18b2b0ef-a3e7-4d77-bfa3-758cac4ee4cf,Same Direction Right Turn,N,Non Intersection,Right Turn Lane,Daylight,No Defects,"Two-way, Not Divided",Dry,Cloudy,Eleven o'clock,Van,Superficial,N,Passing,2015-02-05 16:30,41,39.65386237,-77.71719933
N,Apparently Normal,No Misuse,Y,No Injury,4e7ce388-ad06-4666-914c-84c0a171d6be,D,BX50080001,Shoulder/Lap Belt(s),M,adf2876a-d48c-4801-9b97-b69cd979a6df,Same Direction Rear End,N,Intersection,Right Turn Lane,Daylight,No Defects,"Two-way, Not Divided",Dry,Clear,Seven o'clock,Fire Vehicle/Non Emergency,Superficial,N,Backing,2015-01-01 15:04,36,39.6496908,-77.70868063
N,Apparently Normal,No Misuse,Y,No Injury,be2e427a-7b2f-484d-8ae4-3891d9bad786,D,CA77430001,Shoulder Belt Only,M,1ca79125-872c-4fe5-bef5-43e1592550bc,Single Vehicle ,N,Non Intersection,Right Turn Lane,Dark Lights On,No Defects,"Two-way, Divided, Unprotected (painted >4 feet) Median",Wet,Raining,One o'clock,Pickup Truck,Disabling,N,Moving Constant Speed,2015-03-26 20:26,80,39.56209595,-76.11351728
N,Apparently Normal,No Misuse,Y,No Injury,ed89e3d0-2a93-48dd-b688-511cfdd50a5f,D,CA77470002,Shoulder/Lap Belt(s),M,d09f624a-e947-472f-b59d-67215993ee6b,Same Direction Sideswipe,N,Non Intersection,Right Turn Lane,Dark Lights On,No Defects,"Two-way, Divided, Unprotected (painted >4 feet) Median",Wet,Raining,One o'clock,Passenger Car,Functional,Y,Moving Constant Speed,2015-03-26 20:44,18,39.55267438,-76.09947324
N,Apparently Normal,No Misuse,Y,No Injury,0dbff83a-77a3-4617-b4e4-0ed28ecee19d,D,CB44450001,Shoulder/Lap Belt(s),M,24b6dffe-b789-4109-9eea-59208300aa0f,Same Movement Angle,N,Intersection,Right Turn Lane,Dark Lights On,No Defects,"Two-way, Not Divided",Wet,Raining,One o'clock,Passenger Car,Functional,N,Starting From Lane,2015-01-12 20:12,54,39.18305476,-76.76722527