CDL_FLAG,CONDITION_CODE,EQUIP_PROB_CODE,FAULT_FLAG,INJ_SEVER_CODE,PERSON_ID,PERSON_TYPE,REPORT_NO,SAF_EQUIP_CODE,SEX_CODE,VEHICLE_ID,COLLISION_TYPE_CODE,C_M_ZONE_FLAG,JUNCTION_CODE,LANE_CODE,LIGHT_CODE,RD_COND_CODE,RD_DIV_CODE,SURF_COND_CODE,WEATHER_CODE,AREA_DAMAGED_CODE_MAIN,BODY_TYPE_CODE,DAMAGE_CODE,HIT_AND_RUN_FLAG,MOVEMENT_CODE,TIME,AGE,LATITUDE,LONGITUDE
N,Apparently Normal,No Misuse,N,No Injury,8f12e46e-b39c-4859-afd0-05f612b3115e,D,CB45340003,Shoulder/Lap Belt(s),M,0e8d372e-52c0-4fcf-ac45-8ddbc48ddd8f,Same Movement Angle,N,Intersection,Right Turn Lane,Dark Lights On,No Defects,"Two-way, Not Divided",Dry,Clear,Four o'clock,Passenger Car,Disabling,N,Moving Constant Speed,2015-02-15 18:05,54,39.31658654,-76.89882517
N,Apparently Normal,No Misuse,Y,Possible Incapacitating Injury,a5dcc477-0d52-4e45-965c-b96a42541755,D,CB45340003,Shoulder/Lap Belt(s),M,3689b587-f041-4fb4-9382-9344800f2074,Same Movement Angle,N,Intersection,Right Turn Lane,Dark Lights On,No Defects,"Two-way, Not Divided",Dry,Clear,Twelve o'clock,Passenger Car,Disabling,N,Moving Constant Speed,2015-02-15 18:05,25,39.31658654,-76.89882517
N,Apparently Normal,No Misuse,Y,No Injury,f21becfc-e88f-4c9c-898e-2e2d3df79c39,D,CB46000003,Shoulder/Lap Belt(s),M,86dbf044-7017-4e47-8127-eb546f8487ec,Single Vehicle ,N,Non Intersection,Right Turn Lane,Daylight,No Defects,"Two-way, Not Divided",Ice,Wintry Mix,Twelve o'clock,Pickup Truck,Disabling,N,Skidding,2015-01-03 7:55,78,39.23140547,-76.97630882
N,Apparently Normal,No Misuse,Y,No Injury,01d1251d-009c-48e1-b74f-8504daeabda0,D,CB46000004,Shoulder/Lap Belt(s),M,769ae900-1f6b-4820-9930-94864bb53f23,Single Vehicle ,N,Non Intersection,Right Turn Lane,Daylight,No Defects,"Two-way, Not Divided",Ice,Wintry Mix,Eight o'clock,Passenger Car,Disabling,N,Skidding,2015-01-03 9:15,33,39.3579105,-77.1368444
N,Apparently Normal,No Misuse,N,No Injury,e8290cd3-f9ca-4e28-8a4f-1f06b6beeb68,D,CB46000005,Shoulder/Lap Belt(s),M,ba8f0bee-9b10-45ba-8821-eebfa589bd3e,Single Vehicle ,N,Non Intersection,Right Turn Lane,Dark No Lights,No Defects,"Two-way, Not Divided",Dry,Clear,Twelve o'clock,Passenger Car,Disabling,N,Moving Constant Speed,2015-01-07 17:29,60,39.20701397,-76.98016047
N,Apparently Normal,No Misuse,Y,No Injury,acd95ef3-d1f9-4be3-ba48-9bb5e9d414fe,D,CB49530005,Shoulder/Lap Belt(s),M,e6ce72f1-1f52-4476-a82b-73d23859f89b,Single Vehicle ,N,Non Intersection,Right Turn Lane,Dark No Lights,No Defects,"Two-way, Not Divided",Ice,Sleet,Nine o'clock,Passenger Car,Disabling,N,Skidding,2015-02-09 21:58,22,39.35412764,-77.11898088
N,Apparently Normal,No Misuse,Y,No Injury,c7fec46f-2373-48ff-b7a0-c3949f1c9982,D,CB5096000J,Shoulder/Lap Belt(s),M,89aaf4ca-ecb1-45e5-9df6-a7df483ef87e,Same Direction Sideswipe,N,Non Intersection,Right Turn Lane,Daylight,No Defects,"Two-way, Not Divided",Dry,Clear,One o'clock,Passenger Car,Functional,N,Changing Lanes,2015-02-18 13:08,43,39.14410726,-76.80949688
N,Apparently Normal,No Misuse,Y,No Injury,a0436b81-57ab-4e51-aecb-39c1644a36f3,D,CB5190000H,Shoulder/Lap Belt(s),M,5da30251-6921-4166-888c-efb165e01ea1,Single Vehicle ,N,Non Intersection,Right Turn Lane,Daylight,No Defects,"Two-way, Not Divided",Snow,Snow,Twelve o'clock,(Sport) Utility Vehicle,Disabling,Y,Moving Constant Speed,2015-01-07 10:30,54,39.30174378,-76.8073082
Y,Apparently Normal,No Misuse,N,No Injury,c1041c1a-3015-4551-bb14-3880ddbd5b61,D,CB5190000K,Shoulder/Lap Belt(s),M,fd884f04-6bf6-4a9b-b988-f12c9bf45e65,Same Direction Rear End,N,Non Intersection,Left Turn Lane,Daylight,No Defects,"Two-way, Not Divided",Dry,Clear,Six o'clock,Pickup Truck,No Damage,N,Slowing or Stopping,2015-02-25 13:30,23,39.27668327,-76.86125278
N,Apparently Normal,No Misuse,Y,No Injury,b21cfd4c-1067-47da-97e3-95615868fa9a,D,CB5190000K,Shoulder/Lap Belt(s),M,e459a125-236b-4638-90d8-a8b34bccded1,Same Direction Rear End,N,Non Intersection,Left Turn Lane,Daylight,No Defects,"Two-way, Not Divided",Dry,Clear,Twelve o'clock,(Sport) Utility Vehicle,Disabling,N,Moving Constant Speed,2015-02-25 13:30,48,39.27668327,-76.86125278
N,Apparently Normal,No Misuse,Y,No Injury,a272a88e-e002-469a-9611-65bb76cf385e,D,CB5190000L,Shoulder/Lap Belt(s),M,6ec15e73-60f3-4cc6-bcab-17e2b795e538,Single Vehicle ,N,Intersection Related,Right Turn Lane,Daylight,No Defects,One-way Trafficway,Wet,Clear,Eleven o'clock,Passenger Car,Disabling,N,Moving Constant Speed,2015-03-06 15:07,33,39.24430224,-76.84316397
N,Apparently Normal,No Misuse,N,No Injury,0f9b07cf-c96d-4e0b-ad3c-3627eabcc11f,D,CB51920008,Shoulder/Lap Belt(s),M,48b27222-9a83-4fce-ba08-ceb40c64c7c4,Same Movement Angle,N,Intersection,Right Turn Lane,Daylight,No Defects,"Two-way, Divided, Unprotected (painted >4 feet) Median",Wet,Cloudy,Twelve o'clock,Passenger Car,Functional,N,Moving Constant Speed,2015-03-04 7:20,17,39.29992558,-76.8345809
N,Apparently Normal,No Misuse,Y,No Injury,6aa09a10-b31d-47af-945c-3b7d7d8bb7c5,D,CB51920008,Shoulder/Lap Belt(s),M,c4c1e31b-0298-4b95-8823-bbe0c436ec45,Same Movement Angle,N,Intersection,Right Turn Lane,Daylight,No Defects,"Two-way, Divided, Unprotected (painted >4 feet) Median",Wet,Cloudy,Six o'clock,Passenger Car,Functional,N,Accelerating,2015-03-04 7:20,18,39.29992558,-76.8345809
Y,Apparently Normal,No Misuse,N,No Injury,3379c644-12b3-4c72-ab6d-4f02de2356a9,D,CB51980001,Shoulder/Lap Belt(s),M,9be97a98-b62d-4adc-b81d-b49b39ce995a,Single Vehicle ,N,Non Intersection,Right Turn Lane,Dark No Lights,No Defects,"Two-way, Not Divided",Ice,Sleet,Twelve o'clock,Pickup Truck,Functional,N,Moving Constant Speed,2015-01-12 4:52,37,39.34661108,-77.11003304
N,Apparently Normal,No Misuse,Y,No Injury,6881a26c-464e-4d5e-9708-3bb97b776181,D,CB51980002,Shoulder/Lap Belt(s),M,3f49f418-2cb6-4ac2-a6f3-07c6010721dc,Single Vehicle ,N,Non Intersection,Right Turn Lane,Dark No Lights,No Defects,"Two-way, Not Divided",Snow,Snow,Twelve o'clock,(Sport) Utility Vehicle,Destroyed,N,Moving Constant Speed,2015-02-16 22:21,27,39.23393183,-76.93933725
N,Apparently Normal,No Misuse,Y,No Injury,463dcf9c-be14-420a-828d-c71785404b72,D,CB5254000H,Shoulder/Lap Belt(s),M,9e242247-f210-4892-9fba-e761560f1cb5,Single Vehicle ,N,Non Intersection,Right Turn Lane,Daylight,No Defects,"Two-way, Not Divided",Dry,Clear,Twelve o'clock,Passenger Car,Disabling,N,Moving Constant Speed,2015-03-13 14:15,20,39.24769223,-76.84960127
N,Had Been Drinking,No Misuse,Y,No Injury,5c75e6a7-6bb1-4634-9095-3f966d759dc6,D,CB5256000G,Shoulder/Lap Belt(s),M,cf911718-48de-41a7-a0ff-05fc6fa84988,Same Direction Right Turn,N,Non Intersection,Left Turn Lane,Daylight,No Defects,"Two-way, Divided, Positive Median Barrier",Dry,Clear,Five o'clock,Passenger Car,Superficial,Y,Changing Lanes,2015-03-12 7:44,31,39.17493763,-76.78707361
N,Apparently Normal,No Misuse,Y,Incapacitating/Disabled Injury,0c115552-f433-428c-abd3-1bc3673e336f,D,CB52620009,MC/Bike Helmet,M,0aa7d9cd-14bb-415b-9e30-b5784236001e,Angle Meets Left Turn Head On,N,Intersection,Right Turn Lane,Dark No Lights,No Defects,"Two-way, Not Divided",Dry,Clear,Twelve o'clock,Motorcycle,Destroyed,N,Passing,2015-02-04 17:35,21,39.1558803,-76.82093382
N,Apparently Normal,No Misuse,Y,No Injury,604593b7-ef29-4682-a728-a94ad7990718,D,CB52650007,Shoulder/Lap Belt(s),M,36e33256-3ccd-4ea6-a688-f3b92849ae35,Single Vehicle ,N,Intersection,Right Turn Lane,Dark Lights On,No Defects,"Two-way, Not Divided",Ice,Foggy,One o'clock,Police Vehicle/Non Emergency,Superficial,N,Making U Turn,2015-01-21 23:47,26,39.18999434,-76.84990704
N,Apparently Normal,No Misuse,Y,No Injury,1ffabc4c-4989-4987-ba1c-9af72e571fc0,D,CB53040007,Shoulder/Lap Belt(s),M,d22ad492-f463-4576-9d86-31f5c0e3e9e3,Single Vehicle ,N,Non Intersection,Acceleration Lane,Daylight,No Defects,"Two-way, Divided, Positive Median Barrier",Dry,Clear,Eleven o'clock,Passenger Car,Disabling,N,Skidding,2015-01-09 13:00,21,39.22649793,-76.85400009
N,Apparently Normal,No Misuse,N,No Injury,75cfda81-5648-4904-96d8-b0e243ed8fd5,D,CB5356000C,Shoulder/Lap Belt(s),M,89212360-0214-4f61-9dd2-08c09c1b5557,Same Direction Sideswipe,N,Non Intersection,Right Turn Lane,Dusk,No Defects,"Two-way, Not Divided",Dry,Clear,Five o'clock,Van,Superficial,N,Moving Constant Speed,2015-01-05 16:49,37,39.32057064,-76.94910049
N,Apparently Normal,No Misuse,Y,No Injury,dfe54d86-f2b7-4476-9ca7-9ba20d921b97,D,CB5356000K,Shoulder/Lap Belt(s),M,dd7e4669-f8cd-4eac-8a56-f94847d369a8,Single Vehicle ,N,Intersection Related,Right Turn Lane,Daylight,No Defects,"Two-way, Divided, Unprotected (painted >4 feet) Median",Dry,Clear,Twelve o'clock,"Cargo Van/Light Truck 2 axles (10,000 lbs (4,536 kg) or less)",Disabling,N,Moving Constant Speed,2015-03-12 15:08,35,39.3007143,-76.8596971
N,Apparently Normal,No Misuse,N,No Injury,d9cff1f7-1a97-4764-b42a-06afa97acf6d,D,CB54130005,Shoulder/Lap Belt(s),M,fccfda30-24b1-4309-827e-a75c646cb00e,Single Vehicle ,N,Intersection Related,Right Turn Lane,Daylight,No Defects,"Two-way, Not Divided",Ice,Cloudy,Twelve o'clock,Passenger Car,Disabling,N,Slowing or Stopping,2015-01-30 10:00,53,39.13281494,-76.91018701
N,Apparently Normal,No Misuse,Y,No Injury,07473897-e866-45c3-b98d-5c8f5f820354,D,CB54140007,Shoulder/Lap Belt(s),M,cf7e391b-f92d-46ee-8bd5-7feec0de3838,Single Vehicle ,N,Non Intersection,Right Turn Lane,Dark No Lights,No Defects,"Two-way, Not Divided",Ice,Clear,Twelve o'clock,Passenger Car,Disabling,N,Moving Constant Speed,2015-03-10 6:00,35,39.23561048,-76.86726093
N,Apparently Normal,No Misuse,Y,No Injury,2cf76c88-d5d3-4067-a61b-aaff1ad1a7ac,D,CB54890005,Shoulder/Lap Belt(s),M,a683c2da-1ca5-497b-95ce-b729474dc6d7,Single Vehicle ,N,Non Intersection,Right Turn Lane,Dark Lights On,No Defects,"Two-way, Divided, Positive Median Barrier",Ice,Snow,Four o'clock,Passenger Car,Disabling,N,Moving Constant Speed,2015-02-17 22:05,25,39.14601,-76.90903
N,Apparently Normal,No Misuse,N,No Injury,27e969ed-c792-4795-bdff-652231f4f48d,D,CB55120006,Shoulder/Lap Belt(s),M,3c2faff0-1f6b-4b7b-9a13-7c0a1a5e7071,Same Direction Sideswipe,N,Interchange Related,Left Turn Lane,Dark Lights On,No Defects,"Two-way, Divided, Positive Median Barrier",Wet,Sleet,Eleven o'clock,Passenger Car,Superficial,N,Moving Constant Speed,2015-02-09 21:12,24,39.18872622,-76.75675392
N,Apparently Normal,No Misuse,Y,No Injury,7e8737b3-aec9-4b62-8207-1ebb295713a9,D,CB55120008,Shoulder/Lap Belt(s),M,e8f03814-73b8-41b3-9de2-003f9842b84b,Single Vehicle ,N,Railway Grade Crossing,Right Turn Lane,Dark Lights On,No Defects,"Two-way, Not Divided with a Continuous Left Turn Lane",Dry,Clear,Three o'clock,Truck Tractor,Superficial,N,Starting From Parked,2015-02-19 21:00,71,39.19231846,-76.72398806
N,Apparently Normal,No Misuse,N,No Injury,0ee976b3-02c0-455b-8401-9c5eff85b608,D,CB5543000D,Shoulder/Lap Belt(s),M,c945a91b-8ec0-4d5b-a244-5ea29c403eb3,Head On,N,Intersection,Right Turn Lane,Daylight,No Defects,"Two-way, Divided, Unprotected (painted >4 feet) Median",Slush,Raining,Twelve o'clock,Passenger Car,Disabling,N,Moving Constant Speed,2015-03-01 16:43,53,39.24767977,-76.84318006
N,Apparently Normal,No Misuse,Y,No Injury,e62ab56b-83a1-433f-a1ba-de46a63be761,D,CB5543000D,Shoulder/Lap Belt(s),M,24f9948b-aebc-4e03-92a0-d3074275c57d,Head On,N,Intersection,Right Turn Lane,Daylight,No Defects,"Two-way, Divided, Unprotected (painted >4 feet) Median",Slush,Raining,Twelve o'clock,Passenger Car,Destroyed,N,Moving Constant Speed,2015-03-01 16:43,20,39.24767977,-76.84318006
N,Apparently Normal,No Misuse,Y,No Injury,f2b812c1-c305-4d79-adf2-bec16c453763,D,CB5641000P,Shoulder/Lap Belt(s),M,cdb103b9-f25f-48e3-aaef-28eb7a6a7a1d,Single Vehicle ,N,Non Intersection,Left Turn Lane,Daylight,No Defects,"Two-way, Divided, Positive Median Barrier",Wet,Raining,Twelve o'clock,Passenger Car,Disabling,N,Moving Constant Speed,2015-03-25 9:40,28,39.21842322,-76.84054613
N,Apparently Normal,No Misuse,Y,No Injury,5c3bf99b-096f-4b1e-b2e8-b1cd727247d0,D,CB56440002,Shoulder/Lap Belt(s),M,81da9430-a2ae-48ec-b990-8cf75ca756b4,Single Vehicle ,N,Non Intersection,Right Turn Lane,Daylight,No Defects,"Two-way, Not Divided",Ice,Wintry Mix,One o'clock,Passenger Car,Disabling,N,Moving Constant Speed,2015-01-13 8:56,19,39.14791811,-76.94047451
N,Apparently Normal,No Misuse,Y,No Injury,5b553895-ab80-4636-8813-49140b114b21,D,CB5718000F,Shoulder/Lap Belt(s),M,3c882344-7939-4471-96a5-1a398da597f9,Single Vehicle ,N,Non Intersection,Right Turn Lane,Dark No Lights,No Defects,"Two-way, Not Divided",Ice,Wintry Mix,One o'clock,Pickup Truck,Disabling,N,Skidding,2015-03-01 18:30,43,39.32945103,-76.9000268
N,Apparently Normal,No Misuse,Y,No Injury,4330e870-85c7-4e78-a68b-28376975232c,D,CB57310003,Shoulder/Lap Belt(s),M,4ddf2e16-81cf-484b-8b9d-7a095bfd1a2e,Same Direction Rear End,N,Intersection Related,Right Turn Lane,Dark Lights On,No Defects,"Two-way, Not Divided",Dry,Clear,Twelve o'clock,Passenger Car,Superficial,N,Slowing or Stopping,2015-01-03 21:37,26,39.27709749,-76.82568267
N,Had Been Drinking,No Misuse,N,Non-incapacitating Injury,36599fb6-33b8-4fcc-bce6-184973d53827,D,CB57310003,Shoulder/Lap Belt(s),M,40db3d14-2ad2-4320-bf4b-fb342658af06,Same Direction Rear End,N,Intersection Related,Right Turn Lane,Dark Lights On,No Defects,"Two-way, Not Divided",Dry,Clear,Six o'clock,Passenger Car,Superficial,N,Stopped in Traffic Lane,2015-01-03 21:37,32,39.27709749,-76.82568267
N,Apparently Normal,No Misuse,N,Non-incapacitating Injury,5da2bf3f-a974-4c9f-bd27-5597f8b21f86,D,CB57310004,Shoulder/Lap Belt(s),M,c96ef996-e5d2-4d56-9d62-11e0f81d7e00,Same Direction Rear End,N,Non Intersection,Right Turn Lane,Dark Lights On,No Defects,"Two-way, Divided, Positive Median Barrier",Dry,Clear,Six o'clock,Passenger Car,Superficial,N,Slowing or Stopping,2015-01-16 20:51,21,39.29388946,-76.82552576
N,Apparently Normal,No Misuse,N,No Injury,4b2b531a-bbe1-409f-b9ac-1248c6c1bfdf,D,CB57670005,Shoulder/Lap Belt(s),M,e2eae13a-fbf1-4733-87a0-d5166c18054c,Angle Meets Left Turn Head On,N,Intersection,Right Turn Lane,Dark No Lights,No Defects,"Two-way, Not Divided",Wet,Raining,One o'clock,Passenger Car,Disabling,N,Moving Constant Speed,2015-03-04 18:32,32,39.31350167,-77.02064667
N,Apparently Normal,No Misuse,Y,No Injury,cfa72967-31bb-4900-998f-f0a374978c75,D,CB57750001,Shoulder/Lap Belt(s),M,6346f3af-3443-47f6-9832-aced7bddc7ff,Single Vehicle ,N,Non Intersection,Right Turn Lane,Dark - Unknown Lighting,No Defects,"Two-way, Not Divided",Wet,Wintry Mix,Twelve o'clock,Pickup Truck,Superficial,N,Moving Constant Speed,2015-01-26 17:00,73,39.14825925,-76.93709493
N,Apparently Normal,No Misuse,Y,No Injury,a8c728fb-59f8-4c50-8fa2-bc97e3c29a2e,D,CB5783000D,Shoulder/Lap Belt(s),M,81a7034d-357b-410a-919c-e8b5f727b23b,Single Vehicle ,N,Intersection,Right Turn Lane,Dark Lights On,No Defects,"Two-way, Divided, Unprotected (painted >4 feet) Median",Dry,Clear,Twelve o'clock,Passenger Car,Disabling,N,Making Left Turn,2015-01-08 18:52,63,39.15402503,-76.778512
N,Apparently Normal,No Misuse,N,No Injury,69059d3d-101e-485b-9cff-813e469bc132,D,CB5812000B,Shoulder/Lap Belt(s),M,46802446-cc23-48ba-a71f-a8d04b6ee9eb,Single Vehicle ,N,Residential Driveway,Right Turn Lane,Daylight,No Defects,"Two-way, Not Divided",Dry,Clear,Twelve o'clock,Passenger Car,Disabling,N,Moving Constant Speed,2015-02-09 14:20,25,39.19655075,-76.84935451
N,Apparently Normal,No Misuse,Y,No Injury,2f86528f-f41e-4043-9dd7-4ede02b12e4c,D,CB5824000B,Shoulder/Lap Belt(s),M,f2d451e2-bddf-49ee-a358-780ba1f42ca4,Single Vehicle ,N,Non Intersection,Left Turn Lane,Daylight,No Defects,"Two-way, Divided, Positive Median Barrier",Dry,Cloudy,Twelve o'clock,Passenger Car,Functional,N,Moving Constant Speed,2015-01-14 14:50,20,39.20661908,-76.93991661
N,Apparently Normal,No Misuse,N,No Injury,239a1ef9-4ebd-40e2-ba86-4a7214b3eb0b,D,CB5843000C,Shoulder/Lap Belt(s),M,ba72af25-021f-44b9-9ad1-8b42e03c5f13,Same Direction Rear End,N,Non Intersection,Left Turn Lane,Dark Lights On,No Defects,One-way Trafficway,Dry,Clear,Six o'clock,(Sport) Utility Vehicle,Functional,N,Slowing or Stopping,2015-02-12 17:58,49,39.24789164,-76.81762934
N,Apparently Normal,No Misuse,Y,No Injury,9724c805-5e3f-4bce-932b-b2a74604b78b,D,CB5843000C,Shoulder/Lap Belt(s),M,d1a5203d-1725-4d75-abed-6f3f834a26db,Same Direction Rear End,N,Non Intersection,Left Turn Lane,Dark Lights On,No Defects,One-way Trafficway,Dry,Clear,Twelve o'clock,Passenger Car,Disabling,N,Moving Constant Speed,2015-02-12 17:58,17,39.24789164,-76.81762934
N,Apparently Normal,No Misuse,Y,No Injury,11bb4dcc-b0ed-44cb-b30f-e73faccb387f,D,CB5848000D,Shoulder/Lap Belt(s),M,3c1c4677-ad73-4a36-afc7-5796390f1552,Same Direction Rear End,N,Non Intersection,Right Turn Lane,Daylight,No Defects,"Two-way, Not Divided",Wet,Clear,Twelve o'clock,(Sport) Utility Vehicle,Disabling,N,Slowing or Stopping,2015-03-02 9:51,46,39.27742242,-76.81302667
N,Apparently Normal,No Misuse,Y,No Injury,156e8c75-1283-4161-bedd-679cfc3ba479,D,CBPD0059000L,Shoulder/Lap Belt(s),M,12bdef91-ea78-4d10-bb63-b4847d27c0a1,Single Vehicle ,N,Non Intersection,Left Turn Lane,Dark Lights On,No Defects,"Two-way, Divided, Unprotected (painted >4 feet) Median",Snow,Snow,Twelve o'clock,Passenger Car,Disabling,N,Moving Constant Speed,2015-02-14 20:00,45,38.93596206,-76.73859
N,Apparently Normal,No Misuse,Y,No Injury,78e7245f-5219-49f4-b863-493a87f93672,D,CBPD0061000B,Shoulder/Lap Belt(s),M,e5658618-312a-4fa1-abcb-f14c943ec53d,Head On,N,Non Intersection,Right Turn Lane,Dark Lights On,No Defects,"Two-way, Not Divided",Dry,Clear,Twelve o'clock,Passenger Car,Disabling,N,Making Right Turn,2015-02-07 23:47,34,38.97854425,-76.75593853
N,Apparently Normal,No Misuse,N,No Injury,3a6164a5-cd52-45b4-8f65-237d60d56fc7,D,CBPD0063000G,Shoulder/Lap Belt(s),M,dc31dace-2774-494a-8368-9e9ae122bc18,Head On,N,Non Intersection,Right Turn Lane,Daylight,No Defects,"Two-way, Not Divided",Snow,Snow,Twelve o'clock,Passenger Car,Disabling,N,Moving Constant Speed,2015-01-21 14:39,64,38.97331463,-76.75167918
N,Apparently Normal,No Misuse,Y,No Injury,03481779-062b-4e91-bdec-ecd426fcee16,D,CBPD0063000G,Shoulder/Lap Belt(s),M,cece19a7-7136-4014-b50d-f941f219d848,Head On,N,Non Intersection,Right Turn Lane,Daylight,No Defects,"Two-way, Not Divided",Snow,Snow,Twelve o'clock,Passenger Car,Disabling,N,Moving Constant Speed,2015-01-21 14:39,20,38.97331463,-76.75167918
N,Apparently Normal,No Misuse,N,No Injury,c7932e65-9e51-4954-97e0-c3614e76a1fc,D,CBPD0063000H,Shoulder/Lap Belt(s),M,b88274b9-0c36-46cf-9537-a77224574cde,Same Direction Rear End,N,Intersection Related,Deceleration Lane,Dark Lights On,No Defects,"Two-way, Divided, Positive Median Barrier",Dry,Clear,Six o'clock,Passenger Car,Disabling,N,Stopped in Traffic Lane,2015-01-30 20:49,28,38.95622183,-76.74527407
N,Apparently Normal,No Misuse,Y,No Injury,6f6e7c89-0ab2-4385-8d7a-cf26dca70bb2,D,CBPD0063000H,Shoulder/Lap Belt(s),M,c4738ac9-e3b4-40b1-9df1-63887b40082a,Same Direction Rear End,N,Intersection Related,Deceleration Lane,Dark Lights On,No Defects,"Two-way, Divided, Positive Median Barrier",Dry,Clear,Twelve o'clock,(Sport) Utility Vehicle,Superficial,N,Slowing or Stopping,2015-01-30 20:49,57,38.95622183,-76.74527407
N,Apparently Normal,No Misuse,N,No Injury,1bbd8f6f-4d94-47a7-aa29-46a943f90b24,D,CBPD00720008,Shoulder/Lap Belt(s),M,cbabd5e4-d74a-407b-beeb-b7853dbec161,Same Movement Angle,N,Intersection,Acceleration Lane,Dark Lights On,No Defects,"Two-way, Not Divided",Wet,Raining,Eleven o'clock,Passenger Car,Disabling,N,Moving Constant Speed,2015-01-03 17:30,35,38.93510248,-76.71940684
N,Apparently Normal,No Misuse,Y,No Injury,19bc5d2d-20b7-4272-927d-a95e9f996983,D,CBPD00720008,Shoulder/Lap Belt(s),M,55838427-c7c9-4991-a608-4c31f09d4191,Same Movement Angle,N,Intersection,Acceleration Lane,Dark Lights On,No Defects,"Two-way, Not Divided",Wet,Raining,Twelve o'clock,Passenger Car,Disabling,N,Accelerating,2015-01-03 17:30,19,38.93510248,-76.71940684
N,Apparently Normal,No Misuse,Y,No Injury,02122126-da7d-4411-9f98-372dafd9dc0b,D,CBPD0072000C,Shoulder/Lap Belt(s),M,e6b8ac85-e371-4cd8-8d8d-57f83c3d7583,Single Vehicle ,N,Intersection,Deceleration Lane,Daylight,No Defects,"Two-way, Divided, Unprotected (painted >4 feet) Median",Dry,Cloudy,Twelve o'clock,Pickup Truck,No Damage,N,Accelerating,2015-02-16 12:30,20,38.94063534,-76.72722816
N,Apparently Normal,No Misuse,N,No Injury,b8b99b5d-3247-4062-b9dd-5a53f59686da,D,CBPD00750004,Shoulder/Lap Belt(s),M,a827eb3e-e96b-44c4-afe9-bae3f896bce6,Single Vehicle ,N,Intersection Related,Right Turn Lane,Daylight,No Defects,"Two-way, Not Divided",Dry,Clear,Twelve o'clock,Pickup Truck,Superficial,N,Moving Constant Speed,2015-03-22 16:45,28,38.96111067,-76.73250675
N,Apparently Normal,No Misuse,Y,No Injury,5641e7f1-7dac-4ca8-866d-3ecb8d5895ee,D,CBPD0078000C,Shoulder/Lap Belt(s),M,2c264e0d-029a-4437-8662-e1bbb7c7c0fe,Single Vehicle ,N,Non Intersection,Acceleration Lane,Dark Lights On,No Defects,"Two-way, Divided, Positive Median Barrier",Ice,Sleet,Four o'clock,Pickup Truck,Functional,N,Moving Constant Speed,2015-03-01 21:52,51,38.94497453,-76.72376275
N,Apparently Normal,No Misuse,Y,No Injury,49dfd32c-0661-4436-b13a-762b3ce0f1e4,D,CC0219000C,Shoulder/Lap Belt(s),M,6fecc9ce-0801-4878-9f8b-811a9a47daf6,Single Vehicle ,N,Intersection Related,Right Turn Lane,Daylight,No Defects,"Two-way, Divided, Positive Median Barrier",Dry,Clear,Twelve o'clock,Passenger Car,Disabling,N,Moving Constant Speed,2015-03-11 13:19,24,38.97893625,-76.95433617
N,Apparently Normal,No Misuse,Y,No Injury,140591a9-f002-48b6-a41a-02f2865b6e11,D,CD06140005,Shoulder/Lap Belt(s),M,d351b20e-a6ea-4a57-aeed-7a55ceeb847f,Head On Left Turn,Y,Intersection,Right Turn Lane,Daylight,No Defects,"Two-way, Not Divided",Wet,Clear,Six o'clock,Pickup Truck,No Damage,N,Backing,2015-01-09 12:00,24,38.52090675,-76.98040724
N,Apparently Normal,No Misuse,N,No Injury,5a34e786-1edb-403d-924c-12eedc6d827b,D,CD0616000G,Shoulder/Lap Belt(s),M,ce7020a1-b782-44f0-ad95-bf47272da78d,Same Direction Rear End,N,Intersection Related,Right Turn Lane,Daylight,No Defects,"Two-way, Not Divided",Wet,Cloudy,Six o'clock,Passenger Car,Functional,N,Stopped in Traffic Lane,2015-02-23 7:58,26,38.52951852,-76.97847605
N,Apparently Normal,No Misuse,N,No Injury,fb2dbaa6-dd27-4da4-85c2-fb2a23ad87d7,D,CD0616000N,Shoulder/Lap Belt(s),M,9a527a85-f018-4d59-89ef-af224016657a,Same Movement Angle,N,Intersection,Left Turn Lane,Daylight,No Defects,"Two-way, Divided, Positive Median Barrier",Wet,Raining,Twelve o'clock,Van,Disabling,N,Moving Constant Speed,2015-03-14 17:21,26,38.5560524,-76.98227406
N,Apparently Normal,No Misuse,N,No Injury,334144b9-bc31-44c5-9ef0-7e385f371de7,D,CD0630000D,Shoulder/Lap Belt(s),M,da68bd54-b0da-431a-826d-e23d3fe9551d,Same Direction Rear End,N,Non Intersection,Right Turn Lane,Daylight,No Defects,"Two-way, Not Divided",Dry,Cloudy,Six o'clock,(Sport) Utility Vehicle,Superficial,N,Stopped in Traffic Lane,2015-03-19 17:21,17,38.52989621,-76.97331011
N,Apparently Normal,No Misuse,Y,No Injury,89b0bd22-a355-4a67-bd4b-4d065f2af37d,D,CD0630000D,Shoulder/Lap Belt(s),M,20f6a71b-4790-4f47-9a8f-af433593cb14,Same Direction Rear End,N,Non Intersection,Right Turn Lane,Daylight,No Defects,"Two-way, Not Divided",Dry,Cloudy,One o'clock,Van,Disabling,N,Moving Constant Speed,2015-03-19 17:21,61,38.52989621,-76.97331011
N,Apparently Normal,No Misuse,Y,No Injury,b6402cc1-42b9-4a1d-9f35-639ffa1892eb,D,CE10890002,Shoulder/Lap Belt(s),M,94244b5d-0990-4b9c-886a-4b57e7ca3713,Same Direction Rear End,N,Non Intersection,Right Turn Lane,Dark Lights On,No Defects,"Two-way, Not Divided",Dry,Clear,Five o'clock,Police Vehicle/Non Emergency,Superficial,N,Backing,2015-03-07 2:56,54,39.08083613,-76.8771261