CDL_FLAG,CONDITION_CODE,EQUIP_PROB_CODE,FAULT_FLAG,INJ_SEVER_CODE,PERSON_ID,PERSON_TYPE,REPORT_NO,SAF_EQUIP_CODE,SEX_CODE,VEHICLE_ID,COLLISION_TYPE_CODE,C_M_ZONE_FLAG,JUNCTION_CODE,LANE_CODE,LIGHT_CODE,RD_COND_CODE,RD_DIV_CODE,SURF_COND_CODE,WEATHER_CODE,AREA_DAMAGED_CODE_MAIN,BODY_TYPE_CODE,DAMAGE_CODE,HIT_AND_RUN_FLAG,MOVEMENT_CODE,TIME,AGE,LATITUDE,LONGITUDE
N,Apparently Normal,No Misuse,Y,No Injury,a2f72812-759a-46be-9cdf-d6f1b288210c,D,CE25300003,Shoulder/Lap Belt(s),M,0c912f12-b2d8-4f76-80ee-1125572e7688,Single Vehicle ,N,Non Intersection,Acceleration Lane,Dark Lights On,No Defects,"Two-way, Divided, Positive Median Barrier",Dry,Clear,One o'clock,Police Vehicle/Non Emergency,Superficial,N,Moving Constant Speed,2015-02-06 0:00,25,39.08776913,-76.85349584
N,Apparently Normal,No Misuse,N,No Injury,5c93fc76-d9c7-4a32-8a72-73d926e6b683,D,CE38600003,Shoulder/Lap Belt(s),M,584a3c10-28ea-4a7d-adc3-8c792acc5640,Angle Meets Right Turn,N,Intersection,Left Turn Lane,Dark Lights On,No Defects,"Two-way, Not Divided",Dry,Clear,Twelve o'clock,Truck Tractor,Functional,N,Moving Constant Speed,2015-02-03 22:58,29,39.0930576,-76.855158
N,Apparently Normal,No Misuse,Y,Possible Incapacitating Injury,6f25188e-c352-4201-9b98-3035b1f33fa7,D,CE38600003,Shoulder/Lap Belt(s),M,464c5236-85a9-46fb-8cd0-38ee7601d2ec,Angle Meets Right Turn,N,Intersection,Left Turn Lane,Dark Lights On,No Defects,"Two-way, Not Divided",Dry,Clear,Five o'clock,Passenger Car,Disabling,N,Right Turn on Red,2015-02-03 22:58,39,39.0930576,-76.855158
N,Apparently Normal,No Misuse,N,No Injury,6f9c96e6-96f6-4e2b-868e-e95e70c11282,D,CE41150004,Shoulder/Lap Belt(s),M,ad5b9314-9723-487c-a9cb-c5ad44a0fd8c,Head On Left Turn,N,Intersection Related,Left Turn Lane,Daylight,No Defects,"Two-way, Not Divided",Dry,Clear,Nine o'clock,Passenger Car,Functional,N,Making Left Turn,2015-02-18 12:42,51,39.09388127,-76.85463309
N,Apparently Normal,No Misuse,N,No Injury,b22cd3e4-4e4a-4147-91bb-3784eb3b10ec,D,CE42610003,Shoulder/Lap Belt(s),M,531756ff-8205-4c48-a46c-31a54b5932bf,Same Direction Rear End,N,Non Intersection,Right Turn Lane,Dark Lights On,No Defects,"Two-way, Not Divided",Dry,Clear,Six o'clock,(Sport) Utility Vehicle,Functional,N,Moving Constant Speed,2015-02-08 1:31,28,39.10006781,-76.85322762
N,Apparently Normal,No Misuse,N,No Injury,619af53e-7131-4efd-af92-1a7e3bd4936f,D,CE42610004,Shoulder/Lap Belt(s),M,39092d12-589a-4df9-91da-62c4dd5c547f,Same Movement Angle,N,Intersection,Right Turn Lane,Dark Lights On,No Defects,"Two-way, Not Divided",Dry,Clear,Twelve o'clock,Passenger Car,Disabling,N,Moving Constant Speed,2015-02-13 20:59,54,39.08290153,-76.86520636
N,Apparently Normal,No Misuse,Y,No Injury,4df4d6b2-736f-487f-bdfb-cdd72b2430c1,D,CE42610004,Shoulder/Lap Belt(s),M,ba94fa7f-b2f7-4990-bcfe-9e72d33b3a95,Same Movement Angle,N,Intersection,Right Turn Lane,Dark Lights On,No Defects,"Two-way, Not Divided",Dry,Clear,One o'clock,Passenger Car,Functional,N,Accelerating,2015-02-13 20:59,56,39.08290153,-76.86520636
N,Apparently Normal,No Misuse,Y,No Injury,59067070-45bd-4017-92de-8a52970d5e16,D,CE43950002,Shoulder/Lap Belt(s),M,cebb319b-49c9-4b6d-8ea0-e8cdee0287f8,Same Direction Rear End,N,Non Intersection,Right Turn Lane,Daylight,No Defects,"Two-way, Not Divided",Dry,Clear,Twelve o'clock,Passenger Car,Disabling,N,Moving Constant Speed,2015-01-10 9:18,27,39.10371661,-76.88129157
N,Apparently Normal,No Misuse,N,No Injury,3bf23bef-9d22-48c0-81cf-40230fa2ebf6,D,CE4515000D,Shoulder/Lap Belt(s),M,87fc98ef-3047-42d0-9700-578a66a926fb,Same Direction Rear End,N,Non Intersection,Right Turn Lane,Dark Lights On,No Defects,"Two-way, Divided, Unprotected (painted >4 feet) Median",Wet,Raining,Six o'clock,Pickup Truck,Superficial,N,Slowing or Stopping,2015-03-31 20:04,31,39.08512093,-76.86173558
N,Apparently Normal,No Misuse,Y,No Injury,62321ae7-891e-41d7-8182-c5e22b5702ae,D,CE4515000D,Shoulder/Lap Belt(s),M,a512007f-4497-450b-b73e-2064c3750c52,Same Direction Rear End,N,Non Intersection,Right Turn Lane,Dark Lights On,No Defects,"Two-way, Divided, Unprotected (painted >4 feet) Median",Wet,Raining,Twelve o'clock,"Other Light Trucks (10,000 lbs (4,536 kg))",Disabling,N,Moving Constant Speed,2015-03-31 20:04,36,39.08512093,-76.86173558
N,Apparently Normal,No Misuse,Y,No Injury,68f3cd18-68d0-4b90-8999-223803c801ce,D,CE45170006,Shoulder/Lap Belt(s),M,2ed12526-5c27-4472-a097-2075d6b53df8,Same Direction Left Turn,N,Intersection Related,Right Turn Lane,Dark Lights On,No Defects,One-way Trafficway,Wet,Clear,Eleven o'clock,Van,Disabling,N,Changing Lanes,2015-01-06 23:50,48,39.09732015,-76.85067415
N,Apparently Normal,No Misuse,N,Possible Incapacitating Injury,1c3889e5-2292-416a-b33a-0ea47407b5b2,D,CE45170006,Shoulder/Lap Belt(s),M,3d31b962-46b0-4317-90f2-6fc39d25eae0,Same Direction Left Turn,N,Intersection Related,Right Turn Lane,Dark Lights On,No Defects,One-way Trafficway,Wet,Clear,One o'clock,Passenger Car,Disabling,N,Moving Constant Speed,2015-01-06 23:50,23,39.09732015,-76.85067415
N,Apparently Normal,No Misuse,Y,No Injury,d7925ea1-dc1d-4935-8a3e-a643041eb1f9,D,CE45170007,Shoulder/Lap Belt(s),M,450b31a4-bcbf-4733-8295-4800e93485e5,Same Direction Right Turn,N,Non Intersection,Right Turn Lane,Daylight,No Defects,"Two-way, Not Divided",Dry,Clear,Five o'clock,Transit Bus,Superficial,N,Starting From Parked,2015-01-14 10:04,64,39.09339831,-76.86076999
N,Apparently Normal,No Misuse,N,Non-incapacitating Injury,0ce4b106-b3f1-4a8a-baa9-57f812afd561,D,CE4578000C,Shoulder/Lap Belt(s),M,10f504b6-c70a-4f7e-841f-ee859b4d9038,Head On Left Turn,N,Intersection,Right Turn Lane,Daylight,No Defects,"Two-way, Not Divided",Dry,Clear,Twelve o'clock,(Sport) Utility Vehicle,Disabling,N,Moving Constant Speed,2015-02-28 15:13,65,39.09428928,-76.87562943
N,Apparently Normal,No Misuse,N,No Injury,9c86da7b-956e-4f74-9859-b5080b63a088,D,CE4578000J,Shoulder/Lap Belt(s),M,3c0830ec-71ea-447b-a711-d80c3b59e41f,Same Direction Right Turn,N,Non Intersection,Right Turn Lane,Daylight,No Defects,"Two-way, Not Divided",Dry,Clear,Nine o'clock,Passenger Car,Superficial,N,Moving Constant Speed,2015-03-31 12:20,44,39.09651249,-76.84947252
N,Apparently Normal,No Misuse,Y,No Injury,e7613472-366e-44cc-90c5-66ae8cb1070f,D,CP00720006,Shoulder/Lap Belt(s),M,1c549f56-a419-4bae-b437-57addafcbc62,Same Direction Sideswipe,N,Non Intersection,Right Turn Lane,Dark Lights On,No Defects,"Two-way, Not Divided",Dry,Clear,One o'clock,Passenger Car,Disabling,N,Moving Constant Speed,2015-03-08 1:48,45,38.93734739,-76.96088076
N,Apparently Normal,No Misuse,Y,No Injury,c712aa99-da85-414d-8826-8868fe534305,D,CP01350009,Shoulder/Lap Belt(s),M,b04d0894-e18b-46d3-bf24-6f29a1df8c94,Single Vehicle ,N,Non Intersection,Right Turn Lane,Daylight,No Defects,"Two-way, Divided, Positive Median Barrier",Wet,Cloudy,One o'clock,Passenger Car,Disabling,N,Slowing or Stopping,2015-01-06 13:14,28,38.94906315,-76.96764529
N,Apparently Normal,No Misuse,Y,No Injury,02d463f6-1807-452a-8220-8b5c9a24bf0b,D,CT8267000L,Shoulder/Lap Belt(s),M,55c70131-c8cd-46be-b20c-eda21470d01b,Single Vehicle ,N,Intersection Related,Right Turn Lane,Dark Lights On,No Defects,"Two-way, Not Divided",Ice,"Blowing Sand, Soil, Dirt",Five o'clock,(Sport) Utility Vehicle,Superficial,N,Backing,2015-02-15 6:25,26,38.40085605,-75.06018162
N,Apparently Normal,No Misuse,Y,No Injury,145ff13b-dbd0-4f23-9425-aa4e973045f0,D,CT82740016,Shoulder/Lap Belt(s),M,d1fdf982-03c9-4f08-8b39-f6fa244aea29,Single Vehicle ,N,Intersection,Acceleration Lane,Daylight,No Defects,"Two-way, Divided, Positive Median Barrier",Dry,Clear,Four o'clock,Police Vehicle/Non Emergency,Superficial,N,Making Right Turn,2015-03-13 16:30,43,38.3425103,-75.08172512
N,Apparently Normal,No Misuse,Y,No Injury,67a8afcf-623d-4665-b7dd-876533343bfb,D,CT82930002,Shoulder/Lap Belt(s),M,4f7c4c41-de9d-476d-9d6d-3e62469f0d5d,Single Vehicle ,N,Intersection,Acceleration Lane,Daylight,No Defects,One-way Trafficway,Wet,Raining,One o'clock,Pickup Truck,Superficial,N,Making Left Turn,2015-01-12 12:26,36,38.33191108,-75.08595228
N,Apparently Normal,No Misuse,N,No Injury,15874984-0136-4b71-ae4e-4f677e6a9383,D,CTX308001W,Shoulder/Lap Belt(s),M,102eebb1-3a95-4fde-88b1-f0167b625aa2,Angle Meets Left Turn,N,Intersection,Deceleration Lane,Daylight,No Defects,"Two-way, Divided, Positive Median Barrier",Dry,Clear,One o'clock,Pickup Truck,Disabling,N,Making U Turn,2015-03-17 16:47,32,38.387231,-75.06592502
N,Apparently Normal,No Misuse,Y,No Injury,6d2682c9-8b72-4f5f-903d-fcc5c8191aa8,D,CTX308001W,Shoulder/Lap Belt(s),M,7645e26a-50c9-4373-bd01-c70d3d1d57ba,Angle Meets Left Turn,N,Intersection,Deceleration Lane,Daylight,No Defects,"Two-way, Divided, Positive Median Barrier",Dry,Clear,Eleven o'clock,Passenger Car,Disabling,N,Accelerating,2015-03-17 16:47,17,38.387231,-75.06592502
N,Apparently Normal,No Misuse,N,No Injury,ab4861d7-2fda-4574-a231-b84f9da7c5b1,D,CW00220001,Shoulder/Lap Belt(s),M,302e67de-9e7e-4b78-b13b-9e68ebb1a719,Same Direction Right Turn,N,Non Intersection,Left Turn Lane,Daylight,No Defects,"Two-way, Not Divided",Dry,Clear,Ten o'clock,Passenger Car,Disabling,N,Moving Constant Speed,2015-01-23 12:10,49,39.5721365,-76.0687834
N,Apparently Normal,No Misuse,Y,No Injury,19ad43ee-7af0-456b-a91a-97fecc74be74,D,CW00220001,Shoulder/Lap Belt(s),M,0e48cfbd-e018-4852-ab9d-39dd3a2eb123,Same Direction Right Turn,N,Non Intersection,Left Turn Lane,Daylight,No Defects,"Two-way, Not Divided",Dry,Clear,Two o'clock,Passenger Car,Functional,N,Changing Lanes,2015-01-23 12:10,51,39.5721365,-76.0687834
N,Apparently Normal,No Misuse,N,No Injury,b8d84933-f0f7-4522-955c-3b543d976c1c,D,CW00250001,Shoulder/Lap Belt(s),M,c27ee5e8-6ea2-4ea1-a234-bda118ae9dde,Same Movement Angle,N,Crossover Related,Right Turn Lane,Daylight,No Defects,"Two-way, Divided, Positive Median Barrier",Dry,Clear,Twelve o'clock,Passenger Car,Functional,N,Moving Constant Speed,2015-01-08 16:15,30,39.5752625,-76.05628967
N,Apparently Normal,No Misuse,Y,No Injury,a34c47ea-8a30-4001-a51d-d52b8d5a85f4,D,CW00250001,Shoulder/Lap Belt(s),M,6fadad54-ee33-41b6-9ae0-89a2b83aaa5e,Same Movement Angle,N,Crossover Related,Right Turn Lane,Daylight,No Defects,"Two-way, Divided, Positive Median Barrier",Dry,Clear,Eleven o'clock,(Sport) Utility Vehicle,Disabling,N,Starting From Lane,2015-01-08 16:15,80,39.5752625,-76.05628967
N,Apparently Normal,No Misuse,Y,No Injury,1c441d58-ba14-4cdd-9e77-2089e65aa0bc,D,CX01290002,Shoulder/Lap Belt(s),M,8aa881ed-9b6f-4ea8-b4d8-e4fac09ed90e,Single Vehicle ,N,Non Intersection,Right Turn Lane,Dark Lights On,No Defects,"Two-way, Divided, Positive Median Barrier",Dry,Clear,Twelve o'clock,Pickup Truck,Disabling,N,Moving Constant Speed,2015-03-18 0:00,52,38.05495125,-75.54358006
N,Apparently Normal,No Misuse,N,No Injury,cf7db59e-5c2d-4eb8-9714-f216f112df2e,D,DA17750002,Shoulder/Lap Belt(s),M,5a67c7a7-f115-400b-8fe2-35812892dfdf,Head On Left Turn,N,Intersection,Right Turn Lane,Dark Lights On,No Defects,"Two-way, Divided, Positive Median Barrier",Ice,Foggy,Eleven o'clock,Police Vehicle/Emergency,Functional,N,Stopped in Traffic Lane,2015-01-21 23:52,32,38.84874066,-76.92467093
N,Apparently Normal,No Misuse,N,No Injury,cd6b269f-63cc-4b97-98b1-7947dce02042,D,DA17750003,Shoulder/Lap Belt(s),M,cb578fab-2173-4268-a239-656641f651a4,Head On Left Turn,N,Intersection,Right Turn Lane,Daylight,No Defects,"Two-way, Not Divided",Dry,Clear,Twelve o'clock,Police Vehicle/Emergency,Functional,N,Making Left Turn,2015-02-28 9:42,27,38.87255868,-76.92687035
N,Apparently Normal,No Misuse,Y,No Injury,29cd6656-a4a0-4fbe-a4ef-a9f0b8712859,D,DA17750003,Shoulder/Lap Belt(s),M,2a1bc93e-d6e3-44fa-b6ca-130f2222e568,Head On Left Turn,N,Intersection,Right Turn Lane,Daylight,No Defects,"Two-way, Not Divided",Dry,Clear,Twelve o'clock,(Sport) Utility Vehicle,Functional,N,Starting From Lane,2015-02-28 9:42,49,38.87255868,-76.92687035
N,Apparently Normal,No Misuse,Y,No Injury,81ab797b-c334-46e9-bf59-031f98983abb,D,DA18900002,Shoulder/Lap Belt(s),M,a8deae4e-0fea-45b0-89e1-504fa97cd2b1,Single Vehicle ,N,Non Intersection,Right Turn Lane,Daylight,No Defects,"Two-way, Not Divided",Wet,Raining,Six o'clock,"Medium/Heavy Truck 2 axles (10,000 lbs (4,536 kg) or less)",Superficial,N,Backing,2015-01-13 9:46,30,38.79235937,-77.01145649
N,Apparently Normal,No Misuse,N,No Injury,a788bb60-2296-44f1-8690-f8b52f7d3198,D,DA20680005,Shoulder/Lap Belt(s),M,d8605b6d-1161-4390-afe8-98869379e9f5,Single Vehicle ,N,Intersection,Right Turn Lane,Dark No Lights,No Defects,"Two-way, Not Divided",Dry,Clear,Eleven o'clock,Police Vehicle/Non Emergency,Functional,N,Moving Constant Speed,2015-03-09 6:00,37,38.74847732,-76.76012278
N,Apparently Normal,No Misuse,N,No Injury,b7f82087-9e28-4861-befb-1f8148e734b9,D,DA2260000C,Shoulder/Lap Belt(s),M,85a9d5d8-1af1-4103-b332-ec260896f9e7,Head On Left Turn,N,Non Intersection,Right Turn Lane,Dark No Lights,No Defects,"Two-way, Divided, Positive Median Barrier",Dry,Cloudy,Six o'clock,Passenger Car,Functional,N,Moving Constant Speed,2015-03-19 20:39,41,38.85057889,-76.95491552
N,Apparently Normal,No Misuse,N,Incapacitating/Disabled Injury,255eea26-d100-45fe-acb0-8db654de566a,D,DA2260000C,Shoulder/Lap Belt(s),M,00d8a9b6-6dbc-4c0b-881b-1ef855f57938,Head On Left Turn,N,Non Intersection,Right Turn Lane,Dark No Lights,No Defects,"Two-way, Divided, Positive Median Barrier",Dry,Cloudy,Twelve o'clock,Passenger Car,Disabling,N,Moving Constant Speed,2015-03-19 20:39,43,38.85057889,-76.95491552
N,Apparently Normal,No Misuse,N,Fatal Injury,2308ffc5-abb1-4ad3-a0a0-bc38f6d1ceca,D,DA2260000C,Shoulder/Lap Belt(s),M,719195f7-bcb8-43f0-9e2d-4baf1c71a1df,Head On Left Turn,N,Non Intersection,Right Turn Lane,Dark No Lights,No Defects,"Two-way, Divided, Positive Median Barrier",Dry,Cloudy,Twelve o'clock,Passenger Car,Destroyed,N,Moving Constant Speed,2015-03-19 20:39,61,38.85057889,-76.95491552
N,Apparently Normal,No Misuse,Y,No Injury,eeac3bc6-44d1-4d06-9158-b43383183523,D,DA24040003,Shoulder/Lap Belt(s),M,b3fa9336-8e65-42d2-a12b-9ed932ec6731,Single Vehicle ,N,Non Intersection,Right Turn Lane,Daylight,No Defects,"Two-way, Not Divided",Snow,Snow,Twelve o'clock,Passenger Car,Disabling,N,Moving Constant Speed,2015-03-05 10:51,38,38.69562581,-76.82473183
N,Apparently Normal,No Misuse,N,No Injury,4f6fa96a-8d25-4908-acaa-ebca9a9761d3,D,DA25240004,Shoulder/Lap Belt(s),M,8b2c3777-8513-48ee-974b-3740414249d9,Same Direction Left Turn,N,Commercial Driveway,Right Turn Lane,Daylight,No Defects,"Two-way, Not Divided",Dry,Clear,Twelve o'clock,Fire Vehicle/Emergency,Functional,N,Slowing or Stopping,2015-01-07 9:41,28,38.78642608,-76.89777911
N,Apparently Normal,No Misuse,Y,Possible Incapacitating Injury,e27a8d87-2f8a-410b-96f6-e8b9cb31acf4,D,DA25240004,Shoulder/Lap Belt(s),M,a62acf81-2931-4471-aee5-0f7d44273d1b,Same Direction Left Turn,N,Commercial Driveway,Right Turn Lane,Daylight,No Defects,"Two-way, Not Divided",Dry,Clear,Six o'clock,Passenger Car,Destroyed,N,Making Left Turn,2015-01-07 9:41,78,38.78642608,-76.89777911
N,Apparently Normal,No Misuse,N,No Injury,28ce118e-8f92-484e-8db9-8c87dba55d67,D,DA25240005,Shoulder/Lap Belt(s),M,eaf107b8-6c7a-47f3-9ae7-3ce8a76e3d1c,Single Vehicle ,N,Non Intersection,Right Turn Lane,Dark No Lights,No Defects,"Two-way, Not Divided",Dry,Clear,Twelve o'clock,Police Vehicle/Non Emergency,Functional,N,Moving Constant Speed,2015-02-25 2:55,36,38.74468468,-76.89714342
N,Apparently Normal,No Misuse,N,No Injury,b3d42ea9-1ce8-4b5f-906f-367bd57bc2d7,D,DA25740001,Shoulder/Lap Belt(s),M,c71d5df3-9218-462b-9871-8e42f8c477a9,Single Vehicle ,N,Non Intersection,Right Turn Lane,Dawn,No Defects,"Two-way, Not Divided",Dry,Clear,Twelve o'clock,Police Vehicle/Emergency,Superficial,N,Moving Constant Speed,2015-01-02 5:11,26,38.71384449,-76.87962055
N,Apparently Normal,No Misuse,N,No Injury,38a18b0f-e7af-4986-8afa-948d8432179f,D,DA27770003,Shoulder/Lap Belt(s),M,4181302e-14db-4a46-87cc-380513226397,Same Movement Angle,N,Intersection,Right Turn Lane,Daylight,No Defects,"Two-way, Not Divided",Dry,Clear,Twelve o'clock,Passenger Car,Disabling,N,Moving Constant Speed,2015-01-16 8:58,27,38.93269893,-76.93102241
N,Apparently Normal,No Misuse,Y,No Injury,5b37fec7-ee93-4aec-ad1c-2db592b7c7b5,D,DA27770003,Shoulder/Lap Belt(s),M,b9b11117-4dba-42a8-8f32-e9f25b32f9aa,Same Movement Angle,N,Intersection,Right Turn Lane,Daylight,No Defects,"Two-way, Not Divided",Dry,Clear,Eight o'clock,Van,Disabling,N,Accelerating,2015-01-16 8:58,35,38.93269893,-76.93102241
N,Apparently Normal,No Misuse,N,No Injury,9f4861c6-001c-4131-8e34-ce671e095666,D,DA28090004,Shoulder/Lap Belt(s),M,566b5cff-aeda-4bb6-8420-49ff48066d25,Same Direction Sideswipe,N,Non Intersection,Right Turn Lane,Dark Lights On,No Defects,"Two-way, Not Divided",Ice,Severe Winds,Four o'clock,Police Vehicle/Emergency,Functional,N,Accelerating,2015-02-15 2:34,33,38.95128363,-76.87939659
N,Apparently Normal,No Misuse,N,No Injury,c84c2a7e-8954-4ab5-bb3b-2b69d694495e,D,DA28090005,Shoulder/Lap Belt(s),M,c1cb103c-55c0-427d-bb1d-d2ebf87e39ca,Single Vehicle ,N,Non Intersection,Left Turn Lane,Dark Lights On,No Defects,"Two-way, Divided, Positive Median Barrier",Ice,Severe Winds,Seven o'clock,Police Vehicle/Emergency,Functional,N,Moving Constant Speed,2015-02-15 4:22,30,39.01329017,-76.90561652
N,Apparently Normal,No Misuse,N,No Injury,81f2c214-94ec-40ee-8fdd-53141842febe,D,DA2810000L,Shoulder/Lap Belt(s),M,db15dda9-dea7-4f1c-a5e0-b917d2f96b89,Same Direction Sideswipe,N,Non Intersection,Acceleration Lane,Daylight,No Defects,"Two-way, Divided, Positive Median Barrier",Ice,Cloudy,Five o'clock,"Cargo Van/Light Truck 2 axles (10,000 lbs (4,536 kg) or less)",Functional,N,Moving Constant Speed,2015-02-22 8:26,26,38.94703556,-76.82461381
N,Apparently Normal,No Misuse,Y,No Injury,3325a3ff-ee89-4d2e-87b6-02d9869db91a,D,DA2810000L,Shoulder/Lap Belt(s),M,1c1a5396-f62d-4884-8946-4a33c642c135,Same Direction Sideswipe,N,Non Intersection,Acceleration Lane,Daylight,No Defects,"Two-way, Divided, Positive Median Barrier",Ice,Cloudy,One o'clock,Passenger Car,Disabling,N,Moving Constant Speed,2015-02-22 8:26,18,38.94703556,-76.82461381
N,Apparently Normal,No Misuse,N,No Injury,249ee0c2-524a-4c7c-87f7-481427af9091,D,DA28410003,Shoulder/Lap Belt(s),M,b378919f-1585-466d-9c74-d623ec01ce30,Same Direction Right Turn,N,Non Intersection,Left Turn Lane,Daylight,No Defects,"Two-way, Divided, Positive Median Barrier",Dry,Clear,Seven o'clock,Police Vehicle/Non Emergency,Superficial,N,Moving Constant Speed,2015-03-18 10:08,42,38.82449674,-76.88206673
N,Apparently Normal,No Misuse,Y,No Injury,5b71c159-6ed3-4fdd-9694-3b57c666566a,D,DA28410003,Shoulder/Lap Belt(s),M,cb49a395-63e6-4931-bba0-86354089129d,Same Direction Right Turn,N,Non Intersection,Left Turn Lane,Daylight,No Defects,"Two-way, Divided, Positive Median Barrier",Dry,Clear,One o'clock,Passenger Car,Superficial,N,Moving Constant Speed,2015-03-18 10:08,53,38.82449674,-76.88206673
N,Apparently Normal,No Misuse,N,No Injury,11a78d2c-5ab7-4a1c-a722-311d23b30d79,D,DA3020000J,Shoulder/Lap Belt(s),M,5601fb82-1b2a-4b5c-9cee-0fed9982fb40,Same Direction Left Turn,N,Non Intersection,Right Turn Lane,Daylight,No Defects,"Two-way, Not Divided",Dry,Clear,One o'clock,Passenger Car,Destroyed,N,Moving Constant Speed,2015-03-15 18:30,20,38.78546015,-76.89793468
N,Apparently Normal,No Misuse,N,No Injury,d73a8578-20f4-4d77-be9e-f56075bdb21b,D,DA3090001B,Shoulder/Lap Belt(s),M,1730c860-3bcd-4881-a407-b0f287403bcc,Head On,N,Non Intersection,Left Turn Lane,Dusk,No Defects,"Two-way, Divided, Positive Median Barrier",Dry,Clear,One o'clock,Passenger Car,Disabling,N,Moving Constant Speed,2015-01-28 18:41,69,38.88841066,-76.90654993
N,Apparently Normal,No Misuse,N,Non-incapacitating Injury,08e0779e-7d95-424d-bc6a-7ef4ff83b470,D,DA3090001B,Shoulder/Lap Belt(s),M,93ddcb73-0e7b-44e5-a406-2dc62b4217d2,Head On,N,Non Intersection,Left Turn Lane,Dusk,No Defects,"Two-way, Divided, Positive Median Barrier",Dry,Clear,Twelve o'clock,Pickup Truck,Disabling,N,Moving Constant Speed,2015-01-28 18:41,45,38.88841066,-76.90654993
N,Had Been Drinking,No Misuse,Y,Non-incapacitating Injury,98a825b9-c4da-4b25-b2ba-643feda52f44,D,DA3090001B,Shoulder/Lap Belt(s),M,40c77045-1c76-4c3f-9e31-00ea3fea8a37,Head On,N,Non Intersection,Left Turn Lane,Dusk,No Defects,"Two-way, Divided, Positive Median Barrier",Dry,Clear,Twelve o'clock,Passenger Car,Disabling,Y,Moving Constant Speed,2015-01-28 18:41,70,38.88841066,-76.90654993
N,Apparently Normal,No Misuse,N,No Injury,396b51be-c093-4379-a5c7-70f9f1b6988b,D,DA31240005,Shoulder/Lap Belt(s),M,8b321431-8912-4b2e-b010-ec9ef81e2b30,Same Direction Rear End,N,Non Intersection,Right Turn Lane,Daylight,No Defects,"Two-way, Divided, Positive Median Barrier",Ice,Clear,Six o'clock,Van,Superficial,N,Stopped in Traffic Lane,2015-01-08 16:10,26,38.96030145,-76.86457872
N,Apparently Normal,No Misuse,Y,No Injury,03eba81b-5e57-4d51-8203-e5dd34ef2a71,D,DA31240005,Shoulder/Lap Belt(s),M,59939caf-61be-41f2-adf3-bd2bfc0e9913,Same Direction Rear End,N,Non Intersection,Right Turn Lane,Daylight,No Defects,"Two-way, Divided, Positive Median Barrier",Ice,Clear,Twelve o'clock,Passenger Car,Disabling,N,Slowing or Stopping,2015-01-08 16:10,32,38.96030145,-76.86457872
N,Apparently Normal,No Misuse,N,No Injury,0e66a315-ffe6-4e1d-a77d-12ca5c77e860,D,DA31330001,Shoulder/Lap Belt(s),M,46e53fee-fd1c-4726-bfbf-2199dd790aab,Same Direction Rear End,N,Non Intersection,Right Turn Lane,Dark - Unknown Lighting,No Defects,"Two-way, Divided, Unprotected (painted >4 feet) Median",Snow,Snow,Six o'clock,(Sport) Utility Vehicle,Superficial,N,Moving Constant Speed,2015-02-16 18:20,54,38.96116073,-76.85743332
N,Apparently Normal,No Misuse,Y,No Injury,a94da0d5-7a81-412f-a654-373a0a7e481f,D,DA31330001,Shoulder/Lap Belt(s),M,3142c2ac-2f8b-44ea-88d3-13e72ad55857,Same Direction Rear End,N,Non Intersection,Right Turn Lane,Dark - Unknown Lighting,No Defects,"Two-way, Divided, Unprotected (painted >4 feet) Median",Snow,Snow,Twelve o'clock,Passenger Car,Functional,N,Accelerating,2015-02-16 18:20,62,38.96116073,-76.85743332
N,Apparently Normal,No Misuse,Y,No Injury,ecfdc40c-605a-4411-9f10-7138c23e612c,D,DA32000002,Shoulder/Lap Belt(s),M,7b5cfa5c-ac38-4c3f-b2c0-bbe428d0bb2e,Same Movement Angle,N,Non Intersection,Right Turn Lane,Dark Lights On,No Defects,"Two-way, Not Divided",Dry,Clear,Eleven o'clock,(Sport) Utility Vehicle,Superficial,N,Making Left Turn,2015-03-07 19:43,27,38.80339673,-76.98873281
Y,Apparently Normal,No Misuse,N,No Injury,0d6f58d3-6443-4c35-980b-6c038e6ffdc3,D,DA33770003,Shoulder/Lap Belt(s),M,23e9ce19-ef4d-4ce0-b4ea-c1b59fc67dab,Same Direction Both Left Turn,N,Intersection Related,Right Turn Lane,Dark Lights On,No Defects,"Two-way, Divided, Positive Median Barrier",Dry,Clear,Twelve o'clock,Transit Bus,Superficial,N,Making Left Turn,2015-01-22 19:04,35,38.97186328,-76.97986007
N,Apparently Normal,No Misuse,Y,No Injury,92380d6b-ecc0-4a09-bece-87e7e4228ddf,D,DA33770003,Shoulder/Lap Belt(s),M,802ba751-c5b5-4c7e-8055-2dfd2a8cd28f,Same Direction Both Left Turn,N,Intersection Related,Right Turn Lane,Dark Lights On,No Defects,"Two-way, Divided, Positive Median Barrier",Dry,Clear,Nine o'clock,Passenger Car,Disabling,N,Making Left Turn,2015-01-22 19:04,29,38.97186328,-76.97986007
N,Apparently Normal,No Misuse,N,No Injury,30cd66b6-91f0-44b1-8dc3-d34c4878a373,D,DA33770006,Shoulder/Lap Belt(s),M,ee2c8bf6-39bb-420c-aeb3-8900dfd5738d,Same Movement Angle,N,Intersection,Right Turn Lane,Daylight,No Defects,"Two-way, Divided, Unprotected (painted >4 feet) Median",Dry,Clear,Twelve o'clock,Passenger Car,Disabling,N,Slowing or Stopping,2015-02-01 11:51,51,38.97715973,-76.96991444