CDL_FLAG,CONDITION_CODE,EQUIP_PROB_CODE,FAULT_FLAG,INJ_SEVER_CODE,PERSON_ID,PERSON_TYPE,REPORT_NO,SAF_EQUIP_CODE,SEX_CODE,VEHICLE_ID,COLLISION_TYPE_CODE,C_M_ZONE_FLAG,JUNCTION_CODE,LANE_CODE,LIGHT_CODE,RD_COND_CODE,RD_DIV_CODE,SURF_COND_CODE,WEATHER_CODE,AREA_DAMAGED_CODE_MAIN,BODY_TYPE_CODE,DAMAGE_CODE,HIT_AND_RUN_FLAG,MOVEMENT_CODE,TIME,AGE,LATITUDE,LONGITUDE
N,Apparently Normal,No Misuse,Y,No Injury,a88607ab-12b1-4015-a4df-a66c1844a77d,D,DA3888000G,Shoulder/Lap Belt(s),M,3eb16cbf-8c3b-4bcf-ba6d-435a377e1a93,Same Movement Angle,N,Intersection,Right Turn Lane,Daylight,No Defects,"Two-way, Not Divided",Dry,Clear,Twelve o'clock,Passenger Car,Disabling,N,Moving Constant Speed,2015-01-28 11:57,67,38.75776456,-76.99673653
N,Apparently Normal,No Misuse,N,No Injury,4a156b35-74fe-4a83-9fac-2393fdad9a81,D,DA3888000H,Shoulder/Lap Belt(s),M,46f73c15-b17e-489b-88b9-6e87a11b602d,Head On Left Turn,N,Commercial Driveway,Left Turn Lane,Daylight,No Defects,"Two-way, Not Divided",Dry,Clear,Twelve o'clock,Passenger Car,Superficial,N,Moving Constant Speed,2015-01-28 13:53,79,38.80363084,-76.98761702
N,Apparently Normal,No Misuse,Y,No Injury,ee84dc96-d181-4482-a1b8-05efcbd4dc80,D,DA38890006,Shoulder/Lap Belt(s),M,81ed9573-f788-43bd-8319-5e71f762b45c,Same Direction Rear End,N,Intersection,Acceleration Lane,Daylight,No Defects,"Two-way, Divided, Positive Median Barrier",Wet,Cloudy,Twelve o'clock,(Sport) Utility Vehicle,Functional,N,Slowing or Stopping,2015-03-14 14:15,46,38.95730641,-76.8646431
N,Apparently Normal,No Misuse,N,No Injury,9ef7607f-a142-4cdb-828e-ddc75bbc2c1f,D,DA3890000D,Shoulder/Lap Belt(s),M,abc4bb30-e89d-4e2f-8c85-86bff39eaf62,Same Direction Rear End,N,Non Intersection,Right Turn Lane,Daylight,No Defects,"Two-way, Divided, Positive Median Barrier",Snow,Blowing Snow,Five o'clock,Passenger Car,Disabling,N,Slowing or Stopping,2015-02-19 15:03,53,39.07602219,-76.8857789
N,Apparently Normal,No Misuse,Y,No Injury,a1580cfb-e05a-459d-b41b-920a7cf32eb5,D,DA3893000F,Shoulder/Lap Belt(s),M,50f4cee0-1adb-456d-81f1-d7662e7d755e,Single Vehicle ,N,Non Intersection,Right Turn Lane,Daylight,No Defects,"Two-way, Not Divided",Dry,Clear,Roof Top,Passenger Car,Destroyed,N,Accelerating,2015-01-07 12:39,25,38.84322989,-76.8498373
N,Apparently Normal,No Misuse,N,No Injury,2a5f2102-8432-4e86-9809-e027b0af03be,D,DA3896000C,Shoulder/Lap Belt(s),M,2bbdd841-1a67-40be-9f26-275570b8985b,Same Direction Rear End,N,Intersection Related,Right Turn Lane,Dark Lights On,No Defects,"Two-way, Divided, Positive Median Barrier",Dry,Clear,Six o'clock,Passenger Car,Superficial,N,Stopped in Traffic Lane,2015-01-17 23:17,39,38.9891858,-76.98771358
N,Apparently Normal,No Misuse,Y,No Injury,744649e9-91c0-4f0f-a16e-69224b813c59,D,DA3896000C,Shoulder/Lap Belt(s),M,97965097-8063-4860-94ac-b6dfbdb9a000,Same Direction Rear End,N,Intersection Related,Right Turn Lane,Dark Lights On,No Defects,"Two-way, Divided, Positive Median Barrier",Dry,Clear,Twelve o'clock,Passenger Car,Superficial,Y,Slowing or Stopping,2015-01-17 23:17,26,38.9891858,-76.98771358
N,Apparently Normal,No Misuse,N,No Injury,701c7f3b-7ed6-46ca-b9a6-b63dbc989ea3,D,DA3896000F,Shoulder/Lap Belt(s),M,26e63beb-9f60-4fdd-8722-32c05f5acf87,Same Movement Angle,N,Intersection,Right Turn Lane,Daylight,No Defects,"Two-way, Divided, Positive Median Barrier",Dry,Clear,Ten o'clock,Passenger Car,Functional,N,Moving Constant Speed,2015-02-07 12:00,44,38.99344698,-76.98774576
N,Apparently Normal,No Misuse,N,No Injury,132a2642-5c89-4ba4-814b-d24a55f71c40,D,DA3896000H,Shoulder/Lap Belt(s),M,28be887f-e3d8-4458-a9fd-98bd24e53c14,Same Direction Rear End,N,Intersection,Left Turn Lane,Dark Lights On,No Defects,"Two-way, Divided, Positive Median Barrier",Dry,Clear,Six o'clock,(Sport) Utility Vehicle,Functional,N,Stopped in Traffic Lane,2015-02-26 21:46,23,38.98534135,-76.98197365
N,Had Been Drinking,No Misuse,Y,No Injury,51f407f6-c8c5-4d44-b20e-aa4b97519b44,D,DA3896000H,Shoulder/Lap Belt(s),M,bc3b5b8d-51de-4942-9179-2e53f317ff5e,Same Direction Rear End,N,Intersection,Left Turn Lane,Dark Lights On,No Defects,"Two-way, Divided, Positive Median Barrier",Dry,Clear,Twelve o'clock,Passenger Car,Disabling,Y,Moving Constant Speed,2015-02-26 21:46,28,38.98534135,-76.98197365
N,Apparently Normal,No Misuse,Y,No Injury,235fbdb4-5f16-4356-b66b-d51fc449fd2a,D,DA38980007,Shoulder/Lap Belt(s),M,3f877d3a-9314-4445-8306-d75af87191e2,Same Direction Rear End,N,Non Intersection,Right Turn Lane,Dark Lights On,No Defects,"Two-way, Not Divided",Dry,Clear,One o'clock,Passenger Car,Functional,N,Moving Constant Speed,2015-01-20 2:52,30,38.74293786,-76.90421104
N,Apparently Normal,No Misuse,Y,No Injury,9ea779b6-f357-44ff-a77a-b144bc726d52,D,DA38980008,Shoulder/Lap Belt(s),M,e837c2f0-3b82-4714-b0b2-22ab4d9e050e,Single Vehicle ,N,Non Intersection,Right Turn Lane,Dark Lights On,No Defects,"Two-way, Not Divided",Snow,Snow,One o'clock,Passenger Car,Disabling,N,Moving Constant Speed,2015-01-27 3:04,38,38.73050181,-76.92251444
N,Apparently Normal,No Misuse,N,No Injury,a4656cfa-0a87-4315-9bb1-268bde216151,D,DA3898000C,Shoulder/Lap Belt(s),M,0b59b345-5572-4b68-922d-0caeb7f504e4,Same Direction Rear End,N,Non Intersection,Right Turn Lane,Daylight,No Defects,"Two-way, Not Divided",Dry,Clear,Six o'clock,Van,Superficial,N,Slowing or Stopping,2015-03-13 13:33,26,38.80225126,-76.90852404
N,Apparently Normal,No Misuse,Y,No Injury,8a559f90-f457-4667-a397-b28c6812dbb0,D,DA3898000C,Shoulder/Lap Belt(s),M,c4513459-1dd4-4edb-baff-3d107acb1356,Same Direction Rear End,N,Non Intersection,Right Turn Lane,Daylight,No Defects,"Two-way, Not Divided",Dry,Clear,Twelve o'clock,Passenger Car,Superficial,N,Slowing or Stopping,2015-03-13 13:33,30,38.80225126,-76.90852404
Y,Apparently Normal,No Misuse,N,No Injury,9bfe7cf6-5556-48dc-89c1-be2d512ce6de,D,DA39140005,Shoulder/Lap Belt(s),M,b7311f04-9d6c-4d28-bd31-35241322f9e8,Head On Left Turn,N,Non Intersection,Right Turn Lane,Daylight,No Defects,"Two-way, Divided, Unprotected (painted >4 feet) Median",Dry,Clear,Twelve o'clock,"Medium/Heavy Truck 2 axles (10,000 lbs (4,536 kg) or less)",Disabling,N,Moving Constant Speed,2015-03-13 15:07,60,38.81581172,-76.79733038
N,Apparently Normal,No Misuse,Y,No Injury,76b712fc-42dd-4dd6-8bac-5da5b3446c2c,D,DA39140005,Shoulder/Lap Belt(s),M,2107c26d-426b-4d47-be6d-1d45b0cb2322,Head On Left Turn,N,Non Intersection,Right Turn Lane,Daylight,No Defects,"Two-way, Divided, Unprotected (painted >4 feet) Median",Dry,Clear,One o'clock,Passenger Car,Destroyed,N,Making U Turn,2015-03-13 15:07,49,38.81581172,-76.79733038
N,Apparently Normal,No Misuse,Y,No Injury,b5d34d5d-be13-47a7-a3c3-7c268d845ed5,D,DA39220005,Shoulder/Lap Belt(s),M,2c371d35-ceee-4b89-afd5-4beedb93c9a5,Single Vehicle ,N,Non Intersection,Right Turn Lane,Daylight,No Defects,"Two-way, Not Divided",Dry,Clear,Twelve o'clock,Passenger Car,Functional,N,Moving Constant Speed,2015-01-28 8:40,48,38.85143949,-76.81323051
N,Apparently Normal,No Misuse,Y,No Injury,5950063e-8e1b-4485-978c-bc41fdd522bf,D,DA39220006,Shoulder/Lap Belt(s),M,07a76d57-9ecd-46ad-ab2b-80bb6b6dce39,Single Vehicle ,N,Non Intersection,Deceleration Lane,Daylight,No Defects,One-way Trafficway,Dry,Clear,Twelve o'clock,Passenger Car,Disabling,N,Moving Constant Speed,2015-02-15 16:00,54,38.89531661,-76.84181213
Y,Apparently Normal,No Misuse,Y,No Injury,aea4e42a-f316-46de-8d77-c7f0d9761fe8,D,DA39250006,Shoulder/Lap Belt(s),M,3443d611-5db6-4b91-869f-0f5b83087ee4,Head On,N,Non Intersection,Right Turn Lane,Daylight,No Defects,"Two-way, Not Divided",Ice,Snow,Six o'clock,Pickup Truck,Superficial,N,Skidding,2015-01-06 10:19,53,38.88827704,-76.88982368
Y,Apparently Normal,No Misuse,Y,No Injury,9ff35430-584a-4b36-8e7c-704799db6654,D,DA39250006,Shoulder/Lap Belt(s),M,0c9c2fb4-2758-4fb2-b51e-2fe76d0fe825,Head On,N,Non Intersection,Right Turn Lane,Daylight,No Defects,"Two-way, Not Divided",Ice,Snow,Six o'clock,Fire Vehicle/Emergency,Functional,N,Skidding,2015-01-06 10:19,49,38.88827704,-76.88982368
N,Apparently Normal,No Misuse,Y,No Injury,754af737-cddb-4e07-992a-910494cd2e68,D,DA39350004,Shoulder/Lap Belt(s),M,65c94e50-7857-415e-8056-6d5c4ce11c6e,Single Vehicle ,N,Non Intersection,Right Turn Lane,Dark Lights On,No Defects,"Two-way, Not Divided",Ice,Cloudy,Twelve o'clock,Pickup Truck,Disabling,N,Moving Constant Speed,2015-01-24 22:44,27,38.67619637,-76.94326401
N,Apparently Normal,No Misuse,Y,No Injury,fc37d604-4829-49aa-86df-d305abab4f18,D,DA39360007,Shoulder/Lap Belt(s),M,6e9d3085-cd59-494c-88be-92ba00cd4e8a,Single Vehicle ,N,Non Intersection,Right Turn Lane,Dark Lights On,No Defects,"Two-way, Not Divided",Slush,Sleet,Underside,Passenger Car,Superficial,N,Moving Constant Speed,2015-02-22 4:55,57,38.77496369,-76.87084436
N,Apparently Normal,No Misuse,Y,No Injury,ef2014d9-2e7f-40fc-b7ac-943ab09f8373,D,DA39400009,Shoulder/Lap Belt(s),M,703d2401-a0ea-48a6-80fd-60ead8a68128,Single Vehicle ,N,Non Intersection,Right Turn Lane,Dark Lights On,No Defects,"Two-way, Divided, Unprotected (painted >4 feet) Median",Snow,Snow,Eleven o'clock,Passenger Car,Disabling,N,Slowing or Stopping,2015-02-14 21:43,34,38.84762935,-76.950109
N,Apparently Normal,No Misuse,Y,No Injury,6222d074-2045-4160-be66-16fc9b0bd2c9,D,DA3940000C,Shoulder/Lap Belt(s),M,8a66c5b0-e64f-4384-9b17-106e6ebdc37a,Single Vehicle ,N,Non Intersection,Left Turn Lane,Dark Lights On,No Defects,"Two-way, Divided, Positive Median Barrier",Wet,Clear,Non-collision,Passenger Car,No Damage,N,Moving Constant Speed,2015-03-03 23:39,36,38.83788582,-76.94944382
N,Apparently Normal,No Misuse,Y,No Injury,2f0f96ab-696a-4b4e-8e70-f254d1939fbe,D,DA3940000D,Shoulder/Lap Belt(s),M,b60ba01b-a015-4fe9-9ed4-2e1990c918b8,Single Vehicle ,N,Non Intersection,Right Turn Lane,Dark Lights On,No Defects,"Two-way, Divided, Positive Median Barrier",Snow,Snow,Twelve o'clock,(Sport) Utility Vehicle,Disabling,N,Moving Constant Speed,2015-03-05 18:00,33,38.82721739,-76.91647947
Y,Apparently Normal,No Misuse,Y,No Injury,11e68ac8-82e6-4550-97e1-890adff80bcc,D,DA39460009,Shoulder/Lap Belt(s),M,eed2d473-b8dc-4cc1-9ef9-adc3e7f5c286,Angle Meets Left Turn,N,Non Intersection,Right Turn Lane,Daylight,No Defects,"Two-way, Not Divided",Wet,Raining,Twelve o'clock,Pickup Truck,Disabling,N,Moving Constant Speed,2015-02-12 9:30,46,38.92239112,-76.93060398
N,Apparently Normal,No Misuse,N,No Injury,4aa8b01b-340b-42d4-9ea2-14cae66f12d7,D,DA39470007,Shoulder/Lap Belt(s),M,d554735b-1d67-45fb-8fcc-2a1f92d037f8,Same Movement Angle,N,Intersection,Right Turn Lane,Dark Lights On,No Defects,"Two-way, Not Divided",Wet,Cloudy,Eleven o'clock,"Other Light Trucks (10,000 lbs (4,536 kg))",Functional,N,Starting From Lane,2015-01-04 23:10,21,38.82041767,-76.84908628
N,Apparently Normal,No Misuse,Y,No Injury,c53cf419-e8f6-4008-9c91-20cb4704480a,D,DA39470007,Shoulder/Lap Belt(s),M,93c43303-6469-45b4-8a47-8ecc4c2c4473,Same Movement Angle,N,Intersection,Right Turn Lane,Dark Lights On,No Defects,"Two-way, Not Divided",Wet,Cloudy,One o'clock,Passenger Car,Disabling,N,Moving Constant Speed,2015-01-04 23:10,42,38.82041767,-76.84908628
Y,Apparently Normal,No Misuse,Y,No Injury,ad467186-5687-4728-8f55-5d06462d7a39,D,DA39490003,Shoulder/Lap Belt(s),M,a6ebf350-fb5a-42a0-b6cf-c046a77b3490,Single Vehicle ,N,Non Intersection,Right Turn Lane,Dark Lights On,No Defects,"Two-way, Not Divided",Dry,Clear,Two o'clock,Fire Vehicle/Emergency,Functional,N,Moving Constant Speed,2015-01-04 22:37,40,38.85902575,-76.8703723
N,Apparently Normal,No Misuse,N,No Injury,c3e4a5bb-9e3c-45be-81f8-788fb90ed300,D,DA39490008,Shoulder/Lap Belt(s),M,0f046bf9-75fa-4c3d-a114-bd544971625c,Head On,N,Non Intersection,Right Turn Lane,Dark Lights On,No Defects,"Two-way, Divided, Unprotected (painted >4 feet) Median",Snow,Snow,Twelve o'clock,Passenger Car,Disabling,N,Slowing or Stopping,2015-02-14 22:50,32,38.93434303,-76.88210964
N,Apparently Normal,No Misuse,Y,No Injury,962226a8-1f2e-402b-8124-8dad89d90107,D,DA39490008,Shoulder/Lap Belt(s),M,220be79c-cf71-4d14-ac07-314898afb6d7,Head On,N,Non Intersection,Right Turn Lane,Dark Lights On,No Defects,"Two-way, Divided, Unprotected (painted >4 feet) Median",Snow,Snow,Twelve o'clock,Passenger Car,Disabling,N,Moving Constant Speed,2015-02-14 22:50,23,38.93434303,-76.88210964
N,Apparently Normal,No Misuse,Y,No Injury,bdc19486-278d-4fc3-badd-59c8c65714f9,D,DA39490009,Shoulder/Lap Belt(s),M,ae48789d-3f1b-4f64-9669-b8b05f26170b,Single Vehicle ,N,Intersection,Acceleration Lane,Dark Lights On,No Defects,"Two-way, Divided, Positive Median Barrier",Dry,Clear,Twelve o'clock,Passenger Car,Functional,N,Moving Constant Speed,2015-02-15 21:30,32,38.92968603,-76.87119842
N,Apparently Normal,No Misuse,N,No Injury,ac06ee82-12e2-4c75-9bfa-803b18d9a515,D,DA3949000B,Shoulder/Lap Belt(s),M,0717a914-4c8e-4afa-b9c3-9140fc48b862,Same Direction Rear End,N,Intersection,Right Turn Lane,Daylight,No Defects,"Two-way, Not Divided",Dry,Cloudy,Six o'clock,Van,Functional,N,Stopped in Traffic Lane,2015-02-23 11:02,65,38.92288359,-76.88480258
N,Apparently Normal,No Misuse,N,No Injury,bc84e8c3-7bd5-4f25-a65e-722bac8f41d5,D,DA39550006,Shoulder/Lap Belt(s),M,05c280b5-eba5-49c2-986c-a6f13dad75c9,Same Direction Sideswipe,N,Intersection,Right Turn Lane,Daylight,No Defects,"Two-way, Divided, Unprotected (painted >4 feet) Median",Dry,Clear,Eleven o'clock,Passenger Car,Disabling,N,Moving Constant Speed,2015-01-10 16:18,69,38.81550241,-76.96285486
N,Apparently Normal,No Misuse,Y,No Injury,f968b13b-c1e8-4c43-8ef2-c5ba3d2cd43e,D,DA39550006,Shoulder/Lap Belt(s),M,27be5e6e-1e65-4a2e-9dfc-73c5f0d763c6,Same Direction Sideswipe,N,Intersection,Right Turn Lane,Daylight,No Defects,"Two-way, Divided, Unprotected (painted >4 feet) Median",Dry,Clear,One o'clock,Passenger Car,Functional,N,Moving Constant Speed,2015-01-10 16:18,26,38.81550241,-76.96285486
N,Apparently Normal,No Misuse,Y,No Injury,b94de5ad-a300-4a01-9ed8-d540494bef2c,D,DD5508000W,Shoulder/Lap Belt(s),M,bed06e44-892d-47c2-bd92-ef41c1981fd9,Single Vehicle ,N,Non Intersection,Right Turn Lane,Daylight,No Defects,"Two-way, Not Divided",Wet,Clear,Two o'clock,Passenger Car,Superficial,N,Moving Constant Speed,2015-03-26 11:30,45,39.07795031,-77.13652253
N,Apparently Normal,No Misuse,N,No Injury,0d0d852c-7f20-4b5c-a32a-802973f0d1a1,D,DD55830008,Shoulder/Lap Belt(s),M,870c5038-3909-4ec4-980a-9775c4bd754c,Same Movement Angle,N,Intersection,Right Turn Lane,Dawn,No Defects,"Two-way, Divided, Positive Median Barrier",Wet,Raining,Eight o'clock,(Sport) Utility Vehicle,Disabling,N,Moving Constant Speed,2015-03-04 6:26,45,39.08624333,-77.13551667
N,Apparently Normal,No Misuse,N,No Injury,1630d406-de53-4f7a-8519-61f7381e6a63,D,DD5594000S,Shoulder/Lap Belt(s),M,897f0dd2-7873-411b-9f58-1af2cf2aa6b0,Head On Left Turn,N,Intersection,Right Turn Lane,Dark Lights On,No Defects,"Two-way, Divided, Positive Median Barrier",Dry,Clear,Twelve o'clock,Passenger Car,Functional,N,Moving Constant Speed,2015-02-24 18:05,44,39.09959833,-77.18463833
N,Apparently Normal,No Misuse,Y,No Injury,8fa7b0b7-6f01-4eb6-8bd7-ad764830103d,D,DD5594000S,Shoulder/Lap Belt(s),M,50a6ad1c-add6-454a-8cad-57014551db6e,Head On Left Turn,N,Intersection,Right Turn Lane,Dark Lights On,No Defects,"Two-way, Divided, Positive Median Barrier",Dry,Clear,Four o'clock,Passenger Car,Functional,N,Making Left Turn,2015-02-24 18:05,24,39.09959833,-77.18463833
N,Apparently Normal,No Misuse,Y,No Injury,003878bc-662e-40ca-a720-3851f62b5d54,D,DD5601000G,Shoulder/Lap Belt(s),M,330083c1-8a5a-43b1-87dc-8dd065c9543e,Single Vehicle ,N,Non Intersection,Left Turn Lane,Daylight,No Defects,"Two-way, Divided, Positive Median Barrier",Wet,Raining,Nine o'clock,Passenger Car,Destroyed,N,Accelerating,2015-01-03 14:02,18,39.07773167,-77.12582333
N,Apparently Normal,No Misuse,Y,No Injury,81948bcc-d075-4b3d-bc6f-7fcb128d1f31,D,DD5604000R,Shoulder/Lap Belt(s),M,117a1856-8ef4-485a-84ad-bfd513670320,Angle Meets Left Turn,N,Non Intersection,Right Turn Lane,Daylight,No Defects,"Two-way, Not Divided",Dry,Clear,Four o'clock,Passenger Car,Disabling,N,Making Left Turn,2015-01-07 13:15,28,39.08356333,-77.14386
N,Apparently Normal,No Misuse,N,Possible Incapacitating Injury,f4bc0eec-4169-42b1-8dfc-54b1536aabcc,D,DD5604000R,Shoulder/Lap Belt(s),M,2984d06a-3ae1-4f87-91bb-d721412d85a3,Angle Meets Left Turn,N,Non Intersection,Right Turn Lane,Daylight,No Defects,"Two-way, Not Divided",Dry,Clear,Twelve o'clock,Passenger Car,Disabling,N,Moving Constant Speed,2015-01-07 13:15,32,39.08356333,-77.14386
N,Apparently Normal,No Misuse,Y,No Injury,6d2b1472-f523-4506-87e1-19f7cd2e036b,D,DD5604000T,Shoulder/Lap Belt(s),M,f92b9949-8b3e-4659-a3fd-b2f2e66081fc,Single Vehicle ,N,Non Intersection,Acceleration Lane,Dark Lights On,No Defects,"Two-way, Divided, Positive Median Barrier",Wet,Raining,Eleven o'clock,Passenger Car,Disabling,N,Moving Constant Speed,2015-01-29 20:45,19,39.071455,-77.13285667
N,Apparently Normal,No Misuse,N,No Injury,943df0b4-a00d-4920-a9fd-46153fa9098e,D,DD56040011,Shoulder/Lap Belt(s),M,f7ceead3-702a-4909-9c02-8649c625b12d,Same Movement Angle,N,Intersection,Right Turn Lane,Dark Lights On,No Defects,"Two-way, Divided, Unprotected (painted >4 feet) Median",Wet,Raining,Eleven o'clock,Passenger Car,Disabling,N,Moving Constant Speed,2015-03-10 22:05,44,39.09568667,-77.14449
N,Apparently Normal,No Misuse,Y,No Injury,a55a6be2-76c4-495c-8cd3-90452387e0c5,D,DD56040011,Shoulder/Lap Belt(s),M,272bed37-ecdc-427c-a21f-4440d9649a35,Same Movement Angle,N,Intersection,Right Turn Lane,Dark Lights On,No Defects,"Two-way, Divided, Unprotected (painted >4 feet) Median",Wet,Raining,Twelve o'clock,Passenger Car,Functional,N,Making Left Turn,2015-03-10 22:05,30,39.09568667,-77.14449
N,Apparently Normal,No Misuse,N,No Injury,01621be6-be88-4f02-b0de-bc39b2e8dfe3,D,DD5606001S,Shoulder/Lap Belt(s),M,5df81a41-1f9f-40e3-88e8-5bff4a0ddcbd,Head On Left Turn,N,Intersection,Right Turn Lane,Daylight,No Defects,"Two-way, Not Divided",Wet,Cloudy,Twelve o'clock,Passenger Car,Disabling,N,Moving Constant Speed,2015-03-04 7:36,36,39.07899167,-77.15609167
N,Apparently Normal,No Misuse,Y,No Injury,7f6a034d-350f-47da-8070-13f9d159c7e2,D,DD5606001S,Shoulder/Lap Belt(s),M,2efa0a1b-4fa9-4260-9df0-1c05998a8eb6,Head On Left Turn,N,Intersection,Right Turn Lane,Daylight,No Defects,"Two-way, Not Divided",Wet,Cloudy,Twelve o'clock,Passenger Car,Disabling,N,Making Left Turn,2015-03-04 7:36,78,39.07899167,-77.15609167
N,Apparently Normal,No Misuse,Y,No Injury,695da5de-46d3-4dca-8693-aa0542d7b095,D,DE0164000Q,Shoulder/Lap Belt(s),M,1d495daa-79fd-440f-9711-e0ff81a65b53,Single Vehicle ,N,Non Intersection,Right Turn Lane,Dark Lights On,No Defects,"Two-way, Divided, Positive Median Barrier",Snow,Snow,Non-collision,Passenger Car,No Damage,N,Moving Constant Speed,2015-02-16 19:11,28,38.36783863,-75.5418849
N,Apparently Normal,No Misuse,N,No Injury,f783d6f2-96e9-4900-9d51-3a59a2efe230,D,DE11800007,Shoulder/Lap Belt(s),M,a4fc3b16-0712-4f74-bb8c-819ce8692c60,Same Direction Rear End,N,Non Intersection,Right Turn Lane,Dusk,No Defects,"Two-way, Not Divided",Dry,Clear,Six o'clock,Passenger Car,Superficial,N,Moving Constant Speed,2015-03-30 19:00,46,38.36938639,-75.60169816
N,Apparently Normal,No Misuse,Y,Possible Incapacitating Injury,44620f33-56b8-42b9-9fae-316b7c243b86,D,DE11800007,MC/Bike Helmet and Eye Protection,M,dc4740fd-fb12-4eb9-adf4-3f3df9e609f1,Same Direction Rear End,N,Non Intersection,Right Turn Lane,Dusk,No Defects,"Two-way, Not Divided",Dry,Clear,Twelve o'clock,Motorcycle,Disabling,N,Moving Constant Speed,2015-03-30 19:00,28,38.36938639,-75.60169816
N,Apparently Normal,No Misuse,N,No Injury,0755ffeb-5d76-4642-b6ff-819cde92b77a,D,DE1193000H,Shoulder/Lap Belt(s),M,e3cec4d3-f13b-4a73-8e7d-33af5eed3fc0,Same Movement Angle,N,Intersection,Right Turn Lane,Daylight,No Defects,"Two-way, Not Divided",Dry,Clear,One o'clock,Pickup Truck,Disabling,N,Moving Constant Speed,2015-01-17 16:39,29,38.36891534,-75.59482098
N,Apparently Normal,No Misuse,Y,No Injury,e7139de1-ba0f-475d-bb72-08b388a365d4,D,DE1193000H,Shoulder/Lap Belt(s),M,9fe83737-b21d-4d1b-8da3-15ee5c909210,Same Movement Angle,N,Intersection,Right Turn Lane,Daylight,No Defects,"Two-way, Not Divided",Dry,Clear,Twelve o'clock,Passenger Car,Disabling,N,Moving Constant Speed,2015-01-17 16:39,49,38.36891534,-75.59482098
N,Apparently Normal,No Misuse,N,No Injury,2980f44a-1e92-47a5-9a30-225fe2bd721c,D,DE2182000J,Shoulder/Lap Belt(s),M,2f43a774-d3c8-4b82-bd59-92e04a535622,Same Movement Angle,N,Intersection,Right Turn Lane,Daylight,No Defects,"Two-way, Not Divided",Wet,Raining,Eleven o'clock,(Sport) Utility Vehicle,Disabling,N,Moving Constant Speed,2015-03-20 12:05,33,38.41879075,-75.56388639
N,Apparently Normal,No Misuse,Y,No Injury,7e76b7f0-6389-4317-8496-59f9c6060b8e,D,DE2182000J,Shoulder/Lap Belt(s),M,15ebd7cb-22b5-4dde-a4bf-32131085b5bb,Same Movement Angle,N,Intersection,Right Turn Lane,Daylight,No Defects,"Two-way, Not Divided",Wet,Raining,Twelve o'clock,Passenger Car,Disabling,N,Slowing or Stopping,2015-03-20 12:05,20,38.41879075,-75.56388639
N,Apparently Normal,No Misuse,N,No Injury,ab850fde-9d73-4b02-88ef-abb75bc46003,D,DE2182000K,Shoulder/Lap Belt(s),M,cbe16ce3-fcf1-4e46-acb5-2eca824c21c4,Same Movement Angle,N,Intersection,Right Turn Lane,Daylight,No Defects,"Two-way, Not Divided",Dry,Clear,Ten o'clock,(Sport) Utility Vehicle,Functional,N,Moving Constant Speed,2015-03-25 11:42,42,38.35301331,-75.60321093
N,Apparently Normal,No Misuse,Y,No Injury,c9abdfdb-98ef-439f-aa44-9ab33423ad74,D,DE2182000K,Shoulder/Lap Belt(s),M,0252f43f-42ee-404b-ad21-1547fa5216bc,Same Movement Angle,N,Intersection,Right Turn Lane,Daylight,No Defects,"Two-way, Not Divided",Dry,Clear,Twelve o'clock,Passenger Car,Disabling,N,Accelerating,2015-03-25 11:42,25,38.35301331,-75.60321093
N,Apparently Normal,No Misuse,Y,No Injury,1aab9f22-1235-4bec-a8de-f008e5e847a6,D,DE2184000H,Shoulder/Lap Belt(s),M,8ac7a0a6-f5ec-48f6-b79c-590721c08ab0,Single Vehicle ,N,Intersection,Right Turn Lane,Daylight,No Defects,"Two-way, Not Divided",Snow,Clear,Twelve o'clock,Passenger Car,Superficial,Y,Skidding,2015-02-26 12:15,23,38.34293525,-75.59481025
N,Apparently Normal,No Misuse,Y,No Injury,aacce548-1588-4d1b-986b-754d422ea68a,D,DE2184000K,Shoulder/Lap Belt(s),M,ff085d98-8498-4a10-829a-21b9104bf6a2,Head On Left Turn,N,Intersection,Acceleration Lane,Dawn,No Defects,"Two-way, Divided, Positive Median Barrier",Dry,Clear,Four o'clock,(Sport) Utility Vehicle,Superficial,Y,Making Left Turn,2015-03-25 7:49,32,38.36594594,-75.60336113
N,Apparently Normal,No Misuse,N,No Injury,13e95f09-4554-4479-a894-d370a432b46d,D,DE3111000F,Shoulder/Lap Belt(s),M,438a1292-ca52-460e-9696-42feb950d8e1,Same Movement Angle,N,Intersection,Right Turn Lane,Dark Lights On,No Defects,"Two-way, Not Divided",Wet,Raining,Eleven o'clock,(Sport) Utility Vehicle,Functional,N,Accelerating,2015-01-03 18:15,43,38.39581527,-75.56414187
N,Apparently Normal,No Misuse,Y,No Injury,e5531499-cb6c-4ac7-8843-529ef99e5827,D,DE3111000F,Shoulder/Lap Belt(s),M,7c2b8b8b-0f98-4be9-8ea6-3e523d7d561f,Same Movement Angle,N,Intersection,Right Turn Lane,Dark Lights On,No Defects,"Two-way, Not Divided",Wet,Raining,Twelve o'clock,Passenger Car,Disabling,N,Accelerating,2015-01-03 18:15,18,38.39581527,-75.56414187
Y,Apparently Normal,No Misuse,N,No Injury,2412f9ae-305e-4ef7-a8fc-d1ce4a7c3f3a,D,DE3111000Q,Shoulder/Lap Belt(s),M,e1e84d1a-8a6f-4f36-aef1-7db8f548011d,Same Direction Rear End,N,Intersection Related,Left Turn Lane,Daylight,No Defects,"Two-way, Not Divided",Wet,Raining,Six o'clock,Transit Bus,Superficial,N,Stopped in Traffic Lane,2015-03-27 14:14,67,38.36521408,-75.60355961