CDL_FLAG,CONDITION_CODE,EQUIP_PROB_CODE,FAULT_FLAG,INJ_SEVER_CODE,PERSON_ID,PERSON_TYPE,REPORT_NO,SAF_EQUIP_CODE,SEX_CODE,VEHICLE_ID,COLLISION_TYPE_CODE,C_M_ZONE_FLAG,JUNCTION_CODE,LANE_CODE,LIGHT_CODE,RD_COND_CODE,RD_DIV_CODE,SURF_COND_CODE,WEATHER_CODE,AREA_DAMAGED_CODE_MAIN,BODY_TYPE_CODE,DAMAGE_CODE,HIT_AND_RUN_FLAG,MOVEMENT_CODE,TIME,AGE,LATITUDE,LONGITUDE
N,Apparently Normal,No Misuse,Y,No Injury,6ee01d0f-17b5-4697-8291-3a2127fea143,D,DE3115000H,Shoulder/Lap Belt(s),M,252f922f-daf2-4394-b4f1-1e919f3f552d,Same Movement Angle,N,Intersection,Acceleration Lane,Daylight,No Defects,"Two-way, Divided, Unprotected (painted >4 feet) Median",Wet,Clear,Twelve o'clock,"Other Light Trucks (10,000 lbs (4,536 kg))",Disabling,N,Slowing or Stopping,2015-01-04 13:04,66,38.36867981,-75.58340549
N,Apparently Normal,No Misuse,N,Possible Incapacitating Injury,5de29a45-ee01-4a15-b0b2-3d7706ce96e7,D,DE3115000H,Shoulder/Lap Belt(s),M,5befdc90-6e72-4d41-b667-2aa9003774c2,Same Movement Angle,N,Intersection,Acceleration Lane,Daylight,No Defects,"Two-way, Divided, Unprotected (painted >4 feet) Median",Wet,Clear,Two o'clock,Passenger Car,Disabling,N,Accelerating,2015-01-04 13:04,25,38.36867981,-75.58340549
N,Apparently Normal,No Misuse,N,No Injury,9702c5fe-7930-495d-94d9-5d9343ac66b8,D,DE3175000B,Shoulder/Lap Belt(s),M,34d0fd58-9e13-4e0a-8637-0a0942d20418,Single Vehicle ,N,Intersection Related,Right Turn Lane,Dark Lights On,No Defects,"Two-way, Not Divided",Dry,Severe Winds,Twelve o'clock,Pickup Truck,No Damage,N,Making Left Turn,2015-01-07 18:36,31,38.35196371,-75.57366371
N,Apparently Normal,No Misuse,Y,No Injury,1b7e0048-d2fa-4b14-b15d-9355bcafc718,D,DE3175000M,Shoulder/Lap Belt(s),M,65439dca-40e5-49e2-a33c-9af134a24474,Single Vehicle ,N,Intersection Related,Left Turn Lane,Daylight,No Defects,"Two-way, Not Divided",Dry,Clear,One o'clock,Passenger Car,Functional,N,Making Right Turn,2015-03-13 8:03,25,38.40987417,-75.57077497
N,Apparently Normal,No Misuse,N,No Injury,0db5fec5-4af4-4695-9c65-64874ddeea84,D,DE4197000G,Shoulder/Lap Belt(s),M,a2c7574d-e685-4ef8-a58e-b9750d6b79e9,Same Movement Angle,N,Intersection,Right Turn Lane,Daylight,No Defects,"Two-way, Divided, Positive Median Barrier",Wet,Wintry Mix,Twelve o'clock,Van,Disabling,N,Accelerating,2015-03-01 10:20,23,38.39834201,-75.57121754
Y,Apparently Normal,No Misuse,N,No Injury,662b81ca-13f1-49e8-b64b-ff2fb8473a6f,D,DE4197000G,Shoulder/Lap Belt(s),M,2b5c5817-3e62-4f0d-bec5-95df40cd6e56,Same Movement Angle,N,Intersection,Right Turn Lane,Daylight,No Defects,"Two-way, Divided, Positive Median Barrier",Wet,Wintry Mix,Twelve o'clock,(Sport) Utility Vehicle,Disabling,N,Slowing or Stopping,2015-03-01 10:20,22,38.39834201,-75.57121754
N,Apparently Normal,No Misuse,Y,No Injury,df04fdde-cfee-4742-9d27-8308c0d4c731,D,DE4197000J,Shoulder/Lap Belt(s),M,7512afbe-05ec-43a6-9fc2-20e3cb1f3d4b,Single Vehicle ,N,Non Intersection,Right Turn Lane,Daylight,No Defects,"Two-way, Not Divided",Snow,Snow,Twelve o'clock,Passenger Car,Functional,Y,Moving Constant Speed,2015-03-05 16:06,50,38.37131264,-75.58412433
N,Apparently Normal,No Misuse,N,No Injury,9fbfdb4f-b669-477e-bb1a-aa2b7dc98ae5,D,DE5121000N,Shoulder/Lap Belt(s),M,26545573-b3ba-484c-a05c-0d627a8d44e6,Same Movement Angle,N,Intersection Related,Right Turn Lane,Dawn,No Defects,"Two-way, Divided, Positive Median Barrier",Dry,Clear,Ten o'clock,Passenger Car,Disabling,N,Accelerating,2015-01-05 17:10,30,38.39829156,-75.57123899
N,Apparently Normal,No Misuse,Y,No Injury,36d68c97-dcca-43c8-b371-b21dc83ffd26,D,DE5121000N,Shoulder/Lap Belt(s),M,3c59d53b-3a2e-4c9a-8b5f-cc85f3d21eb6,Same Movement Angle,N,Intersection Related,Right Turn Lane,Dawn,No Defects,"Two-way, Divided, Positive Median Barrier",Dry,Clear,Twelve o'clock,Passenger Car,Disabling,N,Accelerating,2015-01-05 17:10,50,38.39829156,-75.57123899
N,Apparently Normal,No Misuse,N,No Injury,b864e48a-3d80-4d5c-acb8-df29fc0d39de,D,DJ01050008,Shoulder/Lap Belt(s),M,60c56056-028d-408e-b748-aa5d723bd228,Same Movement Angle,N,Intersection Related,Acceleration Lane,Dark Lights On,No Defects,"Two-way, Divided, Positive Median Barrier",Wet,Raining,Twelve o'clock,Passenger Car,Disabling,N,Moving Constant Speed,2015-01-23 22:35,63,38.88694922,-76.90167636
N,Apparently Normal,No Misuse,Y,No Injury,bc747d16-7f95-40b7-8a78-6f6dcd9af680,D,DM82700002,Shoulder/Lap Belt(s),M,0d925858-55d3-4022-bdf1-f11d17d00262,Head On Left Turn,N,Intersection,Right Turn Lane,Daylight,No Defects,"Two-way, Divided, Positive Median Barrier",Dry,Clear,Two o'clock,Passenger Car,Disabling,N,Making Left Turn,2015-03-29 9:15,27,38.98735333,-76.98796333
N,Apparently Normal,No Misuse,N,Possible Incapacitating Injury,44dc4f16-8667-4b9b-812d-b21412371978,D,DM82700002,Shoulder/Lap Belt(s),M,50ecd8a6-71cb-4d64-952f-d55dcc44cebe,Head On Left Turn,N,Intersection,Right Turn Lane,Daylight,No Defects,"Two-way, Divided, Positive Median Barrier",Dry,Clear,Twelve o'clock,"Other Light Trucks (10,000 lbs (4,536 kg))",Disabling,N,Moving Constant Speed,2015-03-29 9:15,45,38.98735333,-76.98796333
N,Apparently Normal,No Misuse,Y,No Injury,533661dc-46b9-434c-879c-a972c217dca2,D,DM83860008,Shoulder/Lap Belt(s),M,049a6045-6f21-4736-af64-ad64574c7e19,Same Direction Sideswipe,N,Non Intersection,Right Turn Lane,Dawn,No Defects,"Two-way, Not Divided",Dry,Cloudy,Two o'clock,Passenger Car,Superficial,N,Passing,2015-03-19 17:21,72,38.98514333,-76.99866667
N,Apparently Normal,No Misuse,Y,No Injury,9209d309-dc3a-42ae-a8cc-ef45e027623a,D,DM8434000M,Shoulder/Lap Belt(s),M,dc375d6f-b853-4617-b8bf-4152e303fb5d,Same Movement Angle,N,Intersection,Acceleration Lane,Dark Lights On,No Defects,"Two-way, Divided, Positive Median Barrier",Dry,Clear,One o'clock,Passenger Car,Disabling,N,Accelerating,2015-01-25 23:21,53,38.983225,-76.988325
N,Apparently Normal,No Misuse,N,No Injury,a8958215-9069-4999-b648-4371f27fdf20,D,DM8439000C,Shoulder/Lap Belt(s),M,1a388a25-4bbe-4cf7-be03-c86792b2d92a,Same Direction Rear End,N,Non Intersection,Acceleration Lane,Daylight,No Defects,"Two-way, Divided, Positive Median Barrier",Dry,Clear,Six o'clock,Passenger Car,Superficial,N,Slowing or Stopping,2015-01-05 13:09,51,38.975676,-76.993856
N,Apparently Normal,No Misuse,Y,No Injury,459dba2c-1063-41ff-bbf6-288dcf8530ce,D,DM8447000F,Shoulder/Lap Belt(s),M,fb2d10a1-dc51-43f0-88be-d54d9998c874,Single Vehicle ,N,Non Intersection,Right Turn Lane,Dark Lights On,No Defects,"Two-way, Not Divided",Ice,Clear,Twelve o'clock,Passenger Car,Disabling,N,Moving Constant Speed,2015-02-16 4:10,41,38.977771,-76.999895
Y,Apparently Normal,No Misuse,Y,No Injury,15c7a1ba-b7b3-4f86-a72b-9d18bca696ec,D,DP01270006,Shoulder/Lap Belt(s),M,6b205f9e-c428-4f56-9590-0e12c68446ac,Single Vehicle ,N,Non Intersection,Right Turn Lane,Daylight,No Defects,"Two-way, Not Divided",Snow,Snow,Nine o'clock,Pickup Truck,Disabling,N,Moving Constant Speed,2015-03-01 12:12,51,39.61990282,-77.43001748
N,Apparently Normal,No Misuse,N,No Injury,ddeb36dd-072c-4cbb-a5ff-57c3871ac177,D,DS02810003,Shoulder/Lap Belt(s),M,e138dc30-7f07-45ca-a2ce-363b724cb970,Same Direction Rear End,N,Intersection Related,Shoulder Area,Daylight,No Defects,"Two-way, Divided, Positive Median Barrier",Dry,Cloudy,Six o'clock,"Other Light Trucks (10,000 lbs (4,536 kg))",Superficial,N,Slowing or Stopping,2015-02-16 15:25,49,38.98857392,-76.9346863
N,Apparently Normal,No Misuse,Y,No Injury,77765023-dc03-4474-9b3d-3e33dd939362,D,DS02810003,Shoulder/Lap Belt(s),M,9a88f1af-6274-4edd-8e73-6ba68f91d417,Same Direction Rear End,N,Intersection Related,Shoulder Area,Daylight,No Defects,"Two-way, Divided, Positive Median Barrier",Dry,Cloudy,Twelve o'clock,Passenger Car,Superficial,N,Slowing or Stopping,2015-02-16 15:25,20,38.98857392,-76.9346863
Y,Apparently Normal,No Misuse,Y,No Injury,108ff24a-6b76-4119-83f8-c23cc0006dfc,D,DS03160006,Shoulder/Lap Belt(s),M,7679fb36-f209-4db1-bdf4-0dd9c56358a3,Same Direction Right Turn,N,Intersection Related,Left Turn Lane,Dark Lights On,No Defects,"Two-way, Not Divided",Dry,Clear,Four o'clock,Transit Bus,Superficial,N,Slowing or Stopping,2015-01-28 0:01,21,38.97963788,-76.93253249
Y,Apparently Normal,No Misuse,N,No Injury,1b14005a-d765-4e82-be3a-d699be68d5a1,D,DS03160008,Shoulder/Lap Belt(s),M,abfd38d0-df7a-4d26-81d8-708bf7a89313,Opposite Direction Sideswipe,N,Non Intersection,Left Turn Lane,Dark Lights On,No Defects,"Two-way, Not Divided",Dry,Clear,Eight o'clock,Transit Bus,Superficial,N,Moving Constant Speed,2015-02-06 1:15,25,38.98274769,-76.93111897
N,Apparently Normal,No Misuse,Y,No Injury,8c63dd5a-4c78-471b-b493-909fff8b6993,D,DV01160001,Shoulder/Lap Belt(s),M,a43793df-1842-4b75-9800-a99e2b484225,Single Vehicle ,N,Intersection,Right Turn Lane,Daylight,No Defects,"Two-way, Not Divided",Ice,Wintry Mix,Twelve o'clock,(Sport) Utility Vehicle,No Damage,N,Slowing or Stopping,2015-03-03 16:46,21,39.5773795,-76.9920373
N,Apparently Normal,No Misuse,Y,No Injury,dd77f1ee-c269-42e4-b00d-0a8608855b4f,D,DV01260008,Shoulder/Lap Belt(s),M,a67917ab-1940-4cc3-9e7a-493749647089,Same Direction Right Turn,N,Non Intersection,Right Turn Lane,Daylight,No Defects,"Two-way, Not Divided",Dry,Clear,Two o'clock,Pickup Truck,Superficial,N,Moving Constant Speed,2015-03-31 11:50,29,39.57756556,-76.99840754
N,Apparently Normal,No Misuse,Y,No Injury,3400e5d1-7426-44f0-82ee-c3a3ae6567ab,D,EA99310001,Shoulder/Lap Belt(s),M,90290195-8e8c-4330-a299-efac773f0dc0,Same Direction Rear End,N,Non Intersection,Left Turn Lane,Dark Lights On,No Defects,"Two-way, Divided, Unprotected (painted >4 feet) Median",Wet,Raining,Twelve o'clock,Passenger Car,Disabling,N,Slowing or Stopping,2015-03-10 19:49,38,38.97137219,-77.07720816
N,Apparently Normal,No Misuse,Y,No Injury,0d17d4cd-bf52-4b1d-99dd-b93e66177615,D,EA99430001,Shoulder/Lap Belt(s),M,31a54013-194e-4cbd-b63c-0901d410b453,Same Direction Sideswipe,N,Intersection,Left Turn Lane,Dark Lights On,No Defects,One-way Trafficway,Dry,Clear,One o'clock,Passenger Car,Functional,N,Moving Constant Speed,2015-02-05 22:25,35,38.96798661,-77.07692921
Y,Apparently Normal,No Misuse,N,No Injury,308425c9-dede-456a-bd73-e963c90c92dc,D,EA99460004,Shoulder/Lap Belt(s),M,17abae79-f4a3-4a53-8d9a-bda69da208f4,Same Direction Right Turn,N,Non Intersection,Left Turn Lane,Daylight,No Defects,"Two-way, Not Divided",Dry,Clear,Eleven o'clock,Transit Bus,Superficial,N,Moving Constant Speed,2015-03-19 18:36,51,38.97216773,-77.07706332
N,Apparently Normal,No Misuse,N,No Injury,7aa457ea-90bc-415c-a24f-2f05f8b3f748,D,EA99480003,Shoulder/Lap Belt(s),M,ea03bf7b-fc59-41d5-86fa-81b7d87f89b5,Same Movement Angle,N,Intersection,Right Turn Lane,Daylight,No Defects,"Two-way, Not Divided",Dry,Clear,Twelve o'clock,(Sport) Utility Vehicle,Disabling,N,Moving Constant Speed,2015-03-21 12:23,59,38.97117096,-77.07492828
N,Apparently Normal,No Misuse,Y,No Injury,e4474a7c-b2dd-413c-b550-96fd9b39b86b,D,EA99480003,Shoulder/Lap Belt(s),M,09efff4a-1594-4000-bbd0-53c247fabe42,Same Movement Angle,N,Intersection,Right Turn Lane,Daylight,No Defects,"Two-way, Not Divided",Dry,Clear,Eleven o'clock,Passenger Car,Disabling,N,Accelerating,2015-03-21 12:23,34,38.97117096,-77.07492828
N,Apparently Normal,No Misuse,N,No Injury,30bf6b52-8150-4122-8466-4cb40efc3f0e,D,ED00390004,Shoulder/Lap Belt(s),M,f11e9ad0-2ef6-43fd-b661-591b1890d326,Same Direction Rear End,N,Intersection,Right Turn Lane,Daylight,No Defects,"Two-way, Not Divided",Dry,Clear,Six o'clock,Pickup Truck,Functional,N,Stopped in Traffic Lane,2015-03-16 15:24,63,39.61326358,-76.85294867
N,Had Been Drinking,No Misuse,Y,No Injury,6f34cd67-ede1-44e4-abf5-8b461646a7f3,D,ED00390004,Shoulder/Lap Belt(s),M,c8db40ce-41fe-486e-84ed-ab6857e023d5,Same Direction Rear End,N,Intersection,Right Turn Lane,Daylight,No Defects,"Two-way, Not Divided",Dry,Clear,Twelve o'clock,(Sport) Utility Vehicle,Disabling,N,Moving Constant Speed,2015-03-16 15:24,72,39.61326358,-76.85294867
N,Apparently Normal,No Misuse,N,No Injury,605ae825-f736-463a-ba38-9e2911e6f2f1,D,EE00760002,Shoulder/Lap Belt(s),M,829b451f-43f0-4dd0-9cd7-11a5c496d143,Same Direction Rear End,N,Non Intersection,Right Turn Lane,Daylight,No Defects,"Two-way, Divided, Positive Median Barrier",Dry,Clear,Six o'clock,Pickup Truck,Superficial,N,Slowing or Stopping,2015-03-17 13:44,27,38.21409203,-75.70002794
N,Apparently Normal,No Misuse,Y,No Injury,d54fc3f4-8002-48c1-948b-6e7ae89dda3b,D,EJ77810007,Shoulder/Lap Belt(s),M,94b10ffb-4d57-4f88-86ae-e85adc41f129,Head On Left Turn,N,Intersection,Right Turn Lane,Daylight,No Defects,"Two-way, Divided, Positive Median Barrier",Wet,Cloudy,One o'clock,Passenger Car,Disabling,N,Making Left Turn,2015-01-18 13:00,24,39.15053833,-77.20387
N,Apparently Normal,No Misuse,N,No Injury,8a1a9230-350b-4571-929f-bbf8d74c0cc4,D,EJ78430003,Shoulder/Lap Belt(s),M,3fb4df05-5525-421f-8365-9bc56b7e9948,Angle Meets Right Turn,N,Intersection Related,Right Turn Lane,Dark Lights On,No Defects,"Two-way, Not Divided",Dry,Clear,Eleven o'clock,Passenger Car,Functional,N,Making Right Turn,2015-01-19 21:06,26,39.14220667,-77.19356333
N,Apparently Normal,No Misuse,Y,No Injury,bd01c3ff-e8ad-47a6-a662-228e862f4ab5,D,EJ7850000M,Shoulder/Lap Belt(s),M,5bdba744-1165-4750-b98d-a2f0e08a9b94,Same Direction Rear End,N,Non Intersection,Right Turn Lane,Dark Lights On,No Defects,"Two-way, Not Divided",Dry,Clear,Twelve o'clock,(Sport) Utility Vehicle,Disabling,N,Moving Constant Speed,2015-02-26 3:41,49,39.16289833,-77.21905833
N,Apparently Normal,No Misuse,Y,No Injury,1abec501-f82d-4f84-8779-4b7bc50e7e19,D,EJ7853000G,Shoulder/Lap Belt(s),M,440e4056-3db8-41ac-a645-76fb88025623,Head On Left Turn,N,Intersection,Acceleration Lane,Dark Lights On,No Defects,"Two-way, Divided, Positive Median Barrier",Dry,Clear,Four o'clock,Passenger Car,Disabling,N,Making Left Turn,2015-02-01 20:07,35,39.128255,-77.2378
N,Apparently Normal,No Misuse,N,Incapacitating/Disabled Injury,80ba8ae8-fd98-4962-ac5e-e5e73c212c79,D,EJ7853000G,Shoulder/Lap Belt(s),M,50c58b53-b70d-4efa-bae6-61d923a3ce94,Head On Left Turn,N,Intersection,Acceleration Lane,Dark Lights On,No Defects,"Two-way, Divided, Positive Median Barrier",Dry,Clear,Twelve o'clock,Passenger Car,Disabling,N,Moving Constant Speed,2015-02-01 20:07,66,39.128255,-77.2378
N,Apparently Normal,No Misuse,N,No Injury,85acbbe7-4965-4bf7-b8ca-c3ff09a65415,D,EJ7853000K,Shoulder/Lap Belt(s),M,d2fbc69c-e8a5-441f-91a8-e74762a81f52,Same Direction Rear End,N,Non Intersection,Acceleration Lane,Daylight,No Defects,"Two-way, Divided, Unprotected (painted >4 feet) Median",Dry,Clear,Six o'clock,Passenger Car,Functional,N,Slowing or Stopping,2015-03-09 8:43,64,39.14320028,-77.22061515
N,Had Been Drinking,No Misuse,Y,No Injury,0fcf237f-6569-4b85-a64a-50150a7660d1,D,EJ7853000K,Shoulder/Lap Belt(s),M,93655ec9-1e64-421e-af25-1fa3383deea7,Same Direction Rear End,N,Non Intersection,Acceleration Lane,Daylight,No Defects,"Two-way, Divided, Unprotected (painted >4 feet) Median",Dry,Clear,Twelve o'clock,Passenger Car,Disabling,N,Slowing or Stopping,2015-03-09 8:43,34,39.14320028,-77.22061515
N,Apparently Normal,No Misuse,Y,No Injury,95b2e033-5532-4846-88fb-24812f994164,D,EP01820003,Shoulder/Lap Belt(s),M,4833a771-682b-4b8f-a3f7-12e9d8650e28,Angle Meets Left Turn,N,Intersection,Right Turn Lane,Daylight,No Defects,One-way Trafficway,Dry,Clear,One o'clock,Passenger Car,Disabling,N,Making Left Turn,2015-01-10 11:20,47,38.88573829,-75.83446026
N,Apparently Normal,No Misuse,N,No Injury,ed7dcf21-7ae0-400e-8ec7-50f5ef5cdb50,D,GD3163000H,Shoulder/Lap Belt(s),M,59cad49f-e9d9-464c-af1a-06ff5c76d3a7,Same Direction Rear End,N,Intersection,Left Turn Lane,Daylight,No Defects,"Two-way, Divided, Positive Median Barrier",Dry,Clear,Six o'clock,(Sport) Utility Vehicle,Superficial,N,Stopped in Traffic Lane,2015-02-08 16:01,60,38.94191209,-76.90341711
N,Apparently Normal,No Misuse,Y,No Injury,907efe20-8fa7-4c75-8dcd-84b6ee9757ed,D,GPDM510006,Shoulder/Lap Belt(s),M,c6ba443d-0588-4da0-84f3-8561056ec26a,Single Vehicle ,N,Non Intersection,Right Turn Lane,Daylight,No Defects,"Two-way, Divided, Positive Median Barrier",Ice,Wintry Mix,Twelve o'clock,Passenger Car,Disabling,N,Moving Constant Speed,2015-03-01 10:41,19,38.45207635,-75.5587399
N,Apparently Normal,No Misuse,Y,No Injury,e1b6672d-a4cf-4184-a2e9-7a781db1a3be,D,GPDM650004,Shoulder/Lap Belt(s),M,8dba6929-413e-4c1d-9360-4cf02846167b,Single Vehicle ,N,Non Intersection,Right Turn Lane,Daylight,No Defects,"Two-way, Divided, Positive Median Barrier",Snow,Snow,Twelve o'clock,Passenger Car,Disabling,N,Moving Constant Speed,2015-02-26 7:13,78,38.44928682,-75.61889648
Y,Apparently Normal,No Misuse,N,No Injury,399bedf8-e185-4f38-92d9-1bb39dd83b34,D,GPDM650005,Shoulder/Lap Belt(s),M,a8e33806-fd82-4ca9-a549-3e0b90f536ee,Same Direction Left Turn,N,Non Intersection,Right Turn Lane,Daylight,No Defects,"Two-way, Divided, Positive Median Barrier",Snow,Snow,Twelve o'clock,Truck Tractor,Functional,N,Slowing or Stopping,2015-02-26 8:47,32,38.45614284,-75.57769775
N,Apparently Normal,No Misuse,Y,No Injury,5fa879bf-f4aa-432d-aa3d-5139c0f9a300,D,GS04210008,Shoulder/Lap Belt(s),M,9ba9a9a0-5c99-4cf5-b166-35d59ed56e07,Single Vehicle ,N,Intersection,Right Turn Lane,Daylight,Loose Surface Material,"Two-way, Not Divided","Mud, Dirt, Gravel",Clear,Eleven o'clock,Pickup Truck,Disabling,N,Making Right Turn,2015-01-16 13:30,18,38.32578185,-75.60277104
N,Apparently Normal,No Misuse,N,No Injury,0236ce8f-5591-43bd-a12d-8ef319bde6d3,D,GS04510003,Shoulder/Lap Belt(s),M,c4ac703d-561f-4e41-8d45-ec1691144cfa,Same Direction Rear End,N,Non Intersection,Right Turn Lane,Daylight,No Defects,"Two-way, Divided, Unprotected (painted >4 feet) Median",Dry,Clear,Six o'clock,Van,Functional,N,Slowing or Stopping,2015-01-20 12:34,61,38.33080857,-75.61246991
N,Apparently Normal,No Misuse,Y,Non-incapacitating Injury,98c88ce0-604e-4a04-b8d1-f7e1f11a17e1,D,GS04510003,Shoulder/Lap Belt(s),M,d189127d-dd08-44d7-9f89-154f8592c094,Same Direction Rear End,N,Non Intersection,Right Turn Lane,Daylight,No Defects,"Two-way, Divided, Unprotected (painted >4 feet) Median",Dry,Clear,Twelve o'clock,"Other Light Trucks (10,000 lbs (4,536 kg))",Functional,N,Moving Constant Speed,2015-01-20 12:34,53,38.33080857,-75.61246991
N,Apparently Normal,No Misuse,N,No Injury,7fc5d483-3106-44b0-9b53-6bcdd27b8095,D,HA23380001,Shoulder/Lap Belt(s),M,defd59d7-033f-4681-b242-047cf3133868,Same Movement Angle,N,Interchange Related,Right Turn Lane,Daylight,No Defects,"Two-way, Not Divided",Dry,Clear,Three o'clock,"Other Light Trucks (10,000 lbs (4,536 kg))",Functional,N,Accelerating,2015-01-17 16:05,45,38.97993292,-76.99459612
N,Apparently Normal,No Misuse,Y,No Injury,599131ed-3e29-4df3-87ee-163d94231915,D,HA23380001,Shoulder/Lap Belt(s),M,0108c2d5-b518-43e5-b837-f09480a6b522,Same Movement Angle,N,Interchange Related,Right Turn Lane,Daylight,No Defects,"Two-way, Not Divided",Dry,Clear,Six o'clock,Passenger Car,Superficial,N,Backing,2015-01-17 16:05,70,38.97993292,-76.99459612
N,Apparently Normal,No Misuse,Y,No Injury,f49b061c-75d1-40b1-9766-6245cc43be1c,D,HA23380002,Shoulder/Lap Belt(s),M,6516c97c-ab35-42fe-a663-9c34f366eda5,Single Vehicle ,N,Intersection Related,Right Turn Lane,Dark No Lights,No Defects,"Two-way, Divided, Positive Median Barrier",Wet,Clear,Twelve o'clock,Passenger Car,Disabling,N,Slowing or Stopping,2015-01-24 21:03,27,38.97379841,-77.10181475
N,Apparently Normal,No Misuse,N,No Injury,0b4811d3-ecda-4f05-9806-2e77e5d0f8ca,D,HM01370003,Shoulder/Lap Belt(s),M,65ef7753-4905-4921-adc1-de7d5eeea281,Same Movement Angle,N,Intersection Related,Right Turn Lane,Daylight,No Defects,"Two-way, Divided, Positive Median Barrier",Dry,Clear,Four o'clock,(Sport) Utility Vehicle,Disabling,N,Moving Constant Speed,2015-01-20 10:46,24,38.39337252,-75.1631999
N,Apparently Normal,No Misuse,Y,No Injury,fb779899-0e05-4310-a05d-7b6fd4074200,D,HM01370003,Shoulder/Lap Belt(s),M,0f93a9b1-d8ff-4f0e-a10f-6d17667bfbcd,Same Movement Angle,N,Intersection Related,Right Turn Lane,Daylight,No Defects,"Two-way, Divided, Positive Median Barrier",Dry,Clear,Twelve o'clock,Pickup Truck,Superficial,N,Starting From Lane,2015-01-20 10:46,60,38.39337252,-75.1631999
N,Apparently Normal,No Misuse,N,No Injury,c8d56683-227d-4d75-9969-ed671faf64f3,D,HV01280001,Shoulder/Lap Belt(s),M,ee38c762-a04b-4038-b742-3f0e8829b607,Same Direction Rear End,N,Intersection,Left Turn Lane,Dark Lights On,No Defects,"Two-way, Not Divided",Dry,Clear,Seven o'clock,Transit Bus,Functional,N,Slowing or Stopping,2015-02-11 18:44,39,38.96581566,-76.93897247
N,Apparently Normal,No Misuse,Y,No Injury,26066bed-7647-452a-9128-fd56fbd89078,D,HV01280001,Shoulder/Lap Belt(s),M,2151e962-4827-4d37-9fdd-0a3c395e0515,Same Direction Rear End,N,Intersection,Left Turn Lane,Dark Lights On,No Defects,"Two-way, Not Divided",Dry,Clear,One o'clock,Passenger Car,Disabling,N,Slowing or Stopping,2015-02-11 18:44,58,38.96581566,-76.93897247
Y,Apparently Normal,No Misuse,N,No Injury,d3f28e77-3425-4a92-a2cf-b59822d7e1b1,D,MCP0936000W,Shoulder/Lap Belt(s),M,a50285d6-8529-459f-a8fa-56850c35b51a,Same Movement Angle,N,Intersection,Acceleration Lane,Daylight,No Defects,"Two-way, Divided, Positive Median Barrier",Dry,Clear,Four o'clock,Transit Bus,Functional,N,Moving Constant Speed,2015-02-19 11:20,53,39.03376,-77.07265
N,Apparently Normal,No Misuse,Y,No Injury,4b69fb5c-656b-4355-b614-e5e32bb82641,D,MCP0936000W,Shoulder/Lap Belt(s),M,83fab293-c11b-43e8-9bc9-22a65357779c,Same Movement Angle,N,Intersection,Acceleration Lane,Daylight,No Defects,"Two-way, Divided, Positive Median Barrier",Dry,Clear,Eleven o'clock,"Other Light Trucks (10,000 lbs (4,536 kg))",Functional,N,Starting From Lane,2015-02-19 11:20,85,39.03376,-77.07265
N,Apparently Normal,No Misuse,N,No Injury,0810de39-682d-4ae7-b55c-92a00557c6b0,D,MCP1017000P,Shoulder/Lap Belt(s),M,8586d7f7-3840-4e22-ac93-18e8bc94a254,Same Direction Sideswipe,N,Intersection,Left Turn Lane,Daylight,No Defects,"Two-way, Divided, Positive Median Barrier",Wet,Raining,Three o'clock,Pickup Truck,Superficial,N,Moving Constant Speed,2015-01-12 15:45,18,38.98474924,-77.09399343
N,Apparently Normal,No Misuse,Y,No Injury,0bc8aea1-0e85-4414-a488-0928b503a1d5,D,MCP1017000P,Shoulder/Lap Belt(s),M,86ddddb2-fe59-48f6-b703-56aa202e6773,Same Direction Sideswipe,N,Intersection,Left Turn Lane,Daylight,No Defects,"Two-way, Divided, Positive Median Barrier",Wet,Raining,Ten o'clock,Passenger Car,Superficial,Y,Moving Constant Speed,2015-01-12 15:45,18,38.98474924,-77.09399343
N,Apparently Normal,No Misuse,N,No Injury,381f9653-4055-4084-8635-f56da972b4f4,D,MCP1022001V,Shoulder/Lap Belt(s),M,1e19ec93-8088-4360-a2fb-28425eaf0635,Same Direction Right Turn,N,Intersection Related,Left Turn Lane,Daylight,No Defects,"Two-way, Not Divided",Snow,Snow,Twelve o'clock,Passenger Car,Functional,N,Moving Constant Speed,2015-01-06 10:42,28,39.15923833,-77.27546667
N,Apparently Normal,No Misuse,Y,No Injury,2fdecbd2-fc31-40aa-aa59-cc2ddaa5937d,D,MCP1022001V,Shoulder/Lap Belt(s),M,3f125351-e245-45b3-9d7b-0c04b7616356,Same Direction Right Turn,N,Intersection Related,Left Turn Lane,Daylight,No Defects,"Two-way, Not Divided",Snow,Snow,Two o'clock,Pickup Truck,Superficial,N,Making Right Turn,2015-01-06 10:42,47,39.15923833,-77.27546667
N,Apparently Normal,No Misuse,N,Incapacitating/Disabled Injury,e09f7b92-d387-4baf-8b29-bef58d70bb8c,D,MCP1022001V,Shoulder/Lap Belt(s),M,58087301-c755-4017-b11f-f71709196869,Same Direction Right Turn,N,Intersection Related,Left Turn Lane,Daylight,No Defects,"Two-way, Not Divided",Snow,Snow,Eleven o'clock,Passenger Car,Disabling,N,Stopped in Traffic Lane,2015-01-06 10:42,39,39.15923833,-77.27546667