CDL_FLAG,CONDITION_CODE,EQUIP_PROB_CODE,FAULT_FLAG,INJ_SEVER_CODE,PERSON_ID,PERSON_TYPE,REPORT_NO,SAF_EQUIP_CODE,SEX_CODE,VEHICLE_ID,COLLISION_TYPE_CODE,C_M_ZONE_FLAG,JUNCTION_CODE,LANE_CODE,LIGHT_CODE,RD_COND_CODE,RD_DIV_CODE,SURF_COND_CODE,WEATHER_CODE,AREA_DAMAGED_CODE_MAIN,BODY_TYPE_CODE,DAMAGE_CODE,HIT_AND_RUN_FLAG,MOVEMENT_CODE,TIME,AGE,LATITUDE,LONGITUDE
N,Apparently Normal,No Misuse,N,No Injury,b3f62347-479e-4b57-a931-7fed08aa06d1,D,MCP1022001X,Shoulder/Lap Belt(s),M,79b12f75-a915-4815-bc59-fc6d1a16429f,Opposite Direction Sideswipe,N,Non Intersection,Right Turn Lane,Daylight,No Defects,"Two-way, Not Divided",Dry,Clear,Ten o'clock,"Medium/Heavy Truck 2 axles (10,000 lbs (4,536 kg) or less)",Functional,N,Moving Constant Speed,2015-01-13 14:30,26,39.22040167,-77.25837333
Y,Apparently Normal,No Misuse,Y,No Injury,4fa1cc75-6b89-44e6-991b-1539c94847c2,D,MCP1022001X,Shoulder/Lap Belt(s),M,502aba85-6634-4567-81f2-6b7b91eeaead,Opposite Direction Sideswipe,N,Non Intersection,Right Turn Lane,Daylight,No Defects,"Two-way, Not Divided",Dry,Clear,Ten o'clock,Transit Bus,Functional,N,Moving Constant Speed,2015-01-13 14:30,46,39.22040167,-77.25837333
N,Apparently Normal,No Misuse,Y,No Injury,502a325a-002d-43b9-b4d8-461a47ff7b4d,D,MCP10220022,Shoulder/Lap Belt(s),M,65043898-0331-4c5f-b8dd-ef5d871d4e26,Single Vehicle ,N,Intersection Related,Right Turn Lane,Daylight,No Defects,"Two-way, Divided, Positive Median Barrier",Dry,Clear,Underside,Passenger Car,Superficial,N,Moving Constant Speed,2015-01-23 7:58,71,39.16808333,-77.23025667
N,Apparently Normal,No Misuse,Y,No Injury,1968ef28-cf6a-4135-b850-9abf4cf217d6,D,MCP10220023,Shoulder/Lap Belt(s),M,9a33ca03-2396-4bca-9dbe-b950f3349474,Opposite Direction Sideswipe,N,Non Intersection,Right Turn Lane,Daylight,No Defects,"Two-way, Not Divided",Snow,Snow,Eleven o'clock,(Sport) Utility Vehicle,Functional,N,Moving Constant Speed,2015-01-26 7:51,27,39.24415333,-77.26139167
Y,Apparently Normal,No Misuse,Y,No Injury,c07f4b4f-5fb7-4511-95d7-5ce253d39367,D,MCP10220028,Shoulder/Lap Belt(s),M,3da070f4-4d55-44f2-acc4-b84faee849ef,Same Movement Angle,N,Commercial Driveway,Right Turn Lane,Daylight,No Defects,"Two-way, Not Divided",Wet,Clear,Underside,"Medium/Heavy Truck 2 axles (10,000 lbs (4,536 kg) or less)",Functional,N,Making Left Turn,2015-02-23 8:08,75,39.20465667,-77.140005
N,Apparently Normal,No Misuse,N,Incapacitating/Disabled Injury,faabd3f7-5703-4fdd-b999-310b58277d9f,D,MCP10220028,Shoulder/Lap Belt(s),M,8e43bc25-c032-4570-b96d-aea001c2791a,Same Movement Angle,N,Commercial Driveway,Right Turn Lane,Daylight,No Defects,"Two-way, Not Divided",Wet,Clear,Twelve o'clock,Van,Disabling,N,Moving Constant Speed,2015-02-23 8:08,47,39.20465667,-77.140005
N,Apparently Normal,No Misuse,N,No Injury,8eeeb880-d10e-41a9-938b-e05c4f0d1772,D,MCP1145000G,Shoulder/Lap Belt(s),M,2cecc3fb-4d2f-40bd-8cbf-f0061a3ca651,Head On Left Turn,N,Intersection,Right Turn Lane,Dark Lights On,View Obstructed,"Two-way, Divided, Positive Median Barrier",Wet,Clear,Twelve o'clock,Passenger Car,Disabling,N,Moving Constant Speed,2015-03-07 0:00,24,39.23201,-77.24702167
N,Apparently Normal,No Misuse,Y,Incapacitating/Disabled Injury,ce133ca7-6415-41ac-89d5-f99118ffd493,D,MCP1145000G,Shoulder/Lap Belt(s),M,a95dc355-7847-476e-bbea-168b333c54f2,Head On Left Turn,N,Intersection,Right Turn Lane,Dark Lights On,View Obstructed,"Two-way, Divided, Positive Median Barrier",Wet,Clear,One o'clock,Passenger Car,Disabling,N,Making Left Turn,2015-03-07 0:00,37,39.23201,-77.24702167
N,Apparently Normal,No Misuse,N,No Injury,9d5876fb-4faa-44f7-9a3f-f525b8366899,D,MCP1151002M,Shoulder/Lap Belt(s),M,5fb79b01-10d9-4baa-bee3-5b0b270e9434,Same Movement Angle,N,Intersection,Right Turn Lane,Daylight,No Defects,"Two-way, Not Divided",Dry,Cloudy,One o'clock,(Sport) Utility Vehicle,Disabling,N,Moving Constant Speed,2015-03-24 10:37,77,39.169895,-77.29660833
N,Apparently Normal,No Misuse,N,No Injury,049ccdaa-f542-4774-ad0f-e5326ee9c726,D,MCP1170000M,Shoulder/Lap Belt(s),M,80f08136-5649-4e93-9656-1aa4ba81cfca,Same Direction Rear End,N,Non Intersection,Right Turn Lane,Daylight,No Defects,"Two-way, Not Divided",Dry,Clear,Twelve o'clock,Passenger Car,Disabling,N,Stopped in Traffic Lane,2015-02-26 12:15,59,39.04621333,-76.97684333
N,Apparently Normal,No Misuse,N,No Injury,6406e8b9-7732-4611-ab70-5e192b8e057b,D,MCP1182000C,Shoulder/Lap Belt(s),M,e3d6b4ff-c682-497c-b2ab-3d6058a517d2,Same Movement Angle,N,Intersection,Right Turn Lane,Daylight,No Defects,"Two-way, Not Divided",Dry,Clear,Ten o'clock,(Sport) Utility Vehicle,Functional,N,Moving Constant Speed,2015-01-10 15:05,65,38.98607833,-77.117035
N,Apparently Normal,No Misuse,N,No Injury,5ba9fc82-24a0-4c6f-9d86-c868e3231cab,D,MCP1182000D,Shoulder/Lap Belt(s),M,14369b31-72ef-4cf6-a198-e72ae614c437,Same Direction Sideswipe,N,Intersection,Right Turn Lane,Daylight,No Defects,"Two-way, Divided, Positive Median Barrier",Dry,Clear,Eleven o'clock,Passenger Car,Functional,N,Stopped in Traffic Lane,2015-01-17 8:13,29,38.98594667,-77.14316333
N,Apparently Normal,No Misuse,N,No Injury,19d4f1e4-c0b9-4b77-b3e9-32f34e55f451,D,MCP12020008,Shoulder/Lap Belt(s),M,5b57f0da-d1fe-4390-95c5-befbdeae88ba,Same Direction Rear End,N,Intersection,Right Turn Lane,Daylight,No Defects,"Two-way, Divided, Positive Median Barrier",Dry,Clear,Six o'clock,Passenger Car,Functional,N,Slowing or Stopping,2015-01-23 8:48,56,38.987861,-77.146232
N,Apparently Normal,No Misuse,N,No Injury,77613c56-8bdf-40a1-b613-92b061c67ae2,D,MCP12020008,Shoulder/Lap Belt(s),M,6986a69d-0561-4c94-bf20-6640547609ee,Same Direction Rear End,N,Intersection,Right Turn Lane,Daylight,No Defects,"Two-way, Divided, Positive Median Barrier",Dry,Clear,Twelve o'clock,"Other Light Trucks (10,000 lbs (4,536 kg))",Disabling,N,Slowing or Stopping,2015-01-23 8:48,27,38.987861,-77.146232
N,Apparently Normal,No Misuse,Y,No Injury,5ecac734-0f68-4d98-9546-be6e4ef0227b,D,MCP12020008,Shoulder/Lap Belt(s),M,3eeddb92-8df6-4e44-b8b1-bbceca3feba6,Same Direction Rear End,N,Intersection,Right Turn Lane,Daylight,No Defects,"Two-way, Divided, Positive Median Barrier",Dry,Clear,Twelve o'clock,"Other Light Trucks (10,000 lbs (4,536 kg))",Disabling,N,Slowing or Stopping,2015-01-23 8:48,27,38.987861,-77.146232
N,Apparently Normal,No Misuse,N,No Injury,e693d51b-7802-4c9b-bdc0-12bf3a4afe24,D,MCP12020009,Shoulder/Lap Belt(s),M,ca6dae8f-fd4f-4a34-866f-e088cf143fc3,Same Direction Rear End,N,Intersection Related,Right Turn Lane,Daylight,No Defects,"Two-way, Divided, Positive Median Barrier",Dry,Clear,Six o'clock,Passenger Car,Functional,N,Slowing or Stopping,2015-01-31 11:09,52,38.97385167,-77.12316833
N,Apparently Normal,No Misuse,Y,No Injury,765a05f6-270e-4248-856a-9bdc9d509d06,D,MCP12020009,Shoulder/Lap Belt(s),M,e8c6de3a-25a2-4bed-93d3-2fbb1781394a,Same Direction Rear End,N,Intersection Related,Right Turn Lane,Daylight,No Defects,"Two-way, Divided, Positive Median Barrier",Dry,Clear,Twelve o'clock,"Other Light Trucks (10,000 lbs (4,536 kg))",Disabling,N,Slowing or Stopping,2015-01-31 11:09,24,38.97385167,-77.12316833
Y,Apparently Normal,No Misuse,N,No Injury,125da6f7-2741-470c-a8d2-9bfcd7ba0667,D,MCP1205000Z,Shoulder/Lap Belt(s),M,7106fe58-1efb-4825-b112-f4ef584a41c7,Same Direction Sideswipe,N,Non Intersection,Left Turn Lane,Dawn,No Defects,"Two-way, Divided, Positive Median Barrier",Dry,Clear,Ten o'clock,Truck Tractor,Superficial,N,Moving Constant Speed,2015-03-09 7:13,60,38.97295597,-77.08973408
N,Apparently Normal,No Misuse,N,No Injury,799e2419-437c-4d5d-b0be-8a6557b62e60,D,MCP1251000C,Shoulder/Lap Belt(s),M,807aa92c-e84f-44c2-96fe-be572f290a8e,Head On,N,Non Intersection,Right Turn Lane,Daylight,No Defects,"Two-way, Not Divided",Snow,Snow,Twelve o'clock,Limousine,Disabling,N,Moving Constant Speed,2015-03-05 11:58,58,38.996465,-77.16826667
N,Apparently Normal,No Misuse,Y,Possible Incapacitating Injury,3bde5366-af55-424c-9b81-2e9c77eefef9,D,MCP1251000C,Shoulder/Lap Belt(s),M,b843b2a6-87e6-4a10-b54d-f86d7c2efb15,Head On,N,Non Intersection,Right Turn Lane,Daylight,No Defects,"Two-way, Not Divided",Snow,Snow,Twelve o'clock,Pickup Truck,Disabling,N,Moving Constant Speed,2015-03-05 11:58,23,38.996465,-77.16826667
N,Apparently Normal,No Misuse,Y,No Injury,8789f795-357a-4bd0-8a0f-69080937e5a5,D,MCP1252000J,Shoulder/Lap Belt(s),M,6433e407-2ca4-4840-ba1d-086ab9e6da24,Same Direction Rear End,N,Intersection Related,Right Turn Lane,Dark Lights On,No Defects,"Two-way, Not Divided",Snow,Snow,Twelve o'clock,Recreational Vehicle,Superficial,N,Slowing or Stopping,2015-02-14 19:38,47,39.19174833,-77.23350333
N,Apparently Normal,No Misuse,N,Possible Incapacitating Injury,e610809d-4bc5-452a-bc03-21bc3eb25eec,D,MCP1252000J,Shoulder/Lap Belt(s),M,eb98e0ea-e636-4d14-8a78-6038aaedc87f,Same Direction Rear End,N,Intersection Related,Right Turn Lane,Dark Lights On,No Defects,"Two-way, Not Divided",Snow,Snow,Six o'clock,Passenger Car,Superficial,N,Stopped in Traffic Lane,2015-02-14 19:38,24,39.19174833,-77.23350333
N,Apparently Normal,No Misuse,Y,No Injury,e817f26c-11e3-4f87-846b-a714dab830c6,D,MCP12570008,Shoulder/Lap Belt(s),M,91f77f7e-05b5-49c3-97be-45337ccdcd0b,Same Movement Angle,N,Intersection,Right Turn Lane,Daylight,No Defects,One-way Trafficway,Dry,Clear,Twelve o'clock,Passenger Car,Disabling,N,Moving Constant Speed,2015-02-13 10:45,53,39.14999167,-77.30128333
N,Apparently Normal,No Misuse,Y,No Injury,a6d18f45-85be-4145-aea7-16b023b8768f,D,MCP12570009,Shoulder/Lap Belt(s),M,ed0af934-e838-4a60-a410-62b59952c799,Single Vehicle ,N,Non Intersection,Right Turn Lane,Dawn,No Defects,"Two-way, Not Divided",Ice,Clear,Eleven o'clock,Pickup Truck,Disabling,N,Moving Constant Speed,2015-03-18 7:17,33,39.2049,-77.386985
N,Apparently Normal,No Misuse,Y,No Injury,458e9162-2e4b-4cc9-b853-b0cd850eafce,D,MCP12830009,Shoulder/Lap Belt(s),M,d411762c-1d0d-4d31-861a-0b2c2f250011,Single Vehicle ,N,Non Intersection,Right Turn Lane,Dawn,No Defects,"Two-way, Not Divided",Ice,Raining,One o'clock,Passenger Car,Disabling,N,Slowing or Stopping,2015-01-03 8:15,41,39.24460167,-77.26193667
N,Apparently Normal,No Misuse,N,No Injury,f845495c-7ff3-4858-94c0-34aa7fbc768e,D,MCP1378003Q,Shoulder/Lap Belt(s),M,c736f256-7bd4-4f2a-9239-a2bae3ee573d,Same Direction Rear End,N,Intersection Related,Left Turn Lane,Daylight,Foreign Material,"Two-way, Not Divided",Ice,Cloudy,Six o'clock,Van,Superficial,N,Slowing or Stopping,2015-01-08 15:18,36,39.12885833,-77.16782833
Y,Apparently Normal,No Misuse,Y,No Injury,fbd9ec72-862c-4c11-b471-48e77424fcc6,D,MCP1378003Q,Shoulder/Lap Belt(s),M,5b7a7c59-3337-4b4f-a83e-1dbacad5f702,Same Direction Rear End,N,Intersection Related,Left Turn Lane,Daylight,Foreign Material,"Two-way, Not Divided",Ice,Cloudy,Twelve o'clock,Transit Bus,Superficial,N,Accelerating,2015-01-08 15:18,28,39.12885833,-77.16782833
N,Apparently Normal,No Misuse,Y,No Injury,0c37778c-eaa9-445e-9ac9-f0fa50dc0f2a,D,MCP13780043,Shoulder/Lap Belt(s),M,71e595dd-a5bf-4506-ae09-2c51d315c6c8,Same Direction Rear End,N,Non Intersection,Right Turn Lane,Dusk,No Defects,"Two-way, Not Divided",Dry,Cloudy,Twelve o'clock,"Other Light Trucks (10,000 lbs (4,536 kg))",Disabling,N,Slowing or Stopping,2015-01-22 17:12,31,39.14058833,-77.21298667
N,Apparently Normal,No Misuse,N,Possible Incapacitating Injury,765cf039-45b8-419d-93fa-a73b0c54421d,D,MCP13780043,Shoulder/Lap Belt(s),M,6c8f3247-2b38-49ab-9f99-a4965db870a0,Same Direction Rear End,N,Non Intersection,Right Turn Lane,Dusk,No Defects,"Two-way, Not Divided",Dry,Cloudy,Six o'clock,(Sport) Utility Vehicle,Disabling,N,Stopped in Traffic Lane,2015-01-22 17:12,39,39.14058833,-77.21298667
N,Apparently Normal,No Misuse,N,Incapacitating/Disabled Injury,794844e9-bad3-4da9-8e78-8bc0b60b0863,D,MCP13780043,Shoulder/Lap Belt(s),M,b05b17bf-f644-499b-b5d8-b2258c3c1bce,Same Direction Rear End,N,Non Intersection,Right Turn Lane,Dusk,No Defects,"Two-way, Not Divided",Dry,Cloudy,Six o'clock,(Sport) Utility Vehicle,Disabling,N,Stopped in Traffic Lane,2015-01-22 17:12,41,39.14058833,-77.21298667
N,Apparently Normal,No Misuse,N,No Injury,d012d839-5568-4b9b-ac4a-dbff900f02d7,D,MCP1378004C,Shoulder/Lap Belt(s),M,6a630afa-651f-4d72-9420-52d515f7b7cb,Same Direction Sideswipe,N,Intersection Related,Right Turn Lane,Daylight,No Defects,"Two-way, Divided, Unprotected (painted >4 feet) Median",Dry,Cloudy,Ten o'clock,School Bus,No Damage,N,Stopped in Traffic Lane,2015-02-06 14:38,53,39.14884167,-77.14692
N,Apparently Normal,No Misuse,Y,No Injury,c386afb4-e41d-49a3-890e-4af766426a5a,D,MCP1378004F,Shoulder/Lap Belt(s),M,9e951404-63c1-48cb-8a74-d0b60cad6093,Same Movement Angle,N,Intersection,Left Turn Lane,Daylight,No Defects,"Two-way, Divided, Unprotected (painted >4 feet) Median",Dry,Cloudy,Four o'clock,Passenger Car,Functional,N,Making Right Turn,2015-02-10 16:30,62,39.14249,-77.18252167
N,Apparently Normal,No Misuse,N,Possible Incapacitating Injury,5fe02a5f-4e49-4ecf-93ba-d43f3e7a542a,D,MCP1378004F,Shoulder/Lap Belt(s),M,349a8516-fbd1-4bec-baeb-e3229e7918d0,Same Movement Angle,N,Intersection,Left Turn Lane,Daylight,No Defects,"Two-way, Divided, Unprotected (painted >4 feet) Median",Dry,Cloudy,Twelve o'clock,Passenger Car,Disabling,N,Moving Constant Speed,2015-02-10 16:30,46,39.14249,-77.18252167
N,Apparently Normal,No Misuse,N,No Injury,96c6b3d5-484b-4151-aa69-126402eb8158,D,MCP1378004L,Shoulder/Lap Belt(s),M,e7718e46-3eaf-4b14-a1d1-a38e7bf319a9,Same Movement Angle,N,Intersection,Left Turn Lane,Daylight,No Defects,"Two-way, Not Divided",Dry,Clear,Eleven o'clock,(Sport) Utility Vehicle,Disabling,N,Moving Constant Speed,2015-02-18 9:27,55,39.14491833,-77.21975667
N,Apparently Normal,No Misuse,Y,No Injury,38dc99b0-e9f7-4631-bed3-4cdf1fbf8708,D,MCP1378004L,Shoulder/Lap Belt(s),M,6da27eeb-5f83-494b-a3dc-ec0eab2866d2,Same Movement Angle,N,Intersection,Left Turn Lane,Daylight,No Defects,"Two-way, Not Divided",Dry,Clear,One o'clock,Passenger Car,Disabling,N,Making Left Turn,2015-02-18 9:27,31,39.14491833,-77.21975667
N,Apparently Normal,No Misuse,N,No Injury,742a66c4-a481-4856-a095-a85ae2075f9e,D,MCP1378004S,Shoulder/Lap Belt(s),M,7debe45e-2d7a-407f-b2ef-488ed4b254fe,Same Direction Sideswipe,N,Non Intersection,Right Turn Lane,Dusk,No Defects,"Two-way, Divided, Unprotected (painted >4 feet) Median",Dry,Cloudy,Eleven o'clock,Transit Bus,Superficial,N,Accelerating,2015-02-25 18:03,58,39.1293,-77.20081833
N,Apparently Normal,No Misuse,N,No Injury,43ee2d54-0eba-4bea-af8a-ce0dd05e2013,D,MCP1378004W,Shoulder/Lap Belt(s),M,81d1c356-4dd3-49ad-b718-37aa809f1e1c,Same Movement Angle,N,Intersection,Right Turn Lane,Daylight,No Defects,"Two-way, Divided, Unprotected (painted >4 feet) Median",Wet,Raining,Three o'clock,Police Vehicle/Non Emergency,Functional,N,Making Left Turn,2015-03-04 14:37,45,39.12344,-77.232745
N,Apparently Normal,No Misuse,Y,No Injury,935cb7f2-4515-4bf5-9308-40caae6c04dd,D,MCP1378004W,Shoulder/Lap Belt(s),M,8275c9e7-f367-432b-83f8-712fc8d7b5ec,Same Movement Angle,N,Intersection,Right Turn Lane,Daylight,No Defects,"Two-way, Divided, Unprotected (painted >4 feet) Median",Wet,Raining,Eleven o'clock,Passenger Car,Functional,N,Making Right Turn,2015-03-04 14:37,62,39.12344,-77.232745
N,Apparently Normal,No Misuse,N,No Injury,01e0dec1-8a60-47a0-9f3c-644ee389b4d2,D,MCP13780050,Shoulder/Lap Belt(s),M,838ae410-a270-4b8d-948e-6bff814119a6,Same Direction Left Turn,N,Intersection,Right Turn Lane,Dusk,No Defects,"Two-way, Not Divided",Snow,Snow,One o'clock,Passenger Car,Functional,N,Skidding,2015-03-05 17:07,26,39.15672167,-77.16585167
Y,Apparently Normal,No Misuse,N,No Injury,d28136f9-1152-4282-abe0-baf12c60d78e,D,MCP1382001Z,Shoulder/Lap Belt(s),M,15db89d1-c0d5-4ec6-a14b-fdad4c6d90e8,Same Direction Sideswipe,N,Non Intersection,Right Turn Lane,Daylight,No Defects,"Two-way, Not Divided",Dry,Clear,Six o'clock,Transit Bus,Functional,N,Stopped in Traffic Lane,2015-02-19 13:54,35,38.99263333,-77.02410667
N,Apparently Normal,No Misuse,Y,No Injury,cd6e0ac2-ec53-4135-8a8a-99859f123cff,D,MCP1382001Z,Shoulder/Lap Belt(s),M,fd19904f-4966-44a1-825f-a3858c66406f,Same Direction Sideswipe,N,Non Intersection,Right Turn Lane,Daylight,No Defects,"Two-way, Not Divided",Dry,Clear,Two o'clock,Van,Functional,N,Changing Lanes,2015-02-19 13:54,36,38.99263333,-77.02410667
Y,Apparently Normal,No Misuse,Y,No Injury,ae821666-69a4-4b50-bc14-ccb9355b3f45,D,MCP1417002D,Shoulder/Lap Belt(s),M,02fef62c-4389-4390-8935-0dcf24302304,Single Vehicle ,N,Non Intersection,Right Turn Lane,Daylight,No Defects,"Two-way, Not Divided",Ice,Snow,Underside,School Bus,Disabling,N,Skidding,2015-01-21 15:17,62,39.172275,-77.14401833
N,Apparently Normal,No Misuse,N,No Injury,32e20929-791b-46d7-ba09-63029daaf50c,D,MCP1417002G,Shoulder/Lap Belt(s),M,c3e129a2-a57f-45e0-adfd-ab2092c76cb2,Head On Left Turn,N,Intersection,Right Turn Lane,Daylight,No Defects,"Two-way, Divided, Unprotected (painted >4 feet) Median",Wet,Clear,Seven o'clock,Passenger Car,Functional,N,Stopped in Traffic Lane,2015-01-30 7:35,55,39.13975333,-77.13292167
Y,Apparently Normal,No Misuse,Y,No Injury,63cdd3e1-2159-40dc-9687-028a8efc7525,D,MCP1417002G,Shoulder/Lap Belt(s),M,37585ea8-bd30-4297-a6c6-22a7e3b584c1,Head On Left Turn,N,Intersection,Right Turn Lane,Daylight,No Defects,"Two-way, Divided, Unprotected (painted >4 feet) Median",Wet,Clear,Eight o'clock,School Bus,Functional,N,Making Left Turn,2015-01-30 7:35,72,39.13975333,-77.13292167
Y,Apparently Normal,No Misuse,Y,No Injury,5563a040-7545-4068-beec-139017a8ebdd,D,MCP1417002J,Shoulder/Lap Belt(s),M,56f54c27-0b76-424e-b558-a2187163e9e3,Same Direction Sideswipe,N,Intersection Related,Acceleration Lane,Daylight,No Defects,"Two-way, Divided, Positive Median Barrier",Wet,Raining,Four o'clock,"Medium/Heavy Truck 2 axles (10,000 lbs (4,536 kg) or less)",Functional,N,Changing Lanes,2015-02-09 9:30,36,39.12315221,-77.1767664
N,Apparently Normal,No Misuse,Y,Possible Incapacitating Injury,4e1461e7-c1a6-4365-99f3-0fce42405714,D,MCP1417002J,Shoulder/Lap Belt(s),M,ca16bed6-a1a0-4ee1-9ad4-db94b6f5df67,Same Direction Sideswipe,N,Intersection Related,Acceleration Lane,Daylight,No Defects,"Two-way, Divided, Positive Median Barrier",Wet,Raining,Nine o'clock,Passenger Car,Disabling,N,Moving Constant Speed,2015-02-09 9:30,47,39.12315221,-77.1767664
Y,Apparently Normal,No Misuse,N,No Injury,994d5374-8895-4a54-8ffc-d64171947c85,D,MCP1417002Q,Shoulder/Lap Belt(s),M,e98725f9-a052-4ee0-8611-40588840cff3,Same Direction Sideswipe,N,Intersection,Right Turn Lane,Dawn,No Defects,"Two-way, Divided, Unprotected (painted >4 feet) Median",Dry,Clear,Ten o'clock,Transit Bus,Functional,N,Moving Constant Speed,2015-02-18 6:53,58,39.14598359,-77.22824335
N,Apparently Normal,No Misuse,Y,No Injury,58d74d4c-806a-466a-86d1-64d3621b2a40,D,MCP1417002Q,Shoulder/Lap Belt(s),M,d18e9b07-6165-4c3b-beab-10a59d83c644,Same Direction Sideswipe,N,Intersection,Right Turn Lane,Dawn,No Defects,"Two-way, Divided, Unprotected (painted >4 feet) Median",Dry,Clear,Two o'clock,Passenger Car,Functional,N,Changing Lanes,2015-02-18 6:53,27,39.14598359,-77.22824335
N,Apparently Normal,No Misuse,N,No Injury,7080c2cc-1566-4510-b3a2-65133b58c7b2,D,MCP1417002S,Shoulder/Lap Belt(s),M,b73abb7a-22e6-4516-8fa6-27d05b717000,Same Direction Rear End,N,Intersection Related,Left Turn Lane,Daylight,No Defects,"Two-way, Divided, Positive Median Barrier",Dry,Clear,Six o'clock,Passenger Car,Functional,N,Stopped in Traffic Lane,2015-02-24 8:21,57,39.14983178,-77.21467137
N,Apparently Normal,No Misuse,Y,No Injury,2d21b9a2-050c-40fe-9e20-92b7ed135f47,D,MCP1417002S,Shoulder/Lap Belt(s),M,a0972b73-1598-4a03-892b-6b29e71414e9,Same Direction Rear End,N,Intersection Related,Left Turn Lane,Daylight,No Defects,"Two-way, Divided, Positive Median Barrier",Dry,Clear,Twelve o'clock,Passenger Car,Functional,N,Starting From Lane,2015-02-24 8:21,20,39.14983178,-77.21467137
N,Apparently Normal,No Misuse,N,No Injury,8eb4acd8-a8a7-4d79-87ad-d526a17f5c72,D,MCP1417002V,Shoulder/Lap Belt(s),M,19accf53-4c40-4f07-97ac-f36f1bc728a7,Same Direction Sideswipe,N,Intersection Related,Left Turn Lane,Daylight,No Defects,"Two-way, Divided, Positive Median Barrier",Wet,Clear,Ten o'clock,Pickup Truck,No Damage,N,Moving Constant Speed,2015-03-02 10:14,63,39.17171879,-77.2361505
N,Apparently Normal,No Misuse,Y,No Injury,e472efbe-eacf-4a62-ad06-0b305ec5d157,D,MCP14650010,Shoulder/Lap Belt(s),M,b8fde6b4-ba00-45dd-bdc5-b8860225fd22,Single Vehicle ,N,Non Intersection,Right Turn Lane,Daylight,No Defects,"Two-way, Not Divided",Wet,Clear,Twelve o'clock,"Cargo Van/Light Truck 2 axles (10,000 lbs (4,536 kg) or less)",Disabling,N,Moving Constant Speed,2015-01-07 8:54,38,39.131435,-77.14779
N,Apparently Normal,No Misuse,Y,No Injury,69c5bfa1-cb66-4c38-a85c-84bd2541c763,D,MCP14770005,Shoulder/Lap Belt(s),M,81196b57-2700-4156-9d8f-5380e6439ba1,Same Direction Rear End,N,Intersection Related,Right Turn Lane,Daylight,No Defects,"Two-way, Divided, Unprotected (painted >4 feet) Median",Dry,Clear,Twelve o'clock,Passenger Car,Superficial,N,Slowing or Stopping,2015-01-05 14:59,59,39.06148833,-76.96162333
N,Apparently Normal,No Misuse,N,Possible Incapacitating Injury,c9c18101-d7f1-4849-997d-c44850ac5f6a,D,MCP14770005,Shoulder/Lap Belt(s),M,275f06de-5e7f-478c-9741-353c857040e9,Same Direction Rear End,N,Intersection Related,Right Turn Lane,Daylight,No Defects,"Two-way, Divided, Unprotected (painted >4 feet) Median",Dry,Clear,Six o'clock,Passenger Car,Superficial,N,Slowing or Stopping,2015-01-05 14:59,64,39.06148833,-76.96162333
N,Apparently Normal,No Misuse,Y,No Injury,a4fae64d-8685-4a0a-8f20-1e3247b57c05,D,MCP1502000B,Shoulder/Lap Belt(s),M,5fd23c8f-4540-4ace-ad1d-7e99f11b0404,Opposite Direction Sideswipe,N,Non Intersection,Right Turn Lane,Daylight,No Defects,"Two-way, Not Divided",Wet,Clear,Eleven o'clock,Passenger Car,Functional,N,Moving Constant Speed,2015-01-23 8:08,45,39.13566167,-77.12469667
N,Apparently Normal,No Misuse,Y,No Injury,081d34df-9a62-40f7-8c86-fcd53a88b122,D,MCP1502000C,Shoulder/Lap Belt(s),M,c6a4a74c-7111-46e3-b754-ce2596c5efd4,Single Vehicle ,N,Intersection,Right Turn Lane,Daylight,No Defects,"Two-way, Not Divided",Dry,Clear,Eleven o'clock,Van,Disabling,N,Changing Lanes,2015-01-31 8:58,52,39.13797,-77.17918
N,Apparently Normal,No Misuse,N,No Injury,be036401-a5c4-4964-a825-d6812b321bbe,D,MCP1564000J,Shoulder/Lap Belt(s),M,ec91f3f9-e80d-4718-af5a-c50e382de8ee,Same Direction Rear End,N,Intersection Related,Right Turn Lane,Daylight,No Defects,"Two-way, Divided, Positive Median Barrier",Dry,Clear,Six o'clock,"Other Light Trucks (10,000 lbs (4,536 kg))",Superficial,N,Slowing or Stopping,2015-01-23 11:38,58,39.14415,-77.04482
N,Apparently Normal,No Misuse,N,No Injury,c2a302ae-23a6-418e-a168-36800c01e64d,D,MCP15700001,Shoulder/Lap Belt(s),M,6f5ff2a6-7eb6-41f2-950a-95474f6ddf04,Angle Meets Right Turn,N,Commercial Driveway,Right Turn Lane,Daylight,No Defects,"Two-way, Divided, Positive Median Barrier",Dry,Clear,One o'clock,Passenger Car,Disabling,N,Moving Constant Speed,2015-02-08 12:21,30,39.05682667,-77.08149167
Y,Apparently Normal,No Misuse,N,No Injury,7fba3811-55a5-4df9-af12-59d317132529,D,MCP16040009,Shoulder/Lap Belt(s),M,2403b2f3-8b80-4a50-bdef-db69415e9e58,Same Direction Rear End,N,Non Intersection,Right Turn Lane,Daylight,No Defects,"Two-way, Divided, Unprotected (painted >4 feet) Median",Ice,Blowing Snow,Six o'clock,Other Bus,No Damage,N,Stopped in Traffic Lane,2015-02-15 7:50,53,39.12684767,-77.17363358
N,Apparently Normal,No Misuse,Y,No Injury,35f9cf36-6165-4007-ac0e-63ad22ae84f7,D,MCP16040009,Shoulder/Lap Belt(s),M,05e61292-f3d3-468c-bd0c-4a967a4d3d6b,Same Direction Rear End,N,Non Intersection,Right Turn Lane,Daylight,No Defects,"Two-way, Divided, Unprotected (painted >4 feet) Median",Ice,Blowing Snow,Twelve o'clock,Passenger Car,Disabling,N,Slowing or Stopping,2015-02-15 7:50,24,39.12684767,-77.17363358