CDL_FLAG,CONDITION_CODE,EQUIP_PROB_CODE,FAULT_FLAG,INJ_SEVER_CODE,PERSON_ID,PERSON_TYPE,REPORT_NO,SAF_EQUIP_CODE,SEX_CODE,VEHICLE_ID,COLLISION_TYPE_CODE,C_M_ZONE_FLAG,JUNCTION_CODE,LANE_CODE,LIGHT_CODE,RD_COND_CODE,RD_DIV_CODE,SURF_COND_CODE,WEATHER_CODE,AREA_DAMAGED_CODE_MAIN,BODY_TYPE_CODE,DAMAGE_CODE,HIT_AND_RUN_FLAG,MOVEMENT_CODE,TIME,AGE,LATITUDE,LONGITUDE
N,Apparently Normal,No Misuse,N,Non-incapacitating Injury,ce7e69d6-5d69-40f4-a074-d015b26d2ec2,D,MCP1604000B,Shoulder/Lap Belt(s),M,eceed192-8c7a-444a-9f73-a0d11f52302d,Same Direction Rear End,N,Non Intersection,Left Turn Lane,Daylight,No Defects,"Two-way, Divided, Positive Median Barrier",Snow,Snow,Six o'clock,Van,Superficial,N,Stopped in Traffic Lane,2015-02-21 10:30,53,39.12286921,-77.17841864
N,Apparently Normal,No Misuse,N,No Injury,646ded00-49f4-4d87-95a4-a170e922491c,D,MCP20030007,Shoulder/Lap Belt(s),M,c0655ae8-b0e7-4a2d-813f-d9044e2859c5,Single Vehicle ,N,Non Intersection,Right Turn Lane,Dark Lights On,No Defects,"Two-way, Not Divided",Wet,Clear,Ten o'clock,Police Vehicle/Non Emergency,Superficial,N,Moving Constant Speed,2015-01-27 23:45,38,39.04341333,-77.08563333
N,Apparently Normal,No Misuse,N,No Injury,7733b1f1-1294-4a15-8eb5-78da2325b5ec,D,MCP2008000W,Shoulder/Lap Belt(s),M,baa2e957-15da-445e-9087-a94fa15caa2d,Same Movement Angle,N,Intersection,Right Turn Lane,Dark Lights On,No Defects,"Two-way, Divided, Positive Median Barrier",Dry,Clear,Twelve o'clock,Passenger Car,Disabling,N,Moving Constant Speed,2015-03-02 18:36,50,38.96823167,-77.10864833
N,Apparently Normal,No Misuse,Y,No Injury,0f1be836-5404-4728-a669-088480f6168a,D,MCP2008000W,Shoulder/Lap Belt(s),M,60b6d8b8-ff7a-44f1-bcae-5d1a2c7729fb,Same Movement Angle,N,Intersection,Right Turn Lane,Dark Lights On,No Defects,"Two-way, Divided, Positive Median Barrier",Dry,Clear,Eleven o'clock,Passenger Car,Disabling,N,Making Left Turn,2015-03-02 18:36,66,38.96823167,-77.10864833
N,Apparently Normal,No Misuse,N,No Injury,c837b756-eaf1-4606-8a20-faa73e90434f,D,MCP2010000X,Shoulder/Lap Belt(s),M,0864bc8e-1fa8-4291-9954-56c5f7ef402b,Same Movement Angle,N,Intersection,Left Turn Lane,Dawn,No Defects,"Two-way, Divided, Positive Median Barrier",Ice,Wintry Mix,Five o'clock,Passenger Car,Functional,N,Moving Constant Speed,2015-03-05 6:56,40,39.04467833,-77.111325
N,Apparently Normal,No Misuse,Y,No Injury,e73fd5ca-67b8-4716-a4bc-29c654097279,D,MCP2046003D,Shoulder/Lap Belt(s),M,e7915a7a-edfa-4385-889d-375d4d399fa0,Single Vehicle ,N,Non Intersection,Right Turn Lane,Dark Lights On,No Defects,"Two-way, Not Divided",Wet,Clear,Twelve o'clock,Police Vehicle/Non Emergency,Superficial,N,Moving Constant Speed,2015-01-25 1:30,48,39.21857283,-77.23866105
N,Apparently Normal,No Misuse,N,No Injury,cefbdb5b-55d5-4095-a6a2-002e66cd5983,D,MCP2059001K,Shoulder/Lap Belt(s),M,b647d28b-3ef6-45e6-b77b-b154226283ec,Same Direction Rear End,N,Non Intersection,Left Turn Lane,Daylight,No Defects,"Two-way, Divided, Unprotected (painted >4 feet) Median",Wet,Cloudy,Six o'clock,Passenger Car,Superficial,N,Stopped in Traffic Lane,2015-02-20 10:01,45,39.00467824,-77.09735155
N,Apparently Normal,No Misuse,Y,Possible Incapacitating Injury,87c29c57-dc1f-4d2e-89ab-c93d7cda16fb,D,MCP2059001K,Shoulder/Lap Belt(s),M,8df532ad-5428-4232-adef-b0f3d330d805,Same Direction Rear End,N,Non Intersection,Left Turn Lane,Daylight,No Defects,"Two-way, Divided, Unprotected (painted >4 feet) Median",Wet,Cloudy,Twelve o'clock,Passenger Car,Functional,N,Slowing or Stopping,2015-02-20 10:01,24,39.00467824,-77.09735155
N,Apparently Normal,No Misuse,N,No Injury,27ed42b0-69ef-477a-949e-eb7832da4157,D,MCP2064000F,Shoulder/Lap Belt(s),M,233f3d5b-9647-4281-906f-46bc374b6f6c,Same Direction Sideswipe,N,Intersection Related,Right Turn Lane,Daylight,No Defects,"Two-way, Divided, Positive Median Barrier",Wet,Clear,One o'clock,Passenger Car,Functional,N,Accelerating,2015-01-06 15:17,23,39.05289167,-77.05030667
N,Apparently Normal,No Misuse,Y,No Injury,94596f17-9ad2-475f-b622-62188de43c40,D,MCP2064000F,Shoulder/Lap Belt(s),M,2b1ab009-5983-4e21-a4b3-c256b4587ca3,Same Direction Sideswipe,N,Intersection Related,Right Turn Lane,Daylight,No Defects,"Two-way, Divided, Positive Median Barrier",Wet,Clear,Twelve o'clock,Passenger Car,Functional,N,Accelerating,2015-01-06 15:17,29,39.05289167,-77.05030667
N,Apparently Normal,No Misuse,N,No Injury,2f2e596c-ebc0-45c8-b158-ff4ad659af51,D,MCP2077000Q,Shoulder/Lap Belt(s),M,88398eb8-2891-4a6f-8218-15e2de211c73,Same Direction Rear End,N,Intersection Related,Left Turn Lane,Daylight,No Defects,"Two-way, Divided, Positive Median Barrier",Dry,Clear,Seven o'clock,(Sport) Utility Vehicle,Superficial,N,Stopped in Traffic Lane,2015-02-03 12:20,58,39.017115,-77.00634833
N,Apparently Normal,No Misuse,Y,No Injury,ceecfb50-f972-4959-bc25-a48d88fd13c2,D,MCP2107000C,Shoulder/Lap Belt(s),M,e8a9111a-c3a4-4091-a82f-18673f5166c1,Single Vehicle ,N,Non Intersection,Right Turn Lane,Daylight,No Defects,"Two-way, Divided, Positive Median Barrier",Dry,Cloudy,Twelve o'clock,Passenger Car,Disabling,N,Slowing or Stopping,2015-02-28 10:13,36,39.06816167,-76.95902833
N,Apparently Normal,No Misuse,N,No Injury,640b7bb8-39bb-405d-9379-037b6c8f9074,D,MCP2116001K,Shoulder/Lap Belt(s),M,fb69271d-5cde-4efc-93e0-e59882222307,Same Direction Rear End,N,Intersection,Right Turn Lane,Daylight,No Defects,"Two-way, Not Divided",Dry,Clear,Six o'clock,Passenger Car,Functional,N,Stopped in Traffic Lane,2015-02-13 8:43,60,39.04701167,-77.1997
N,Apparently Normal,No Misuse,Y,No Injury,0be28390-47e2-4229-a436-674a00bd8fde,D,MCP2116001K,Shoulder/Lap Belt(s),M,561e9d14-1551-4b21-843d-6f22c638330b,Same Direction Rear End,N,Intersection,Right Turn Lane,Daylight,No Defects,"Two-way, Not Divided",Dry,Clear,Twelve o'clock,Passenger Car,Disabling,N,Moving Constant Speed,2015-02-13 8:43,46,39.04701167,-77.1997
N,Apparently Normal,No Misuse,Y,No Injury,afc7630d-2fa1-48d9-a98b-419117995990,D,MCP2116001Q,Shoulder/Lap Belt(s),M,505a36dd-9079-42e1-a923-07bf7c607dc3,Single Vehicle ,N,Intersection,Right Turn Lane,Daylight,No Defects,"Two-way, Not Divided",Wet,Cloudy,Twelve o'clock,Passenger Car,Disabling,N,Accelerating,2015-03-11 9:22,27,39.04387167,-77.19253333
N,Apparently Normal,No Misuse,N,No Injury,bd34a9f5-f4de-40b0-9142-803c59845d66,D,MCP2116001S,Shoulder/Lap Belt(s),M,863794aa-8def-45d1-ae3c-3bb226aa558a,Same Direction Rear End,N,Intersection,Right Turn Lane,Daylight,No Defects,"Two-way, Not Divided",Dry,Cloudy,Twelve o'clock,Passenger Car,Functional,N,Stopped in Traffic Lane,2015-03-26 9:09,61,39.089718,-77.138927
Y,Apparently Normal,No Misuse,Y,No Injury,d7a75b41-cac7-4960-900b-1fca224f78ef,D,MCP2116001S,Shoulder/Lap Belt(s),M,6d0b5047-515a-45aa-9b83-f57e8f49124e,Same Direction Rear End,N,Intersection,Right Turn Lane,Daylight,No Defects,"Two-way, Not Divided",Dry,Cloudy,Six o'clock,Ambulance/Non Emergency,No Damage,N,Backing,2015-03-26 9:09,48,39.089718,-77.138927
N,Apparently Normal,No Misuse,Y,No Injury,5348383f-9812-4410-a9b4-b7a08aa74881,D,MCP2162000W,Shoulder/Lap Belt(s),M,4768080d-16b6-4b7b-9107-bde9c7533bee,Single Vehicle ,N,Non Intersection,Right Turn Lane,Daylight,No Defects,"Two-way, Not Divided",Ice,Clear,Two o'clock,Pickup Truck,Disabling,N,Moving Constant Speed,2015-02-15 15:26,22,39.12925833,-77.01668
N,Apparently Normal,No Misuse,N,No Injury,0ea74a0a-c85a-4fab-8161-782c37fb0b86,D,MCP2181000C,Shoulder/Lap Belt(s),M,655b3439-b614-4667-ada2-3743fe81d0df,Head On Left Turn,N,Intersection,Right Turn Lane,Daylight,No Defects,"Two-way, Not Divided",Wet,Raining,One o'clock,(Sport) Utility Vehicle,Functional,N,Moving Constant Speed,2015-01-03 12:00,31,39.05003833,-77.18844667
N,Apparently Normal,No Misuse,Y,No Injury,1f0a08ac-289f-4d89-9476-ee533e22fa8a,D,MCP2181000C,Shoulder/Lap Belt(s),M,adc6e106-ba80-4035-ad22-60513d523ea2,Head On Left Turn,N,Intersection,Right Turn Lane,Daylight,No Defects,"Two-way, Not Divided",Wet,Raining,Two o'clock,Passenger Car,Disabling,N,Making Left Turn,2015-01-03 12:00,70,39.05003833,-77.18844667
N,Apparently Normal,No Misuse,N,No Injury,f5e581cd-dda2-47f8-ad4d-462ec7e5d253,D,MCP2198000S,Shoulder/Lap Belt(s),M,3b5fac3a-829b-4594-b0da-2239b49ec403,Same Direction Rear End,N,Intersection,Right Turn Lane,Dark Lights On,No Defects,"Two-way, Divided, Positive Median Barrier",Dry,Clear,Six o'clock,Passenger Car,Functional,N,Stopped in Traffic Lane,2015-01-15 21:49,45,39.16123,-77.22244667
N,Had Been Drinking,No Misuse,Y,No Injury,f037b036-dbbe-4527-ad1e-3e8c1fe70396,D,MCP2198000S,Shoulder/Lap Belt(s),M,56fc322b-5574-4006-a750-f2821ee34e4d,Same Direction Rear End,N,Intersection,Right Turn Lane,Dark Lights On,No Defects,"Two-way, Divided, Positive Median Barrier",Dry,Clear,Twelve o'clock,Passenger Car,Functional,N,Slowing or Stopping,2015-01-15 21:49,67,39.16123,-77.22244667
N,Apparently Normal,No Misuse,N,No Injury,ff8849b1-6f7c-478f-8d66-41339bde4d3a,D,MCP21990003,Shoulder/Lap Belt(s),M,dfc0e47f-8d60-435a-a58c-800fa3a54fab,Opposite Direction Sideswipe,N,Non Intersection,Right Turn Lane,Daylight,No Defects,"Two-way, Not Divided",Dry,Cloudy,Nine o'clock,Pickup Truck,Functional,N,Moving Constant Speed,2015-03-25 10:14,28,39.23834,-77.23542167
N,Apparently Normal,No Misuse,Y,No Injury,773ce291-be70-46dd-a5c4-a7c5c1286ddb,D,MCP21990003,Shoulder/Lap Belt(s),M,0a0b9f3b-45cb-4618-899a-a735613a9d8b,Opposite Direction Sideswipe,N,Non Intersection,Right Turn Lane,Daylight,No Defects,"Two-way, Not Divided",Dry,Cloudy,Nine o'clock,Van,Functional,N,Moving Constant Speed,2015-03-25 10:14,58,39.23834,-77.23542167
Y,Apparently Normal,No Misuse,N,No Injury,07dc5c94-430f-40b3-a5fb-0cb84f879640,D,MCP2201000C,Shoulder Belt Only,M,06376f14-5deb-4df6-bae2-7b96dc38a82a,Same Movement Angle,N,Non Intersection,Acceleration Lane,Dark Lights On,No Defects,"Two-way, Divided, Positive Median Barrier",Wet,Wintry Mix,Twelve o'clock,Transit Bus,Functional,N,Starting From Parked,2015-03-04 20:21,44,38.99446429,-77.02791452
N,Apparently Normal,No Misuse,N,No Injury,d145b74e-8ae5-4aa6-9f09-0d74e23f9440,D,MCP2201000D,Shoulder/Lap Belt(s),M,50ba4805-8ba4-4841-b92e-98870f741850,Same Direction Rear End Left Turn,N,Intersection,Right Turn Lane,Dark Lights On,No Defects,"Two-way, Divided, Positive Median Barrier",Dry,Clear,Seven o'clock,Passenger Car,Functional,N,Making Left Turn,2015-03-17 21:11,56,39.01943376,-77.04425454
N,Apparently Normal,No Misuse,Y,No Injury,7e3707f4-f34f-4d1c-8ed1-b0dbc870882b,D,MCP2201000D,Shoulder/Lap Belt(s),M,2e2b1bfb-763e-45a6-95c9-da45d27d2b2c,Same Direction Rear End Left Turn,N,Intersection,Right Turn Lane,Dark Lights On,No Defects,"Two-way, Divided, Positive Median Barrier",Dry,Clear,Twelve o'clock,Passenger Car,Disabling,N,Moving Constant Speed,2015-03-17 21:11,24,39.01943376,-77.04425454
N,Apparently Normal,No Misuse,Y,No Injury,701f0bb4-fc29-424b-a60f-3d831e4f099e,D,MCP2231000V,Shoulder/Lap Belt(s),M,09a4b87a-0835-43f6-9ca0-2019ac890611,Single Vehicle ,N,Non Intersection,Right Turn Lane,Daylight,No Defects,"Two-way, Divided, Unprotected (painted >4 feet) Median",Wet,Raining,Twelve o'clock,Passenger Car,Functional,N,Accelerating,2015-01-03 14:53,31,38.97798667,-77.205545
N,Apparently Normal,No Misuse,N,No Injury,21fe5c60-5b73-4e82-b920-01a231b81acc,D,MCP22310011,Shoulder/Lap Belt(s),M,e0b12fde-03de-4198-b968-7afee63df7c0,Same Direction Left Turn,N,Intersection Related,Acceleration Lane,Daylight,No Defects,"Two-way, Divided, Positive Median Barrier",Dry,Cloudy,One o'clock,Passenger Car,Functional,N,Stopped in Traffic Lane,2015-03-10 8:20,30,38.97482167,-77.12497667
N,Apparently Normal,No Misuse,Y,No Injury,c7445e6d-913c-42ed-8a42-ad88a8c41783,D,MCP2251000Q,Shoulder/Lap Belt(s),M,bd0d9804-74bc-4b0f-8bae-b37a94ea47ff,Head On,N,Intersection,Left Turn Lane,Daylight,No Defects,"Two-way, Not Divided",Snow,Snow,Eleven o'clock,Passenger Car,Disabling,N,Moving Constant Speed,2015-02-17 8:46,55,39.11886167,-77.02138
Y,Apparently Normal,No Misuse,N,Non-incapacitating Injury,170ce453-484d-4529-af50-9198bb6df0d1,D,MCP2251000Q,Shoulder/Lap Belt(s),M,28f27327-5986-4836-b5c8-7d7d9e1e1ea5,Head On,N,Intersection,Left Turn Lane,Daylight,No Defects,"Two-way, Not Divided",Snow,Snow,Twelve o'clock,"Other Light Trucks (10,000 lbs (4,536 kg))",Destroyed,N,Moving Constant Speed,2015-02-17 8:46,23,39.11886167,-77.02138
Y,Apparently Normal,No Misuse,N,No Injury,0ee3e096-3689-487c-bc18-46361ce81f45,D,MCP2252000R,Shoulder/Lap Belt(s),M,01179bac-b22c-4a8f-9364-9574d870ffb0,Same Direction Sideswipe,N,Non Intersection,Right Turn Lane,Daylight,No Defects,"Two-way, Divided, Unprotected (painted >4 feet) Median",Dry,Clear,Ten o'clock,Other Bus,Superficial,N,Stopped in Traffic Lane,2015-02-12 14:04,63,39.0867032,-77.15290546
N,Apparently Normal,No Misuse,N,No Injury,cdcdbfa6-c4b9-4ab0-8095-d46c4f88550c,D,MCP2252000S,Shoulder/Lap Belt(s),M,aa1458e3-3a3e-497d-8bc9-64e259197a50,Same Direction Right Turn,N,Commercial Driveway,Deceleration Lane,Daylight,No Defects,"Two-way, Divided, Unprotected (painted >4 feet) Median",Dry,Clear,Eleven o'clock,(Sport) Utility Vehicle,Destroyed,N,Moving Constant Speed,2015-02-20 12:28,54,39.112855,-77.15626167
N,Apparently Normal,No Misuse,N,No Injury,4dc56110-1521-41a6-848b-ed1fe009a564,D,MCP2252000S,Shoulder/Lap Belt(s),M,55f7becc-cfc2-45cc-ab5c-6420561146d9,Same Direction Right Turn,N,Commercial Driveway,Deceleration Lane,Daylight,No Defects,"Two-way, Divided, Unprotected (painted >4 feet) Median",Dry,Clear,Eleven o'clock,(Sport) Utility Vehicle,Superficial,N,Making Left Turn,2015-02-20 12:28,36,39.112855,-77.15626167
N,Apparently Normal,No Misuse,Y,No Injury,906f88cf-17b9-4278-b8d5-5ce4081150f3,D,MCP2252000S,Shoulder/Lap Belt(s),M,3d05e385-c00e-4489-b7f6-94d902da9b3c,Same Direction Right Turn,N,Commercial Driveway,Deceleration Lane,Daylight,No Defects,"Two-way, Divided, Unprotected (painted >4 feet) Median",Dry,Clear,One o'clock,Passenger Car,Superficial,N,Moving Constant Speed,2015-02-20 12:28,23,39.112855,-77.15626167
N,Apparently Normal,No Misuse,N,No Injury,9ff3c1b1-2d5c-4705-9a4d-ce26abf39188,D,MCP22860009,Shoulder/Lap Belt(s),M,f9c9158a-7d7e-4f83-8ea5-35f0eff50c15,Same Movement Angle,N,Intersection,Right Turn Lane,Dusk,No Defects,"Two-way, Divided, Positive Median Barrier",Dry,Clear,Ten o'clock,Passenger Car,Disabling,N,Moving Constant Speed,2015-01-28 17:37,75,39.115155,-77.17829333
N,Apparently Normal,No Misuse,N,No Injury,b87efdc8-8c06-4d13-8369-d48af32dba8d,D,MCP22860009,Shoulder/Lap Belt(s),M,1dabfbd3-7115-416e-a9e1-071bd1432b2b,Same Movement Angle,N,Intersection,Right Turn Lane,Dusk,No Defects,"Two-way, Divided, Positive Median Barrier",Dry,Clear,Twelve o'clock,Passenger Car,Functional,N,Moving Constant Speed,2015-01-28 17:37,48,39.115155,-77.17829333
N,Apparently Normal,No Misuse,Y,No Injury,1d8d3f6d-f858-4462-a7ca-980bfed716f3,D,MCP22910011,Shoulder/Lap Belt(s),M,a45a2865-8029-4aaa-a0b9-8e6252d475e0,Same Direction Sideswipe,N,Intersection Related,Left Turn Lane,Dark Lights On,No Defects,"Two-way, Divided, Positive Median Barrier",Dry,Clear,Five o'clock,Transit Bus,No Damage,N,Making Left Turn,2015-02-24 18:51,48,38.99597833,-77.074925
N,Apparently Normal,No Misuse,N,Non-incapacitating Injury,7cc41152-2f86-461b-961f-9012c4bf6564,D,MCP22910012,Shoulder/Lap Belt(s),M,cabeb2a1-fbdc-48e6-ac4f-67365123bc6e,Same Direction Rear End,N,Non Intersection,Right Turn Lane,Daylight,No Defects,"Two-way, Not Divided",Dry,Clear,Six o'clock,Passenger Car,Functional,N,Slowing or Stopping,2015-03-17 17:58,25,39.16934667,-77.264415
N,Apparently Normal,No Misuse,N,No Injury,509c3b17-e8cb-476c-8d51-732b51f4b46d,D,MCP22980040,Shoulder/Lap Belt(s),M,15fd20bb-017e-4baf-b206-035d99536349,Same Direction Rear End,N,Intersection Related,Right Turn Lane,Daylight,No Defects,"Two-way, Divided, Positive Median Barrier",Dry,Clear,Six o'clock,Passenger Car,Superficial,N,Stopped in Traffic Lane,2015-01-15 16:28,50,39.18081167,-77.26907333
N,Apparently Normal,No Misuse,Y,No Injury,83d39eeb-c421-4ea8-b64c-0810bd95648b,D,MCP22980040,Shoulder/Lap Belt(s),M,3a0007cb-9ce9-4740-9b7a-6c722d596506,Same Direction Rear End,N,Intersection Related,Right Turn Lane,Daylight,No Defects,"Two-way, Divided, Positive Median Barrier",Dry,Clear,Twelve o'clock,Passenger Car,Superficial,N,Slowing or Stopping,2015-01-15 16:28,49,39.18081167,-77.26907333
N,Apparently Normal,No Misuse,N,No Injury,f96c0990-82b7-4ba9-b046-a6a69795390b,D,MCP22980045,Shoulder/Lap Belt(s),M,2ba7c446-4aa6-4d87-bac9-3ad9fce066de,Same Direction Sideswipe,N,Intersection Related,Acceleration Lane,Daylight,No Defects,"Two-way, Divided, Positive Median Barrier",Dry,Clear,One o'clock,"Cargo Van/Light Truck 2 axles (10,000 lbs (4,536 kg) or less)",Disabling,N,Moving Constant Speed,2015-01-27 15:44,55,39.20455731,-77.24557847
N,Apparently Normal,No Misuse,Y,No Injury,207f67f8-aaab-4afd-ada7-b8598145aac0,D,MCP22980045,Shoulder/Lap Belt(s),M,20903118-58af-45ae-9ba8-7081349c4b54,Same Direction Sideswipe,N,Intersection Related,Acceleration Lane,Daylight,No Defects,"Two-way, Divided, Positive Median Barrier",Dry,Clear,Twelve o'clock,(Sport) Utility Vehicle,Disabling,N,Entering Traffic Lane,2015-01-27 15:44,86,39.20455731,-77.24557847
Y,Apparently Normal,No Misuse,N,No Injury,237f4319-da97-4bce-85c1-359404535c2a,D,MCP2298004T,Shoulder/Lap Belt(s),M,b885ee22-6584-475c-bb8b-5c4bbb2dd2d7,Same Direction Rear End,N,Non Intersection,Right Turn Lane,Daylight,No Defects,"Two-way, Not Divided",Snow,Snow,Six o'clock,Transit Bus,Functional,N,Slowing or Stopping,2015-03-05 14:36,45,39.1757028,-77.26795077
N,Apparently Normal,No Misuse,Y,No Injury,3f1bf977-9dfe-45b6-98a6-157d5645be0b,D,MCP2298004T,Shoulder/Lap Belt(s),M,1e3d3012-5889-4039-9b2e-62ad21372d85,Same Direction Rear End,N,Non Intersection,Right Turn Lane,Daylight,No Defects,"Two-way, Not Divided",Snow,Snow,Twelve o'clock,(Sport) Utility Vehicle,Disabling,N,Slowing or Stopping,2015-03-05 14:36,25,39.1757028,-77.26795077
N,Apparently Normal,No Misuse,N,No Injury,b9e133be-be89-40a0-a071-8dae919de2a7,D,MCP2298004X,Shoulder/Lap Belt(s),M,6709b47f-a1ee-49bd-9f19-00d30ef4429e,Same Direction Rear End,N,Intersection Related,Left Turn Lane,Daylight,No Defects,"Two-way, Divided, Positive Median Barrier",Dry,Clear,Six o'clock,Passenger Car,Superficial,N,Stopped in Traffic Lane,2015-03-18 13:53,20,39.20473833,-77.24565167
Y,Apparently Normal,No Misuse,Y,No Injury,29df2b92-2568-496b-b5a7-abb2d81806d9,D,MCP2298004X,Shoulder/Lap Belt(s),M,fa915cf5-593b-4759-99de-89ab2e4b29c8,Same Direction Rear End,N,Intersection Related,Left Turn Lane,Daylight,No Defects,"Two-way, Divided, Positive Median Barrier",Dry,Clear,Twelve o'clock,School Bus,Superficial,N,Starting From Lane,2015-03-18 13:53,58,39.20473833,-77.24565167
N,Apparently Normal,No Misuse,Y,No Injury,00554e06-ce90-4036-843c-4672c6876846,D,MCP2298004Z,Shoulder/Lap Belt(s),M,cccc470f-fc2e-47fd-b56f-4dd2a3262d1c,Angle Meets Right Turn,N,Intersection,Right Turn Lane,Dusk,No Defects,"Two-way, Divided, Positive Median Barrier",Dry,Clear,Six o'clock,Van,Superficial,N,Making Right Turn,2015-03-23 19:28,46,39.18973667,-77.24154333
N,Apparently Normal,No Misuse,N,Possible Incapacitating Injury,143c83da-09a5-46a5-a22a-22e7cb4c29f8,D,MCP2298004Z,MC/Bike Helmet,M,7a73c749-a06d-4cb9-ac5e-8c628ee37927,Angle Meets Right Turn,N,Intersection,Right Turn Lane,Dusk,No Defects,"Two-way, Divided, Positive Median Barrier",Dry,Clear,Twelve o'clock,Motorcycle,Disabling,N,Moving Constant Speed,2015-03-23 19:28,22,39.18973667,-77.24154333
N,Apparently Normal,No Misuse,N,No Injury,f5752ec8-c76f-4abb-88d0-19dfdaa672e0,D,MCP22980050,Shoulder/Lap Belt(s),M,af730cc1-73be-4bd6-a382-57407245c7d4,Same Direction Rear End,N,Intersection Related,Right Turn Lane,Daylight,No Defects,"Two-way, Divided, Positive Median Barrier",Dry,Cloudy,Six o'clock,Station Wagon,Functional,N,Stopped in Traffic Lane,2015-03-24 13:00,47,39.18176833,-77.26103
N,Apparently Normal,No Misuse,Y,No Injury,c0884923-4b89-49ea-b3e8-7b32f1f67bf9,D,MCP22980050,Shoulder/Lap Belt(s),M,a85860be-7dfc-48fe-be08-a65f93f496ee,Same Direction Rear End,N,Intersection Related,Right Turn Lane,Daylight,No Defects,"Two-way, Divided, Positive Median Barrier",Dry,Cloudy,Twelve o'clock,Passenger Car,Disabling,N,Slowing or Stopping,2015-03-24 13:00,40,39.18176833,-77.26103
N,Apparently Normal,No Misuse,N,No Injury,85a2dfe2-614b-4729-a808-9e5988dcadb1,D,MCP23000002,Shoulder/Lap Belt(s),M,d08e5fc7-8fa0-454b-a3ef-27002b08324b,Single Vehicle ,N,Non Intersection,Right Turn Lane,Dark No Lights,No Defects,"Two-way, Not Divided",Dry,Clear,One o'clock,Police Vehicle/Non Emergency,Functional,N,Moving Constant Speed,2015-01-01 2:00,32,39.148678,-77.093848
N,Apparently Normal,No Misuse,N,No Injury,9e592945-37b1-49df-827a-77f71d784bb8,D,MCP2305000B,Shoulder/Lap Belt(s),M,4c859221-092d-4ecd-85d0-fbde5cf68cf4,Same Direction Rear End,N,Intersection Related,Right Turn Lane,Dark Lights On,No Defects,"Two-way, Not Divided",Dry,Clear,Six o'clock,Passenger Car,Functional,N,Stopped in Traffic Lane,2015-01-15 23:35,51,39.01193967,-77.16002941
N,Apparently Normal,No Misuse,N,No Injury,905ad604-c6e9-4291-ba4c-659374954a2d,D,MCP23440002,Shoulder/Lap Belt(s),M,14f98c51-37d3-46da-a2bb-171b31799777,Same Movement Angle,N,Intersection,Left Turn Lane,Daylight,No Defects,"Two-way, Not Divided",Dry,Clear,Eleven o'clock,Passenger Car,Disabling,N,Moving Constant Speed,2015-01-30 13:56,35,39.05753272,-76.96818307
N,Apparently Normal,No Misuse,Y,No Injury,01c2da2c-fe8f-4f78-8cdd-f74ff53a973c,D,MCP2357000R,Shoulder/Lap Belt(s),M,fa9b1cf7-a66b-4fcd-af6e-e2c31e934b2e,Same Direction Rear End,N,Non Intersection,Right Turn Lane,Daylight,No Defects,"Two-way, Not Divided",Wet,Cloudy,Twelve o'clock,Passenger Car,Disabling,N,Slowing or Stopping,2015-03-25 11:03,50,38.99886667,-77.0319
N,Apparently Normal,No Misuse,Y,No Injury,ead6266a-5495-4b88-b48e-b77846c219ed,D,MCP2357000R,Shoulder/Lap Belt(s),M,1fc84f46-61df-45da-b9c8-9a1343928c94,Same Direction Rear End,N,Non Intersection,Right Turn Lane,Daylight,No Defects,"Two-way, Not Divided",Wet,Cloudy,Six o'clock,Recreational Vehicle,Superficial,N,Backing,2015-03-25 11:03,29,38.99886667,-77.0319
N,Apparently Normal,No Misuse,Y,No Injury,e76c6dff-d939-4827-b5d1-6a115c96d4b3,D,MCP2358000N,Shoulder/Lap Belt(s),M,1c568b2f-bc50-4013-8d32-db022b05e4c9,Single Vehicle ,N,Intersection,Right Turn Lane,Daylight,No Defects,"Two-way, Not Divided",Wet,Snow,Twelve o'clock,Passenger Car,Disabling,N,Moving Constant Speed,2015-01-26 11:02,17,39.02344833,-77.14320333
Y,Apparently Normal,No Misuse,N,No Injury,328e7bc6-457f-4d5d-941d-019a8a92199b,D,MCP2358000P,Shoulder/Lap Belt(s),M,44920f25-072b-4bfd-8c68-214caf8aa3b5,Single Vehicle ,N,Non Intersection,Right Turn Lane,Daylight,No Defects,"Two-way, Not Divided",Snow,Snow,One o'clock,"Cargo Van/Light Truck 2 axles (10,000 lbs (4,536 kg) or less)",Disabling,N,Moving Constant Speed,2015-02-21 11:01,43,38.992555,-77.194591
N,Apparently Normal,No Misuse,N,No Injury,1b033b2f-9554-4070-9ef9-0bf4ef5368d2,D,MCP23650007,Shoulder/Lap Belt(s),M,89e4883a-6b44-437e-9d8b-aa619bc2e648,Same Direction Rear End,N,Intersection,Acceleration Lane,Dark Lights On,No Defects,"Two-way, Divided, Positive Median Barrier",Dry,Clear,Six o'clock,Passenger Car,Functional,N,Stopped in Traffic Lane,2015-01-20 6:31,58,39.09591333,-76.93850167
N,Apparently Normal,No Misuse,N,No Injury,2adffd18-1d8e-49b0-b868-3fbbb9597cff,D,MCP23650007,Shoulder/Lap Belt(s),M,6806980e-b93f-49d7-8523-baded10e8bd2,Same Direction Rear End,N,Intersection,Acceleration Lane,Dark Lights On,No Defects,"Two-way, Divided, Positive Median Barrier",Dry,Clear,Six o'clock,Passenger Car,Disabling,N,Stopped in Traffic Lane,2015-01-20 6:31,46,39.09591333,-76.93850167