CDL_FLAG,CONDITION_CODE,EQUIP_PROB_CODE,FAULT_FLAG,INJ_SEVER_CODE,PERSON_ID,PERSON_TYPE,REPORT_NO,SAF_EQUIP_CODE,SEX_CODE,VEHICLE_ID,COLLISION_TYPE_CODE,C_M_ZONE_FLAG,JUNCTION_CODE,LANE_CODE,LIGHT_CODE,RD_COND_CODE,RD_DIV_CODE,SURF_COND_CODE,WEATHER_CODE,AREA_DAMAGED_CODE_MAIN,BODY_TYPE_CODE,DAMAGE_CODE,HIT_AND_RUN_FLAG,MOVEMENT_CODE,TIME,AGE,LATITUDE,LONGITUDE
N,Apparently Normal,No Misuse,N,No Injury,a75225f0-7a21-4e1a-b411-b91167111335,D,MCP2394000X,Shoulder/Lap Belt(s),M,067f165b-2537-4482-96fe-eb4decaf77cc,Same Direction Rear End,N,Intersection Related,Crossover Area,Dark Lights On,No Defects,"Two-way, Divided, Positive Median Barrier",Wet,Clear,Six o'clock,Passenger Car,Superficial,N,Slowing or Stopping,2015-01-18 22:54,57,39.12289418,-77.17763543
N,Apparently Normal,No Misuse,Y,No Injury,2809a2c5-c454-4bcf-b56e-eb88e89dfc89,D,MCP2394000X,Shoulder/Lap Belt(s),M,08b36971-66f8-417b-bae9-bec6eaea8107,Same Direction Rear End,N,Intersection Related,Crossover Area,Dark Lights On,No Defects,"Two-way, Divided, Positive Median Barrier",Wet,Clear,Twelve o'clock,Police Vehicle/Non Emergency,Superficial,N,Slowing or Stopping,2015-01-18 22:54,24,39.12289418,-77.17763543
Y,Apparently Normal,No Misuse,Y,No Injury,b79d7659-dfff-4d29-9f37-e1170c2f95a8,D,MCP24250043,Shoulder/Lap Belt(s),M,f235b77d-4d88-4537-8a53-fd847102c692,Single Vehicle ,N,Intersection,Acceleration Lane,Dark Lights On,No Defects,"Two-way, Divided, Positive Median Barrier",Snow,Snow,Roof Top,"Medium/Heavy Truck 2 axles (10,000 lbs (4,536 kg) or less)",Functional,N,Moving Constant Speed,2015-01-06 12:13,46,39.01226833,-76.978565
N,Apparently Normal,No Misuse,Y,No Injury,f8b72cd1-2d1f-4efb-804a-526dc2007f39,D,MCP2433000F,Shoulder/Lap Belt(s),M,0108869b-f444-4b31-9bba-e40a69a89f11,Angle Meets Right Turn,N,Commercial Driveway,Acceleration Lane,Daylight,No Defects,"Two-way, Not Divided",Dry,Clear,Eleven o'clock,Passenger Car,Functional,Y,Making Right Turn,2015-02-09 9:07,77,39.02654365,-77.02047944
N,Apparently Normal,No Misuse,N,Possible Incapacitating Injury,054ac643-ba91-4114-9ace-6b1e4fc98f66,D,MCP2433000F,Shoulder/Lap Belt(s),M,4a6b3c72-d4c8-4949-8b87-0598d91b6b16,Angle Meets Right Turn,N,Commercial Driveway,Acceleration Lane,Daylight,No Defects,"Two-way, Not Divided",Dry,Clear,One o'clock,Passenger Car,Functional,N,Moving Constant Speed,2015-02-09 9:07,21,39.02654365,-77.02047944
N,Apparently Normal,No Misuse,Y,No Injury,7efb906e-d153-4fd4-9cb6-10680779aaee,D,MCP2437000P,Shoulder/Lap Belt(s),M,a8b105c5-a3cd-4410-a5fe-e85e80b14245,Head On Left Turn,N,Intersection,Right Turn Lane,Daylight,No Defects,"Two-way, Divided, Unprotected (painted >4 feet) Median",Dry,Cloudy,Twelve o'clock,Van,Functional,N,Making Left Turn,2015-01-07 14:50,60,39.05829333,-77.07119833
N,Apparently Normal,No Misuse,N,Non-incapacitating Injury,62c43f0f-1ed9-4d1a-bcde-4d0aa36fedb5,D,MCP2437000P,Shoulder/Lap Belt(s),M,caa82d58-ceef-4e2f-a1f9-30c19573c3fb,Head On Left Turn,N,Intersection,Right Turn Lane,Daylight,No Defects,"Two-way, Divided, Unprotected (painted >4 feet) Median",Dry,Cloudy,Eight o'clock,(Sport) Utility Vehicle,Disabling,N,Moving Constant Speed,2015-01-07 14:50,44,39.05829333,-77.07119833
Y,Apparently Normal,No Misuse,Y,No Injury,de53c652-fe35-4d41-9ef0-bbe75976b7b9,D,MCP2437000R,Shoulder/Lap Belt(s),M,9f4347f7-2eb1-46be-ae6a-b353be93c187,Same Direction Rear End,N,Non Intersection,Left Turn Lane,Dawn,No Defects,"Two-way, Divided, Unprotected (painted >4 feet) Median",Wet,Cloudy,Twelve o'clock,"Medium/Heavy Truck 2 axles (10,000 lbs (4,536 kg) or less)",Functional,N,Skidding,2015-01-22 7:15,48,39.091325,-77.0661
N,Apparently Normal,No Misuse,N,Non-incapacitating Injury,2a79b0c0-8c3f-4587-a0ae-9b5738e3828b,D,MCP2437000R,Shoulder/Lap Belt(s),M,b5e8c083-b59b-472e-8628-9a87600216f0,Same Direction Rear End,N,Non Intersection,Left Turn Lane,Dawn,No Defects,"Two-way, Divided, Unprotected (painted >4 feet) Median",Wet,Cloudy,Six o'clock,Passenger Car,Disabling,N,Stopped in Traffic Lane,2015-01-22 7:15,34,39.091325,-77.0661
N,Apparently Normal,No Misuse,Y,No Injury,4f509641-8670-4e8b-8e1a-8ce4ffe5e6d8,D,MCP24940001,Shoulder/Lap Belt(s),M,ce98033a-8e8c-4034-9625-a038a571853b,Same Direction Right Turn,N,Interchange Related,Left Turn Lane,Daylight,No Defects,"Two-way, Not Divided",Dry,Clear,Four o'clock,"Other Light Trucks (10,000 lbs (4,536 kg))",Functional,N,Changing Lanes,2015-01-31 17:24,58,39.13,-77.16
N,Apparently Normal,No Misuse,Y,No Injury,5c3a431c-4b5f-434f-9b6f-03929786550a,D,MCP24940001,Shoulder/Lap Belt(s),M,939ccab8-d239-4a35-9878-5249925a0093,Same Direction Right Turn,N,Interchange Related,Left Turn Lane,Daylight,No Defects,"Two-way, Not Divided",Dry,Clear,Eleven o'clock,Passenger Car,Functional,N,Moving Constant Speed,2015-01-31 17:24,32,39.13,-77.16
N,Apparently Normal,No Misuse,N,No Injury,e0acdae8-0ab6-4b8b-b563-8e668ba7e3f3,D,MCP2534000K,Shoulder/Lap Belt(s),M,36d81fea-5148-4b86-a56a-8fcdb76180a0,Same Direction Sideswipe,N,Non Intersection,Acceleration Lane,Dark Lights On,No Defects,"Two-way, Divided, Positive Median Barrier",Wet,Clear,Nine o'clock,Passenger Car,Functional,N,Stopped in Traffic Lane,2015-03-02 2:40,27,38.99980167,-76.99534333
N,Had Been Drinking,No Misuse,Y,No Injury,72537cfb-da12-41d3-832a-4cdc10d6fc24,D,MCP2534000K,Shoulder/Lap Belt(s),M,a1572e20-377c-4695-a776-b44e779d1e77,Same Direction Sideswipe,N,Non Intersection,Acceleration Lane,Dark Lights On,No Defects,"Two-way, Divided, Positive Median Barrier",Wet,Clear,Two o'clock,Van,Functional,Y,Moving Constant Speed,2015-03-02 2:40,49,38.99980167,-76.99534333
Y,Apparently Normal,No Misuse,Y,No Injury,c327301f-0597-425d-b6cd-0819d275985a,D,MCP2539000B,Shoulder/Lap Belt(s),M,c858eb25-1e06-4417-8793-ac4a95829770,Angle Meets Left Turn,Y,Intersection,Right Turn Lane,Dark Lights On,View Obstructed,"Two-way, Divided, Positive Median Barrier",Dry,Cloudy,One o'clock,Van,Disabling,N,Making Left Turn,2015-01-15 2:04,55,38.98389167,-77.09188333
N,Apparently Normal,No Misuse,N,Non-incapacitating Injury,8dab8e55-f2d1-4490-9a0f-8e16ca719e8c,D,MCP2539000B,Shoulder/Lap Belt(s),M,e93c6c04-5cbe-4609-9b74-62740b4af2ac,Angle Meets Left Turn,Y,Intersection,Right Turn Lane,Dark Lights On,View Obstructed,"Two-way, Divided, Positive Median Barrier",Dry,Cloudy,Twelve o'clock,Passenger Car,Disabling,N,Moving Constant Speed,2015-01-15 2:04,55,38.98389167,-77.09188333
N,Apparently Normal,No Misuse,Y,No Injury,ebdc2442-2483-4e71-bd83-4c4dc26a8d38,D,MCP2559000C,Shoulder/Lap Belt(s),M,68a827eb-7406-4129-9a09-463a75d3ba1f,Same Direction Sideswipe,N,Intersection Related,Right Turn Lane,Daylight,No Defects,"Two-way, Not Divided",Snow,Clear,Twelve o'clock,Passenger Car,Superficial,N,Starting From Parked,2015-01-11 12:06,16,39.11929667,-77.23037667
N,Apparently Normal,No Misuse,N,No Injury,2624f929-5d5c-4bbe-b123-fea37ef99c69,D,MCP2582000L,Shoulder/Lap Belt(s),M,a7271fad-bd61-4989-ba8f-c411b7f8b28e,Same Direction Rear End,N,Non Intersection,Right Turn Lane,Dark Lights On,No Defects,"Two-way, Not Divided",Wet,Raining,Six o'clock,Passenger Car,Superficial,N,Slowing or Stopping,2015-01-04 0:06,74,39.07910798,-77.08763123
N,Apparently Normal,No Misuse,Y,No Injury,630675f9-4c03-48ca-a0c4-9135c6275418,D,MCP2582000L,Shoulder/Lap Belt(s),M,de6c892f-c78f-4ff2-b192-ebd6c6141c65,Same Direction Rear End,N,Non Intersection,Right Turn Lane,Dark Lights On,No Defects,"Two-way, Not Divided",Wet,Raining,Twelve o'clock,Passenger Car,Disabling,N,Slowing or Stopping,2015-01-04 0:06,27,39.07910798,-77.08763123
Y,Apparently Normal,No Misuse,N,No Injury,b26a7837-9ff4-4d74-9012-02a6a6b31e0f,D,MCP25970018,Shoulder/Lap Belt(s),M,a6f39c9d-d83c-4e34-9e3b-57a511481d55,Same Direction Rear End,N,Non Intersection,Acceleration Lane,Dark Lights On,No Defects,"Two-way, Not Divided",Dry,Clear,Six o'clock,Transit Bus,Superficial,N,Stopped in Traffic Lane,2015-02-12 18:39,35,38.99741333,-77.027485
Y,Apparently Normal,No Misuse,Y,No Injury,f0f8ff71-aae5-4ea0-ab74-f2958749a5f7,D,MCP2600000W,Shoulder/Lap Belt(s),M,10b96175-680e-47a9-aad5-695298c926b2,Single Vehicle ,N,Non Intersection,Acceleration Lane,Dark Lights On,No Defects,"Two-way, Divided, Positive Median Barrier",Wet,Clear,One o'clock,Transit Bus,Superficial,Y,Moving Constant Speed,2015-01-21 20:45,59,39.03779167,-76.98966
N,Apparently Normal,No Misuse,N,No Injury,9693dc38-9f8c-470a-8aac-d9e1412ea1f9,D,MCP2608000X,Shoulder/Lap Belt(s),M,0d91c0d3-e70a-4991-b735-25d1ce99e61f,Same Direction Rear End,N,Intersection,Acceleration Lane,Dark Lights On,No Defects,"Two-way, Divided, Positive Median Barrier",Dry,Clear,Six o'clock,Passenger Car,Superficial,N,Slowing or Stopping,2015-03-30 20:32,47,38.99881667,-77.03062333
N,Had Been Drinking,No Misuse,Y,No Injury,7cac8b29-fc29-46c7-b364-fa01997d6224,D,MCP2608000X,Shoulder/Lap Belt(s),M,5bc58092-e9b3-48f1-b878-8e3519be5e7f,Same Direction Rear End,N,Intersection,Acceleration Lane,Dark Lights On,No Defects,"Two-way, Divided, Positive Median Barrier",Dry,Clear,Twelve o'clock,Pickup Truck,Superficial,Y,Moving Constant Speed,2015-03-30 20:32,50,38.99881667,-77.03062333
N,Apparently Normal,No Misuse,Y,No Injury,6cd0f992-88a3-4319-b15a-7f0efe2f9160,D,MCP2635001N,Shoulder/Lap Belt(s),M,c8f5eb4d-9912-493d-a9fb-103f906bd147,Single Vehicle ,N,Non Intersection,Right Turn Lane,Dark Lights On,No Defects,"Two-way, Not Divided",Wet,Raining,One o'clock,Passenger Car,Disabling,N,Moving Constant Speed,2015-01-03 21:05,24,39.14424833,-77.058465
N,Apparently Normal,No Misuse,N,No Injury,c0f8bade-b77f-468a-b112-ab45118abb7e,D,MCP2639000L,Shoulder/Lap Belt(s),M,176ec78b-ed54-4dbf-acae-ace812880216,Same Direction Rear End,N,Non Intersection,Acceleration Lane,Dark Lights On,No Defects,"Two-way, Divided, Positive Median Barrier",Snow,Snow,Six o'clock,Passenger Car,Superficial,N,Moving Constant Speed,2015-02-14 22:40,43,39.022575,-77.045255
N,Apparently Normal,No Misuse,Y,No Injury,db19a6c1-1738-4500-bc4e-e5c9d67f3ac2,D,MCP2639000L,Shoulder/Lap Belt(s),M,5544a650-3f94-4207-827e-d193f2a3f0e3,Same Direction Rear End,N,Non Intersection,Acceleration Lane,Dark Lights On,No Defects,"Two-way, Divided, Positive Median Barrier",Snow,Snow,Twelve o'clock,Police Vehicle/Non Emergency,Functional,N,Slowing or Stopping,2015-02-14 22:40,28,39.022575,-77.045255
N,Apparently Normal,No Misuse,N,No Injury,610a2627-ea09-4d88-a94d-957f8e13f21a,D,MCP2639000P,Shoulder/Lap Belt(s),M,8450a2e7-c11b-472b-a872-9bd6e7f480f4,Same Direction Right Turn,N,Intersection,Right Turn Lane,Daylight,No Defects,"Two-way, Divided, Positive Median Barrier",Dry,Clear,Ten o'clock,Passenger Car,Superficial,Y,Stopped in Traffic Lane,2015-03-23 18:25,61,39.03233333,-77.04853
N,Apparently Normal,No Misuse,Y,No Injury,143719ad-031d-4215-8f4d-1b8ca5325fba,D,MCP2639000P,Shoulder/Lap Belt(s),M,edff9522-fc00-418d-bfe8-de9d0aac7fdc,Same Direction Right Turn,N,Intersection,Right Turn Lane,Daylight,No Defects,"Two-way, Divided, Positive Median Barrier",Dry,Clear,Two o'clock,Fire Vehicle/Emergency,No Damage,Y,Accelerating,2015-03-23 18:25,51,39.03233333,-77.04853
N,Apparently Normal,No Misuse,N,No Injury,97eb58ad-ed85-4e58-8b2a-4368c23d8ef8,D,MCP2651000F,Shoulder/Lap Belt(s),M,e0e637ca-d40f-46e3-802f-8feeda327655,Same Movement Angle,N,Intersection,Left Turn Lane,Dark Lights On,No Defects,"Two-way, Divided, Positive Median Barrier",Dry,Clear,Twelve o'clock,Passenger Car,Destroyed,N,Moving Constant Speed,2015-01-25 0:20,24,39.04644667,-76.98700833
N,Had Been Drinking,No Misuse,Y,No Injury,a27b25b8-f0c5-4d9d-85a3-b21298e94037,D,MCP2651000F,Shoulder/Lap Belt(s),M,976d1da5-6cbd-47b6-b51d-8668c117cae9,Same Movement Angle,N,Intersection,Left Turn Lane,Dark Lights On,No Defects,"Two-way, Divided, Positive Median Barrier",Dry,Clear,One o'clock,(Sport) Utility Vehicle,Destroyed,N,Accelerating,2015-01-25 0:20,62,39.04644667,-76.98700833
Y,Apparently Normal,No Misuse,Y,No Injury,8f35d33f-431b-41f5-95ff-10fd31ed1582,D,MCP2664000Z,Shoulder/Lap Belt(s),M,8edec3bf-24f6-4e89-8026-d27fb5b12c59,Single Vehicle ,N,Non Intersection,Right Turn Lane,Daylight,No Defects,"Two-way, Not Divided",Snow,Clear,Twelve o'clock,"Medium/Heavy Truck 2 axles (10,000 lbs (4,536 kg) or less)",Superficial,N,Making Left Turn,2015-02-17 12:33,43,39.0430768,-77.04609149
N,Apparently Normal,No Misuse,N,No Injury,9b5677a2-3150-45f7-bac3-9801de472db2,D,MCP2665000P,Shoulder/Lap Belt(s),M,d7eab8a5-e5c6-47ac-b9a3-391c944e4b39,Same Direction Rear End,N,Intersection,Right Turn Lane,Dark Lights On,No Defects,"Two-way, Not Divided",Dry,Cloudy,Six o'clock,Passenger Car,Functional,N,Stopped in Traffic Lane,2015-02-09 18:28,24,39.11689833,-77.203245
N,Apparently Normal,No Misuse,Y,No Injury,93fb86fc-ee25-4a12-87ef-25f24b2d7cad,D,MCP2665000P,Shoulder/Lap Belt(s),M,d62b8e3c-b2a5-43b8-a825-10d15a2964e0,Same Direction Rear End,N,Intersection,Right Turn Lane,Dark Lights On,No Defects,"Two-way, Not Divided",Dry,Cloudy,Twelve o'clock,"Other Light Trucks (10,000 lbs (4,536 kg))",Disabling,N,Moving Constant Speed,2015-02-09 18:28,64,39.11689833,-77.203245
N,Apparently Normal,No Misuse,N,No Injury,1df05481-b22e-47b1-80a6-0bdceb9758a8,D,MCP2666000H,Shoulder/Lap Belt(s),M,7bbb91ce-0b48-4a9b-a993-b97f5f11ed79,Single Vehicle ,N,Non Intersection,Left Turn Lane,Dark Lights On,No Defects,"Two-way, Divided, Positive Median Barrier",Wet,Raining,Twelve o'clock,Passenger Car,Functional,N,Moving Constant Speed,2015-01-13 0:05,47,39.097425,-76.93676
N,Apparently Normal,No Misuse,N,No Injury,cb427460-84a4-4f2b-a7be-ee0c3c2a2cf5,D,MCP2671000N,Shoulder/Lap Belt(s),M,518fa200-e33b-454a-8ba8-337728608727,Same Direction Rear End,N,Non Intersection,Right Turn Lane,Dark Lights On,No Defects,"Two-way, Divided, Positive Median Barrier",Dry,Clear,Six o'clock,Passenger Car,Functional,N,Slowing or Stopping,2015-02-22 19:43,48,39.01419167,-77.05793667
N,Apparently Normal,No Misuse,Y,No Injury,55041d63-34d0-4a64-b5b6-2d62a84c188d,D,MCP2671000N,Shoulder/Lap Belt(s),M,2126e37c-c03b-4b20-b91b-82ba22107024,Same Direction Rear End,N,Non Intersection,Right Turn Lane,Dark Lights On,No Defects,"Two-way, Divided, Positive Median Barrier",Dry,Clear,Twelve o'clock,Passenger Car,Functional,N,Slowing or Stopping,2015-02-22 19:43,67,39.01419167,-77.05793667
N,Apparently Normal,No Misuse,Y,No Injury,64285dff-330e-420f-9e31-93e6a604de6f,D,MCP2671000N,Shoulder/Lap Belt(s),M,a529d4fe-7c7f-402b-ac1e-ed7eb165cf61,Same Direction Rear End,N,Non Intersection,Right Turn Lane,Dark Lights On,No Defects,"Two-way, Divided, Positive Median Barrier",Dry,Clear,Twelve o'clock,Passenger Car,Disabling,N,Slowing or Stopping,2015-02-22 19:43,61,39.01419167,-77.05793667
N,Apparently Normal,No Misuse,N,No Injury,bcaaa2c1-b99e-432e-831c-50a093c8294f,D,MCP2671000P,Shoulder/Lap Belt(s),M,ff81fff2-c84d-4430-9a40-dee13dd97aee,Head On Left Turn,N,Intersection,Right Turn Lane,Dusk,No Defects,"Two-way, Not Divided",Wet,Clear,Twelve o'clock,Passenger Car,Superficial,N,Moving Constant Speed,2015-02-24 17:30,37,38.98730667,-77.02338667
N,Apparently Normal,No Misuse,Y,No Injury,e56b55fa-6127-4ca7-a7fc-2093d89241f2,D,MCP2671000P,Shoulder/Lap Belt(s),M,1c0b94de-d77a-42b1-96e8-4aaeacf08832,Head On Left Turn,N,Intersection,Right Turn Lane,Dusk,No Defects,"Two-way, Not Divided",Wet,Clear,Twelve o'clock,Passenger Car,Superficial,N,Making Left Turn,2015-02-24 17:30,20,38.98730667,-77.02338667
N,Apparently Normal,No Misuse,N,No Injury,23e5c081-e5c7-4665-a1f0-f23b41ac830b,D,MCP2674000F,Shoulder/Lap Belt(s),M,bb074865-7baf-478e-b22b-e980bec04ec1,Single Vehicle ,N,Non Intersection,Left Turn Lane,Dark Lights On,No Defects,"Two-way, Divided, Positive Median Barrier",Dry,Clear,One o'clock,Police Vehicle/Non Emergency,Functional,N,Moving Constant Speed,2015-03-16 1:04,45,39.17439,-77.237467
N,Apparently Normal,No Misuse,Y,No Injury,47bb2b5d-6edd-4b15-ae1e-c1dc0e7c77f7,D,MCP2678000M,Shoulder/Lap Belt(s),M,4462a652-24d6-4941-b5d0-3d9c9c25cf20,Single Vehicle ,N,Non Intersection,Right Turn Lane,Dark No Lights,No Defects,"Two-way, Not Divided",Snow,Snow,One o'clock,Passenger Car,Destroyed,N,Moving Constant Speed,2015-02-02 0:08,19,39.16241,-77.01456167
Y,Apparently Normal,No Misuse,N,No Injury,f40c7392-878e-4192-b0c7-918a7b400fb6,D,MCP2683000J,Shoulder/Lap Belt(s),M,c8abc775-53ed-456b-8666-1739aac129d9,Head On Left Turn,N,Intersection,Left Turn Lane,Daylight,No Defects,"Two-way, Divided, Unprotected (painted >4 feet) Median",Dry,Clear,Twelve o'clock,Transit Bus,Superficial,N,Moving Constant Speed,2015-01-23 7:47,66,39.15958833,-77.160925
N,Apparently Normal,No Misuse,N,No Injury,4c5411c9-ed94-4ca2-8152-7d842a863920,D,MCP2693000N,Shoulder/Lap Belt(s),M,3d78f70a-fd45-4fbe-94cc-d31dc7410bd9,Same Direction Rear End,N,Non Intersection,Right Turn Lane,Dark No Lights,No Defects,"Two-way, Divided, Positive Median Barrier",Snow,Blowing Snow,Twelve o'clock,Passenger Car,Superficial,N,Slowing or Stopping,2015-02-15 0:00,52,39.06751667,-77.08864833
N,Apparently Normal,No Misuse,Y,No Injury,325be3cd-ae12-4f42-9cf6-764c3c8a86ff,D,MCP2693000Q,Shoulder/Lap Belt(s),M,4f4c3e9c-9640-4ccc-bd48-b11652c91dad,Opposite Direction Sideswipe,N,Non Intersection,Right Turn Lane,Dark Lights On,No Defects,"Two-way, Not Divided",Snow,Snow,Twelve o'clock,Pickup Truck,No Damage,Y,Moving Constant Speed,2015-03-05 18:30,21,39.072765,-77.083495
N,Apparently Normal,No Misuse,Y,No Injury,980bd6ba-663b-4b59-8e9a-f0806e56094c,D,MCP26940015,Shoulder/Lap Belt(s),M,3bdd3e3d-9ea2-4b7f-86d6-8517cb35dd39,Same Direction Sideswipe,N,Non Intersection,Deceleration Lane,Dark Lights On,Shoulder Defect,"Two-way, Divided, Positive Median Barrier",Dry,Clear,Eleven o'clock,(Sport) Utility Vehicle,Superficial,N,Moving Constant Speed,2015-02-23 18:25,38,39.04251167,-77.11066167
N,Apparently Normal,No Misuse,N,No Injury,6cd40661-08cf-4a56-8be1-25711daaefb6,D,MCP2698000M,Shoulder/Lap Belt(s),M,a7d0b185-9e5c-4213-a391-e1f45d8455f7,Same Direction Rear End,N,Non Intersection,Right Turn Lane,Daylight,No Defects,"Two-way, Not Divided",Dry,Clear,Twelve o'clock,Passenger Car,Superficial,N,Stopped in Traffic Lane,2015-01-25 12:09,59,39.17452176,-77.0646286
N,Apparently Normal,No Misuse,Y,No Injury,b535e292-7a78-4a0d-a1a0-d83558feead4,D,MCP2704000H,Shoulder/Lap Belt(s),M,8767bd92-a359-49d4-9db8-345a03c237d5,Same Direction Sideswipe,N,Non Intersection,Right Turn Lane,Dark Lights On,No Defects,"Two-way, Not Divided",Ice,Wintry Mix,Five o'clock,Passenger Car,Functional,N,Leaving Traffic Lane,2015-02-22 5:14,39,39.07593667,-77.06875667
N,Apparently Normal,No Misuse,N,No Injury,b54607f7-c296-4832-bf61-b1d64c8c7397,D,MCP27170010,Shoulder/Lap Belt(s),M,2cd9624d-f242-438a-ab22-61b485758096,Angle Meets Right Turn,N,Intersection,Left Turn Lane,Dark Lights On,No Defects,"Two-way, Divided, Positive Median Barrier",Ice,Clear,Twelve o'clock,Passenger Car,Disabling,N,Moving Constant Speed,2015-02-17 23:06,46,39.07582833,-76.94105
N,Apparently Normal,No Misuse,Y,No Injury,93ebb7c7-cc67-44dc-93a7-4bd42e9fc47e,D,MCP27170010,Shoulder/Lap Belt(s),M,a9025659-ba9f-4d18-b280-345e13c4d8f3,Angle Meets Right Turn,N,Intersection,Left Turn Lane,Dark Lights On,No Defects,"Two-way, Divided, Positive Median Barrier",Ice,Clear,Eleven o'clock,Passenger Car,Disabling,N,Starting From Lane,2015-02-17 23:06,27,39.07582833,-76.94105
N,Apparently Normal,No Misuse,N,No Injury,d40a237e-d9dc-4889-909d-a3416b6c7722,D,MCP2720000W,Shoulder/Lap Belt(s),M,5530643e-e4db-4afc-ba64-1e420392e71b,Same Movement Angle,N,Intersection,Right Turn Lane,Dark Lights On,No Defects,"Two-way, Not Divided",Dry,Clear,One o'clock,Passenger Car,Disabling,N,Moving Constant Speed,2015-02-12 22:37,40,39.08679667,-77.073845
Y,Apparently Normal,No Misuse,N,No Injury,3cd0b155-b68e-44a2-82ff-cda9f12ffe37,D,MCP2720000Y,Shoulder/Lap Belt(s),M,4aa7b701-4b72-4d52-86bf-ac9a4a42a311,Same Direction Rear End,Y,Non Intersection,Right Turn Lane,Dark - Unknown Lighting,No Defects,"Two-way, Divided, Positive Median Barrier",Dry,Clear,Six o'clock,Passenger Car,Disabling,N,Parked  ,2015-02-19 19:00,60,39.066245,-77.08871167
N,Had Been Drinking,No Misuse,Y,No Injury,abd1889e-30a6-4c54-b7cf-beaca67e6ca1,D,MCP2720000Y,Shoulder/Lap Belt(s),M,df6487d4-9bb6-4e6f-9f3f-a3b045b2695d,Same Direction Rear End,Y,Non Intersection,Right Turn Lane,Dark - Unknown Lighting,No Defects,"Two-way, Divided, Positive Median Barrier",Dry,Clear,Twelve o'clock,Passenger Car,Disabling,N,Moving Constant Speed,2015-02-19 19:00,54,39.066245,-77.08871167
N,Apparently Normal,No Misuse,N,No Injury,144ff7b1-8ea2-450e-b29a-237c3c19d9d5,D,MCP2725000L,Shoulder/Lap Belt(s),M,c20746f4-3ea2-4678-a19e-15cf16fb83e7,Same Movement Angle,N,Non Intersection,Acceleration Lane,Dark No Lights,No Defects,"Two-way, Divided, Positive Median Barrier",Wet,Raining,Six o'clock,Passenger Car,Disabling,N,Moving Constant Speed,2015-01-23 22:00,76,39.087605,-77.079345
N,Apparently Normal,No Misuse,N,No Injury,5c7a35c9-9e1b-4b98-a8a8-3c07c1c092f6,D,MCP2728000W,Shoulder/Lap Belt(s),M,8d474264-f904-4c61-8a7e-82abde691aac,Same Direction Sideswipe,N,Intersection Related,Acceleration Lane,Daylight,No Defects,"Two-way, Divided, Positive Median Barrier",Dry,Clear,One o'clock,Passenger Car,Superficial,N,Moving Constant Speed,2015-01-14 16:33,49,39.015265,-76.97686333
N,Apparently Normal,No Misuse,N,No Injury,1ea9a1cc-8206-49fc-84d6-5eb3820ddddc,D,MCP2728000W,Shoulder/Lap Belt(s),M,9dbca175-e0f1-47eb-8364-10c6d4b3d00e,Same Direction Sideswipe,N,Intersection Related,Acceleration Lane,Daylight,No Defects,"Two-way, Divided, Positive Median Barrier",Dry,Clear,Two o'clock,Passenger Car,Superficial,N,Moving Constant Speed,2015-01-14 16:33,35,39.015265,-76.97686333
N,Apparently Normal,No Misuse,Y,No Injury,4f28cf2c-d60b-4133-a708-d86b6096107b,D,MCP2728000W,Shoulder/Lap Belt(s),M,f55ce8c1-ec8a-48bc-af48-7b04592d3683,Same Direction Sideswipe,N,Intersection Related,Acceleration Lane,Daylight,No Defects,"Two-way, Divided, Positive Median Barrier",Dry,Clear,Eleven o'clock,Passenger Car,Functional,Y,Changing Lanes,2015-01-14 16:33,20,39.015265,-76.97686333
N,Apparently Normal,No Misuse,N,No Injury,dea28c67-6acf-44fd-b1de-b41493fea3c5,D,MCP27280013,Shoulder/Lap Belt(s),M,69791439-2bfc-4e26-9aaf-037c17f0ab2e,Same Movement Angle,N,Intersection,Right Turn Lane,Daylight,No Defects,"Two-way, Divided, Unprotected (painted >4 feet) Median",Dry,Clear,Twelve o'clock,Passenger Car,Superficial,N,Moving Constant Speed,2015-03-21 17:35,24,38.99885667,-76.99834
N,Apparently Normal,No Misuse,N,No Injury,f8d5b0f9-c3f4-4db6-b340-ada9159e8d04,D,MCP2732000L,Shoulder/Lap Belt(s),M,67f1b98d-d8ef-4b44-a83d-f0fc555f2a6d,Head On Left Turn,N,Intersection,Right Turn Lane,Dark Lights On,No Defects,"Two-way, Divided, Positive Median Barrier",Dry,Clear,Twelve o'clock,Passenger Car,Functional,N,Moving Constant Speed,2015-02-07 19:02,30,39.07523333,-76.99388833
N,Apparently Normal,No Misuse,Y,No Injury,899ea605-c4a4-4006-a460-4d1dabd4bc13,D,MCP2732000L,Shoulder/Lap Belt(s),M,21807c7b-9c6c-46e4-8a98-b3a9624962b3,Head On Left Turn,N,Intersection,Right Turn Lane,Dark Lights On,No Defects,"Two-way, Divided, Positive Median Barrier",Dry,Clear,Twelve o'clock,Passenger Car,Disabling,N,Making Left Turn,2015-02-07 19:02,49,39.07523333,-76.99388833
N,Apparently Normal,No Misuse,N,No Injury,092e7252-9bc6-47d8-b43b-39339d5791e1,D,MCP2732000N,Shoulder/Lap Belt(s),M,dd1e06c6-9d6f-4257-878c-241ae59d8687,Same Direction Sideswipe,N,Non Intersection,Deceleration Lane,Daylight,No Defects,"Two-way, Divided, Positive Median Barrier",Wet,Clear,Nine o'clock,Passenger Car,Superficial,N,Slowing or Stopping,2015-02-23 16:10,43,39.06451667,-77.03892