CDL_FLAG,CONDITION_CODE,EQUIP_PROB_CODE,FAULT_FLAG,INJ_SEVER_CODE,PERSON_ID,PERSON_TYPE,REPORT_NO,SAF_EQUIP_CODE,SEX_CODE,VEHICLE_ID,COLLISION_TYPE_CODE,C_M_ZONE_FLAG,JUNCTION_CODE,LANE_CODE,LIGHT_CODE,RD_COND_CODE,RD_DIV_CODE,SURF_COND_CODE,WEATHER_CODE,AREA_DAMAGED_CODE_MAIN,BODY_TYPE_CODE,DAMAGE_CODE,HIT_AND_RUN_FLAG,MOVEMENT_CODE,TIME,AGE,LATITUDE,LONGITUDE
N,Apparently Normal,No Misuse,Y,No Injury,d6b98523-e3ac-4fc1-acfe-ef969b0d90b6,D,MCP27360020,Shoulder/Lap Belt(s),M,d304535e-71e1-4937-b355-75ac22dc1698,Same Direction Rear End,N,Non Intersection,Right Turn Lane,Dark Lights On,No Defects,One-way Trafficway,Snow,Sleet,Six o'clock,Pickup Truck,Superficial,Y,Backing,2015-03-01 22:22,33,38.96617436,-77.11939931
N,Apparently Normal,No Misuse,N,No Injury,6849e3d8-b8d4-4508-8b8b-3c92e6eb02b5,D,MCP2737000T,Shoulder/Lap Belt(s),M,af6e2e4b-83c3-4093-b498-b8091af8d713,Single Vehicle ,N,Intersection Related,Right Turn Lane,Dark Lights On,No Defects,"Two-way, Divided, Positive Median Barrier",Snow,Snow,Eleven o'clock,(Sport) Utility Vehicle,Functional,N,Making Right Turn,2015-01-06 5:28,48,39.109474,-77.076195
N,Apparently Normal,No Misuse,N,No Injury,db65c235-058f-421e-98e2-84d3584f4cc3,D,MCP27470012,Shoulder/Lap Belt(s),M,0cc87abb-a2a2-4427-8f8c-04e129bcc044,Angle Meets Left Turn,N,Intersection,Left Turn Lane,Daylight,No Defects,"Two-way, Not Divided",Dry,Clear,Eleven o'clock,Passenger Car,Disabling,N,Making Left Turn,2015-03-09 18:30,73,39.09072667,-77.058545
N,Apparently Normal,No Misuse,Y,No Injury,5b759734-37aa-416d-aec9-9790f610bf82,D,MCP27470012,Shoulder/Lap Belt(s),M,089db9c7-8c4a-4cea-8d10-0c79cbc80de0,Angle Meets Left Turn,N,Intersection,Left Turn Lane,Daylight,No Defects,"Two-way, Not Divided",Dry,Clear,Twelve o'clock,Passenger Car,Functional,N,Moving Constant Speed,2015-03-09 18:30,21,39.09072667,-77.058545
N,Apparently Normal,No Misuse,Y,No Injury,6d5e068a-ec16-46c8-95d5-b4a341b37d6a,D,MCP27500013,Shoulder/Lap Belt(s),M,d81a6c07-ba59-49df-a3df-4e94b6adc3f1,Same Direction Rear End,N,Non Intersection,Acceleration Lane,Daylight,No Defects,"Two-way, Divided, Positive Median Barrier",Wet,Clear,Six o'clock,Passenger Car,Functional,N,Moving Constant Speed,2015-02-22 15:40,19,39.05923833,-77.058915
N,Apparently Normal,No Misuse,N,No Injury,eeabd8e1-b51f-4cb9-b4e9-0838ee9ed6d8,D,MCP27500014,Shoulder/Lap Belt(s),M,565a6e3d-c7a3-47a2-98bf-759be5b15a00,Same Direction Sideswipe,N,Non Intersection,Left Turn Lane,Dark No Lights,No Defects,"Two-way, Not Divided",Snow,Wintry Mix,Five o'clock,Passenger Car,Functional,N,Moving Constant Speed,2015-03-04 19:53,27,39.03856167,-77.05434667
N,Apparently Normal,No Misuse,N,No Injury,107716ee-281f-4810-b53c-892beeb80da4,D,MCP2753000L,Shoulder/Lap Belt(s),M,18af44cc-c9c9-47cd-84b0-79c3669dee55,Same Movement Angle,N,Intersection,Right Turn Lane,Dark Lights On,No Defects,"Two-way, Not Divided",Dry,Clear,Five o'clock,Passenger Car,Functional,N,Moving Constant Speed,2015-01-05 6:55,55,39.04077,-77.02405667
N,Apparently Normal,No Misuse,N,No Injury,526b3f65-e5c9-45c9-9929-6bf3b345e3f5,D,MCP2756000N,Shoulder/Lap Belt(s),M,78299790-93b8-47b6-a874-4a1bf373e8a1,Single Vehicle ,N,Non Intersection,Right Turn Lane,Dark Lights On,No Defects,"Two-way, Not Divided",Wet,Raining,Twelve o'clock,Passenger Car,Disabling,N,Moving Constant Speed,2015-01-23 20:12,40,39.05030333,-77.07400333
N,Apparently Normal,No Misuse,N,Non-incapacitating Injury,13c43ac4-30e9-404c-8d97-a50c353e29e6,D,MCP27650016,Shoulder/Lap Belt(s),M,717f6389-c5e3-4351-8b6e-656ada9b6420,Same Movement Angle,N,Intersection,Right Turn Lane,Daylight,No Defects,"Two-way, Divided, Positive Median Barrier",Dry,Clear,Six o'clock,Passenger Car,Superficial,N,Moving Constant Speed,2015-01-28 15:36,22,39.07342769,-77.1118784
N,Apparently Normal,No Misuse,Y,No Injury,a918f4f4-a4e6-4e4d-b7fb-0735fea78674,D,MCP2766000V,Shoulder/Lap Belt(s),M,4c421784-2b8c-4920-a79b-b84df2cee0d5,Same Movement Angle,N,Intersection,Acceleration Lane,Daylight,No Defects,"Two-way, Divided, Positive Median Barrier",Dry,Clear,One o'clock,(Sport) Utility Vehicle,Functional,N,Moving Constant Speed,2015-01-05 15:23,42,39.056425,-76.693275
N,Apparently Normal,No Misuse,N,No Injury,e6ca314b-defe-4e4a-afc6-6e1e52a1b016,D,MCP2766000Y,Shoulder/Lap Belt(s),M,e9bdb7a2-1686-444c-833d-9d0020291eee,Same Movement Angle,N,Intersection,Left Turn Lane,Dark Lights On,No Defects,"Two-way, Divided, Positive Median Barrier",Wet,Sleet,Twelve o'clock,Passenger Car,Disabling,N,Moving Constant Speed,2015-01-23 18:10,24,39.09945,-77.09971833
N,Apparently Normal,No Misuse,Y,No Injury,9c635788-2e73-45ba-bf33-f3a87a0ff3b9,D,MCP2766000Y,Shoulder/Lap Belt(s),M,e59b9834-6b29-4ae2-a50c-90bf888ada55,Same Movement Angle,N,Intersection,Left Turn Lane,Dark Lights On,No Defects,"Two-way, Divided, Positive Median Barrier",Wet,Sleet,Four o'clock,Passenger Car,Disabling,N,Making Right Turn,2015-01-23 18:10,61,39.09945,-77.09971833
N,Apparently Normal,No Misuse,Y,No Injury,62898e23-8534-47f8-abc6-fa933812eff1,D,MCP27840018,Shoulder/Lap Belt(s),M,b8eb722c-aebf-4e72-bfd2-3388fb41ea24,Single Vehicle ,N,Non Intersection,Right Turn Lane,Dark Lights On,No Defects,"Two-way, Not Divided",Snow,Snow,Two o'clock,Passenger Car,Disabling,N,Moving Constant Speed,2015-01-26 19:46,34,39.16730333,-77.06011
N,Apparently Normal,No Misuse,N,No Injury,43723585-c033-4322-97a9-24c4da68091b,D,MCP2786000M,Shoulder/Lap Belt(s),M,a5d3892f-fd84-41fc-9f75-01d025c5796d,Same Movement Angle,N,Intersection,Left Turn Lane,Dark Lights On,No Defects,"Two-way, Divided, Positive Median Barrier",Ice,Cloudy,Twelve o'clock,Police Vehicle/Emergency,Functional,N,Moving Constant Speed,2015-02-15 1:09,34,38.99286833,-76.99135333
N,Apparently Normal,No Misuse,N,No Injury,273d759c-0831-4d05-8c9f-f875a79f3b55,D,MCP2790000J,Shoulder/Lap Belt(s),M,3dbd23af-846b-4177-8bd9-20a2c04030b2,Same Direction Rear End,N,Intersection,Left Turn Lane,Dark Lights On,No Defects,"Two-way, Divided, Positive Median Barrier",Dry,Clear,Six o'clock,Pickup Truck,Superficial,N,Stopped in Traffic Lane,2015-02-19 23:54,43,39.19202833,-77.243195
N,Apparently Normal,No Misuse,N,No Injury,0d9c3ab5-d75e-4f6b-ba8f-81dadcb131ae,D,MCP2790000J,Shoulder/Lap Belt(s),M,e1ed6687-b073-4979-88dc-bd05b982018f,Same Direction Rear End,N,Intersection,Left Turn Lane,Dark Lights On,No Defects,"Two-way, Divided, Positive Median Barrier",Dry,Clear,Six o'clock,Police Vehicle/Emergency,Functional,N,Stopped in Traffic Lane,2015-02-19 23:54,31,39.19202833,-77.243195
N,Had Been Drinking,No Misuse,Y,No Injury,4f8e1873-f6f6-420b-b92f-abe9c47ce9df,D,MCP2790000J,Shoulder/Lap Belt(s),M,ec17cd94-d2c4-4d16-9bd9-801b1c04dda8,Same Direction Rear End,N,Intersection,Left Turn Lane,Dark Lights On,No Defects,"Two-way, Divided, Positive Median Barrier",Dry,Clear,Twelve o'clock,Passenger Car,Disabling,N,Moving Constant Speed,2015-02-19 23:54,26,39.19202833,-77.243195
N,Apparently Normal,No Misuse,N,No Injury,88c49125-4878-4c38-9391-25c806d90fac,D,MCP27920007,Shoulder/Lap Belt(s),M,ae81e017-4468-449d-b229-3ad5d1b593e9,Single Vehicle ,N,Non Intersection,Right Turn Lane,Dark Lights On,No Defects,"Two-way, Not Divided",Dry,Clear,Twelve o'clock,Police Vehicle/Emergency,Superficial,N,Moving Constant Speed,2015-01-06 2:29,49,39.225745,-77.291885
N,Apparently Normal,No Misuse,Y,No Injury,93fa218e-599c-4472-841a-6b3057c7a053,D,MCP2796001G,Shoulder/Lap Belt(s),M,3642ffcd-f589-49c3-bc83-3dbab07bda1f,Single Vehicle ,N,Intersection,Right Turn Lane,Daylight,No Defects,"Two-way, Divided, Positive Median Barrier",Wet,Clear,One o'clock,Passenger Car,Disabling,N,Moving Constant Speed,2015-03-08 8:40,28,39.07795667,-77.12777667
N,Apparently Normal,No Misuse,N,No Injury,4809631e-de3a-4b4d-918f-8ef3baefec98,D,MCP2796001M,Shoulder/Lap Belt(s),M,c343e1b1-133b-478a-9577-2842963891fc,Angle Meets Left Turn,N,Crossover Related,Right Turn Lane,Daylight,No Defects,"Two-way, Divided, Positive Median Barrier",Dry,Clear,Eight o'clock,"Medium/Heavy Truck 2 axles (10,000 lbs (4,536 kg) or less)",Functional,N,Moving Constant Speed,2015-03-30 14:01,39,39.085665,-77.07891667
N,Apparently Normal,No Misuse,N,No Injury,308152f8-d31f-4388-8d09-e3c62c330670,D,MCP2798000V,Shoulder/Lap Belt(s),M,5bfef655-cf6a-45ce-bd8b-4fda106d6c71,Same Direction Sideswipe,N,Intersection,Right Turn Lane,Dark Lights On,No Defects,"Two-way, Divided, Positive Median Barrier",Dry,Clear,One o'clock,Passenger Car,Disabling,N,Moving Constant Speed,2015-03-29 3:15,28,39.02675,-77.04663
N,Apparently Normal,No Misuse,Y,No Injury,33bc443a-89a4-4099-824e-d0806c9d7787,D,MCP2813000V,Shoulder/Lap Belt(s),M,58533280-e039-463a-bd36-eeed722964eb,Single Vehicle ,N,Intersection,Right Turn Lane,Daylight,No Defects,"Two-way, Not Divided",Ice,Snow,Twelve o'clock,Passenger Car,No Damage,N,Slowing or Stopping,2015-01-06 8:04,28,39.05038833,-77.07255167
N,Apparently Normal,No Misuse,N,No Injury,75c585a2-1b75-48b3-8a4d-929c56d12d4a,D,MCP28180011,Shoulder/Lap Belt(s),M,1a44ba86-32c2-4a6e-b425-3790ba8db422,Same Direction Rear End,N,Non Intersection,Deceleration Lane,Dawn,No Defects,"Two-way, Divided, Positive Median Barrier",Dry,Clear,Six o'clock,Passenger Car,Functional,N,Slowing or Stopping,2015-03-24 19:25,47,39.01672167,-77.04260833
N,Apparently Normal,No Misuse,N,No Injury,dbcea6a0-f647-496c-987f-a302f2128e11,D,MCP28180011,Shoulder/Lap Belt(s),M,17e7dec0-373e-402f-be8a-0f7846e9fdb0,Same Direction Rear End,N,Non Intersection,Deceleration Lane,Dawn,No Defects,"Two-way, Divided, Positive Median Barrier",Dry,Clear,Six o'clock,Passenger Car,Disabling,N,Slowing or Stopping,2015-03-24 19:25,35,39.01672167,-77.04260833
N,Apparently Normal,No Misuse,Y,No Injury,dbe77c88-9da5-4896-a905-08e425434b77,D,MCP28180011,Shoulder/Lap Belt(s),M,a082f8fe-9fb1-4ef8-ac77-d0d815010391,Same Direction Rear End,N,Non Intersection,Deceleration Lane,Dawn,No Defects,"Two-way, Divided, Positive Median Barrier",Dry,Clear,Twelve o'clock,Pickup Truck,Functional,N,Slowing or Stopping,2015-03-24 19:25,36,39.01672167,-77.04260833
Y,Apparently Normal,No Misuse,N,No Injury,602ad6d6-2c5d-4552-b050-11134935a09b,D,MCP28660011,Shoulder/Lap Belt(s),M,03f723cd-dd48-400d-ac9e-940a013501b3,Same Direction Rear End,N,Non Intersection,Acceleration Lane,Daylight,No Defects,"Two-way, Divided, Unprotected (painted >4 feet) Median",Dry,Clear,Six o'clock,Transit Bus,Superficial,N,Stopped in Traffic Lane,2015-03-19 15:02,36,38.98055167,-77.07695167
N,Apparently Normal,No Misuse,N,No Injury,ba2827c6-2eca-4255-96ac-c095fd092114,D,MCP2868000T,Shoulder/Lap Belt(s),M,9701e387-b814-4f38-99c3-6e9e80227d20,Single Vehicle ,N,Intersection,Right Turn Lane,Daylight,No Defects,"Two-way, Not Divided",Ice,Blowing Snow,Eleven o'clock,Passenger Car,No Damage,N,Moving Constant Speed,2015-01-06 16:13,64,39.01712,-77.22163167
N,Apparently Normal,No Misuse,N,No Injury,6b87f583-ad14-4882-9fc6-ea9cb0d68eb9,D,MCP2869000H,Shoulder/Lap Belt(s),M,e5491588-07f9-4f0d-844e-07ad0ff587f2,Same Movement Angle,N,Intersection,Acceleration Lane,Daylight,No Defects,"Two-way, Divided, Positive Median Barrier",Dry,Clear,Twelve o'clock,Passenger Car,Functional,N,Moving Constant Speed,2015-02-27 7:22,49,39.031955,-77.04846167
N,Apparently Normal,No Misuse,Y,No Injury,0481e67f-cf0d-4013-a1b8-935fcf218ef5,D,MCP2869000H,Shoulder/Lap Belt(s),M,4fa3953f-39f8-44d5-ad3f-1de8272e9c0d,Same Movement Angle,N,Intersection,Acceleration Lane,Daylight,No Defects,"Two-way, Divided, Positive Median Barrier",Dry,Clear,Four o'clock,Passenger Car,Superficial,N,Making Left Turn,2015-02-27 7:22,35,39.031955,-77.04846167
N,Apparently Normal,No Misuse,Y,No Injury,8d0e079d-57ad-482c-bc6e-1e1fbd0de6bb,D,MCP2871001B,Shoulder/Lap Belt(s),M,97ccc124-55a9-44bf-8449-352cfb178334,Single Vehicle ,N,Intersection Related,Acceleration Lane,Dark Lights On,No Defects,"Two-way, Divided, Positive Median Barrier",Wet,Raining,Twelve o'clock,Passenger Car,Disabling,N,Accelerating,2015-03-31 20:21,27,39.0342,-77.12535167
N,Apparently Normal,No Misuse,Y,No Injury,b5758745-3920-4d1d-9aa4-9a73f4d5d6a6,D,MCP2872000W,Shoulder/Lap Belt(s),M,e10cf36b-689d-4d9d-88c3-7829cade5da0,Same Direction Rear End,N,Non Intersection,Right Turn Lane,Daylight,No Defects,"Two-way, Divided, Positive Median Barrier",Dry,Clear,Twelve o'clock,Van,Functional,N,Slowing or Stopping,2015-02-12 7:55,46,39.15136667,-77.21067333
N,Apparently Normal,No Misuse,N,Non-incapacitating Injury,cde19962-d9d3-49d9-9239-332a1fef5792,D,MCP2872000W,Shoulder/Lap Belt(s),M,bbc002e4-3ffc-4c6b-a1dc-b50a1b2619ff,Same Direction Rear End,N,Non Intersection,Right Turn Lane,Daylight,No Defects,"Two-way, Divided, Positive Median Barrier",Dry,Clear,Six o'clock,Passenger Car,Functional,N,Slowing or Stopping,2015-02-12 7:55,52,39.15136667,-77.21067333
N,Apparently Normal,No Misuse,N,No Injury,621ea69f-1761-4adf-bb6e-e2ff92e2a7ba,D,MCP2885000T,Shoulder/Lap Belt(s),M,8a2d0e81-0be4-48d2-bcf0-4d04ebfb46a6,Same Direction Rear End,N,Non Intersection,Deceleration Lane,Daylight,No Defects,"Two-way, Divided, Positive Median Barrier",Dry,Clear,Six o'clock,Passenger Car,Functional,N,Stopped in Traffic Lane,2015-03-12 9:19,26,39.03534,-77.02574167
Y,Apparently Normal,No Misuse,Y,No Injury,f0b527b4-26a7-4690-bb9e-bbe2e15e8d70,D,MCP2885000T,Shoulder/Lap Belt(s),M,57e2c80c-b484-487a-8c75-7e550a658a44,Same Direction Rear End,N,Non Intersection,Deceleration Lane,Daylight,No Defects,"Two-way, Divided, Positive Median Barrier",Dry,Clear,Twelve o'clock,Fire Vehicle/Emergency,Disabling,N,Slowing or Stopping,2015-03-12 9:19,28,39.03534,-77.02574167
N,Apparently Normal,No Misuse,Y,No Injury,527a6bbf-1c50-4e09-82f0-3910387b2c35,D,MCP2895000T,Shoulder/Lap Belt(s),M,7e085525-2e41-4ad1-b05b-308f9a15b2ee,Same Direction Sideswipe,N,Non Intersection,Right Turn Lane,Dawn,No Defects,"Two-way, Not Divided",Wet,Raining,Two o'clock,Police Vehicle/Emergency,Superficial,N,Moving Constant Speed,2015-01-24 7:32,31,39.18522,-77.23744833
N,Apparently Normal,No Misuse,N,No Injury,25f4ab9b-bd1a-4f37-81a8-ca00696feba6,D,MCP2895000V,Shoulder/Lap Belt(s),M,6f02c5bf-5382-46db-ae2b-d65bf085d457,Head On Left Turn,N,Intersection,Right Turn Lane,Dark No Lights,No Defects,"Two-way, Divided, Positive Median Barrier",Dry,Clear,Two o'clock,Van,Superficial,N,Accelerating,2015-02-12 6:23,57,39.18549,-77.240085
N,Apparently Normal,No Misuse,Y,No Injury,789b34d8-2c3e-4d7c-8dbf-eddaa200e981,D,MCP2895000V,Shoulder/Lap Belt(s),M,b385eb08-6ba3-4e04-bf2f-ad16cf0c6d0a,Head On Left Turn,N,Intersection,Right Turn Lane,Dark No Lights,No Defects,"Two-way, Divided, Positive Median Barrier",Dry,Clear,Twelve o'clock,Passenger Car,Functional,N,Moving Constant Speed,2015-02-12 6:23,50,39.18549,-77.240085
N,Apparently Normal,No Misuse,N,No Injury,9df37837-ca38-4489-b83d-8d24652a546c,D,MCP2902000N,Shoulder/Lap Belt(s),M,6eb69d58-f1b2-4d9e-9322-a44c31df648f,Same Direction Rear End,N,Non Intersection,Acceleration Lane,Daylight,No Defects,"Two-way, Not Divided",Dry,Clear,Six o'clock,Passenger Car,Functional,N,Moving Constant Speed,2015-02-11 8:19,52,39.17406,-77.25093
N,Apparently Normal,No Misuse,N,No Injury,cfea73ab-7703-434e-a167-406f13afe9c0,D,MCP2905000Y,Shoulder/Lap Belt(s),M,00ce3b3b-f8d8-4f7f-9141-a9ea705663e9,Head On Left Turn,N,Intersection Related,Left Turn Lane,Dark Lights On,No Defects,"Two-way, Divided, Positive Median Barrier",Dry,Clear,Six o'clock,Passenger Car,Superficial,N,Moving Constant Speed,2015-02-06 18:45,25,39.01293167,-77.117455
N,Apparently Normal,No Misuse,Y,No Injury,b8409825-dec7-4318-b5d1-6d7707bee8ea,D,MCP2905000Y,Shoulder/Lap Belt(s),M,15d43895-0a5f-4ded-8c52-fdf5f0834b5e,Head On Left Turn,N,Intersection Related,Left Turn Lane,Dark Lights On,No Defects,"Two-way, Divided, Positive Median Barrier",Dry,Clear,Twelve o'clock,Passenger Car,Disabling,N,Making Left Turn,2015-02-06 18:45,23,39.01293167,-77.117455
N,Apparently Normal,No Misuse,N,No Injury,0924b12d-a74b-47b2-8cb1-5740a5704fdc,D,MCP29100013,Shoulder/Lap Belt(s),M,f3a1db49-3840-4383-83c2-e83f74de34ae,Head On Left Turn,N,Intersection,Right Turn Lane,Daylight,No Defects,"Two-way, Not Divided",Dry,Clear,Two o'clock,Passenger Car,Disabling,N,Moving Constant Speed,2015-02-18 12:24,75,39.01575833,-77.04201667
N,Apparently Normal,No Misuse,Y,No Injury,1416cecd-dfdd-4d77-a30a-9ec2161f6479,D,MCP29100013,Shoulder/Lap Belt(s),M,a18595fc-16eb-4265-b851-ae54f5520a3b,Head On Left Turn,N,Intersection,Right Turn Lane,Daylight,No Defects,"Two-way, Not Divided",Dry,Clear,Twelve o'clock,Passenger Car,Functional,N,Making Left Turn,2015-02-18 12:24,58,39.01575833,-77.04201667
N,Apparently Normal,No Misuse,N,No Injury,6b39e08d-19ed-4de5-815a-7683e70131be,D,MCP9112001B,Shoulder/Lap Belt(s),M,30e997ff-0935-4571-8f49-e4c657f7c858,Same Movement Angle,N,Intersection,Left Turn Lane,Daylight,No Defects,"Two-way, Divided, Positive Median Barrier",Dry,Clear,Four o'clock,Police Vehicle/Emergency,Disabling,N,Accelerating,2015-02-24 10:38,32,39.07597667,-77.00205833
N,Apparently Normal,No Misuse,N,No Injury,07eefcb6-dd9e-4bb7-8b1f-5242cba34cc1,D,MCP9113000H,Shoulder/Lap Belt(s),M,bfc5f5d0-0797-45de-a10e-0cff2cb3822d,Same Direction Rear End,N,Non Intersection,Right Turn Lane,Daylight,No Defects,"Two-way, Not Divided",Dry,Clear,Six o'clock,Pickup Truck,Superficial,N,Stopped in Traffic Lane,2015-01-05 16:32,41,39.20656,-77.063575
N,Apparently Normal,No Misuse,N,Possible Incapacitating Injury,a749c7b9-0d03-4bff-97b6-311b9fc46c91,D,MCP9113000H,Shoulder/Lap Belt(s),M,3d4028ac-c3db-4eb9-b27f-69262deb7b22,Same Direction Rear End,N,Non Intersection,Right Turn Lane,Daylight,No Defects,"Two-way, Not Divided",Dry,Clear,Six o'clock,Passenger Car,Disabling,N,Stopped in Traffic Lane,2015-01-05 16:32,29,39.20656,-77.063575
N,Apparently Normal,No Misuse,Y,No Injury,ffc63084-9941-4ab7-b29b-e16456be0b3c,D,MCP91330007,Shoulder/Lap Belt(s),M,f2197f7f-cc67-4b0c-8dd0-ebabad332f8d,Same Direction Rear End Right Turn,N,Intersection Related,Left Turn Lane,Daylight,No Defects,"Two-way, Divided, Positive Median Barrier",Dry,Clear,Twelve o'clock,"Other Light Trucks (10,000 lbs (4,536 kg))",Disabling,N,Moving Constant Speed,2015-01-15 7:39,39,39.16792833,-77.267475
N,Apparently Normal,No Misuse,Y,No Injury,e759c284-06bc-4615-88fe-4e43569dc197,D,MCP91330008,Shoulder/Lap Belt(s),M,61aa071d-f42e-4951-8c37-4a79236572d2,Single Vehicle ,N,Non Intersection,Right Turn Lane,Daylight,Foreign Material,"Two-way, Not Divided",Ice,Clear,Three o'clock,Passenger Car,Disabling,N,Skidding,2015-01-15 8:46,57,39.13366833,-77.26814667
N,Apparently Normal,No Misuse,N,No Injury,6774ba23-0b9b-413c-9afd-66286fa7423c,D,MCP93170008,Shoulder/Lap Belt(s),M,66c9643b-3aab-4f0c-b8e7-01704a6c7d0a,Same Direction Sideswipe,N,Non Intersection,Acceleration Lane,Daylight,No Defects,"Two-way, Not Divided",Slush,Clear,Nine o'clock,Passenger Car,Superficial,N,Moving Constant Speed,2015-03-06 12:07,54,38.99535333,-77.01938167
N,Apparently Normal,No Misuse,Y,No Injury,55b0d40e-e756-44aa-a684-41c4a03d6b64,D,MCP9366000C,Shoulder/Lap Belt(s),M,6b9cbf9a-9f3c-480c-adea-ec08a73ea1fd,Single Vehicle ,N,Non Intersection,Right Turn Lane,Dark Lights On,No Defects,"Two-way, Not Divided",Snow,Snow,Twelve o'clock,Police Vehicle/Emergency,Disabling,N,Skidding,2015-02-02 0:18,28,39.17432667,-77.05345167
N,Apparently Normal,No Misuse,N,No Injury,dc27fb65-5605-482b-86f0-90aac43e4ac9,D,MCP93690006,Shoulder/Lap Belt(s),M,a0614cbc-339a-4f16-a609-b0a1fa46a6db,Same Direction Rear End,N,Intersection,Right Turn Lane,Dark Lights On,No Defects,"Two-way, Divided, Positive Median Barrier",Dry,Clear,Six o'clock,Passenger Car,Superficial,N,Slowing or Stopping,2015-03-28 5:41,38,39.13351833,-77.15837
N,Had Been Drinking,No Misuse,Y,No Injury,88a2f48d-6810-4d7e-9e91-607b4d1f94c6,D,MCP93690006,Shoulder/Lap Belt(s),M,2ac97d8d-93c1-48e3-b246-94be701c76ac,Same Direction Rear End,N,Intersection,Right Turn Lane,Dark Lights On,No Defects,"Two-way, Divided, Positive Median Barrier",Dry,Clear,Twelve o'clock,Passenger Car,Superficial,N,Moving Constant Speed,2015-03-28 5:41,40,39.13351833,-77.15837
N,Apparently Normal,No Misuse,N,No Injury,72cee0ae-3e5e-4038-8aaa-85b8c85d4d22,D,MCP93850005,Shoulder/Lap Belt(s),M,58db6040-590f-4698-b5f8-9b106bfc37b6,Head On Left Turn,N,Intersection,Acceleration Lane,Dark Lights On,No Defects,"Two-way, Divided, Positive Median Barrier",Dry,Clear,Twelve o'clock,Passenger Car,Disabling,N,Moving Constant Speed,2015-03-27 23:46,18,39.03459455,-77.12499976
N,Had Been Drinking,No Misuse,Y,Possible Incapacitating Injury,39cbbb20-7e43-4f9b-8373-ee50cd715d4c,D,MCP93850005,Shoulder/Lap Belt(s),M,73759601-f505-4388-8035-b08a284be779,Head On Left Turn,N,Intersection,Acceleration Lane,Dark Lights On,No Defects,"Two-way, Divided, Positive Median Barrier",Dry,Clear,One o'clock,Passenger Car,Disabling,N,Making Left Turn,2015-03-27 23:46,36,39.03459455,-77.12499976
N,Apparently Normal,No Misuse,N,No Injury,498f0316-2d1f-48ce-a7c0-afba2b514ad1,D,MCP93990008,Shoulder/Lap Belt(s),M,1a781b0b-0dd0-4f2a-bd43-07ca2a0a76c0,Single Vehicle ,N,Non Intersection,Right Turn Lane,Dark Lights On,No Defects,"Two-way, Not Divided",Dry,Clear,Twelve o'clock,Police Vehicle/Non Emergency,Superficial,N,Slowing or Stopping,2015-02-25 3:07,43,39.10343667,-77.28769
N,Apparently Normal,No Misuse,Y,No Injury,4392ae19-ef5a-46ef-8d9d-f3e8b6d2cd64,D,MCP9406000D,Shoulder/Lap Belt(s),M,4475fae9-b034-4438-b518-380b18141f21,Single Vehicle ,N,Non Intersection,Left Turn Lane,Daylight,No Defects,"Two-way, Divided, Unprotected (painted >4 feet) Median",Wet,Cloudy,Underside,Passenger Car,Destroyed,N,Moving Constant Speed,2015-01-07 14:44,22,39.09053667,-77.05072833
N,Apparently Normal,No Misuse,Y,No Injury,e647e250-2e4c-441e-a846-96446495d17c,D,MCP94210002,Shoulder/Lap Belt(s),M,0521f567-a56c-40d5-8e29-22b511fba6f4,Single Vehicle ,N,Non Intersection,Right Turn Lane,Dark Lights On,No Defects,"Two-way, Not Divided",Ice,Clear,One o'clock,Passenger Car,Disabling,N,Moving Constant Speed,2015-01-31 1:14,24,39.09134667,-77.24874333
N,Apparently Normal,No Misuse,N,No Injury,78ff2a14-6dd9-4c22-be5f-37f17431a833,D,MCP9432000P,Shoulder/Lap Belt(s),M,edbaa031-ef00-4154-aab6-0e92d3164225,Same Direction Rear End,N,Intersection Related,Left Turn Lane,Dark Lights On,No Defects,"Two-way, Divided, Positive Median Barrier",Dry,Clear,Six o'clock,(Sport) Utility Vehicle,Functional,N,Stopped in Traffic Lane,2015-02-19 23:32,48,39.20465333,-77.24621
N,Had Been Drinking,No Misuse,Y,No Injury,5edab753-c363-411a-a433-c39a7f76d83b,D,MCP9432000P,Shoulder/Lap Belt(s),M,4072aea5-7ddc-4e2c-a61d-d0af27da6832,Same Direction Rear End,N,Intersection Related,Left Turn Lane,Dark Lights On,No Defects,"Two-way, Divided, Positive Median Barrier",Dry,Clear,Twelve o'clock,Station Wagon,Functional,N,Moving Constant Speed,2015-02-19 23:32,32,39.20465333,-77.24621
Y,Apparently Normal,No Misuse,Y,No Injury,58f387af-ef49-4460-adaa-c374b9e9dd38,D,MCP9432000R,Shoulder/Lap Belt(s),M,3b9ba494-eb04-4a5c-8571-432b1b20ba3c,Same Direction Rear End,N,Non Intersection,Right Turn Lane,Dark No Lights,No Defects,"Two-way, Not Divided",Ice,Wintry Mix,Twelve o'clock,"Medium/Heavy Truck 2 axles (10,000 lbs (4,536 kg) or less)",Superficial,N,Slowing or Stopping,2015-03-03 20:18,36,39.20334833,-77.240735
N,Apparently Normal,No Misuse,Y,No Injury,e7c24819-b6f8-4b0f-8122-0cf8c02d9815,D,MCP9432000S,Shoulder/Lap Belt(s),M,df5b6a35-9e57-4d96-b5f6-0e0501fadfbb,Same Direction Left Turn,N,Non Intersection,Right Turn Lane,Daylight,No Defects,"Two-way, Not Divided",Wet,Raining,Ten o'clock,(Sport) Utility Vehicle,Functional,N,Making U Turn,2015-03-10 17:56,22,39.17839667,-77.230815