CDL_FLAG,CONDITION_CODE,EQUIP_PROB_CODE,FAULT_FLAG,INJ_SEVER_CODE,PERSON_ID,PERSON_TYPE,REPORT_NO,SAF_EQUIP_CODE,SEX_CODE,VEHICLE_ID,COLLISION_TYPE_CODE,C_M_ZONE_FLAG,JUNCTION_CODE,LANE_CODE,LIGHT_CODE,RD_COND_CODE,RD_DIV_CODE,SURF_COND_CODE,WEATHER_CODE,AREA_DAMAGED_CODE_MAIN,BODY_TYPE_CODE,DAMAGE_CODE,HIT_AND_RUN_FLAG,MOVEMENT_CODE,TIME,AGE,LATITUDE,LONGITUDE
N,Apparently Normal,No Misuse,Y,No Injury,7646e35d-1afb-4b2a-87f5-4904254c48c7,D,MSP4767000C,Shoulder/Lap Belt(s),M,566b017f-1fdd-488f-bc3a-72a7b9e0d2c9,Single Vehicle ,N,Non Intersection,Right Turn Lane,Dark No Lights,No Defects,"Two-way, Divided, Positive Median Barrier",Snow,Snow,Two o'clock,Police Vehicle/Non Emergency,Superficial,N,Moving Constant Speed,2015-02-17 5:25,34,38.39635762,-75.56943655
N,Apparently Normal,No Misuse,N,No Injury,0108a5c0-387b-4729-99e1-c86e5cfbb0f3,D,MSP4772004D,Shoulder/Lap Belt(s),M,24a2d173-ca33-4741-98b7-b77cf188464e,Same Direction Right Turn,N,Non Intersection,Acceleration Lane,Daylight,No Defects,"Two-way, Divided, Positive Median Barrier",Dry,Clear,Twelve o'clock,(Sport) Utility Vehicle,Disabling,N,Moving Constant Speed,2015-02-24 17:32,56,39.44750567,-76.63658133
N,Apparently Normal,No Misuse,Y,No Injury,2a2b83d3-3f4d-4d1e-843f-f28d303e7102,D,MSP4772004D,Shoulder/Lap Belt(s),M,21e2a71e-8583-4afc-ac5b-a62f4e0392b1,Same Direction Right Turn,N,Non Intersection,Acceleration Lane,Daylight,No Defects,"Two-way, Divided, Positive Median Barrier",Dry,Clear,Three o'clock,Passenger Car,Disabling,N,Skidding,2015-02-24 17:32,34,39.44750567,-76.63658133
N,Apparently Normal,No Misuse,Y,No Injury,b091126e-68e5-4611-bb6f-07e66a7fb372,D,MSP47780002,Shoulder/Lap Belt(s),M,8b584b36-4817-4c22-ba1c-6c9bffe467c0,Same Direction Rear End,N,Non Intersection,Right Turn Lane,Daylight,No Defects,"Two-way, Divided, Unprotected (painted >4 feet) Median",Dry,Clear,One o'clock,Passenger Car,Disabling,N,Changing Lanes,2015-03-06 12:13,19,39.60043078,-77.67728806
N,Apparently Normal,No Misuse,N,Possible Incapacitating Injury,ba25d99d-fbe9-453a-9ae5-c66527945ffd,D,MSP47780002,Shoulder/Lap Belt(s),M,a02944d6-7bde-4616-804f-c6b0f77a32f8,Same Direction Rear End,N,Non Intersection,Right Turn Lane,Daylight,No Defects,"Two-way, Divided, Unprotected (painted >4 feet) Median",Dry,Clear,Seven o'clock,Passenger Car,Disabling,N,Stopped in Traffic Lane,2015-03-06 12:13,57,39.60043078,-77.67728806
N,Influenced by Medications and/or Drugs and/or Alcohol,No Misuse,Y,No Injury,38c25cb9-813f-4786-a11f-a343788c7ff7,D,MSP48390003,Shoulder Belt Only,M,ed27ec0a-71f0-47d6-a887-b571eed0743c,Opposite Direction Sideswipe,N,Intersection,Right Turn Lane,Daylight,No Defects,"Two-way, Not Divided",Dry,Clear,Twelve o'clock,Passenger Car,Functional,N,Making Right Turn,2015-03-12 13:22,71,38.32157546,-75.12303114
N,Apparently Normal,No Misuse,N,No Injury,56e9a38d-8ed0-4453-8ae9-42dc33877c5f,D,MSP4899004Q,Shoulder/Lap Belt(s),M,4bd0239c-b2c2-4cd4-9d1b-86123b4f9229,Same Direction Rear End,N,Non Intersection,Right Turn Lane,Daylight,No Defects,"Two-way, Divided, Positive Median Barrier",Dry,Clear,Six o'clock,Passenger Car,Functional,N,Slowing or Stopping,2015-03-12 18:00,63,39.44060113,-76.63459539
N,Apparently Normal,No Misuse,N,No Injury,c9f12761-a6d8-4220-97f8-d78416068f10,D,MSP4899004Q,Shoulder/Lap Belt(s),M,c347d0d4-4695-4539-8e70-d710ca1ab4f2,Same Direction Rear End,N,Non Intersection,Right Turn Lane,Daylight,No Defects,"Two-way, Divided, Positive Median Barrier",Dry,Clear,Six o'clock,Passenger Car,Disabling,N,Slowing or Stopping,2015-03-12 18:00,39,39.44060113,-76.63459539
N,Apparently Normal,No Misuse,Y,No Injury,98eb6cae-74c7-4de6-b692-f3c636f30101,D,MSP4899004Q,Shoulder/Lap Belt(s),M,165f31c9-ff8b-4139-8a17-688fa2b8faa7,Same Direction Rear End,N,Non Intersection,Right Turn Lane,Daylight,No Defects,"Two-way, Divided, Positive Median Barrier",Dry,Clear,Twelve o'clock,Pickup Truck,Functional,N,Slowing or Stopping,2015-03-12 18:00,84,39.44060113,-76.63459539
N,Apparently Normal,No Misuse,Y,No Injury,aa129ad9-928d-49a9-b1ef-48a19ab5719c,D,MSP4939000P,Shoulder/Lap Belt(s),M,61d6999e-a92b-4260-9aea-eb2434f38c14,Single Vehicle ,N,Non Intersection,Right Turn Lane,Dark Lights On,No Defects,"Two-way, Not Divided",Dry,Clear,Twelve o'clock,Passenger Car,Disabling,Y,Moving Constant Speed,2015-02-21 8:28,23,38.68919504,-75.79075
N,Apparently Normal,No Misuse,N,No Injury,5484ca32-8ae0-44f2-a883-318eb8f036f0,D,MSP49890008,Shoulder/Lap Belt(s),M,1810ac46-01f4-43c9-b096-a06fad896f89,Same Direction Left Turn,N,Non Intersection,Left Turn Lane,Dark Lights On,No Defects,"Two-way, Divided, Positive Median Barrier",Ice,Clear,Twelve o'clock,Recreational Vehicle,Disabling,N,Moving Constant Speed,2015-01-13 5:50,57,39.39667306,-76.43102646
N,Apparently Normal,No Misuse,Y,No Injury,0fbb2fb9-3b7d-46e8-b4eb-a7603c4cf0a0,D,MSP4999001B,Shoulder/Lap Belt(s),M,05a6f7bc-d0ee-489a-b0ad-bffdc4907356,Single Vehicle ,N,Non Intersection,Right Turn Lane,Dark No Lights,No Defects,"Two-way, Not Divided",Snow,Snow,Twelve o'clock,Passenger Car,Disabling,N,Moving Constant Speed,2015-02-14 20:51,47,39.41881133,-75.8609845
N,Apparently Normal,No Misuse,Y,No Injury,ab184ed3-7d0d-49e5-a809-4a0fd593e6af,D,MSP5015000D,Shoulder/Lap Belt(s),M,08173d6e-e170-42ea-8301-a3ca3c4f4306,Same Direction Rear End,N,Non Intersection,Right Turn Lane,Dawn,No Defects,"Two-way, Divided, Positive Median Barrier",Wet,Raining,Twelve o'clock,Pickup Truck,Functional,N,Moving Constant Speed,2015-03-27 6:55,38,39.19978508,-76.69807792
N,Apparently Normal,No Misuse,N,Possible Incapacitating Injury,8b061955-f755-45ee-819c-feaacad84f79,D,MSP5015000D,Shoulder/Lap Belt(s),M,a07c7850-4f48-4baa-925c-af02f870613c,Same Direction Rear End,N,Non Intersection,Right Turn Lane,Dawn,No Defects,"Two-way, Divided, Positive Median Barrier",Wet,Raining,Six o'clock,Passenger Car,Destroyed,N,Stopped in Traffic Lane,2015-03-27 6:55,40,39.19978508,-76.69807792
N,Apparently Normal,No Misuse,Y,No Injury,b1315d7e-23df-4e9c-b7c5-eb862536f872,D,MSP50390011,Shoulder/Lap Belt(s),M,f2f75110-b74a-4eb7-9c69-5a57bc51bcd7,Same Direction Rear End,N,Non Intersection,Right Turn Lane,Dusk,No Defects,"Two-way, Divided, Positive Median Barrier",Dry,Clear,Twelve o'clock,Passenger Car,Disabling,N,Slowing or Stopping,2015-02-23 18:05,37,39.18325283,-76.78229383
N,Apparently Normal,No Misuse,N,Non-incapacitating Injury,5a664674-89b9-48fc-87d6-d949d83271e6,D,MSP50390011,Shoulder/Lap Belt(s),M,aea51d09-287c-4d98-8f57-0c684fd28e35,Same Direction Rear End,N,Non Intersection,Right Turn Lane,Dusk,No Defects,"Two-way, Divided, Positive Median Barrier",Dry,Clear,Six o'clock,Passenger Car,Functional,N,Slowing or Stopping,2015-02-23 18:05,67,39.18325283,-76.78229383
N,Apparently Normal,No Misuse,N,No Injury,953e645a-acd6-497e-a02b-76b125bc9acb,D,MSP5090003F,Shoulder/Lap Belt(s),M,acbe572e-0aff-4cca-ae81-78cc747d9922,Same Movement Angle,N,Intersection,Right Turn Lane,Daylight,No Defects,"Two-way, Divided, Positive Median Barrier",Dry,Clear,Eleven o'clock,Passenger Car,Disabling,N,Moving Constant Speed,2015-02-24 15:01,20,39.392814,-77.32731717
N,Apparently Normal,No Misuse,Y,No Injury,0ca3fb78-4306-4ba7-8b93-4c811cd3ecb8,D,MSP5090003F,Shoulder/Lap Belt(s),M,54d50cfb-3057-48f1-8ae4-8b404f6084fb,Same Movement Angle,N,Intersection,Right Turn Lane,Daylight,No Defects,"Two-way, Divided, Positive Median Barrier",Dry,Clear,Ten o'clock,Passenger Car,Disabling,N,Accelerating,2015-02-24 15:01,75,39.392814,-77.32731717
N,Apparently Normal,No Misuse,Y,No Injury,2b9111fd-531b-4484-b413-c44e466089b1,D,MSP5090003K,Shoulder/Lap Belt(s),M,6ec2abab-5415-4a19-89fe-cb24256e0921,Single Vehicle ,N,Intersection,Right Turn Lane,Dark No Lights,No Defects,"Two-way, Not Divided",Dry,Clear,Twelve o'clock,Passenger Car,Superficial,N,Making U Turn,2015-03-20 19:40,23,39.50472,-77.2717835
N,Apparently Normal,No Misuse,N,No Injury,2d9e9f77-482b-4862-af58-494ae92baadb,D,MSP5097000P,Shoulder/Lap Belt(s),M,123777c4-935a-4aa6-829b-96ddb4d4e3f0,Same Direction Rear End,N,Non Intersection,Right Turn Lane,Dark Lights On,No Defects,"Two-way, Divided, Positive Median Barrier",Dry,Clear,Five o'clock,Police Vehicle/Non Emergency,Superficial,N,Slowing or Stopping,2015-01-09 17:28,36,39.07582083,-76.62978967
N,Apparently Normal,No Misuse,Y,No Injury,d2a82a90-4183-46b7-8325-788ca492802d,D,MSP5097000P,Shoulder/Lap Belt(s),M,77df4bb6-0adc-43c6-9ec0-1b6ff10b3595,Same Direction Rear End,N,Non Intersection,Right Turn Lane,Dark Lights On,No Defects,"Two-way, Divided, Positive Median Barrier",Dry,Clear,Eleven o'clock,(Sport) Utility Vehicle,Superficial,N,Moving Constant Speed,2015-01-09 17:28,29,39.07582083,-76.62978967
Y,Apparently Normal,No Misuse,Y,No Injury,530caa9c-590d-46d0-86ea-b661881f68ff,D,MSP5103002W,Shoulder/Lap Belt(s),M,a551e688-6382-46a4-be0c-aad8eb822d2e,Single Vehicle ,N,Non Intersection,Left Turn Lane,Daylight,No Defects,"Two-way, Divided, Positive Median Barrier",Dry,Clear,Twelve o'clock,Truck Tractor,Destroyed,N,Moving Constant Speed,2015-01-01 11:11,38,39.57524783,-76.67415467
Y,Apparently Normal,No Misuse,Y,No Injury,f9d650e0-1998-4af1-8547-9cf4ef53b710,D,MSP51380001,Shoulder/Lap Belt(s),M,162e4a43-a898-489d-87cd-856faf0c4a5d,Single Vehicle ,N,Non Intersection,Acceleration Lane,Dark Lights On,No Defects,"Two-way, Divided, Positive Median Barrier",Dry,Clear,Roof Top,Truck Tractor,Superficial,N,Moving Constant Speed,2015-02-24 23:32,47,39.297197,-76.742699
N,Apparently Normal,No Misuse,Y,No Injury,8c47cd9c-423a-419c-812c-795c85a4a7a7,D,MSP51630023,Shoulder/Lap Belt(s),M,0dd3b73f-69b7-4989-9118-9473c1ccad8d,Same Direction Sideswipe,N,Non Intersection,Acceleration Lane,Dark No Lights,No Defects,"Two-way, Divided, Positive Median Barrier",Wet,Snow,Twelve o'clock,Passenger Car,Disabling,N,Moving Constant Speed,2015-02-16 17:45,32,39.30762317,-76.75375617
N,Apparently Normal,No Misuse,N,No Injury,4cdebe09-41d8-44e3-a70c-b679fc627747,D,MSP51820038,Shoulder/Lap Belt(s),M,7bfae4e9-e013-41fe-9bcb-4a556b361309,Same Direction Rear End,N,Non Intersection,Right Turn Lane,Daylight,No Defects,"Two-way, Not Divided",Dry,Clear,Six o'clock,Passenger Car,Functional,N,Slowing or Stopping,2015-03-06 15:57,48,39.54815867,-76.3077755
N,Apparently Normal,No Misuse,Y,No Injury,ea730f34-57e5-4ae2-a9b0-220cdb2e5f0c,D,MSP51820038,Shoulder/Lap Belt(s),M,05b8511c-cc40-4dda-9e91-ee36ee08e2be,Same Direction Rear End,N,Non Intersection,Right Turn Lane,Daylight,No Defects,"Two-way, Not Divided",Dry,Clear,Twelve o'clock,Passenger Car,Disabling,N,Moving Constant Speed,2015-03-06 15:57,21,39.54815867,-76.3077755
N,Apparently Normal,No Misuse,N,No Injury,ee6f70e7-5a4b-438c-9675-3c43dcd27189,D,MSP52050022,Shoulder/Lap Belt(s),M,35f72cbb-9951-481a-bba6-29fd3c130371,Same Direction Rear End,N,Non Intersection,Right Turn Lane,Daylight,No Defects,"Two-way, Divided, Positive Median Barrier",Snow,Cloudy,Six o'clock,Passenger Car,Functional,N,Slowing or Stopping,2015-02-16 14:29,42,39.47980517,-76.2636265
N,Apparently Normal,No Misuse,N,No Injury,b1057753-7d6f-45e8-a7c9-ac0c5bb86649,D,MSP5224001R,Shoulder/Lap Belt(s),M,531553eb-c1ed-4913-981a-4984bbd84509,Same Direction Rear End,N,Non Intersection,Left Turn Lane,Dark No Lights,No Defects,"Two-way, Divided, Positive Median Barrier",Dry,Clear,Twelve o'clock,Passenger Car,Destroyed,N,Slowing or Stopping,2015-01-17 4:47,34,39.3586057,-77.5618752
N,Apparently Normal,No Misuse,Y,No Injury,2b80be1d-5184-4f91-b7eb-5d15ceae5af6,D,MSP5297001N,Shoulder/Lap Belt(s),M,aff28e5d-6775-424e-b3d0-565c0e23d588,Single Vehicle ,N,Non Intersection,Deceleration Lane,Dark Lights On,No Defects,"Two-way, Divided, Positive Median Barrier",Wet,Clear,One o'clock,Passenger Car,Disabling,N,Moving Constant Speed,2015-01-18 10:28,56,39.218512,-76.6578145
N,Apparently Normal,No Misuse,Y,No Injury,698785bf-47a8-408a-a50f-11f6586caef9,D,MSP53260011,Shoulder/Lap Belt(s),M,8245f033-42a9-4a69-a1c7-ed7de9f8dee9,Same Movement Angle,N,Crossover Related,Left Turn Lane,Daylight,No Defects,"Two-way, Divided, Unprotected (painted >4 feet) Median",Dry,Clear,One o'clock,(Sport) Utility Vehicle,Disabling,N,Making Left Turn,2015-03-02 14:03,84,39.6073525,-75.860632
N,Apparently Normal,No Misuse,N,Possible Incapacitating Injury,c0b1de12-e72c-4d18-8271-c8ca703bc107,D,MSP53260011,Shoulder/Lap Belt(s),M,e4deb2ce-e751-4e52-b7d0-00e1e8685177,Same Movement Angle,N,Crossover Related,Left Turn Lane,Daylight,No Defects,"Two-way, Divided, Unprotected (painted >4 feet) Median",Dry,Clear,Twelve o'clock,(Sport) Utility Vehicle,Destroyed,N,Moving Constant Speed,2015-03-02 14:03,49,39.6073525,-75.860632
N,Apparently Normal,No Misuse,N,No Injury,cfff00a1-86d2-4f3d-8c2d-06ca99a5ebca,D,MSP5333006B,Shoulder/Lap Belt(s),M,004316e9-e430-446e-b552-efba6a64db45,Same Direction Rear End,N,Interchange Related,Right Turn Lane,Daylight,No Defects,One-way Trafficway,Ice,Cloudy,Six o'clock,Passenger Car,Functional,N,Moving Constant Speed,2015-02-10 8:08,19,39.23418099,-76.70843393
N,Apparently Normal,No Misuse,Y,No Injury,06b09acc-5e86-4d56-8c23-cc34b157c57d,D,MSP5333006B,Shoulder/Lap Belt(s),M,bd0886c9-00e6-42a2-a8c5-78a8c5f4d2e3,Same Direction Rear End,N,Interchange Related,Right Turn Lane,Daylight,No Defects,One-way Trafficway,Ice,Cloudy,Twelve o'clock,Passenger Car,Disabling,N,Moving Constant Speed,2015-02-10 8:08,30,39.23418099,-76.70843393
N,Apparently Normal,No Misuse,N,No Injury,865f9f72-a1bb-491e-a20c-3927ff225edf,D,MSP5333006F,Shoulder/Lap Belt(s),M,a91c90e6-fc9c-4b7e-a311-d25997807c28,Same Direction Rear End,N,Non Intersection,Right Turn Lane,Daylight,No Defects,"Two-way, Divided, Positive Median Barrier",Dry,Cloudy,Six o'clock,"Other Light Trucks (10,000 lbs (4,536 kg))",Functional,N,Slowing or Stopping,2015-02-12 7:39,35,39.30838483,-76.74421983
N,Apparently Normal,No Misuse,Y,No Injury,553d04cc-4fde-4021-9ba2-4a4e95ada780,D,MSP5333006F,Shoulder/Lap Belt(s),M,e92db1ae-1045-4089-a20e-fcfb7b1defc9,Same Direction Rear End,N,Non Intersection,Right Turn Lane,Daylight,No Defects,"Two-way, Divided, Positive Median Barrier",Dry,Cloudy,Twelve o'clock,Van,Disabling,N,Moving Constant Speed,2015-02-12 7:39,28,39.30838483,-76.74421983
N,Apparently Normal,No Misuse,N,No Injury,26de5f87-4ba9-4d90-8ff0-b7543eab4b0e,D,MSP5333006H,Shoulder/Lap Belt(s),M,feffc14d-aaec-48b2-b143-7cd2487f7b06,Same Direction Rear End,N,Non Intersection,Deceleration Lane,Daylight,No Defects,"Two-way, Divided, Positive Median Barrier",Dry,Clear,Twelve o'clock,Truck Tractor,Functional,N,Moving Constant Speed,2015-02-13 7:21,67,39.29575117,-76.742899
N,Apparently Normal,No Misuse,Y,Possible Incapacitating Injury,7138d8b6-6238-4602-81c2-7b000a0a833e,D,MSP5333006H,Shoulder/Lap Belt(s),M,203c46bb-21be-409d-be02-c5db433b639f,Same Direction Rear End,N,Non Intersection,Deceleration Lane,Daylight,No Defects,"Two-way, Divided, Positive Median Barrier",Dry,Clear,Six o'clock,Pickup Truck,Functional,N,Stopped in Traffic Lane,2015-02-13 7:21,27,39.29575117,-76.742899
N,Apparently Normal,No Misuse,N,No Injury,5a4e8bc8-185e-4c32-91ae-8007af5abd4f,D,MSP5333006V,Shoulder/Lap Belt(s),M,54beb276-4460-4c6a-bf4d-975f8d41a85b,Same Direction Rear End,Y,Non Intersection,Right Turn Lane,Dark Lights On,No Defects,"Two-way, Divided, Positive Median Barrier",Dry,Clear,Six o'clock,Passenger Car,Functional,N,Stopped in Traffic Lane,2015-03-17 21:50,46,39.25304817,-76.683342
N,Apparently Normal,No Misuse,Y,No Injury,59fe2a10-debb-45cf-bb18-81ebc10e662c,D,MSP5333006V,Shoulder/Lap Belt(s),M,5d013a8b-e3a6-4500-898a-8aca40e73237,Same Direction Rear End,Y,Non Intersection,Right Turn Lane,Dark Lights On,No Defects,"Two-way, Divided, Positive Median Barrier",Dry,Clear,Twelve o'clock,Van,Disabling,N,Moving Constant Speed,2015-03-17 21:50,37,39.25304817,-76.683342
N,Apparently Normal,No Misuse,N,No Injury,e59e1586-2d71-4abe-8080-e4a9cf0e7d63,D,MSP5334002J,Shoulder/Lap Belt(s),M,03fb6e8f-9272-4ac1-ae27-f6cccc444172,Single Vehicle ,N,Non Intersection,Right Turn Lane,Dark No Lights,No Defects,"Two-way, Not Divided",Dry,Clear,Twelve o'clock,Pickup Truck,Disabling,N,Moving Constant Speed,2015-01-10 6:22,41,39.53452133,-77.0212545
N,Apparently Normal,No Misuse,Y,No Injury,1fa94906-64b3-429b-8845-3a94034562e3,D,MSP5345002S,Shoulder/Lap Belt(s),M,70037d8a-feaf-4f38-8973-b27b9745a474,Same Direction Sideswipe,N,Intersection,Right Turn Lane,Dark Lights On,No Defects,"Two-way, Divided, Positive Median Barrier",Snow,Snow,Four o'clock,"Other Light Trucks (10,000 lbs (4,536 kg))",Superficial,N,Starting From Lane,2015-03-05 22:32,55,39.4452,-77.3955
N,Apparently Normal,No Misuse,Y,No Injury,5f09de60-39bd-4671-93bf-253ff954f917,D,MSP5356000V,Shoulder/Lap Belt(s),M,3b2cf0e7-d154-474b-8d4b-84987f2b5129,Single Vehicle ,N,Intersection Related,Right Turn Lane,Daylight,Foreign Material,"Two-way, Not Divided",Ice,Wintry Mix,Three o'clock,Passenger Car,Functional,Y,Moving Constant Speed,2015-03-01 12:58,42,38.90435967,-75.81458883
N,Apparently Normal,No Misuse,Y,No Injury,c3b155ba-bf0d-4151-9ac3-49c110c05a37,D,MSP53620018,Shoulder/Lap Belt(s),M,44b76285-464a-41e5-8fd3-b1e2985d3481,Single Vehicle ,N,Non Intersection,Right Turn Lane,Daylight,No Defects,"Two-way, Divided, Positive Median Barrier",Ice,Raining,Eleven o'clock,Passenger Car,Disabling,N,Skidding,2015-02-22 8:00,22,38.53781875,-76.7839247
N,Had Been Drinking,No Misuse,Y,No Injury,45cdcdc8-f1ea-4b67-85a9-5ccb97faa533,D,MSP5372000F,Shoulder/Lap Belt(s),M,c08a3b24-4f4b-40fb-81a4-2b6f20945a5a,Same Direction Sideswipe,N,Intersection Related,Right Turn Lane,Daylight,No Defects,"Two-way, Divided, Positive Median Barrier",Dry,Clear,Twelve o'clock,(Sport) Utility Vehicle,Superficial,N,Moving Constant Speed,2015-01-13 14:49,47,39.312049,-76.526402
N,Apparently Normal,No Misuse,N,No Injury,7fb8459e-c243-4157-a7ca-d194e9993252,D,MSP5397003C,Shoulder/Lap Belt(s),M,572d1010-bc62-48c1-a4f1-239806c46f76,Same Movement Angle,N,Intersection,Right Turn Lane,Dark Lights On,No Defects,"Two-way, Not Divided",Snow,Snow,One o'clock,(Sport) Utility Vehicle,Functional,N,Moving Constant Speed,2015-02-21 19:03,27,39.127624,-76.540518
N,Apparently Normal,No Misuse,Y,No Injury,d49a69ae-7ca3-4e1a-8f06-5e7073976392,D,MSP5397003C,Shoulder/Lap Belt(s),M,26ce7218-bff9-48a8-b418-c8126d5f348c,Same Movement Angle,N,Intersection,Right Turn Lane,Dark Lights On,No Defects,"Two-way, Not Divided",Snow,Snow,Twelve o'clock,"Other Light Trucks (10,000 lbs (4,536 kg))",Superficial,N,Slowing or Stopping,2015-02-21 19:03,60,39.127624,-76.540518
N,Apparently Normal,No Misuse,N,No Injury,8d7e0de3-5cee-48e3-955d-b21c153a441d,D,MSP5397003F,Shoulder/Lap Belt(s),M,aded92a4-1870-48d6-afa8-c6c10e6b48d6,Same Direction Rear End,N,Intersection Related,Right Turn Lane,Daylight,No Defects,"Two-way, Not Divided",Wet,Clear,Six o'clock,Passenger Car,Superficial,N,Slowing or Stopping,2015-03-02 7:39,59,39.176263,-76.62472
N,Apparently Normal,No Misuse,Y,No Injury,f94253cb-3a37-46db-8e66-c5435aa33dff,D,MSP5397003F,Shoulder/Lap Belt(s),M,04962e62-4bbf-492f-b8cc-45fec72e222e,Same Direction Rear End,N,Intersection Related,Right Turn Lane,Daylight,No Defects,"Two-way, Not Divided",Wet,Clear,Twelve o'clock,(Sport) Utility Vehicle,Superficial,N,Slowing or Stopping,2015-03-02 7:39,62,39.176263,-76.62472
N,Apparently Normal,No Misuse,Y,No Injury,bd2b7d05-3ca5-4cd0-93c7-4d0685954b3f,D,MSP54160018,Shoulder/Lap Belt(s),M,b89d54ac-afe0-4626-838a-5d48f10a842b,Single Vehicle ,N,Non Intersection,Right Turn Lane,Dark No Lights,No Defects,"Two-way, Not Divided",Wet,Raining,Eleven o'clock,Pickup Truck,Disabling,N,Moving Constant Speed,2015-01-24 6:45,28,38.41301867,-76.80126637
N,Apparently Normal,No Misuse,Y,No Injury,be9b57b3-71b1-49d6-a2cc-3abb7e6e642a,D,MSP5423000N,Shoulder/Lap Belt(s),M,a73187a0-1f82-4d77-b7dd-6573d4ed456a,Single Vehicle ,N,Non Intersection,Right Turn Lane,Daylight,No Defects,"Two-way, Divided, Positive Median Barrier",Dry,Cloudy,Eleven o'clock,Passenger Car,Disabling,N,Moving Constant Speed,2015-02-16 8:10,19,39.700294,-79.312867
N,Apparently Normal,No Misuse,N,No Injury,665add26-deec-4596-9afd-f3130d11f4f2,D,MSP5423000P,Shoulder/Lap Belt(s),M,4193bbf8-82e9-4c57-9fea-38b2bb58df6b,Opposite Direction Sideswipe,N,Non Intersection,Right Turn Lane,Daylight,No Defects,"Two-way, Not Divided",Wet,Cloudy,Eleven o'clock,"Cargo Van/Light Truck 2 axles (10,000 lbs (4,536 kg) or less)",Disabling,N,Moving Constant Speed,2015-02-16 11:38,37,39.680987,-79.275748
N,Apparently Normal,No Misuse,Y,No Injury,d915a77b-b5f6-4f13-bd36-d325bb354b73,D,MSP5423000P,Shoulder/Lap Belt(s),M,c1432f7f-b4d6-49ff-8474-22ec025613a7,Opposite Direction Sideswipe,N,Non Intersection,Right Turn Lane,Daylight,No Defects,"Two-way, Not Divided",Wet,Cloudy,One o'clock,Passenger Car,Disabling,N,Moving Constant Speed,2015-02-16 11:38,21,39.680987,-79.275748
Y,Apparently Normal,No Misuse,Y,No Injury,4aa0395a-15e0-4c16-826b-d24c2ae2ea1a,D,MSP5423000Q,Shoulder/Lap Belt(s),M,5213fee9-9d7c-41be-86bd-67ee58b8b2f4,Single Vehicle ,N,Non Intersection,Left Turn Lane,Daylight,No Defects,"Two-way, Divided, Positive Median Barrier",Wet,Cloudy,Eleven o'clock,Pickup Truck,Disabling,N,Moving Constant Speed,2015-02-19 10:47,58,39.683081,-78.969984
N,Apparently Normal,No Misuse,N,No Injury,e9b871ee-6ad9-4a48-a215-4d9136c4963e,D,MSP5445000Y,Shoulder/Lap Belt(s),M,3306725d-b063-4f07-83d5-01f8d48ff4e5,Single Vehicle ,N,Non Intersection,Right Turn Lane,Dark No Lights,No Defects,"Two-way, Not Divided",Dry,Clear,Eleven o'clock,Van,Functional,N,Moving Constant Speed,2015-02-04 6:24,36,39.36768196,-77.14857101
N,Apparently Normal,No Misuse,N,No Injury,2bc30010-f309-4530-a28a-a1b2bfd7e3fe,D,MSP54450010,Shoulder/Lap Belt(s),M,7f199636-fb03-4441-a4e2-5e1538a2b45b,Same Direction Rear End,N,Intersection Related,Right Turn Lane,Daylight,No Defects,"Two-way, Not Divided",Dry,Cloudy,Six o'clock,Passenger Car,Superficial,N,Stopped in Traffic Lane,2015-03-03 9:24,50,39.52384336,-76.9902724
N,Apparently Normal,No Misuse,N,No Injury,4d5914d0-4c3f-4d1f-9947-566dc2f6cb33,D,MSP5457001L,Shoulder/Lap Belt(s),M,ea8c060d-769d-433a-ac42-93c6e8f6f527,Same Direction Rear End,N,Non Intersection,Right Turn Lane,Daylight,No Defects,"Two-way, Not Divided",Dry,Clear,Six o'clock,Pickup Truck,Functional,N,Slowing or Stopping,2015-02-25 8:35,68,39.41354433,-77.012132
N,Apparently Normal,No Misuse,Y,No Injury,ae79cd5f-30e7-4395-ba66-d19eb772930d,D,MSP5457001Q,Shoulder/Lap Belt(s),M,4238f255-a040-4eba-a0d8-9b25229ccde3,Head On Left Turn,N,Intersection,Left Turn Lane,Daylight,No Defects,"Two-way, Divided, Positive Median Barrier",Dry,Cloudy,Twelve o'clock,Pickup Truck,Disabling,N,Starting From Lane,2015-03-22 11:46,58,39.36443483,-77.16134283
N,Apparently Normal,No Misuse,N,Possible Incapacitating Injury,1056663c-f636-44a5-8e37-a9fca1f1335e,D,MSP5457001Q,Shoulder/Lap Belt(s),M,a62b1877-53ee-4d64-bc11-712c125a3deb,Head On Left Turn,N,Intersection,Left Turn Lane,Daylight,No Defects,"Two-way, Divided, Positive Median Barrier",Dry,Cloudy,Twelve o'clock,Passenger Car,Disabling,N,Moving Constant Speed,2015-03-22 11:46,31,39.36443483,-77.16134283
N,Apparently Normal,No Misuse,N,No Injury,537f2aea-9cfa-4954-a5bd-fff3bc76bc09,D,MSP5458000D,Shoulder/Lap Belt(s),M,7fb8a793-fe2e-406b-b4a8-3b1effcc0283,Same Movement Angle,N,Intersection Related,Right Turn Lane,Daylight,No Defects,"Two-way, Divided, Positive Median Barrier",Dry,Clear,Twelve o'clock,Passenger Car,Destroyed,N,Moving Constant Speed,2015-03-27 13:53,26,39.61043717,-75.9079675
Y,Apparently Normal,No Misuse,Y,No Injury,26c40083-b5b1-484e-a174-36a71935c994,D,MSP54610013,Shoulder Belt Only,M,272cc86a-4043-4ede-bed6-db3ae33e26d8,Single Vehicle ,Y,Non Intersection,Right Turn Lane,Daylight,No Defects,"Two-way, Divided, Positive Median Barrier",Dry,Cloudy,Six o'clock,"Medium/Heavy Truck 2 axles (10,000 lbs (4,536 kg) or less)",No Damage,N,Starting From Parked,2015-02-09 13:45,37,39.057109,-77.160753