CDL_FLAG,CONDITION_CODE,EQUIP_PROB_CODE,FAULT_FLAG,INJ_SEVER_CODE,PERSON_ID,PERSON_TYPE,REPORT_NO,SAF_EQUIP_CODE,SEX_CODE,VEHICLE_ID,COLLISION_TYPE_CODE,C_M_ZONE_FLAG,JUNCTION_CODE,LANE_CODE,LIGHT_CODE,RD_COND_CODE,RD_DIV_CODE,SURF_COND_CODE,WEATHER_CODE,AREA_DAMAGED_CODE_MAIN,BODY_TYPE_CODE,DAMAGE_CODE,HIT_AND_RUN_FLAG,MOVEMENT_CODE,TIME,AGE,LATITUDE,LONGITUDE
N,Apparently Normal,No Misuse,Y,No Injury,bf0ed2a3-f6a7-4afc-950d-cf1a42680741,D,MSP5800002M,Shoulder/Lap Belt(s),M,2a84d3e7-745f-4272-87f8-a0659f0b947c,Same Direction Sideswipe,N,Non Intersection,Left Turn Lane,Daylight,No Defects,"Two-way, Divided, Positive Median Barrier",Snow,Snow,Eleven o'clock,(Sport) Utility Vehicle,Disabling,N,Moving Constant Speed,2015-03-05 6:50,28,39.26810217,-77.31397117
N,Apparently Normal,No Misuse,N,No Injury,239afd8b-1f75-4d80-80ab-83c49a08bf66,D,MSP5800002V,Shoulder/Lap Belt(s),M,d0eea5ba-a2cd-4f6a-ac9b-6d0127c4ec39,Same Direction Rear End,N,Non Intersection,Left Turn Lane,Daylight,No Defects,"Two-way, Divided, Positive Median Barrier",Dry,Cloudy,Six o'clock,Pickup Truck,Superficial,N,Moving Constant Speed,2015-03-27 11:51,30,39.07757817,-77.16813767
N,Apparently Normal,No Misuse,Y,No Injury,22680e67-b886-4beb-aee8-a04f64216190,D,MSP5800002V,Shoulder/Lap Belt(s),M,4fd231ac-6acb-42ec-82a8-2978679bbf6f,Same Direction Rear End,N,Non Intersection,Left Turn Lane,Daylight,No Defects,"Two-way, Divided, Positive Median Barrier",Dry,Cloudy,Twelve o'clock,Van,Disabling,N,Moving Constant Speed,2015-03-27 11:51,26,39.07757817,-77.16813767
N,Apparently Normal,No Misuse,N,No Injury,0e7ea8be-ce93-4dce-b215-6a95ac1be9d5,D,MSP5803003P,Shoulder/Lap Belt(s),M,78b7ed52-0525-409c-b46e-11a50a9539cc,Same Direction Right Turn,N,Non Intersection,Deceleration Lane,Dark Lights On,No Defects,"Two-way, Divided, Positive Median Barrier",Dry,Clear,Eleven o'clock,Passenger Car,Disabling,N,Moving Constant Speed,2015-03-26 4:20,43,39.169484,-77.242976
N,Had Been Drinking,No Misuse,Y,No Injury,883aa305-c7db-4bdf-a317-180993e50810,D,MSP5803003P,Shoulder/Lap Belt(s),M,f8cdd6c2-70e8-4121-8381-b08530572c21,Same Direction Right Turn,N,Non Intersection,Deceleration Lane,Dark Lights On,No Defects,"Two-way, Divided, Positive Median Barrier",Dry,Clear,Five o'clock,Passenger Car,Disabling,Y,Moving Constant Speed,2015-03-26 4:20,22,39.169484,-77.242976
N,Apparently Normal,No Misuse,Y,No Injury,4a32a351-b99b-4ad4-97e7-a930cb69c4f9,D,MSP5826001Z,Shoulder/Lap Belt(s),M,8087c679-bf83-46e3-ac1c-ea9490be2545,Same Direction Sideswipe,N,Non Intersection,Left Turn Lane,Daylight,No Defects,"Two-way, Divided, Positive Median Barrier",Snow,Snow,Twelve o'clock,Recreational Vehicle,Destroyed,N,Changing Lanes,2015-02-21 15:53,66,38.81979004,-76.92713999
Y,Apparently Normal,No Misuse,N,Non-incapacitating Injury,acf052cf-d0bd-4414-b03a-604a53dd29a6,D,MSP5826001Z,Shoulder/Lap Belt(s),M,329a12b0-9535-44f8-9f71-f4c80528e014,Same Direction Sideswipe,N,Non Intersection,Left Turn Lane,Daylight,No Defects,"Two-way, Divided, Positive Median Barrier",Snow,Snow,Four o'clock,Truck Tractor,Destroyed,N,Moving Constant Speed,2015-02-21 15:53,60,38.81979004,-76.92713999
N,Apparently Normal,No Misuse,N,No Injury,7b371862-ab92-4607-a2c4-b51b4194f84b,D,MSP5829002C,Shoulder/Lap Belt(s),M,84408cd1-f0b8-42e0-ac8a-ee7508d6b78f,Single Vehicle ,N,Non Intersection,Right Turn Lane,Dark No Lights,No Defects,"Two-way, Not Divided",Wet,Raining,Twelve o'clock,Passenger Car,Functional,N,Moving Constant Speed,2015-01-04 21:31,39,38.40739132,-76.8475541
N,Apparently Normal,No Misuse,N,No Injury,a38fb46a-4e9e-4f6d-b99b-d42edeb4bc39,D,MSP5829002L,Shoulder/Lap Belt(s),M,dd8e3ca0-9251-4a15-a4dc-823ccd79d0c5,Same Direction Rear End,N,Non Intersection,Right Turn Lane,Daylight,No Defects,"Two-way, Divided, Unprotected (painted >4 feet) Median",Wet,Blowing Snow,Six o'clock,(Sport) Utility Vehicle,Functional,N,Stopped in Traffic Lane,2015-02-16 14:12,26,38.6187995,-76.918464
N,Apparently Normal,No Misuse,Y,No Injury,d9191fba-ea50-46b9-b8dd-0e9a73dd2506,D,MSP5829002L,Shoulder/Lap Belt(s),M,603100c6-2b2b-4fcd-9cbb-d80a57668f9d,Same Direction Rear End,N,Non Intersection,Right Turn Lane,Daylight,No Defects,"Two-way, Divided, Unprotected (painted >4 feet) Median",Wet,Blowing Snow,Twelve o'clock,Passenger Car,Disabling,N,Moving Constant Speed,2015-02-16 14:12,59,38.6187995,-76.918464
N,Apparently Normal,No Misuse,N,Non-incapacitating Injury,bb0196f7-a1b6-480b-8484-35f5c3d97dd2,D,MSP5829002L,Shoulder/Lap Belt(s),M,92f23ff5-2bef-4ad6-90ac-86c70b52c3c3,Same Direction Rear End,N,Non Intersection,Right Turn Lane,Daylight,No Defects,"Two-way, Divided, Unprotected (painted >4 feet) Median",Wet,Blowing Snow,Six o'clock,Pickup Truck,Disabling,N,Stopped in Traffic Lane,2015-02-16 14:12,53,38.6187995,-76.918464
N,Apparently Normal,No Misuse,N,No Injury,a9751ac6-ac4b-433b-b8f3-8089f0ccac96,D,MSP5829002M,Shoulder/Lap Belt(s),M,c5c9cfcb-530a-49b9-82f0-74a6371318f1,Same Direction Right Turn,N,Non Intersection,Right Turn Lane,Daylight,No Defects,"Two-way, Not Divided",Dry,Clear,Two o'clock,Pickup Truck,Functional,N,Making Right Turn,2015-02-18 11:32,41,38.5320275,-76.968597
N,Apparently Normal,No Misuse,N,No Injury,882475ee-2be1-4b8e-b670-8a99ecd5f5a0,D,MSP5829002N,Shoulder/Lap Belt(s),M,d1d234cd-d9b9-4563-8fed-aa5c3982a020,Same Direction Right Turn,N,Non Intersection,Left Turn Lane,Daylight,No Defects,"Two-way, Divided, Unprotected (painted >4 feet) Median",Dry,Clear,Eleven o'clock,Passenger Car,Functional,N,Moving Constant Speed,2015-02-23 17:22,50,38.555943,-76.842971
N,Apparently Normal,No Misuse,Y,No Injury,690fa461-7058-44bd-92dd-2245f2f1bc84,D,MSP5829002N,Shoulder/Lap Belt(s),M,a1a5cfd6-d7ce-4adc-825c-6dbf4f931ad7,Same Direction Right Turn,N,Non Intersection,Left Turn Lane,Daylight,No Defects,"Two-way, Divided, Unprotected (painted >4 feet) Median",Dry,Clear,Five o'clock,(Sport) Utility Vehicle,Superficial,Y,Moving Constant Speed,2015-02-23 17:22,36,38.555943,-76.842971
N,Apparently Normal,No Misuse,N,No Injury,8d5a6833-337f-4620-9d64-0d9df295a0a2,D,MSP58350022,Shoulder/Lap Belt(s),M,7576e05e-f0b6-48cc-bdf7-c1c67482cffe,Same Direction Rear End,N,Non Intersection,Right Turn Lane,Daylight,No Defects,"Two-way, Divided, Positive Median Barrier",Wet,Clear,Six o'clock,Pickup Truck,Superficial,N,Moving Constant Speed,2015-01-30 8:34,48,39.04969283,-76.62506417
Y,Apparently Normal,No Misuse,N,No Injury,d1e43ec4-cd50-49b8-b393-39c83041d259,D,MSP5839002L,Shoulder/Lap Belt(s),M,5dba3af8-6172-4b14-bca6-d892be7c4d0e,Same Direction Sideswipe,N,Interchange Related,Left Turn Lane,Daylight,No Defects,"Two-way, Divided, Positive Median Barrier",Dry,Clear,Twelve o'clock,Truck Tractor,Superficial,N,Moving Constant Speed,2015-01-05 9:54,62,38.981066,-76.552617
N,Apparently Normal,No Misuse,Y,No Injury,e65e659b-c375-41b1-9dc3-be2cec32fe0b,D,MSP5839002L,Shoulder/Lap Belt(s),M,195982e2-d9c6-4a1c-845f-fd280c8f77b2,Same Direction Sideswipe,N,Interchange Related,Left Turn Lane,Daylight,No Defects,"Two-way, Divided, Positive Median Barrier",Dry,Clear,Seven o'clock,Passenger Car,Disabling,N,Moving Constant Speed,2015-01-05 9:54,37,38.981066,-76.552617
N,Apparently Normal,No Misuse,Y,No Injury,b1532045-976e-4812-b4be-9ce8624c3c2b,D,MSP5842001J,Shoulder/Lap Belt(s),M,be3cd3a0-943e-4346-badb-126bdf941a1f,Same Direction Rear End,N,Non Intersection,Right Turn Lane,Daylight,No Defects,"Two-way, Not Divided",Dry,Clear,Twelve o'clock,Pickup Truck,Superficial,N,Starting From Lane,2015-03-17 7:58,18,39.48510633,-75.84805117
N,Apparently Normal,No Misuse,N,Non-incapacitating Injury,0249ee2a-ca1f-4de4-a7fe-55dad672d50d,D,MSP5842001J,Shoulder/Lap Belt(s),M,bdbeaf80-d108-439f-adef-b140df50a060,Same Direction Rear End,N,Non Intersection,Right Turn Lane,Daylight,No Defects,"Two-way, Not Divided",Dry,Clear,Six o'clock,Passenger Car,Functional,N,Stopped in Traffic Lane,2015-03-17 7:58,51,39.48510633,-75.84805117
N,Apparently Normal,No Misuse,Y,No Injury,2d374a8b-4272-42ee-991e-ecee3b6cda1c,D,MSP5847002Z,Shoulder/Lap Belt(s),M,03088699-fe26-418e-afc8-a705c0852367,Single Vehicle ,N,Non Intersection,Right Turn Lane,Daylight,No Defects,"Two-way, Divided, Positive Median Barrier",Ice,Foggy,Twelve o'clock,Passenger Car,Functional,N,Moving Constant Speed,2015-01-14 9:29,40,39.53271067,-77.60574367
N,Apparently Normal,No Misuse,N,No Injury,c9963da5-5787-4f08-be70-a292f6470030,D,MSP58470031,Shoulder/Lap Belt(s),M,36e9d75a-0d59-4307-b404-37a81433f292,Same Direction Rear End,N,Interchange Related,Right Turn Lane,Daylight,No Defects,"Two-way, Divided, Positive Median Barrier",Snow,Snow,Six o'clock,Pickup Truck,Functional,N,Accelerating,2015-03-05 7:10,57,39.50170167,-77.39977083
N,Apparently Normal,No Misuse,Y,Possible Incapacitating Injury,af37df9e-f69c-4846-9106-2dfb698aa3df,D,MSP58470031,Shoulder/Lap Belt(s),M,5396108d-9164-46f6-9122-924e13e5beab,Same Direction Rear End,N,Interchange Related,Right Turn Lane,Daylight,No Defects,"Two-way, Divided, Positive Median Barrier",Snow,Snow,Twelve o'clock,Passenger Car,Disabling,N,Slowing or Stopping,2015-03-05 7:10,22,39.50170167,-77.39977083
N,Apparently Normal,No Misuse,Y,No Injury,0d19e4ab-79fe-4d64-a67a-7d09817fd54a,D,MSP58540027,Shoulder/Lap Belt(s),M,c9392174-4905-43f5-8428-349be0e08573,Single Vehicle ,N,Non Intersection,Right Turn Lane,Dark No Lights,No Defects,"Two-way, Divided, Positive Median Barrier",Snow,Snow,Roof Top,Pickup Truck,Disabling,N,Skidding,2015-02-14 23:07,19,39.6423125,-75.93652133
N,Apparently Normal,No Misuse,Y,No Injury,db7dde78-f29a-485c-aa23-3dd5f8f45703,D,MSP58540028,Shoulder/Lap Belt(s),M,154f9080-b0cd-4bba-8608-5e40739d8c78,Single Vehicle ,N,Non Intersection,Right Turn Lane,Daylight,No Defects,"Two-way, Divided, Positive Median Barrier",Slush,Sleet,Twelve o'clock,Passenger Car,Disabling,N,Changing Lanes,2015-03-01 14:11,26,39.641752,-75.80585517
N,Apparently Normal,No Misuse,Y,No Injury,7e53e43e-5dd7-4e5a-a161-260ec5f9c037,D,MSP5859001K,Shoulder/Lap Belt(s),M,769261bf-fede-414c-8619-851b60ee66b7,Same Movement Angle,N,Intersection,Right Turn Lane,Daylight,No Defects,"Two-way, Divided, Unprotected (painted >4 feet) Median",Wet,Clear,Twelve o'clock,Passenger Car,Disabling,N,Moving Constant Speed,2015-01-04 12:06,29,38.69895267,-76.868796
Y,Apparently Normal,No Misuse,N,Non-incapacitating Injury,e8411731-dddc-4a3b-9a8d-0dc8bb3ba703,D,MSP5859001K,Shoulder/Lap Belt(s),M,2798e91d-e92d-4cc1-bdde-2df0e376d3f9,Same Movement Angle,N,Intersection,Right Turn Lane,Daylight,No Defects,"Two-way, Divided, Unprotected (painted >4 feet) Median",Wet,Clear,Ten o'clock,Pickup Truck,Disabling,N,Making Left Turn,2015-01-04 12:06,59,38.69895267,-76.868796
N,Apparently Normal,No Misuse,N,No Injury,160cd393-3ec9-43c9-bd83-7c935846cd65,D,MSP58620028,Shoulder/Lap Belt(s),M,ac0d5b65-8c56-4484-8e62-ea6ae7afb861,Same Direction Rear End,N,Non Intersection,Right Turn Lane,Daylight,No Defects,"Two-way, Not Divided",Wet,Raining,Six o'clock,Passenger Car,Superficial,N,Stopped in Traffic Lane,2015-02-02 10:02,32,38.671493,-76.876251
N,Apparently Normal,No Misuse,Y,No Injury,29c0bff1-18cd-4a47-b9cd-0452ea9ba499,D,MSP58620028,Shoulder/Lap Belt(s),M,e1d5c872-4adc-4e38-abca-4d8b0f0766ee,Same Direction Rear End,N,Non Intersection,Right Turn Lane,Daylight,No Defects,"Two-way, Not Divided",Wet,Raining,Twelve o'clock,Passenger Car,Superficial,Y,Moving Constant Speed,2015-02-02 10:02,24,38.671493,-76.876251
N,Apparently Normal,No Misuse,N,No Injury,d41abe7e-8d2a-450d-b178-edb69fd70673,D,MSP58950017,Shoulder/Lap Belt(s),M,e607a457-8863-490d-b5c7-c2c165d4639e,Single Vehicle ,N,Non Intersection,Right Turn Lane,Dark No Lights,No Defects,"Two-way, Not Divided",Dry,Clear,Twelve o'clock,Passenger Car,Disabling,N,Moving Constant Speed,2015-01-08 5:43,49,39.501662,-76.993054
N,Apparently Normal,No Misuse,Y,No Injury,433a26da-6627-44f3-a4c1-26beadbe5a5f,D,MSP5910001T,Shoulder/Lap Belt(s),M,98a6e32a-bf74-41fc-a73c-44b7a4eb4f88,Single Vehicle ,N,Non Intersection,Right Turn Lane,Daylight,No Defects,"Two-way, Not Divided",Snow,Snow,Two o'clock,(Sport) Utility Vehicle,Functional,N,Slowing or Stopping,2015-03-05 14:12,47,38.50991998,-76.94556145
Y,Apparently Normal,No Misuse,Y,No Injury,deba005e-bbbf-4dd6-8acb-30ccc6b6225b,D,MSP5930000P,Shoulder Belt Only,M,338e3b1e-1a83-4138-860a-80ab20b52a95,Single Vehicle ,N,Non Intersection,Right Turn Lane,Dark No Lights,No Defects,"Two-way, Not Divided",Ice,Blowing Snow,One o'clock,Truck Tractor,Superficial,N,Moving Constant Speed,2015-03-06 6:10,28,38.630366,-75.730978
Y,Apparently Normal,No Misuse,N,No Injury,7fdbbf23-92aa-4819-a11a-41cc7671b70e,D,MSP5938000N,Shoulder/Lap Belt(s),M,6ff98c62-2f8a-4e3b-bc1b-7beefec88f11,Single Vehicle ,N,Non Intersection,Right Turn Lane,Daylight,No Defects,"Two-way, Not Divided",Dry,Cloudy,Twelve o'clock,School Bus,Superficial,N,Moving Constant Speed,2015-01-30 8:00,51,38.11583947,-75.74966025
N,Apparently Normal,No Misuse,N,No Injury,ddc40e52-37f7-4644-9334-f5decd6dc68e,D,MSP59530030,Shoulder/Lap Belt(s),M,a88db7e6-fc68-4271-9fb3-4842e02ae89c,Same Direction Rear End,N,Intersection,Right Turn Lane,Daylight,No Defects,"Two-way, Not Divided",Wet,Clear,Six o'clock,Pickup Truck,Functional,N,Stopped in Traffic Lane,2015-02-17 10:44,40,39.666788,-77.700164
N,Using Drugs,No Misuse,Y,No Injury,886d833d-9df6-486c-a016-8d1bd04cf4d6,D,MSP59530030,Shoulder/Lap Belt(s),M,04c80db9-49e3-4ecf-97c1-3c23ad67711d,Same Direction Rear End,N,Intersection,Right Turn Lane,Daylight,No Defects,"Two-way, Not Divided",Wet,Clear,Twelve o'clock,Van,Functional,N,Moving Constant Speed,2015-02-17 10:44,31,39.666788,-77.700164
N,Apparently Normal,No Misuse,N,No Injury,d2f51558-2ad7-4344-a290-4fedb5ef806f,D,MSP59530035,Shoulder/Lap Belt(s),M,dc63c35a-19f0-49d2-b07e-bbed82390190,Head On,N,Non Intersection,Right Turn Lane,Dark Lights On,No Defects,"Two-way, Not Divided",Ice,Clear,Twelve o'clock,(Sport) Utility Vehicle,Disabling,N,Making Left Turn,2015-03-12 7:24,45,39.485845,-77.625072
N,Apparently Normal,No Misuse,N,No Injury,3a36c4cf-e2dd-4649-88d2-b56bcc7a963c,D,MSP59530036,Shoulder/Lap Belt(s),M,5faf5cce-1b3e-4041-9579-40099e9e85b6,Head On Left Turn,N,Non Intersection,Right Turn Lane,Daylight,No Defects,"Two-way, Not Divided",Dry,Clear,Twelve o'clock,(Sport) Utility Vehicle,Disabling,N,Moving Constant Speed,2015-03-14 13:23,50,39.641907,-77.634973
N,Apparently Normal,No Misuse,Y,No Injury,12bc195d-01d4-4384-af87-fb01c9b78089,D,MSP59570043,Shoulder/Lap Belt(s),M,6c7d5e87-678a-4bad-9361-c0273322cc47,Single Vehicle ,N,Non Intersection,Shoulder Area,Dark Lights On,No Defects,"Two-way, Divided, Positive Median Barrier",Wet,Raining,Twelve o'clock,Passenger Car,Disabling,N,Moving Constant Speed,2015-01-26 19:51,63,38.955711,-76.707896
N,Apparently Normal,No Misuse,Y,No Injury,2230a6f6-0284-4c8b-bc63-345a80f92c64,D,MSP59680022,Shoulder/Lap Belt(s),M,62813122-50c6-4dd3-a5a5-4d62b0435c45,Same Direction Sideswipe,N,Non Intersection,Right Turn Lane,Daylight,No Defects,"Two-way, Divided, Positive Median Barrier",Slush,Snow,Six o'clock,Passenger Car,Disabling,N,Moving Constant Speed,2015-03-05 10:40,62,38.652444,-76.970933
N,Apparently Normal,No Misuse,Y,No Injury,933bc99c-a1ae-47be-9998-6c69ced90958,D,MSP59680022,Shoulder/Lap Belt(s),M,0401daaf-6c2c-48ce-a36e-2e3df4a25ed5,Same Direction Sideswipe,N,Non Intersection,Right Turn Lane,Daylight,No Defects,"Two-way, Divided, Positive Median Barrier",Slush,Snow,Twelve o'clock,Passenger Car,Functional,N,Moving Constant Speed,2015-03-05 10:40,22,38.652444,-76.970933
N,Apparently Normal,No Misuse,Y,No Injury,7040a3d9-fa67-480b-9232-9f5e9afd0a71,D,MSP5969000S,Shoulder/Lap Belt(s),M,ea319ce4-1758-4e02-8092-9820378210dd,Single Vehicle ,N,Non Intersection,Right Turn Lane,Daylight,No Defects,"Two-way, Divided, Positive Median Barrier",Dry,Clear,Ten o'clock,Passenger Car,Disabling,N,Moving Constant Speed,2015-01-15 14:50,32,38.676,-76.057
N,Apparently Normal,No Misuse,Y,No Injury,73a3be6d-75d8-4bef-bdea-1778c2154603,D,MSP5969000V,Shoulder/Lap Belt(s),M,bec3eb76-ccfe-48cf-9818-d723d4ea27a0,Single Vehicle ,N,Non Intersection,Left Turn Lane,Daylight,No Defects,"Two-way, Divided, Positive Median Barrier",Snow,Snow,Four o'clock,Pickup Truck,Disabling,N,Moving Constant Speed,2015-02-26 7:25,46,38.625,-76.058
N,Apparently Normal,No Misuse,Y,No Injury,0d523419-136e-4e40-8faf-82bc442671fe,D,MSP59710024,Shoulder/Lap Belt(s),M,25fdc29c-eecf-4ac9-935f-648678857ff7,Single Vehicle ,N,Non Intersection,Acceleration Lane,Dark Lights On,No Defects,"Two-way, Divided, Positive Median Barrier",Dry,Clear,Two o'clock,Passenger Car,Disabling,Y,Moving Constant Speed,2015-02-01 20:28,21,39.02725633,-76.45261033
N,Apparently Normal,No Misuse,N,No Injury,bd5d5a2d-b46b-45fd-91ba-d09adc98dcae,D,MSP5971002C,Shoulder/Lap Belt(s),M,496dcf3a-23d2-42e9-99f1-68e9b558fdcf,Single Vehicle ,N,Non Intersection,Right Turn Lane,Daylight,No Defects,"Two-way, Divided, Positive Median Barrier",Dry,Clear,Eleven o'clock,Passenger Car,Disabling,N,Moving Constant Speed,2015-03-13 8:12,19,38.98567883,-76.53772583
N,Apparently Normal,No Misuse,Y,No Injury,99149565-8076-4ed0-9efd-4f435d5aa6d9,D,MSP59800016,Shoulder/Lap Belt(s),M,301330b5-b4eb-4fc3-bbf7-439cd7a85f8f,Single Vehicle ,N,Non Intersection,Right Turn Lane,Dark No Lights,No Defects,"Two-way, Not Divided",Snow,Severe Winds,Twelve o'clock,Passenger Car,Disabling,N,Moving Constant Speed,2015-02-15 13:26,44,39.71798858,-75.87628663
N,Apparently Normal,No Misuse,Y,No Injury,7d5a0bf7-fdd5-489d-8615-7b451fc28b67,D,MSP60090038,Shoulder/Lap Belt(s),M,f5e42126-e46d-4899-a1ff-6e1ea9065054,Single Vehicle ,N,Non Intersection,Right Turn Lane,Dark Lights On,No Defects,One-way Trafficway,Dry,Clear,Twelve o'clock,(Sport) Utility Vehicle,Disabling,N,Negotiating a Curve,2015-01-16 3:33,20,38.95265467,-76.71805567
N,Apparently Normal,No Misuse,Y,No Injury,d1881a1a-b2a7-48bf-88ef-b956fd5f392d,D,MSP6009003K,Shoulder/Lap Belt(s),M,5d36a7e2-b482-436b-b80c-1f7564507781,Single Vehicle ,N,Non Intersection,Acceleration Lane,Dark No Lights,No Defects,"Two-way, Divided, Positive Median Barrier",Ice,Wintry Mix,Twelve o'clock,Pickup Truck,Destroyed,N,Moving Constant Speed,2015-02-10 5:30,32,38.94381967,-76.79738317
N,Apparently Normal,No Misuse,Y,No Injury,536737a3-2997-43b1-b9f7-0d698b4df7e8,D,MSP6009003L,Shoulder/Lap Belt(s),M,5c2519da-6568-4457-8dcb-ebf444d15c51,Single Vehicle ,N,Non Intersection,Right Turn Lane,Dark Lights On,No Defects,One-way Trafficway,Ice,Wintry Mix,Twelve o'clock,(Sport) Utility Vehicle,Disabling,N,Negotiating a Curve,2015-02-10 4:42,42,39.0197035,-76.92398333
N,Apparently Normal,No Misuse,Y,No Injury,3cfd7a27-78cd-44b5-b721-fbdd10f5bd96,D,MSP6009003M,Shoulder/Lap Belt(s),M,6f6b364b-8ae7-4eee-b4f8-591d33b295e3,Single Vehicle ,N,Non Intersection,Right Turn Lane,Dark Lights On,No Defects,One-way Trafficway,Ice,Wintry Mix,Twelve o'clock,(Sport) Utility Vehicle,Destroyed,N,Negotiating a Curve,2015-02-10 4:42,45,39.0196565,-76.9239745
N,Apparently Normal,No Misuse,N,No Injury,6ae85ed3-9f51-49da-8e64-76543456478b,D,MSP6029003P,Shoulder/Lap Belt(s),M,55ece69f-2478-4a3d-98a6-e9f86afcc079,Same Direction Rear End,N,Non Intersection,Left Turn Lane,Daylight,No Defects,"Two-way, Divided, Positive Median Barrier",Dry,Clear,Six o'clock,Passenger Car,Disabling,N,Stopped in Traffic Lane,2015-01-20 15:52,61,39.418902,-77.43340217
N,Apparently Normal,No Misuse,Y,No Injury,377ce8a3-f7db-45fa-b8d2-22f04db0a60d,D,MSP6029003P,Shoulder/Lap Belt(s),M,16621670-7c48-4c16-a94d-0906664a7865,Same Direction Rear End,N,Non Intersection,Left Turn Lane,Daylight,No Defects,"Two-way, Divided, Positive Median Barrier",Dry,Clear,Twelve o'clock,Passenger Car,Disabling,N,Changing Lanes,2015-01-20 15:52,19,39.418902,-77.43340217
N,Apparently Normal,No Misuse,N,No Injury,d4b0b5b0-038a-408c-a601-5eb48d6655b4,D,MSP60290040,Shoulder/Lap Belt(s),M,d4e033cd-d1b9-4290-8adf-97323070a77d,Single Vehicle ,N,Non Intersection,Right Turn Lane,Dawn,No Defects,"Two-way, Not Divided",Dry,Clear,One o'clock,Passenger Car,Disabling,N,Slowing or Stopping,2015-03-03 6:51,49,39.3312765,-77.56159683
N,Apparently Normal,No Misuse,N,No Injury,c08e9a99-779f-4e18-9468-d9c35bda60cf,D,MSP60310012,Shoulder/Lap Belt(s),M,64716935-5155-45fe-958f-04480a2d5454,Single Vehicle ,N,Non Intersection,Right Turn Lane,Dawn,No Defects,"Two-way, Not Divided",Wet,Raining,Eight o'clock,Pickup Truck,Disabling,N,Moving Constant Speed,2015-01-19 7:20,45,39.14239133,-75.81150133
N,Apparently Normal,No Misuse,Y,No Injury,c963a86b-701c-463f-9839-5e40e6eecbe5,D,MSP6033008T,Shoulder/Lap Belt(s),M,e632faf1-cc76-47ee-943b-54fe7691190d,Single Vehicle ,N,Non Intersection,Right Turn Lane,Dusk,No Defects,"Two-way, Not Divided",Ice,Cloudy,Seven o'clock,Passenger Car,Disabling,N,Skidding,2015-01-15 7:12,17,39.67526144,-76.53848648
N,Apparently Normal,No Misuse,N,No Injury,fc7e8373-c126-406f-a7aa-d21a3a0d68c6,D,MSP6033008X,Shoulder/Lap Belt(s),M,bbc33cf4-ddf1-457c-ad41-41e6d12a7b8c,Same Direction Rear End,N,Non Intersection,Right Turn Lane,Daylight,No Defects,"Two-way, Not Divided",Dry,Clear,Six o'clock,(Sport) Utility Vehicle,Functional,N,Stopped in Traffic Lane,2015-02-06 12:21,22,39.61331667,-76.51696033
N,Apparently Normal,No Misuse,Y,No Injury,68a2cb2e-94dd-4e53-9e6e-1f81301fd108,D,MSP6033008X,Shoulder/Lap Belt(s),M,e2cade3b-e734-4fe6-aa5c-f6be05cbc159,Same Direction Rear End,N,Non Intersection,Right Turn Lane,Daylight,No Defects,"Two-way, Not Divided",Dry,Clear,Twelve o'clock,Pickup Truck,Disabling,N,Slowing or Stopping,2015-02-06 12:21,28,39.61331667,-76.51696033
N,Apparently Normal,No Misuse,N,No Injury,3458a47a-7a25-4462-a65a-10ecedcd8973,D,MSP6033008Y,Shoulder/Lap Belt(s),M,78d4e8b4-d40e-44cc-b7e1-a3a5513d7db0,Same Movement Angle,N,Intersection,Right Turn Lane,Daylight,No Defects,"Two-way, Not Divided",Wet,Cloudy,Twelve o'clock,Pickup Truck,Disabling,N,Slowing or Stopping,2015-02-17 14:36,26,39.69803017,-76.46563633
N,Apparently Normal,No Misuse,Y,Possible Incapacitating Injury,7003f1f9-ab99-4c65-873c-0f92042d4b00,D,MSP6033008Y,Shoulder/Lap Belt(s),M,709ba6ac-e948-487e-bb14-94ddf612d310,Same Movement Angle,N,Intersection,Right Turn Lane,Daylight,No Defects,"Two-way, Not Divided",Wet,Cloudy,Seven o'clock,Passenger Car,Disabling,N,Starting From Parked,2015-02-17 14:36,83,39.69803017,-76.46563633
N,Apparently Normal,No Misuse,Y,No Injury,88841298-7c23-4e0c-ad81-6d6a97aa7e02,D,MSP60390016,Shoulder/Lap Belt(s),M,5a4bae4a-977e-41d4-9b50-2627713cadc9,Single Vehicle ,N,Non Intersection,Acceleration Lane,Daylight,No Defects,"Two-way, Divided, Positive Median Barrier",Dry,Clear,One o'clock,Passenger Car,Disabling,N,Moving Constant Speed,2015-01-05 8:59,70,39.417625,-76.4082825
N,Apparently Normal,No Misuse,Y,No Injury,c675e90a-0d3a-4838-9472-4540bf597969,D,MSP6043001C,Shoulder/Lap Belt(s),M,12f6632a-b426-428e-aad0-ab1b3229386d,Single Vehicle ,N,Non Intersection,Right Turn Lane,Dark No Lights,No Defects,"Two-way, Not Divided",Dry,Clear,Twelve o'clock,Pickup Truck,Destroyed,N,Moving Constant Speed,2015-01-10 21:53,22,39.078971,-75.83620367
N,Apparently Normal,No Misuse,Y,No Injury,cfbb0992-960c-4d12-9a21-453bc24477b4,D,MSP60440026,Shoulder/Lap Belt(s),M,47d6d11e-e2f7-4a12-87c1-34b6b9bb49ed,Single Vehicle ,N,Non Intersection,Left Turn Lane,Dark Lights On,No Defects,"Two-way, Divided, Positive Median Barrier",Dry,Clear,Ten o'clock,"Medium/Heavy Truck 2 axles (10,000 lbs (4,536 kg) or less)",Disabling,N,Moving Constant Speed,2015-02-28 5:00,29,39.4598805,-76.30347667