CDL_FLAG,CONDITION_CODE,EQUIP_PROB_CODE,FAULT_FLAG,INJ_SEVER_CODE,PERSON_ID,PERSON_TYPE,REPORT_NO,SAF_EQUIP_CODE,SEX_CODE,VEHICLE_ID,COLLISION_TYPE_CODE,C_M_ZONE_FLAG,JUNCTION_CODE,LANE_CODE,LIGHT_CODE,RD_COND_CODE,RD_DIV_CODE,SURF_COND_CODE,WEATHER_CODE,AREA_DAMAGED_CODE_MAIN,BODY_TYPE_CODE,DAMAGE_CODE,HIT_AND_RUN_FLAG,MOVEMENT_CODE,TIME,AGE,LATITUDE,LONGITUDE
N,Apparently Normal,No Misuse,Y,No Injury,b65c8232-6b86-4501-9c8a-5c70bd334bf0,D,MSP6094003C,Shoulder/Lap Belt(s),M,298c5b53-f303-4b9e-96aa-ebdef1d2352a,Same Direction Sideswipe,N,Non Intersection,Left Turn Lane,Dawn,No Defects,"Two-way, Divided, Positive Median Barrier",Ice,Cloudy,One o'clock,Passenger Car,Functional,N,Skidding,2015-02-22 5:44,31,39.06875467,-76.90870567
N,Apparently Normal,No Misuse,N,Possible Incapacitating Injury,549bb761-3b1f-4fac-8744-b0d52a097d7c,D,MSP6094003C,Shoulder/Lap Belt(s),M,074434fb-9a52-45b0-a5f6-cd0ab90479bc,Same Direction Sideswipe,N,Non Intersection,Left Turn Lane,Dawn,No Defects,"Two-way, Divided, Positive Median Barrier",Ice,Cloudy,Two o'clock,Passenger Car,Disabling,N,Moving Constant Speed,2015-02-22 5:44,41,39.06875467,-76.90870567
Y,Apparently Normal,No Misuse,N,No Injury,f81a544e-a033-44c7-91ad-0aa6866d0d27,D,MSP6094003F,Shoulder/Lap Belt(s),M,a96f3558-55cc-48e9-8af0-50603f2d3832,Single Vehicle ,N,Non Intersection,Deceleration Lane,Daylight,No Defects,"Two-way, Not Divided",Wet,Cloudy,One o'clock,"Medium/Heavy Truck 2 axles (10,000 lbs (4,536 kg) or less)",Functional,N,Moving Constant Speed,2015-02-22 10:59,43,39.091996,-76.856925
N,Apparently Normal,No Misuse,Y,No Injury,164fdf8a-41f3-4759-a22e-8c5da4b6164e,D,MSP6094003G,Shoulder/Lap Belt(s),M,d6007554-6e8d-41e8-b3b4-b8c279fde9b5,Single Vehicle ,N,Non Intersection,Left Turn Lane,Daylight,No Defects,One-way Trafficway,Dry,Clear,Roof Top,Passenger Car,Disabling,N,Negotiating a Curve,2015-02-23 13:04,21,38.94600017,-76.85689433
N,Apparently Normal,No Misuse,Y,No Injury,b575246d-0bb2-4307-a070-1bc98318dd72,D,MSP6094003H,Shoulder/Lap Belt(s),M,4776cac4-2165-484e-822b-2e634868601a,Single Vehicle ,N,Non Intersection,Right Turn Lane,Daylight,No Defects,"Two-way, Divided, Positive Median Barrier",Wet,Cloudy,Nine o'clock,Passenger Car,Superficial,N,Slowing or Stopping,2015-02-26 12:58,19,39.05837867,-76.92563083
N,Apparently Normal,No Misuse,Y,Possible Incapacitating Injury,bf46eebd-5230-419a-a6a4-1d3a5a570d57,D,MSP6094003J,Shoulder/Lap Belt(s),M,cd89a834-6f48-4cb5-84e5-87bb2c2130c8,Same Direction Rear End,N,Non Intersection,Acceleration Lane,Dark Lights On,No Defects,"Two-way, Divided, Positive Median Barrier",Dry,Cloudy,Twelve o'clock,Passenger Car,Disabling,N,Slowing or Stopping,2015-03-06 21:06,26,39.04422267,-76.93421683
N,Apparently Normal,No Misuse,N,No Injury,c9c4a13c-6124-46a7-8c13-b1160a156d21,D,MSP6094003L,Shoulder/Lap Belt(s),M,1065b8d6-2e02-49fc-bba9-3bb7be2c72c0,Same Direction Sideswipe,N,Non Intersection,Acceleration Lane,Daylight,No Defects,"Two-way, Divided, Positive Median Barrier",Wet,Snow,Ten o'clock,Passenger Car,Disabling,N,Moving Constant Speed,2015-03-20 9:47,60,39.102988,-76.887901
Y,Apparently Normal,No Misuse,Y,No Injury,68a198ab-4384-4f1d-9be7-0f96c5c4a7a4,D,MSP6094003L,Shoulder/Lap Belt(s),M,e63220e5-d33c-4f45-8575-198ed9ce8f86,Same Direction Sideswipe,N,Non Intersection,Acceleration Lane,Daylight,No Defects,"Two-way, Divided, Positive Median Barrier",Wet,Snow,Three o'clock,Truck Tractor,Superficial,N,Changing Lanes,2015-03-20 9:47,25,39.102988,-76.887901
N,Apparently Normal,No Misuse,Y,No Injury,62f7612a-6368-4179-954f-798cbe8565c9,D,MSP6094003N,Shoulder/Lap Belt(s),M,8c7954a5-2e20-4706-b4cf-45c50da7820d,Same Direction Rear End,N,Non Intersection,Right Turn Lane,Dawn,No Defects,"Two-way, Divided, Positive Median Barrier",Dry,Cloudy,Twelve o'clock,Passenger Car,Disabling,N,Slowing or Stopping,2015-03-23 6:59,56,38.98689217,-76.88181233
N,Apparently Normal,No Misuse,N,No Injury,4b37b3dd-1d24-4953-b208-f99fa8f4b94b,D,MSP6094003P,Shoulder/Lap Belt(s),M,6d5ba926-1a89-4425-994f-86cb8c876ee1,Same Direction Rear End,N,Non Intersection,Right Turn Lane,Daylight,No Defects,One-way Trafficway,Dry,Clear,Six o'clock,Passenger Car,Disabling,N,Slowing or Stopping,2015-03-30 14:56,61,39.02261067,-76.94982133
N,Apparently Normal,No Misuse,N,No Injury,a7cffe25-f098-46e9-a4f4-5a35ae0ee600,D,MSP6094003P,Shoulder/Lap Belt(s),M,6612816b-89c3-4090-92ee-acce877f1700,Same Direction Rear End,N,Non Intersection,Right Turn Lane,Daylight,No Defects,One-way Trafficway,Dry,Clear,Twelve o'clock,Passenger Car,Superficial,N,Slowing or Stopping,2015-03-30 14:56,54,39.02261067,-76.94982133
N,Apparently Normal,No Misuse,Y,No Injury,716c62da-3c11-4840-bb72-2e6e3c6c0b1c,D,MSP6094003P,Shoulder/Lap Belt(s),M,002f24c3-ffd8-4b0b-8c0c-bb44b6fd3fc6,Same Direction Rear End,N,Non Intersection,Right Turn Lane,Daylight,No Defects,One-way Trafficway,Dry,Clear,Twelve o'clock,Passenger Car,Disabling,N,Slowing or Stopping,2015-03-30 14:56,35,39.02261067,-76.94982133
Y,Apparently Normal,No Misuse,N,No Injury,72b67977-612f-499f-8dc3-e2fc0590d1c4,D,MSP6099003B,Shoulder/Lap Belt(s),M,f231b881-2351-4b38-8c95-9389badcb45b,Same Direction Sideswipe,N,Non Intersection,Acceleration Lane,Dark Lights On,No Defects,"Two-way, Divided, Positive Median Barrier",Dry,Clear,Eleven o'clock,Truck Tractor,Functional,N,Moving Constant Speed,2015-01-11 19:31,24,38.89482183,-76.8478735
N,Apparently Normal,No Misuse,Y,No Injury,93a1fcbc-0205-4c1a-bbd7-d9fda74f12b4,D,MSP6099003B,Shoulder/Lap Belt(s),M,9321694f-6be7-497b-bf6a-97c6c2e0fe19,Same Direction Sideswipe,N,Non Intersection,Acceleration Lane,Dark Lights On,No Defects,"Two-way, Divided, Positive Median Barrier",Dry,Clear,Two o'clock,Passenger Car,Disabling,N,Changing Lanes,2015-01-11 19:31,25,38.89482183,-76.8478735
N,Apparently Normal,No Misuse,N,No Injury,4b4d1d5e-fd59-41c4-8cc6-faa4517f4c1a,D,MSP6111000C,Shoulder/Lap Belt(s),M,d4c1837a-1e75-4d90-b2f6-0a4060c88317,Same Direction Rear End,N,Non Intersection,Left Turn Lane,Daylight,No Defects,"Two-way, Divided, Positive Median Barrier",Snow,Snow,Five o'clock,Passenger Car,Functional,N,Slowing or Stopping,2015-03-12 8:33,67,39.58411874,-76.99014902
N,Apparently Normal,No Misuse,Y,No Injury,0af490c4-799e-49b2-b448-17e7db5fa1eb,D,MSP6111000C,Shoulder/Lap Belt(s),M,b77f0668-c58e-4cf5-b4a0-87980dea1359,Same Direction Rear End,N,Non Intersection,Left Turn Lane,Daylight,No Defects,"Two-way, Divided, Positive Median Barrier",Snow,Snow,Eleven o'clock,Pickup Truck,Functional,Y,Slowing or Stopping,2015-03-12 8:33,27,39.58411874,-76.99014902
N,Apparently Normal,No Misuse,N,No Injury,8c0cfc86-4adf-4971-89f4-1d931f5f253d,D,MSP6111000D,Shoulder/Lap Belt(s),M,47c8bc13-26c2-4011-8c5d-69374fb7129d,Same Direction Sideswipe,N,Non Intersection,Left Turn Lane,Dark No Lights,No Defects,"Two-way, Divided, Positive Median Barrier",Dry,Clear,Ten o'clock,Passenger Car,Functional,N,Moving Constant Speed,2015-03-12 0:00,31,39.55430401,-76.9575119
N,Apparently Normal,No Misuse,Y,No Injury,384cd714-91c3-439d-a6ad-ec1087850a1a,D,MSP61210013,Shoulder/Lap Belt(s),M,7e99dc21-7051-4289-bdaa-b360e1c6b902,Single Vehicle ,N,Non Intersection,Left Turn Lane,Dark No Lights,No Defects,One-way Trafficway,Ice,Snow,One o'clock,Passenger Car,Superficial,N,Negotiating a Curve,2015-01-14 5:59,76,38.37215683,-75.5367735
N,Apparently Normal,No Misuse,Y,No Injury,8d194009-a805-404c-a8dc-94a07f3956fe,D,MSP61210014,Shoulder/Lap Belt(s),M,ed00eac6-7921-447e-924a-50b1058688ba,Single Vehicle ,N,Intersection,Right Turn Lane,Daylight,No Defects,"Two-way, Not Divided",Wet,Wintry Mix,Six o'clock,Passenger Car,Functional,N,Moving Constant Speed,2015-01-14 10:49,42,38.44241617,-75.56862683
N,Apparently Normal,No Misuse,Y,No Injury,035cda07-8eb1-4705-995b-b5bbc8e6b861,D,MSP61210018,Shoulder/Lap Belt(s),M,fd605948-8b81-4e0c-8e6b-93c95b5dcd3d,Single Vehicle ,N,Non Intersection,Left Turn Lane,Daylight,No Defects,"Two-way, Divided, Positive Median Barrier",Ice,Snow,Eleven o'clock,Passenger Car,Superficial,N,Accelerating,2015-03-05 17:21,52,38.3805735,-75.46945533
N,Apparently Normal,No Misuse,Y,No Injury,a2288f15-61c8-48f7-9d55-a3d33437536d,D,MSP61510035,Shoulder/Lap Belt(s),M,ab08bc51-5815-476e-b01b-deab71ee29c1,Single Vehicle ,N,Non Intersection,Right Turn Lane,Dark No Lights,No Defects,"Two-way, Divided, Positive Median Barrier",Dry,Clear,Eight o'clock,Van,Disabling,N,Moving Constant Speed,2015-01-15 6:45,25,39.13326233,-76.85685533
N,Apparently Normal,No Misuse,N,No Injury,2616f588-0c08-48c7-a557-c0baabb43bca,D,MSP6151003H,Shoulder/Lap Belt(s),M,1267a55c-c8cf-4422-b05f-a15165e70c3d,Same Direction Rear End,N,Non Intersection,Left Turn Lane,Daylight,No Defects,"Two-way, Divided, Positive Median Barrier",Dry,Clear,Six o'clock,Passenger Car,Functional,N,Slowing or Stopping,2015-02-20 16:50,34,39.18045,-76.7849
N,Apparently Normal,No Misuse,Y,No Injury,b955494e-4808-49f6-b29e-e355b86f1b85,D,MSP61540015,Shoulder/Lap Belt(s),M,7bd365d5-8ea9-4884-9511-68b37efafd7d,Same Direction Rear End,Y,Intersection,Left Turn Lane,Daylight,No Defects,"Two-way, Divided, Positive Median Barrier",Dry,Clear,Twelve o'clock,Passenger Car,Superficial,N,Moving Constant Speed,2015-01-16 11:23,29,38.65177,-76.056802
N,Apparently Normal,No Misuse,N,Non-incapacitating Injury,cf2fd70d-8d31-47b0-b315-465fd0708ccc,D,MSP61540015,Shoulder/Lap Belt(s),M,d9e54fe7-fe7b-414b-a890-010ac9b3ec92,Same Direction Rear End,Y,Intersection,Left Turn Lane,Daylight,No Defects,"Two-way, Divided, Positive Median Barrier",Dry,Clear,Six o'clock,Van,Superficial,N,Moving Constant Speed,2015-01-16 11:23,53,38.65177,-76.056802
N,Apparently Normal,No Misuse,Y,No Injury,c3356da0-86cb-40b6-bb18-55b45119c7c3,D,MSP6154001B,Shoulder/Lap Belt(s),M,2cebb7b0-9cfe-4744-802c-255248e31c28,Same Movement Angle,N,Intersection Related,Right Turn Lane,Daylight,No Defects,"Two-way, Not Divided",Dry,Clear,Twelve o'clock,Pickup Truck,Functional,N,Accelerating,2015-03-23 7:43,53,38.552568,-76.009252
Y,Apparently Normal,No Misuse,N,No Injury,da11c04b-cf37-48b4-9dc0-7ff456437f47,D,MSP6156001S,Shoulder/Lap Belt(s),M,3d3769e8-5e23-45cd-b940-1bdd847033b3,Head On Left Turn,N,Non Intersection,Right Turn Lane,Daylight,No Defects,"Two-way, Not Divided",Snow,Snow,Twelve o'clock,"Medium/Heavy Truck 2 axles (10,000 lbs (4,536 kg) or less)",Superficial,N,Moving Constant Speed,2015-01-06 7:58,41,39.697156,-76.320956
N,Apparently Normal,No Misuse,Y,Non-incapacitating Injury,a9f88d8e-07e9-433c-aded-67c7ac442b6c,D,MSP6156001S,Shoulder/Lap Belt(s),M,08c7ba13-f552-449e-9e87-3c9e6c607e29,Head On Left Turn,N,Non Intersection,Right Turn Lane,Daylight,No Defects,"Two-way, Not Divided",Snow,Snow,Seven o'clock,Passenger Car,Disabling,N,Skidding,2015-01-06 7:58,59,39.697156,-76.320956
N,Apparently Normal,No Misuse,Y,No Injury,1d2498b4-731b-4b00-bc3a-288b29c6a4d8,D,MSP6158000Y,Shoulder/Lap Belt(s),M,56e83342-2124-4b85-b18c-2d19dbe353ec,Single Vehicle ,N,Non Intersection,Right Turn Lane,Dawn,No Defects,"Two-way, Not Divided",Ice,Clear,Six o'clock,Passenger Car,Destroyed,N,Skidding,2015-01-16 7:32,41,38.38995002,-75.11798859
N,Apparently Normal,No Misuse,Y,No Injury,101b4b67-802e-4c00-b14c-5f08c8ee7b0a,D,MSP6159002B,Shoulder/Lap Belt(s),M,13f7dd62-a542-4091-8346-6b30544182a4,Single Vehicle ,N,Non Intersection,Right Turn Lane,Dawn,No Defects,One-way Trafficway,Wet,Clear,Eleven o'clock,Passenger Car,Functional,N,Moving Constant Speed,2015-01-15 7:21,23,39.19665884,-76.69117928
N,Apparently Normal,No Misuse,N,No Injury,d083e68e-1979-40fc-b803-6c83907511b6,D,MSP61620026,Shoulder/Lap Belt(s),M,32d29219-a9f1-4578-bd77-221697882c9f,Same Movement Angle,N,Non Intersection,Right Turn Lane,Daylight,No Defects,"Two-way, Divided, Positive Median Barrier",Dry,Clear,Twelve o'clock,Passenger Car,Disabling,N,Moving Constant Speed,2015-01-08 9:45,37,38.63042833,-76.90672783
Y,Apparently Normal,No Misuse,Y,No Injury,479138a4-0217-41ff-87fe-5e2f433a8d98,D,MSP61620026,Shoulder/Lap Belt(s),M,265277bb-e487-48e1-ae59-9551f93b29c9,Same Movement Angle,N,Non Intersection,Right Turn Lane,Daylight,No Defects,"Two-way, Divided, Positive Median Barrier",Dry,Clear,Five o'clock,Passenger Car,Disabling,N,Moving Constant Speed,2015-01-08 9:45,57,38.63042833,-76.90672783
N,Apparently Normal,No Misuse,Y,No Injury,bd518fb3-1464-4953-8c4e-f9e2273e7b68,D,MSP61660023,Shoulder/Lap Belt(s),M,2a27177c-5c17-4a77-9dcb-49b6cc67278e,Single Vehicle ,N,Non Intersection,Right Turn Lane,Dark Lights On,No Defects,"Two-way, Divided, Positive Median Barrier",Ice,Sleet,Twelve o'clock,Van,Disabling,N,Moving Constant Speed,2015-02-10 4:49,22,39.38832867,-76.43944567
N,Apparently Normal,No Misuse,Y,No Injury,494608d9-7136-413e-b3a6-86b54000214d,D,MSP6167002J,Shoulder/Lap Belt(s),M,5339358a-ef01-449c-81f3-9f44195c0ca6,Single Vehicle ,N,Non Intersection,Right Turn Lane,Daylight,No Defects,One-way Trafficway,Wet,Raining,Twelve o'clock,Passenger Car,Disabling,N,Skidding,2015-01-04 13:53,59,39.1516945,-76.64292733
Y,Apparently Normal,No Misuse,N,No Injury,1f912ed2-2501-4d73-98a2-1f1c801cb8de,D,MSP61680010,Shoulder/Lap Belt(s),M,177ac5a6-de99-4c68-a46c-2a4c5ed52d54,Same Movement Angle,N,Intersection,Right Turn Lane,Dark Lights On,No Defects,"Two-way, Divided, Positive Median Barrier",Dry,Clear,Twelve o'clock,School Bus,Functional,N,Moving Constant Speed,2015-03-19 6:20,35,38.30851633,-76.531751
N,Apparently Normal,No Misuse,Y,No Injury,f78d3478-4dc9-4958-9726-4054c73a2219,D,MSP61680010,Shoulder/Lap Belt(s),M,b08194aa-f067-4a67-a316-b98fe77292a2,Same Movement Angle,N,Intersection,Right Turn Lane,Dark Lights On,No Defects,"Two-way, Divided, Positive Median Barrier",Dry,Clear,Four o'clock,Passenger Car,Disabling,N,Accelerating,2015-03-19 6:20,49,38.30851633,-76.531751
N,Apparently Normal,No Misuse,N,No Injury,0616d18e-97d0-44c8-b19b-ec403dd993ac,D,MSP6169000Z,Shoulder/Lap Belt(s),M,f79c57dc-bb11-4805-a588-38bfd3136c53,Single Vehicle ,N,Non Intersection,Right Turn Lane,Daylight,No Defects,"Two-way, Not Divided",Dry,Clear,Twelve o'clock,"Medium/Heavy Truck 2 axles (10,000 lbs (4,536 kg) or less)",Destroyed,N,Slowing or Stopping,2015-01-08 12:20,44,38.1854785,-75.40112867
N,Apparently Normal,No Misuse,N,No Injury,fc6aecf6-72c6-484d-b657-55620f4ceeb9,D,MSP61690010,Shoulder/Lap Belt(s),M,c3297365-c5c6-4812-8967-6ccda482c8b8,Single Vehicle ,N,Non Intersection,Left Turn Lane,Daylight,No Defects,"Two-way, Not Divided",Dry,Clear,Twelve o'clock,(Sport) Utility Vehicle,Disabling,N,Moving Constant Speed,2015-03-24 9:55,35,38.373088,-75.27793617
N,Apparently Normal,No Misuse,N,No Injury,4375a8d7-d6c7-4770-8caa-dd4b2bcf107d,D,MSP6172002R,Shoulder/Lap Belt(s),M,dba2d1d1-a142-47a4-bc66-c1c0126017ac,Same Direction Sideswipe,N,Non Intersection,Right Turn Lane,Daylight,No Defects,"Two-way, Divided, Positive Median Barrier",Wet,Raining,Ten o'clock,Passenger Car,Functional,N,Moving Constant Speed,2015-01-12 10:27,42,39.13564483,-76.55824567
N,Apparently Normal,No Misuse,Y,No Injury,03a9b171-490c-437c-a311-ae12974a1791,D,MSP6172002Z,Shoulder/Lap Belt(s),M,5c98a07a-c151-42a3-82d8-fe74f2dcbf59,Single Vehicle ,N,Non Intersection,Right Turn Lane,Daylight,No Defects,"Two-way, Divided, Positive Median Barrier",Slush,Snow,Seven o'clock,Pickup Truck,Superficial,N,Moving Constant Speed,2015-03-05 14:50,37,39.4748975,-76.65556
N,Apparently Normal,No Misuse,N,No Injury,dd3ef0d7-0423-4330-8c81-60676544d02f,D,MSP6184003M,Shoulder/Lap Belt(s),M,1adb80f4-e809-47c9-9393-3c8367092590,Single Vehicle ,N,Non Intersection,Left Turn Lane,Dark No Lights,No Defects,"Two-way, Divided, Positive Median Barrier",Dry,Clear,Twelve o'clock,Passenger Car,Disabling,N,Moving Constant Speed,2015-02-03 6:20,52,38.49969833,-76.53604767
N,Apparently Normal,No Misuse,Y,No Injury,f9af6a00-45ff-4123-a382-7138449e38cd,D,MSP6187000X,Shoulder/Lap Belt(s),M,f83396fc-6801-42b0-9277-8eb153669a31,Same Direction Rear End,N,Non Intersection,Left Turn Lane,Daylight,No Defects,"Two-way, Divided, Positive Median Barrier",Wet,Cloudy,Twelve o'clock,Passenger Car,Functional,N,Moving Constant Speed,2015-01-18 11:59,30,38.65583347,-76.87684232
N,Apparently Normal,No Misuse,Y,No Injury,b35e99ca-da67-4d43-8a85-eda50b2373f7,D,MSP6187000X,Shoulder/Lap Belt(s),M,2a6f8148-f413-4b87-872c-9af5f7af4cd9,Same Direction Rear End,N,Non Intersection,Left Turn Lane,Daylight,No Defects,"Two-way, Divided, Positive Median Barrier",Wet,Cloudy,Twelve o'clock,(Sport) Utility Vehicle,Superficial,N,Moving Constant Speed,2015-01-18 11:59,22,38.65583347,-76.87684232
N,Apparently Normal,No Misuse,N,No Injury,249a1b63-decd-41c3-8251-17bc21179e4a,D,MSP6187000Y,Shoulder/Lap Belt(s),M,d6f67e0f-09a3-419e-bf2e-ca8b42bc1f38,Single Vehicle ,N,Non Intersection,Right Turn Lane,Dark No Lights,No Defects,"Two-way, Divided, Positive Median Barrier",Dry,Cloudy,Non-collision,Passenger Car,Disabling,N,Moving Constant Speed,2015-02-01 3:37,25,38.65214517,-76.969598
N,Apparently Normal,No Misuse,N,No Injury,08264c9e-c5ba-4056-8b1b-8d893f37995f,D,MSP61870010,Shoulder/Lap Belt(s),M,4abfe47b-4e6f-473f-b048-e727e072338c,Same Movement Angle,N,Intersection,Right Turn Lane,Daylight,No Defects,"Two-way, Not Divided",Dry,Clear,Twelve o'clock,Recreational Vehicle,Disabling,N,Moving Constant Speed,2015-02-20 16:21,30,38.53300867,-76.783891
Y,Apparently Normal,No Misuse,Y,No Injury,de6330d4-cac4-4249-aba6-d216b82bb086,D,MSP61870015,Shoulder/Lap Belt(s),M,042333f7-d21b-4cba-8d27-d2475a2b359b,Single Vehicle ,N,Non Intersection,Left Turn Lane,Daylight,No Defects,"Two-way, Divided, Positive Median Barrier",Wet,Cloudy,Twelve o'clock,Passenger Car,Disabling,N,Moving Constant Speed,2015-03-08 13:25,47,38.65315767,-76.87385933
N,Apparently Normal,No Misuse,Y,No Injury,462753a7-a0e6-44ed-86d6-2b82f46b5814,D,MSP61870019,Shoulder/Lap Belt(s),M,66fae967-417c-4fb0-8336-9adaf785220c,Single Vehicle ,N,Non Intersection,Right Turn Lane,Daylight,No Defects,"Two-way, Divided, Positive Median Barrier",Wet,Cloudy,Twelve o'clock,Passenger Car,Disabling,N,Moving Constant Speed,2015-03-11 13:36,29,38.64857633,-76.87270533
N,Apparently Normal,No Misuse,Y,No Injury,3f6b1052-53a6-48f8-8778-428afae9e0e1,D,MSP6188000K,Shoulder/Lap Belt(s),M,f9857fe4-3384-4dae-b4be-4333dd1ff998,Same Direction Sideswipe,N,Non Intersection,Right Turn Lane,Dark No Lights,No Defects,"Two-way, Not Divided",Dry,Clear,Eleven o'clock,Pickup Truck,Disabling,Y,Moving Constant Speed,2015-02-14 0:05,56,38.313507,-76.551329
N,Apparently Normal,No Misuse,Y,No Injury,72857d83-4b1e-44b8-b14c-201b9e5a625f,D,MSP61910024,Shoulder/Lap Belt(s),M,1fc6654b-e295-4ac4-9321-042d83783aae,Single Vehicle ,N,Non Intersection,Right Turn Lane,Dark No Lights,No Defects,"Two-way, Divided, Positive Median Barrier",Dry,Clear,Twelve o'clock,Passenger Car,Destroyed,N,Skidding,2015-01-20 21:57,51,39.05910033,-76.63471033
N,Apparently Normal,No Misuse,Y,No Injury,b8204805-e5af-47b8-b774-d9d75f254dda,D,MSP61910025,Shoulder/Lap Belt(s),M,21009530-6862-4db6-8923-81aa3bc46f34,Single Vehicle ,N,Intersection Related,Right Turn Lane,Dark No Lights,No Defects,One-way Trafficway,Dry,Clear,Twelve o'clock,Passenger Car,Disabling,N,Skidding,2015-01-22 21:45,24,39.0153785,-76.48827667
N,Apparently Normal,No Misuse,N,No Injury,7fb4c816-595d-49ff-b7eb-446c55fa6816,D,MSP61910027,Shoulder/Lap Belt(s),M,64a6f745-0b9f-4464-8694-c293945498e4,Same Direction Rear End,N,Non Intersection,Right Turn Lane,Daylight,No Defects,"Two-way, Divided, Positive Median Barrier",Dry,Clear,Six o'clock,Passenger Car,Disabling,N,Stopped in Traffic Lane,2015-02-12 17:32,36,39.2062625,-76.6886565
N,Apparently Normal,No Misuse,Y,No Injury,0e8218da-0a54-4840-b331-76849451a595,D,MSP61910027,Shoulder/Lap Belt(s),M,437f95b5-2c85-44a2-986b-360ce238e1ce,Same Direction Rear End,N,Non Intersection,Right Turn Lane,Daylight,No Defects,"Two-way, Divided, Positive Median Barrier",Dry,Clear,Twelve o'clock,Passenger Car,Disabling,N,Moving Constant Speed,2015-02-12 17:32,37,39.2062625,-76.6886565
N,Apparently Normal,No Misuse,Y,No Injury,875c4d14-65ef-484c-8a86-f2c62571d92c,D,MSP6191002B,Shoulder/Lap Belt(s),M,dff012e7-32a0-4ce6-9ced-02cb599657a2,Single Vehicle ,N,Non Intersection,Right Turn Lane,Daylight,No Defects,"Two-way, Divided, Positive Median Barrier",Snow,Snow,Eleven o'clock,Pickup Truck,Functional,N,Skidding,2015-03-05 12:51,30,39.03317617,-76.61274633
N,Apparently Normal,No Misuse,N,No Injury,bb7b766d-359d-460d-97db-419e7ef14af7,D,MSP6191002F,Shoulder/Lap Belt(s),M,9f12fcef-89e8-4004-b516-c8df357d75d1,Same Direction Rear End,N,Non Intersection,Left Turn Lane,Daylight,No Defects,"Two-way, Divided, Positive Median Barrier",Dry,Clear,Six o'clock,Truck Tractor,Superficial,N,Moving Constant Speed,2015-03-30 12:40,35,39.04236833,-76.61487617
N,Apparently Normal,No Misuse,Y,No Injury,3f104b14-2633-4451-bc12-592c7fb810f0,D,MSP6191002F,Shoulder/Lap Belt(s),M,0eb28a59-c9cd-4790-b882-d38d5b77fab6,Same Direction Rear End,N,Non Intersection,Left Turn Lane,Daylight,No Defects,"Two-way, Divided, Positive Median Barrier",Dry,Clear,Twelve o'clock,Pickup Truck,Disabling,N,Moving Constant Speed,2015-03-30 12:40,65,39.04236833,-76.61487617
N,Apparently Normal,No Misuse,Y,No Injury,40b8a03d-977f-41ef-9521-e6429b7620c9,D,MSP6192001M,Shoulder/Lap Belt(s),M,3d512170-8a57-47e8-b931-7ef52108de47,Single Vehicle ,N,Non Intersection,Right Turn Lane,Dawn,No Defects,"Two-way, Divided, Positive Median Barrier",Snow,Snow,Twelve o'clock,Pickup Truck,Disabling,N,Moving Constant Speed,2015-01-06 6:30,44,38.971166,-76.17885233
N,Apparently Normal,No Misuse,Y,No Injury,ff888ce9-71f3-4fc1-939a-07f5b68918a0,D,MSP6192001N,Shoulder/Lap Belt(s),M,8899263c-6a7d-48fe-af96-7580fbd26d7a,Single Vehicle ,N,Intersection Related,Right Turn Lane,Daylight,No Defects,One-way Trafficway,Snow,Snow,Roof Top,Passenger Car,Disabling,N,Moving Constant Speed,2015-01-06 11:40,57,38.9803395,-76.14026383
N,Apparently Normal,No Misuse,Y,No Injury,00f0447c-f806-49d4-a96a-bde5e6779f37,D,MSP6194002D,Shoulder/Lap Belt(s),M,5c464e35-9ed7-4819-815e-a8ef0e5d270c,Same Direction Rear End,N,Non Intersection,Deceleration Lane,Daylight,No Defects,"Two-way, Divided, Positive Median Barrier",Wet,Raining,Twelve o'clock,Van,Functional,N,Slowing or Stopping,2015-01-03 13:22,57,38.98426167,-76.54314133
N,Apparently Normal,No Misuse,Y,No Injury,e341e55d-1b48-41a4-8339-e3e5ab619024,D,MSP6195002V,Shoulder/Lap Belt(s),M,9889f485-9f92-432d-a0ff-c6c87cbf16f7,Single Vehicle ,N,Non Intersection,Left Turn Lane,Dusk,No Defects,"Two-way, Divided, Positive Median Barrier",Dry,Clear,One o'clock,Passenger Car,Disabling,N,Moving Constant Speed,2015-03-01 6:22,30,39.30231983,-76.8730165
N,Apparently Normal,No Misuse,N,No Injury,48931f14-dd28-452b-903d-bbf1e8ca876a,D,MSP61990019,Shoulder/Lap Belt(s),M,41b6e7e8-a607-4bd2-8ca9-623c0fbb8029,Same Movement Angle,N,Intersection Related,Right Turn Lane,Dark Lights On,No Defects,"Two-way, Not Divided",Dry,Clear,Twelve o'clock,Passenger Car,Disabling,N,Moving Constant Speed,2015-02-05 18:47,44,38.37447,-75.163168
N,Apparently Normal,No Misuse,Y,Possible Incapacitating Injury,cd9d784c-711c-459b-a4b0-387c0a5bfd21,D,MSP61990019,Shoulder/Lap Belt(s),M,11ea38ae-de28-4bae-a767-615a7fa57eb6,Same Movement Angle,N,Intersection Related,Right Turn Lane,Dark Lights On,No Defects,"Two-way, Not Divided",Dry,Clear,Twelve o'clock,Passenger Car,Disabling,N,Making Right Turn,2015-02-05 18:47,62,38.37447,-75.163168
N,Apparently Normal,No Misuse,N,No Injury,559fa07c-2380-413e-b5ea-23f526a70dac,D,MSP6199001B,Shoulder/Lap Belt(s),M,70791fba-d69c-49dd-a049-8de2d69d50b9,Same Movement Angle,N,Intersection Related,Right Turn Lane,Dark Lights On,No Defects,"Two-way, Not Divided",Dry,Clear,Ten o'clock,Passenger Car,Functional,N,Moving Constant Speed,2015-02-13 22:31,57,38.343594,-75.190226