CDL_FLAG,CONDITION_CODE,EQUIP_PROB_CODE,FAULT_FLAG,INJ_SEVER_CODE,PERSON_ID,PERSON_TYPE,REPORT_NO,SAF_EQUIP_CODE,SEX_CODE,VEHICLE_ID,COLLISION_TYPE_CODE,C_M_ZONE_FLAG,JUNCTION_CODE,LANE_CODE,LIGHT_CODE,RD_COND_CODE,RD_DIV_CODE,SURF_COND_CODE,WEATHER_CODE,AREA_DAMAGED_CODE_MAIN,BODY_TYPE_CODE,DAMAGE_CODE,HIT_AND_RUN_FLAG,MOVEMENT_CODE,TIME,AGE,LATITUDE,LONGITUDE
N,Apparently Normal,No Misuse,Y,No Injury,87eeed41-98c0-4a02-9ab5-805b9baf0b10,D,MSP6199001B,Shoulder/Lap Belt(s),M,a1f9c49f-3f25-4e05-95cd-1913ae84aa7f,Same Movement Angle,N,Intersection Related,Right Turn Lane,Dark Lights On,No Defects,"Two-way, Not Divided",Dry,Clear,One o'clock,Passenger Car,Functional,N,Starting From Lane,2015-02-13 22:31,27,38.343594,-75.190226
N,Apparently Normal,No Misuse,N,No Injury,a70f0205-7ed7-46a6-9daf-6318e974cb1c,D,MSP6202003J,Shoulder/Lap Belt(s),M,4a44713f-b3ac-4c62-a92e-13eff0706fcf,Same Direction Rear End,N,Intersection Related,Left Turn Lane,Dark Lights On,No Defects,"Two-way, Divided, Positive Median Barrier",Dry,Clear,Six o'clock,Passenger Car,Disabling,N,Stopped in Traffic Lane,2015-02-07 1:22,29,38.70156,-76.87601
N,Apparently Normal,No Misuse,Y,No Injury,488f8f97-8d8a-4478-bfba-366640b90611,D,MSP6202003J,Shoulder/Lap Belt(s),M,ecbe66a0-06b5-400a-83fa-6f0b5e96f0fb,Same Direction Rear End,N,Intersection Related,Left Turn Lane,Dark Lights On,No Defects,"Two-way, Divided, Positive Median Barrier",Dry,Clear,Twelve o'clock,Passenger Car,Disabling,Y,Moving Constant Speed,2015-02-07 1:22,38,38.70156,-76.87601
N,Apparently Normal,No Misuse,N,No Injury,8d196662-a009-4ae6-a650-82b6bf0d1cab,D,MSP62070006,Shoulder/Lap Belt(s),M,50278027-7fff-4ddf-9620-c920f5b063d0,Same Direction Rear End,N,Non Intersection,Left Turn Lane,Daylight,No Defects,"Two-way, Divided, Positive Median Barrier",Dry,Clear,Six o'clock,Passenger Car,Superficial,N,Slowing or Stopping,2015-02-11 7:35,54,39.5096155,-76.90576617
N,Apparently Normal,No Misuse,Y,Incapacitating/Disabled Injury,c6d10bee-85b6-4181-9073-664757f87d11,D,MSP62070008,MC/Bike Helmet,M,bbf2c0a4-cde5-4233-a821-aba3ec01cb15,Opposite Direction Sideswipe,N,Non Intersection,Right Turn Lane,Daylight,No Defects,"Two-way, Not Divided",Snow,Snow,Twelve o'clock,Snowmobile,Destroyed,N,Moving Constant Speed,2015-02-21 16:52,33,39.35790221,-77.16632724
N,Apparently Normal,No Misuse,Y,No Injury,7f1231f7-4637-469a-b9a1-98d6fc8766f9,D,MSP62250030,Shoulder/Lap Belt(s),M,60112941-cb1a-4ff1-ab83-09c8e3f516ca,Single Vehicle ,N,Non Intersection,Left Turn Lane,Dark Lights On,No Defects,One-way Trafficway,Dry,Clear,Twelve o'clock,Passenger Car,Destroyed,N,Moving Constant Speed,2015-01-15 23:24,31,38.799475,-76.755424
N,Apparently Normal,No Misuse,Y,No Injury,2319460c-4396-41d0-a946-ade5ebca928d,D,MSP62250032,Shoulder/Lap Belt(s),M,6800c371-7e22-48bb-9f66-5807b29f9aed,Single Vehicle ,N,Non Intersection,Left Turn Lane,Daylight,No Defects,"Two-way, Divided, Positive Median Barrier",Dry,Cloudy,One o'clock,Passenger Car,Disabling,N,Changing Lanes,2015-01-27 12:42,28,38.798207,-77.009494
N,Apparently Normal,No Misuse,Y,No Injury,fa4abc6b-7954-427c-b722-3919f62b109d,D,MSP62250035,Shoulder/Lap Belt(s),M,1616453c-b28a-4966-9973-6ec6ee22a78e,Single Vehicle ,N,Non Intersection,Right Turn Lane,Dark Lights On,No Defects,One-way Trafficway,Dry,Clear,Eleven o'clock,Passenger Car,Disabling,N,Moving Constant Speed,2015-02-08 5:41,29,38.917526,-76.848659
N,Apparently Normal,No Misuse,Y,No Injury,6726b82c-d651-44a3-a042-169cc5c3c2bf,D,MSP62250037,Shoulder/Lap Belt(s),M,0ef06f22-88df-4f7b-9c4e-8ba802ec6642,Same Direction Rear End,N,Intersection,Deceleration Lane,Daylight,No Defects,"Two-way, Divided, Positive Median Barrier",Dry,Clear,Twelve o'clock,Passenger Car,Superficial,N,Starting From Lane,2015-02-25 16:37,42,38.916062,-76.844268
N,Apparently Normal,No Misuse,N,Non-incapacitating Injury,86103116-deeb-407a-b546-81b614f52e36,D,MSP62250037,Shoulder/Lap Belt(s),M,9f532e31-d04f-4d1c-8057-69d99dae0ea3,Same Direction Rear End,N,Intersection,Deceleration Lane,Daylight,No Defects,"Two-way, Divided, Positive Median Barrier",Dry,Clear,Six o'clock,Passenger Car,Disabling,N,Starting From Lane,2015-02-25 16:37,50,38.916062,-76.844268
N,Apparently Normal,No Misuse,Y,No Injury,dec22102-b8b1-4ba2-9813-55f1959e2d05,D,MSP62250039,Shoulder/Lap Belt(s),M,d505b558-de05-4fb0-bc13-9e45d245ccb6,Single Vehicle ,N,Non Intersection,Right Turn Lane,Daylight,No Defects,"Two-way, Divided, Positive Median Barrier",Dry,Clear,Eleven o'clock,Passenger Car,Disabling,N,Moving Constant Speed,2015-03-23 16:51,55,38.940852,-76.856246
N,Apparently Normal,No Misuse,N,No Injury,08a1c830-7ca8-4332-97a7-b57b6a179980,D,MSP6226000G,Shoulder/Lap Belt(s),M,bdc18ea8-6c3b-490c-b3ac-fe0e8c349215,Same Direction Left Turn,N,Non Intersection,Left Turn Lane,Daylight,No Defects,"Two-way, Divided, Positive Median Barrier",Dry,Clear,One o'clock,(Sport) Utility Vehicle,Functional,N,Moving Constant Speed,2015-02-25 17:35,50,39.09921022,-76.88961983
N,Apparently Normal,No Misuse,Y,No Injury,c4176b62-4ca7-4f76-b83d-66c0d3fd5869,D,MSP62660049,Shoulder/Lap Belt(s),M,51a1cefd-0e5b-468a-a25d-a388761bc096,Single Vehicle ,N,Non Intersection,Right Turn Lane,Dark Lights On,No Defects,"Two-way, Divided, Positive Median Barrier",Wet,Raining,Six o'clock,Passenger Car,Disabling,N,Moving Constant Speed,2015-01-04 6:00,24,39.26261,-76.70511
N,Apparently Normal,No Misuse,N,No Injury,37f749b2-c391-4b70-b4fb-f6357aa298b4,D,MSP6266004B,Shoulder/Lap Belt(s),M,b8d336fa-c54b-4dc7-a77a-8ff4ec0d7198,Same Direction Rear End,N,Non Intersection,Deceleration Lane,Daylight,No Defects,"Two-way, Divided, Positive Median Barrier",Dry,Clear,Six o'clock,Passenger Car,Superficial,N,Entering Traffic Lane,2015-01-11 10:43,26,39.257,-76.694044
N,Apparently Normal,No Misuse,Y,No Injury,4a48b7ee-4958-467f-b698-6f5573c46161,D,MSP6266004B,Shoulder/Lap Belt(s),M,eb7e1b95-7e9c-40d2-abc6-4d41312e1a31,Same Direction Rear End,N,Non Intersection,Deceleration Lane,Daylight,No Defects,"Two-way, Divided, Positive Median Barrier",Dry,Clear,Twelve o'clock,Passenger Car,Disabling,Y,Moving Constant Speed,2015-01-11 10:43,31,39.257,-76.694044
N,Apparently Normal,No Misuse,Y,No Injury,c95cfcbb-c41b-42a4-8c1e-41275bd4ddd2,D,MSP6266004N,Shoulder/Lap Belt(s),M,f35cdf0f-2407-4244-b8fe-1cc83d869a75,Single Vehicle ,N,Non Intersection,Right Turn Lane,Dark Lights On,No Defects,"Two-way, Divided, Positive Median Barrier",Wet,Wintry Mix,Twelve o'clock,(Sport) Utility Vehicle,Destroyed,N,Moving Constant Speed,2015-02-22 2:00,27,39.40821004,-76.66382
N,Apparently Normal,No Misuse,Y,No Injury,d30d189b-7866-493f-99fd-e3979a187283,D,MSP6266004V,Shoulder/Lap Belt(s),M,4b8b341c-a7a4-4e30-8328-970cf4df91a0,Single Vehicle ,N,Non Intersection,Deceleration Lane,Daylight,No Defects,"Two-way, Divided, Positive Median Barrier",Dry,Cloudy,One o'clock,Passenger Car,Functional,N,Moving Constant Speed,2015-03-28 9:30,31,39.47137,-76.66072
N,Apparently Normal,No Misuse,Y,No Injury,d888b9d2-5de1-40db-b00a-8282b8197c4e,D,MSP62690039,Shoulder/Lap Belt(s),M,80c8c005-27a2-434d-af8d-5017c572c1bf,Single Vehicle ,N,Non Intersection,Left Turn Lane,Dark Lights On,No Defects,"Two-way, Divided, Positive Median Barrier",Wet,Raining,Six o'clock,Passenger Car,Disabling,N,Moving Constant Speed,2015-01-04 1:39,26,39.01160867,-77.09205883
N,Apparently Normal,No Misuse,Y,No Injury,99eb414e-63de-4f0b-b6ce-49a85715fdc9,D,MSP6269003B,Shoulder/Lap Belt(s),M,a311e000-c836-43e6-80a3-558a45a60da7,Same Direction Sideswipe,N,Non Intersection,Left Turn Lane,Dark Lights On,No Defects,"Two-way, Divided, Positive Median Barrier",Wet,Raining,Twelve o'clock,Passenger Car,Disabling,N,Moving Constant Speed,2015-01-04 3:09,33,39.009188,-77.0883475
N,Apparently Normal,No Misuse,N,Non-incapacitating Injury,50eb3066-67db-4fa0-8a05-b7211ad54499,D,MSP6269003B,Shoulder/Lap Belt(s),M,77ff89d0-950d-46b6-b902-26ccf5e59e41,Same Direction Sideswipe,N,Non Intersection,Left Turn Lane,Dark Lights On,No Defects,"Two-way, Divided, Positive Median Barrier",Wet,Raining,Twelve o'clock,Passenger Car,Disabling,N,Moving Constant Speed,2015-01-04 3:09,51,39.009188,-77.0883475
N,Apparently Normal,No Misuse,Y,No Injury,e7849895-c8ff-438c-b088-583619f712ca,D,MSP6269003C,Shoulder/Lap Belt(s),M,3d8e7fa4-fa9c-4637-9d47-92b7f1a8e282,Same Direction Sideswipe,N,Non Intersection,Right Turn Lane,Dark Lights On,No Defects,"Two-way, Divided, Positive Median Barrier",Dry,Clear,Nine o'clock,Pickup Truck,Disabling,N,Changing Lanes,2015-01-22 19:52,54,39.14949917,-77.21751067
N,Apparently Normal,No Misuse,Y,No Injury,348186de-f0ca-4284-9b97-5da7d67cb9f2,D,MSP6269003C,Shoulder/Lap Belt(s),M,d551b3fc-c9c8-44b6-8bb0-c65550cfcd89,Same Direction Sideswipe,N,Non Intersection,Right Turn Lane,Dark Lights On,No Defects,"Two-way, Divided, Positive Median Barrier",Dry,Clear,Two o'clock,Passenger Car,Disabling,N,Changing Lanes,2015-01-22 19:52,32,39.14949917,-77.21751067
N,Apparently Normal,No Misuse,N,Non-incapacitating Injury,79a6c2b6-f444-46df-932c-5639ba0d316e,D,MSP6269003C,Shoulder/Lap Belt(s),M,be71ff68-6c82-4681-87d6-7ff4d8a9ece1,Same Direction Sideswipe,N,Non Intersection,Right Turn Lane,Dark Lights On,No Defects,"Two-way, Divided, Positive Median Barrier",Dry,Clear,Six o'clock,Passenger Car,Disabling,N,Slowing or Stopping,2015-01-22 19:52,68,39.14949917,-77.21751067
N,Apparently Normal,No Misuse,N,No Injury,ea2bd738-aa6b-4522-bd0a-58c38bc5aed3,D,MSP6269003D,Shoulder/Lap Belt(s),M,063025b5-4387-4638-afb6-787f1e81fa8f,Same Direction Rear End,N,Non Intersection,Deceleration Lane,Dark Lights On,No Defects,"Two-way, Divided, Positive Median Barrier",Wet,Wintry Mix,Twelve o'clock,Passenger Car,Functional,N,Moving Constant Speed,2015-01-26 23:58,61,39.01221417,-77.0631025
N,Apparently Normal,No Misuse,Y,Non-incapacitating Injury,80a08114-dffd-4e66-bffe-3540e5cc12c4,D,MSP6269003D,Shoulder/Lap Belt(s),M,2d4bbd48-d908-4580-bc0a-35cdd6f8bce3,Same Direction Rear End,N,Non Intersection,Deceleration Lane,Dark Lights On,No Defects,"Two-way, Divided, Positive Median Barrier",Wet,Wintry Mix,One o'clock,(Sport) Utility Vehicle,Disabling,N,Moving Constant Speed,2015-01-26 23:58,56,39.01221417,-77.0631025
N,Apparently Normal,No Misuse,N,No Injury,33b58a1c-6370-45c2-b75b-8f1b88afebcb,D,MSP6269003G,Shoulder/Lap Belt(s),M,14ed4e92-1179-4d83-83d6-de11a0ad47e5,Same Direction Sideswipe,N,Non Intersection,Left Turn Lane,Dark Lights On,No Defects,"Two-way, Divided, Positive Median Barrier",Ice,Snow,Eleven o'clock,Pickup Truck,Functional,N,Moving Constant Speed,2015-02-14 23:24,41,39.03606267,-77.0361285
N,Apparently Normal,No Misuse,Y,No Injury,8469dbbb-c8eb-4203-a081-131a3c7ba924,D,MSP62710031,Shoulder/Lap Belt(s),M,faf5cf0c-e1c9-40cd-a16a-eefb39b8b8e4,Single Vehicle ,N,Non Intersection,Left Turn Lane,Daylight,No Defects,"Two-way, Divided, Positive Median Barrier",Dry,Clear,Twelve o'clock,Passenger Car,Disabling,N,Moving Constant Speed,2015-03-08 15:35,32,39.08188966,-77.17131615
N,Apparently Normal,No Misuse,N,No Injury,c42df8fe-95d0-47c0-833e-ea0dd60e6909,D,MSP6272003R,Shoulder/Lap Belt(s),M,126ec65b-78b8-4777-ad63-3a0237c17ebd,Same Direction Right Turn,N,Non Intersection,Shoulder Area,Daylight,No Defects,"Two-way, Divided, Positive Median Barrier",Dry,Clear,Eleven o'clock,Recreational Vehicle,Functional,N,Moving Constant Speed,2015-01-12 15:49,32,39.42014667,-76.6399175
N,Had Been Drinking,No Misuse,Y,No Injury,b2712166-061c-4dca-ba63-448fd39f8042,D,MSP6272003R,Shoulder/Lap Belt(s),M,53ab28f2-70fe-4477-bd8b-2038cd686329,Same Direction Right Turn,N,Non Intersection,Shoulder Area,Daylight,No Defects,"Two-way, Divided, Positive Median Barrier",Dry,Clear,Five o'clock,Recreational Vehicle,Functional,N,Changing Lanes,2015-01-12 15:49,39,39.42014667,-76.6399175
N,Apparently Normal,No Misuse,Y,No Injury,836847a3-dafc-4845-8d7f-3dee23495111,D,MSP6272003W,Shoulder/Lap Belt(s),M,9aaabfce-bada-444d-98f4-6d4625b282ed,Single Vehicle ,N,Non Intersection,Right Turn Lane,Dark No Lights,No Defects,"Two-way, Divided, Positive Median Barrier",Dry,Clear,Eleven o'clock,Passenger Car,Disabling,N,Skidding,2015-01-20 1:18,26,39.32943467,-76.48489317
N,Apparently Normal,No Misuse,N,No Injury,e6e28a51-813f-4033-8c62-5cb7de4f66e1,D,MSP6272003Y,Shoulder/Lap Belt(s),M,4487f56a-995c-40f6-9ae3-85acab9cc704,Same Direction Rear End,N,Non Intersection,Right Turn Lane,Daylight,No Defects,"Two-way, Divided, Positive Median Barrier",Dry,Clear,Six o'clock,Recreational Vehicle,Functional,N,Slowing or Stopping,2015-01-28 7:38,48,39.61966417,-76.66581383
N,Apparently Normal,No Misuse,Y,No Injury,d5f09425-f7a3-4fd1-880d-5bddfbb45dc0,D,MSP6272003Y,Shoulder/Lap Belt(s),M,898c9e4e-c487-424c-927e-5dd8d5be7286,Same Direction Rear End,N,Non Intersection,Right Turn Lane,Daylight,No Defects,"Two-way, Divided, Positive Median Barrier",Dry,Clear,Twelve o'clock,Passenger Car,Disabling,N,Slowing or Stopping,2015-01-28 7:38,29,39.61966417,-76.66581383
N,Apparently Normal,No Misuse,Y,No Injury,c3c85723-9d84-4ac0-bd8f-915334b7b099,D,MSP62720043,Shoulder/Lap Belt(s),M,cbfef7ed-89f5-4242-8908-2bc76b8c4715,Single Vehicle ,N,Non Intersection,Right Turn Lane,Dark Lights On,No Defects,"Two-way, Divided, Positive Median Barrier",Dry,Clear,Eleven o'clock,Passenger Car,Disabling,N,Moving Constant Speed,2015-02-13 2:57,32,39.39522767,-76.69381117
N,Apparently Normal,No Misuse,N,No Injury,de4bd292-679b-4fe1-9661-e3335812560e,D,MSP62720046,Shoulder/Lap Belt(s),M,2d1bf13e-d5b2-4686-b578-a60f0aca6139,Same Direction Rear End,N,Non Intersection,Right Turn Lane,Daylight,No Defects,"Two-way, Divided, Positive Median Barrier",Dry,Clear,Seven o'clock,Recreational Vehicle,Functional,N,Changing Lanes,2015-02-23 10:38,20,39.39591267,-76.54698117
N,Apparently Normal,No Misuse,Y,No Injury,6c0efc45-1001-4ba7-a1c2-87701d518a8d,D,MSP62720046,Shoulder/Lap Belt(s),M,80610793-0b55-41b9-9723-9218c239582c,Same Direction Rear End,N,Non Intersection,Right Turn Lane,Daylight,No Defects,"Two-way, Divided, Positive Median Barrier",Dry,Clear,One o'clock,Passenger Car,Disabling,N,Moving Constant Speed,2015-02-23 10:38,29,39.39591267,-76.54698117
N,Apparently Normal,No Misuse,N,No Injury,e7dd37ee-0cf3-427e-9d92-fd50e766239c,D,MSP6272004F,Shoulder/Lap Belt(s),M,b3cc22bd-2bcf-42c5-b36f-d2b3537a64ec,Same Direction Rear End,N,Non Intersection,Left Turn Lane,Daylight,No Defects,"Two-way, Divided, Positive Median Barrier",Dry,Clear,Seven o'clock,Truck Tractor,Functional,N,Slowing or Stopping,2015-03-27 17:30,42,39.41278483,-76.61827283
N,Apparently Normal,No Misuse,N,No Injury,d9e09695-8958-44b9-be87-802f797f807f,D,MSP6272004F,Shoulder/Lap Belt(s),M,1270358a-eb9b-466c-9be7-008438a0fcaf,Same Direction Rear End,N,Non Intersection,Left Turn Lane,Daylight,No Defects,"Two-way, Divided, Positive Median Barrier",Dry,Clear,Five o'clock,Passenger Car,Functional,N,Slowing or Stopping,2015-03-27 17:30,33,39.41278483,-76.61827283
N,Apparently Normal,No Misuse,Y,No Injury,ef5e97c6-6be0-4d13-bd11-281158e7125a,D,MSP6272004F,Shoulder/Lap Belt(s),M,a5406d0f-5b0f-471a-a5d5-ad22e10235cc,Same Direction Rear End,N,Non Intersection,Left Turn Lane,Daylight,No Defects,"Two-way, Divided, Positive Median Barrier",Dry,Clear,Eleven o'clock,Passenger Car,Disabling,N,Accelerating,2015-03-27 17:30,30,39.41278483,-76.61827283
N,Apparently Normal,No Misuse,Y,No Injury,39dd8f1f-9b40-4e25-9751-63ab561ad681,D,MSP6273001P,Shoulder/Lap Belt(s),M,3e658cda-c711-4055-8aee-b786c87b4788,Single Vehicle ,N,Non Intersection,Deceleration Lane,Daylight,No Defects,"Two-way, Divided, Positive Median Barrier",Wet,Snow,Twelve o'clock,"Cargo Van/Light Truck 2 axles (10,000 lbs (4,536 kg) or less)",Disabling,N,Moving Constant Speed,2015-02-14 13:30,55,39.5220335,-76.19683767
N,Apparently Normal,No Misuse,Y,No Injury,8d443941-68db-4479-96d6-ca968d0fb1b4,D,MSP62780032,Shoulder/Lap Belt(s),M,db0634f2-05e0-4b23-8c5f-ea4e0f644f19,Single Vehicle ,N,Non Intersection,Right Turn Lane,Daylight,No Defects,"Two-way, Divided, Positive Median Barrier",Wet,Clear,Two o'clock,(Sport) Utility Vehicle,Destroyed,N,Moving Constant Speed,2015-01-04 13:30,23,38.97617467,-76.7140645
N,Apparently Normal,No Misuse,Y,No Injury,e1eec3b2-071b-4c39-9fbd-70f01bb4cde0,D,MSP62780034,Shoulder/Lap Belt(s),M,fab87467-454e-480e-8efa-8b85719f16ce,Single Vehicle ,N,Non Intersection,Right Turn Lane,Dark No Lights,No Defects,"Two-way, Divided, Positive Median Barrier",Snow,Snow,Five o'clock,(Sport) Utility Vehicle,Disabling,N,Moving Constant Speed,2015-01-06 6:07,24,38.94988733,-76.75233483
N,Apparently Normal,No Misuse,Y,No Injury,8d2e4d2c-8dd4-4157-96c8-37881762f7bb,D,MSP62780036,Shoulder/Lap Belt(s),M,e531a57e-dd4d-42d5-81d8-4570ca881616,Single Vehicle ,N,Non Intersection,Right Turn Lane,Dark No Lights,No Defects,One-way Trafficway,Dry,Clear,Twelve o'clock,Passenger Car,Disabling,N,Moving Constant Speed,2015-01-23 0:00,24,38.98929967,-76.88953567
N,Apparently Normal,No Misuse,N,No Injury,829e4229-b37e-48ea-8f7d-46bcde5e7bad,D,MSP6278003F,Shoulder/Lap Belt(s),M,f1c05c0a-c565-4a88-aad8-017c993bed12,Same Direction Rear End,N,Non Intersection,Right Turn Lane,Dark No Lights,No Defects,"Two-way, Divided, Positive Median Barrier",Dry,Clear,Twelve o'clock,Passenger Car,Disabling,N,Moving Constant Speed,2015-02-16 2:09,18,39.0208445,-76.95586167
N,Apparently Normal,No Misuse,N,No Injury,8dfcf04d-f6e3-4cd4-be35-44e8982517c9,D,MSP6278003X,Shoulder/Lap Belt(s),M,7e9d8dc3-86a1-4afc-a183-d5ddb9b26aff,Same Direction Sideswipe,N,Non Intersection,Left Turn Lane,Dark Lights On,No Defects,"Two-way, Divided, Positive Median Barrier",Wet,Snow,Nine o'clock,Passenger Car,Disabling,N,Moving Constant Speed,2015-03-20 6:45,60,39.019596,-76.92376033
N,Apparently Normal,No Misuse,N,No Injury,a1bccc48-0d09-4676-ae79-7acb2eeec70e,D,MSP6279003M,Shoulder/Lap Belt(s),M,36e84324-0e1d-4025-8439-a94d79609fd8,Same Direction Left Turn,N,Non Intersection,Right Turn Lane,Daylight,No Defects,"Two-way, Not Divided",Dry,Clear,One o'clock,Passenger Car,Superficial,N,Moving Constant Speed,2015-02-19 15:03,59,39.4030905,-76.56770183
Y,Apparently Normal,No Misuse,N,No Injury,faa6b9b7-42e8-403a-970f-7b1d49e553c8,D,MSP62860021,Shoulder/Lap Belt(s),M,6c20e2c4-67cb-4099-8dab-80af1134ec45,Same Direction Sideswipe,N,Non Intersection,Left Turn Lane,Daylight,No Defects,"Two-way, Divided, Positive Median Barrier",Dry,Clear,One o'clock,Truck Tractor,Superficial,N,Moving Constant Speed,2015-02-04 11:04,62,39.09463068,-76.62723541
N,Apparently Normal,No Misuse,Y,Non-incapacitating Injury,c9452f63-db6a-419a-957d-0514087d5681,D,MSP62860021,Shoulder/Lap Belt(s),M,9e4ceef5-9960-4ad4-95fb-572e9f5179c4,Same Direction Sideswipe,N,Non Intersection,Left Turn Lane,Daylight,No Defects,"Two-way, Divided, Positive Median Barrier",Dry,Clear,Seven o'clock,(Sport) Utility Vehicle,Destroyed,N,Moving Constant Speed,2015-02-04 11:04,68,39.09463068,-76.62723541
N,Apparently Normal,No Misuse,Y,No Injury,31c43ee0-e161-4e19-8763-77810fb4e655,D,MSP62860024,Shoulder/Lap Belt(s),M,1fa269a6-8c91-40fb-9564-12799efca36c,Single Vehicle ,N,Non Intersection,Acceleration Lane,Daylight,No Defects,"Two-way, Divided, Positive Median Barrier",Ice,Blowing Snow,Twelve o'clock,(Sport) Utility Vehicle,Disabling,N,Moving Constant Speed,2015-02-15 7:40,29,39.1584105,-76.74246667
N,Apparently Normal,No Misuse,N,No Injury,549763a2-cb27-4a93-8a95-c9d074a4e9a7,D,MSP6286002B,Shoulder/Lap Belt(s),M,f5c5983a-cd34-4148-94d8-d0251ad5e439,Same Direction Rear End,N,Non Intersection,Left Turn Lane,Dark Lights On,No Defects,"Two-way, Divided, Positive Median Barrier",Wet,Raining,Six o'clock,"Medium/Heavy Truck 2 axles (10,000 lbs (4,536 kg) or less)",Functional,N,Moving Constant Speed,2015-02-22 0:47,49,39.10203233,-76.69476233
N,Apparently Normal,No Misuse,Y,No Injury,5e1647b2-5eb1-4147-9453-e89ce0f6cd7d,D,MSP6286002B,Shoulder/Lap Belt(s),M,26482f57-3660-4d56-a269-c7faec357401,Same Direction Rear End,N,Non Intersection,Left Turn Lane,Dark Lights On,No Defects,"Two-way, Divided, Positive Median Barrier",Wet,Raining,Twelve o'clock,"Medium/Heavy Truck 2 axles (10,000 lbs (4,536 kg) or less)",Functional,N,Moving Constant Speed,2015-02-22 0:47,37,39.10203233,-76.69476233
N,Apparently Normal,No Misuse,Y,No Injury,a87f327c-24e7-4e10-a4ba-cb472cd8e5e3,D,MSP6286002D,Shoulder/Lap Belt(s),M,80b7f156-7256-4fec-8f41-0b469fb3d638,Single Vehicle ,N,Non Intersection,Right Turn Lane,Daylight,No Defects,"Two-way, Divided, Positive Median Barrier",Wet,Blowing Snow,One o'clock,Passenger Car,Disabling,N,Moving Constant Speed,2015-03-01 10:17,43,39.1899855,-76.63276267
N,Apparently Normal,No Misuse,Y,No Injury,4be41730-5823-48b3-87ba-539bae996c28,D,MSP6286002F,Shoulder/Lap Belt(s),M,185ed246-6aee-4495-922c-33f889369ff2,Single Vehicle ,N,Non Intersection,Right Turn Lane,Daylight,No Defects,One-way Trafficway,Wet,Blowing Snow,Twelve o'clock,Passenger Car,Disabling,N,Moving Constant Speed,2015-03-01 11:22,51,39.21839267,-76.66050783
N,Apparently Normal,No Misuse,N,No Injury,dc3d6d36-87e4-4d52-84d5-96806177a058,D,MSP6288002J,Shoulder/Lap Belt(s),M,19993d5b-a0f5-4cad-9356-29905731cae1,Head On Left Turn,N,Commercial Driveway,Left Turn Lane,Daylight,No Defects,"Two-way, Not Divided",Dry,Clear,Twelve o'clock,Van,Disabling,N,Moving Constant Speed,2015-01-02 11:55,58,38.62414483,-76.90877233
N,Apparently Normal,No Misuse,Y,No Injury,4b07792e-a758-4b63-8b67-0df975cb3e70,D,MSP6288002J,Shoulder/Lap Belt(s),M,b347b3e6-1ab2-44bd-a95c-97efa9caff3d,Head On Left Turn,N,Commercial Driveway,Left Turn Lane,Daylight,No Defects,"Two-way, Not Divided",Dry,Clear,Four o'clock,Pickup Truck,Destroyed,N,Making Left Turn,2015-01-02 11:55,57,38.62414483,-76.90877233
Y,Apparently Normal,No Misuse,N,No Injury,31045bbc-7434-4e43-a8d6-79947261b87f,D,MSP6288002N,Shoulder/Lap Belt(s),M,032611fc-5da9-4bda-b60e-407f7fa9f039,Single Vehicle ,N,Non Intersection,Right Turn Lane,Dark No Lights,No Defects,"Two-way, Divided, Positive Median Barrier",Dry,Clear,Non-collision,Truck Tractor,Functional,N,Moving Constant Speed,2015-03-09 5:21,29,38.37478967,-76.9578725
N,Apparently Normal,No Misuse,N,No Injury,12f064e8-4335-4973-af49-f45a37461f2e,D,MSP6288002P,Shoulder/Lap Belt(s),M,110d27a5-c2a4-4989-bc87-332d2aff4a47,Same Movement Angle,N,Intersection,Right Turn Lane,Daylight,No Defects,"Two-way, Divided, Positive Median Barrier",Wet,Clear,Eleven o'clock,Pickup Truck,Disabling,N,Making Left Turn,2015-03-27 16:30,74,38.54621433,-76.79725133
N,Apparently Normal,No Misuse,Y,No Injury,01794975-1162-45da-b585-da48355d84ff,D,MSP6288002P,Shoulder/Lap Belt(s),M,572936f9-e042-490c-9b1e-b5b4598eeda9,Same Movement Angle,N,Intersection,Right Turn Lane,Daylight,No Defects,"Two-way, Divided, Positive Median Barrier",Wet,Clear,Twelve o'clock,Passenger Car,Destroyed,N,Moving Constant Speed,2015-03-27 16:30,25,38.54621433,-76.79725133
N,Apparently Normal,No Misuse,N,No Injury,4624c006-e135-4bd3-80a6-1953cfae3a41,D,MSP63000021,Shoulder/Lap Belt(s),M,189da16b-96bc-4648-bcd2-28384668f117,Single Vehicle ,N,Non Intersection,Left Turn Lane,Daylight,Foreign Material,"Two-way, Divided, Positive Median Barrier",Wet,Wintry Mix,One o'clock,Passenger Car,Disabling,N,Moving Constant Speed,2015-01-14 13:11,48,38.4584639,-76.9913903
N,Apparently Normal,No Misuse,N,No Injury,0746ba90-76d9-41fb-9a46-46e9d40c1fdc,D,MSP63000024,Shoulder/Lap Belt(s),M,0daf0c48-04bc-45eb-9cb5-77fc247e54f5,Same Direction Rear End,N,Non Intersection,Acceleration Lane,Daylight,No Defects,"Two-way, Divided, Positive Median Barrier",Dry,Clear,Six o'clock,Pickup Truck,Functional,N,Slowing or Stopping,2015-02-15 15:14,22,38.64158,-76.895368