CDL_FLAG,CONDITION_CODE,EQUIP_PROB_CODE,FAULT_FLAG,INJ_SEVER_CODE,PERSON_ID,PERSON_TYPE,REPORT_NO,SAF_EQUIP_CODE,SEX_CODE,VEHICLE_ID,COLLISION_TYPE_CODE,C_M_ZONE_FLAG,JUNCTION_CODE,LANE_CODE,LIGHT_CODE,RD_COND_CODE,RD_DIV_CODE,SURF_COND_CODE,WEATHER_CODE,AREA_DAMAGED_CODE_MAIN,BODY_TYPE_CODE,DAMAGE_CODE,HIT_AND_RUN_FLAG,MOVEMENT_CODE,TIME,AGE,LATITUDE,LONGITUDE
N,Apparently Normal,No Misuse,Y,No Injury,7e51f2b0-d796-489b-bee7-d447d2be27cd,D,MSP63000024,Shoulder/Lap Belt(s),M,54e5095a-6588-487a-83af-4c87b4d3005c,Same Direction Rear End,N,Non Intersection,Acceleration Lane,Daylight,No Defects,"Two-way, Divided, Positive Median Barrier",Dry,Clear,Twelve o'clock,Passenger Car,Disabling,N,Moving Constant Speed,2015-02-15 15:14,29,38.64158,-76.895368
N,Apparently Normal,No Misuse,N,No Injury,f4c299f6-6aaa-4129-adfc-46bfc1579f87,D,MSP6301000L,Shoulder/Lap Belt(s),M,8b751fa1-ecbe-4128-bad3-30a7ab417dde,Same Direction Rear End,N,Intersection,Left Turn Lane,Daylight,No Defects,"Two-way, Divided, Positive Median Barrier",Dry,Clear,Six o'clock,Passenger Car,Destroyed,N,Stopped in Traffic Lane,2015-03-23 14:09,54,38.446598,-76.74286433
Y,Apparently Normal,No Misuse,Y,No Injury,67aa24c5-1b68-4ccb-b909-fe0aacdc0ebd,D,MSP6301000L,Shoulder/Lap Belt(s),M,db1368b3-6a2a-4df1-ac75-fd3615e160d0,Same Direction Rear End,N,Intersection,Left Turn Lane,Daylight,No Defects,"Two-way, Divided, Positive Median Barrier",Dry,Clear,Twelve o'clock,"Medium/Heavy Truck 2 axles (10,000 lbs (4,536 kg) or less)",Disabling,N,Moving Constant Speed,2015-03-23 14:09,41,38.446598,-76.74286433
N,Apparently Normal,No Misuse,N,No Injury,6fa0efb6-f2aa-4869-931f-c4335f7fe58e,D,MSP6304003B,Shoulder/Lap Belt(s),M,a60b15b7-cf87-4173-8f9b-4826287f94fa,Single Vehicle ,N,Non Intersection,Right Turn Lane,Dark Lights On,No Defects,"Two-way, Divided, Positive Median Barrier",Dry,Clear,Ten o'clock,Passenger Car,Superficial,N,Moving Constant Speed,2015-02-01 7:07,43,39.0135105,-77.0529215
N,Apparently Normal,No Misuse,Y,No Injury,cd5b5472-428e-4bc6-8cce-78537f918f5a,D,MSP63070035,Shoulder/Lap Belt(s),M,21e0272c-22cd-4b3c-a85c-a2d88aa39d42,Single Vehicle ,N,Non Intersection,Right Turn Lane,Dark No Lights,No Defects,One-way Trafficway,Snow,Snow,Twelve o'clock,Passenger Car,Disabling,N,Moving Constant Speed,2015-01-26 17:52,62,38.90043233,-76.83190683
N,Apparently Normal,No Misuse,Y,No Injury,4a62a80e-4dfe-43a8-bd98-1a0958144ad8,D,MSP63070038,Shoulder/Lap Belt(s),M,fe27a445-8ea6-496b-9f02-c4e1ab47af0d,Same Movement Angle,N,Intersection Related,Deceleration Lane,Daylight,No Defects,"Two-way, Divided, Unprotected (painted >4 feet) Median",Ice,Sleet,Eleven o'clock,Passenger Car,Functional,N,Moving Constant Speed,2015-02-15 10:17,30,38.91249617,-76.83909733
N,Apparently Normal,No Misuse,N,Incapacitating/Disabled Injury,bcf9fb1e-55c8-4b93-a051-b81b8c4d4ecf,D,MSP63070038,Shoulder/Lap Belt(s),M,bc680aa5-7cbc-4a08-a6cc-0dc08dfdd3ed,Same Movement Angle,N,Intersection Related,Deceleration Lane,Daylight,No Defects,"Two-way, Divided, Unprotected (painted >4 feet) Median",Ice,Sleet,Five o'clock,Recreational Vehicle,Functional,N,Moving Constant Speed,2015-02-15 10:17,53,38.91249617,-76.83909733
N,Apparently Normal,No Misuse,Y,No Injury,548b9766-9282-4b54-91c6-2e3426d7fa6f,D,MSP63070039,Shoulder/Lap Belt(s),M,0766befb-310b-48f0-bd9c-940aeb270ee6,Single Vehicle ,N,Non Intersection,Right Turn Lane,Daylight,No Defects,One-way Trafficway,Ice,Sleet,Twelve o'clock,Passenger Car,Disabling,N,Moving Constant Speed,2015-02-15 11:45,36,38.89598833,-76.83314017
N,Apparently Normal,No Misuse,N,No Injury,be848638-56a1-4fb5-b092-c8184a422f06,D,MSP6307003F,Shoulder/Lap Belt(s),M,97540b32-e731-4f5f-8fb7-1cfe6caecaec,Same Direction Rear End,N,Non Intersection,Deceleration Lane,Daylight,No Defects,"Two-way, Divided, Positive Median Barrier",Dry,Clear,Six o'clock,Recreational Vehicle,Functional,N,Slowing or Stopping,2015-03-13 8:05,24,38.82978317,-76.87505733
N,Apparently Normal,No Misuse,Y,No Injury,f7712fc3-b424-4786-ba60-81bafef362a0,D,MSP6307003F,Shoulder/Lap Belt(s),M,1bd4ec81-f726-4f16-a914-25e88d014e6f,Same Direction Rear End,N,Non Intersection,Deceleration Lane,Daylight,No Defects,"Two-way, Divided, Positive Median Barrier",Dry,Clear,Twelve o'clock,Passenger Car,Disabling,N,Moving Constant Speed,2015-03-13 8:05,32,38.82978317,-76.87505733
N,Apparently Normal,No Misuse,N,No Injury,2749ac44-5f13-4888-a4f5-1915be560271,D,MSP6307003J,Shoulder/Lap Belt(s),M,a43dcfbe-e827-4191-b7c5-a2cf1392f906,Same Direction Rear End,N,Non Intersection,Left Turn Lane,Dark No Lights,No Defects,"Two-way, Divided, Unprotected (painted >4 feet) Median",Dry,Clear,Six o'clock,Recreational Vehicle,Disabling,N,Slowing or Stopping,2015-03-25 23:05,55,38.84001133,-76.86818833
N,Apparently Normal,No Misuse,Y,No Injury,773354a6-cd9b-476f-9964-c4a67ccc23ad,D,MSP6307003J,Shoulder/Lap Belt(s),M,d2bf6a03-ac8c-45f2-9bdf-0eab81e5cc0e,Same Direction Rear End,N,Non Intersection,Left Turn Lane,Dark No Lights,No Defects,"Two-way, Divided, Unprotected (painted >4 feet) Median",Dry,Clear,Twelve o'clock,Passenger Car,Disabling,N,Moving Constant Speed,2015-03-25 23:05,27,38.84001133,-76.86818833
N,Apparently Normal,No Misuse,N,No Injury,dc763b82-dc11-4877-8fec-a0d2d1e32a96,D,MSP63090019,Shoulder/Lap Belt(s),M,644c88d3-949b-4296-97be-23d96482f152,Same Direction Sideswipe,N,Non Intersection,Deceleration Lane,Dawn,No Defects,"Two-way, Divided, Positive Median Barrier",Dry,Clear,Ten o'clock,Passenger Car,Disabling,N,Moving Constant Speed,2015-03-08 8:00,24,38.96728033,-76.8681435
N,Apparently Normal,No Misuse,N,No Injury,4f90ea32-6bb7-49b7-915c-d742aa93eb42,D,MSP6315003W,Shoulder/Lap Belt(s),M,0862cb7a-720f-45cc-94f5-b3ffea377584,Same Direction Rear End,N,Non Intersection,Right Turn Lane,Daylight,No Defects,"Two-way, Divided, Positive Median Barrier",Dry,Clear,Six o'clock,Passenger Car,Functional,N,Slowing or Stopping,2015-02-06 7:58,31,39.093873,-76.787795
N,Apparently Normal,No Misuse,Y,No Injury,db307321-526c-4c4b-bd5e-0f05be5506cb,D,MSP6317001L,Shoulder/Lap Belt(s),M,bbfabe3d-3a7a-416d-abef-127fd5f4dd30,Single Vehicle ,N,Non Intersection,Right Turn Lane,Daylight,No Defects,"Two-way, Not Divided",Dry,Clear,Twelve o'clock,Passenger Car,Superficial,N,Moving Constant Speed,2015-01-16 11:14,19,38.59422233,-77.01449083
N,Apparently Normal,No Misuse,Y,No Injury,16cca8f7-429f-4f92-ae33-d45fb355b61e,D,MSP6317001M,Shoulder/Lap Belt(s),M,e7118b37-dc09-478d-8133-94981abb0238,Single Vehicle ,N,Non Intersection,Left Turn Lane,Dark No Lights,No Defects,"Two-way, Divided, Positive Median Barrier",Wet,Snow,Twelve o'clock,Pickup Truck,Disabling,N,Moving Constant Speed,2015-01-27 6:50,39,38.6496825,-76.959149
N,Apparently Normal,No Misuse,Y,No Injury,55c6e0a5-d2fc-4b9f-9b37-8de96d1ecdd3,D,MSP6317001R,Shoulder/Lap Belt(s),M,9bcaa4c0-65c5-4f7f-a0b5-65480c2d6fa8,Single Vehicle ,N,Non Intersection,Left Turn Lane,Daylight,No Defects,"Two-way, Divided, Positive Median Barrier",Wet,Raining,Twelve o'clock,Pickup Truck,Functional,N,Moving Constant Speed,2015-03-01 14:29,18,38.56328933,-76.85860317
N,Apparently Normal,No Misuse,Y,No Injury,018a9ec2-ebd8-4959-b95d-48e7482f2c43,D,MSP6317001S,Shoulder/Lap Belt(s),M,2dee3f06-2611-4a34-bbc1-b930947f49dc,Single Vehicle ,N,Non Intersection,Right Turn Lane,Dark No Lights,No Defects,"Two-way, Divided, Positive Median Barrier",Ice,Raining,Eleven o'clock,Van,Functional,N,Moving Constant Speed,2015-03-01 22:35,59,38.53364,-76.7787155
N,Apparently Normal,No Misuse,Y,No Injury,c7cc46db-02ff-46b2-9b25-72e085fefbee,D,MSP6319000R,Shoulder/Lap Belt(s),M,889b4f07-be4f-48c6-8e84-1d6d5ede1682,Single Vehicle ,N,Non Intersection,Right Turn Lane,Daylight,No Defects,"Two-way, Not Divided",Wet,Raining,One o'clock,Pickup Truck,Disabling,N,Moving Constant Speed,2015-02-02 10:11,68,38.79280233,-75.78666
N,Apparently Normal,No Misuse,N,No Injury,f4bb2001-92f5-4969-a47c-6a07651cb7d3,D,MSP6321001B,Shoulder/Lap Belt(s),M,b79702bd-e249-4767-825e-a9b573817e89,Same Direction Left Turn,N,Non Intersection,Right Turn Lane,Daylight,No Defects,"Two-way, Not Divided",Dry,Clear,Twelve o'clock,(Sport) Utility Vehicle,Disabling,N,Slowing or Stopping,2015-01-05 13:50,83,38.47364121,-76.81691051
N,Apparently Normal,No Misuse,Y,No Injury,7665a5c6-ac2b-45f3-8909-5c4d51d4954f,D,MSP6321001B,Shoulder/Lap Belt(s),M,0778852c-5bfc-45ec-9542-ee41c83c52f1,Same Direction Left Turn,N,Non Intersection,Right Turn Lane,Daylight,No Defects,"Two-way, Not Divided",Dry,Clear,Twelve o'clock,Pickup Truck,Functional,N,Moving Constant Speed,2015-01-05 13:50,64,38.47364121,-76.81691051
N,Apparently Normal,No Misuse,N,No Injury,1e9a6991-242f-47ae-b667-24a2ff62e0a8,D,MSP6325003D,Shoulder/Lap Belt(s),M,4aa54f13-732d-41d0-a491-0883d183faed,Same Direction Rear End,N,Non Intersection,Deceleration Lane,Daylight,No Defects,"Two-way, Divided, Positive Median Barrier",Wet,Raining,Six o'clock,Van,Superficial,N,Slowing or Stopping,2015-01-12 10:35,26,38.82785983,-76.87845633
N,Apparently Normal,No Misuse,Y,No Injury,4af7543b-0b73-4008-a3ad-e5e923bd2137,D,MSP6325003M,Shoulder/Lap Belt(s),M,f6790e8c-2588-4ef6-8413-796abbedefcc,Single Vehicle ,N,Non Intersection,Deceleration Lane,Dark Lights On,No Defects,"Two-way, Divided, Positive Median Barrier",Snow,Snow,Six o'clock,Passenger Car,Disabling,N,Moving Constant Speed,2015-01-27 5:46,46,38.82077967,-76.89228983
N,Apparently Normal,No Misuse,N,No Injury,35a34bb8-07b1-464c-87d5-eec8aee4d078,D,MSP6325003Q,Shoulder/Lap Belt(s),M,24f8c152-1455-4f23-b79f-8970e96f931d,Same Direction Rear End Left Turn,N,Non Intersection,Acceleration Lane,Daylight,No Defects,"Two-way, Divided, Positive Median Barrier",Dry,Clear,Nine o'clock,Passenger Car,Disabling,N,Moving Constant Speed,2015-02-06 14:01,31,38.86120267,-76.848978
N,Apparently Normal,No Misuse,N,No Injury,1f9b32e0-74d9-491b-a4ef-b31960c03186,D,MSP6325003W,Shoulder/Lap Belt(s),M,3af8c182-cc21-4dda-a206-58fa2abfa2df,Same Movement Angle,N,Intersection,Left Turn Lane,Daylight,No Defects,"Two-way, Divided, Positive Median Barrier",Dry,Cloudy,Twelve o'clock,"Medium/Heavy Truck 2 axles (10,000 lbs (4,536 kg) or less)",Destroyed,N,Skidding,2015-03-25 10:15,43,38.71457083,-76.878159
N,Apparently Normal,No Misuse,Y,No Injury,9cb52936-5585-4a52-93dc-d178e21d12f8,D,MSP63280029,Shoulder/Lap Belt(s),M,992299bc-557a-4e1f-9bf9-f119a6f00880,Single Vehicle ,N,Intersection,Left Turn Lane,Dark Lights On,No Defects,"Two-way, Divided, Positive Median Barrier",Dry,Clear,Twelve o'clock,Passenger Car,Disabling,N,Slowing or Stopping,2015-03-23 5:59,24,38.6063995,-76.93114533
Y,Apparently Normal,No Misuse,N,No Injury,11a0fc5c-7e3d-4d88-ada3-ef8d59b8da4a,D,MSP63570031,Shoulder/Lap Belt(s),M,ceb8dd80-edb6-44cf-843d-bc16d5d251f0,Same Direction Rear End,N,Non Intersection,Acceleration Lane,Daylight,No Defects,"Two-way, Divided, Positive Median Barrier",Dry,Clear,Six o'clock,Truck Tractor,Functional,N,Stopped in Traffic Lane,2015-03-19 16:10,49,38.98632633,-77.15723167
N,Fatigued Fainted,No Misuse,Y,Possible Incapacitating Injury,88e1cfe4-1414-42db-8124-7d8e5d676cf8,D,MSP63570031,Shoulder/Lap Belt(s),M,4a7857b3-bd86-47cf-9fc2-b9b111c7275a,Same Direction Rear End,N,Non Intersection,Acceleration Lane,Daylight,No Defects,"Two-way, Divided, Positive Median Barrier",Dry,Clear,Twelve o'clock,Passenger Car,Disabling,N,Slowing or Stopping,2015-03-19 16:10,25,38.98632633,-77.15723167
N,Apparently Normal,No Misuse,Y,No Injury,2210da87-9bca-41db-bfd7-37f1484f45e2,D,MSP63580010,Shoulder/Lap Belt(s),M,b606a2b0-f329-4bc6-b237-2cfc9e8fa604,Single Vehicle ,N,Non Intersection,Right Turn Lane,Dark No Lights,No Defects,"Two-way, Not Divided",Slush,Snow,Twelve o'clock,Pickup Truck,Functional,N,Skidding,2015-01-21 17:14,30,39.09117517,-76.06557283
Y,Apparently Normal,No Misuse,Y,No Injury,f6f376cb-fa33-469b-8efa-99cfb7e978f0,D,MSP63580011,Shoulder/Lap Belt(s),M,8ab4f07c-5487-4f1d-b468-dbccefffe661,Single Vehicle ,N,Intersection,Right Turn Lane,Dark No Lights,No Defects,"Two-way, Not Divided",Dry,Clear,Five o'clock,Truck Tractor,No Damage,N,Making Left Turn,2015-01-29 1:47,51,39.255201,-75.81254417
N,Apparently Normal,No Misuse,N,No Injury,2a4e8a0e-6c4b-489e-890e-4244d0cfbfb5,D,MSP63600008,Shoulder/Lap Belt(s),M,b7b14f88-eb14-48e3-9ae8-aca075b107d7,Same Direction Rear End,Y,Non Intersection,Right Turn Lane,Dark Lights On,No Defects,"Two-way, Not Divided",Dry,Clear,Six o'clock,Passenger Car,Superficial,N,Stopped in Traffic Lane,2015-01-27 17:39,48,38.07885968,-75.57343841
N,Apparently Normal,No Misuse,N,No Injury,24f14f54-bd7d-46f8-9bc5-24e59bb8e204,D,MSP6367003W,Shoulder/Lap Belt(s),M,df3d1925-fe21-4ee4-91c4-d7960651153c,Same Direction Sideswipe,N,Non Intersection,Acceleration Lane,Daylight,No Defects,"Two-way, Divided, Positive Median Barrier",Wet,Raining,Seven o'clock,Passenger Car,Disabling,N,Moving Constant Speed,2015-01-12 15:56,37,38.84916567,-76.8609495
N,Apparently Normal,No Misuse,N,No Injury,792609b3-c99f-4b09-b108-4ceb482bec50,D,MSP63670040,Shoulder/Lap Belt(s),M,51328a9f-739f-47ce-b4bc-79ad24d00ac5,Single Vehicle ,N,Non Intersection,Left Turn Lane,Daylight,No Defects,"Two-way, Divided, Positive Median Barrier",Dry,Clear,Non-collision,Passenger Car,Disabling,N,Moving Constant Speed,2015-01-30 12:07,22,38.85275767,-76.8575895
N,Apparently Normal,No Misuse,N,No Injury,077b7b50-a149-463f-a78d-c5f818426b3f,D,MSP6367004C,Shoulder/Lap Belt(s),M,5d48da0c-f2e8-4b67-93bf-80bbce6562b8,Same Direction Sideswipe,N,Non Intersection,Right Turn Lane,Dark Lights On,No Defects,"Two-way, Divided, Positive Median Barrier",Dry,Clear,One o'clock,Pickup Truck,Disabling,N,Moving Constant Speed,2015-03-11 23:20,29,38.8845145,-76.71979883
N,Apparently Normal,No Misuse,N,No Injury,58ec0cf7-913e-4137-840f-3e0afdbb6b13,D,MSP6367004L,Shoulder/Lap Belt(s),M,120c4d08-d05a-4a9d-b065-dbc4b90ad061,Same Direction Sideswipe,N,Non Intersection,Right Turn Lane,Daylight,No Defects,"Two-way, Divided, Positive Median Barrier",Dry,Clear,One o'clock,Passenger Car,Functional,N,Moving Constant Speed,2015-03-31 14:31,28,38.87964633,-76.843777
N,Apparently Normal,No Misuse,Y,No Injury,d66ebaee-9370-431f-8096-a43d0fcb60cb,D,MSP6367004L,Shoulder/Lap Belt(s),M,7073cdf0-7ccd-4903-8987-fdae82b4974a,Same Direction Sideswipe,N,Non Intersection,Right Turn Lane,Daylight,No Defects,"Two-way, Divided, Positive Median Barrier",Dry,Clear,Seven o'clock,Passenger Car,Functional,Y,Changing Lanes,2015-03-31 14:31,52,38.87964633,-76.843777
N,Apparently Normal,No Misuse,N,No Injury,b410ef53-505b-400c-aff1-d81a46ec4ea9,D,MSP6368001Q,Shoulder/Lap Belt(s),M,e61af874-77bf-4e42-be60-22e9a7afdf61,Single Vehicle ,N,Non Intersection,Left Turn Lane,Daylight,Foreign Material,"Two-way, Divided, Unprotected (painted >4 feet) Median",Dry,Clear,Twelve o'clock,(Sport) Utility Vehicle,Disabling,N,Moving Constant Speed,2015-01-09 10:25,70,38.56584279,-76.98357224
N,Apparently Normal,No Misuse,Y,No Injury,3484db1d-3665-473f-862f-129070f59aa7,D,MSP6368001X,Shoulder/Lap Belt(s),M,93335076-0ca0-44a7-af87-3400d2a64470,Same Movement Angle,N,Intersection,Right Turn Lane,Dark - Unknown Lighting,No Defects,"Two-way, Not Divided",Wet,Raining,Two o'clock,Passenger Car,Destroyed,N,Slowing or Stopping,2015-02-09 20:02,29,38.41916009,-76.92906171
N,Apparently Normal,No Misuse,N,Incapacitating/Disabled Injury,4e7d5ce8-63d9-4465-b44b-51e25ef1fefd,D,MSP6368001X,Shoulder/Lap Belt(s),M,92a026c9-252c-48f4-88f6-3b0835376fed,Same Movement Angle,N,Intersection,Right Turn Lane,Dark - Unknown Lighting,No Defects,"Two-way, Not Divided",Wet,Raining,Twelve o'clock,Pickup Truck,Destroyed,N,Moving Constant Speed,2015-02-09 20:02,49,38.41916009,-76.92906171
N,Apparently Normal,No Misuse,N,No Injury,afb16629-4181-4851-b8e4-f04dae3ea131,D,MSP63680028,Shoulder/Lap Belt(s),M,cd2d68f5-52d9-4438-a8cd-49743df4e39d,Head On,N,Non Intersection,Left Turn Lane,Daylight,No Defects,"Two-way, Divided, Unprotected (painted >4 feet) Median",Dry,Clear,Eight o'clock,(Sport) Utility Vehicle,Disabling,N,Moving Constant Speed,2015-03-23 12:44,58,38.49083033,-76.92691533
N,Apparently Normal,No Misuse,Y,No Injury,51d7f789-2b9b-46d6-bb55-570cded41b0b,D,MSP63680028,Shoulder/Lap Belt(s),M,752a5ab4-d118-4c6d-b66e-3115bbaf0f64,Head On,N,Non Intersection,Left Turn Lane,Daylight,No Defects,"Two-way, Divided, Unprotected (painted >4 feet) Median",Dry,Clear,Twelve o'clock,(Sport) Utility Vehicle,Disabling,N,Moving Constant Speed,2015-03-23 12:44,43,38.49083033,-76.92691533
N,Apparently Normal,No Misuse,N,No Injury,511bf9ba-259e-43da-8a2a-9e4e538f3ee2,D,MSP6369000D,Shoulder/Lap Belt(s),M,00ca09ed-8fe7-4b8b-b129-65bc39c98beb,Same Direction Rear End,N,Non Intersection,Right Turn Lane,Daylight,No Defects,"Two-way, Not Divided",Dry,Clear,Six o'clock,Pickup Truck,Superficial,N,Moving Constant Speed,2015-01-08 16:25,50,38.31803967,-76.48737217
N,Apparently Normal,No Misuse,Y,No Injury,6cb80f35-7c0b-4fb2-946b-14c98a842946,D,MSP6369000D,Shoulder/Lap Belt(s),M,54d4948a-2608-4926-93cd-55c081beba16,Same Direction Rear End,N,Non Intersection,Right Turn Lane,Daylight,No Defects,"Two-way, Not Divided",Dry,Clear,Twelve o'clock,Pickup Truck,Superficial,N,Moving Constant Speed,2015-01-08 16:25,44,38.31803967,-76.48737217
N,Apparently Normal,No Misuse,N,No Injury,405c293f-e41d-4022-a273-27244280ff5c,D,MSP6375001N,Shoulder/Lap Belt(s),M,56a9693f-0867-4f9b-9edf-7c79ec6a8141,Same Direction Left Turn,N,Non Intersection,Right Turn Lane,Dark Lights On,No Defects,"Two-way, Divided, Unprotected (painted >4 feet) Median",Dry,Clear,Five o'clock,Passenger Car,Superficial,N,Moving Constant Speed,2015-01-11 19:21,53,39.28662,-77.530703
N,Apparently Normal,No Misuse,Y,No Injury,c82d13c0-1a73-4f7f-a66e-cfda3cd722bc,D,MSP6375001N,Shoulder/Lap Belt(s),M,627cfc79-118b-43b8-9cce-c59f3eeba526,Same Direction Left Turn,N,Non Intersection,Right Turn Lane,Dark Lights On,No Defects,"Two-way, Divided, Unprotected (painted >4 feet) Median",Dry,Clear,Eleven o'clock,Passenger Car,Disabling,N,Moving Constant Speed,2015-01-11 19:21,29,39.28662,-77.530703
N,Apparently Normal,No Misuse,N,No Injury,b1dd1fce-138c-45b1-ab0f-28f65d2ff791,D,MSP6375001P,Shoulder/Lap Belt(s),M,cbfc9eb7-1fed-4695-a21d-ef33bc8d2a4e,Same Direction Rear End,N,Non Intersection,Right Turn Lane,Daylight,No Defects,"Two-way, Divided, Positive Median Barrier",Dry,Clear,Six o'clock,Passenger Car,Disabling,N,Stopped in Traffic Lane,2015-01-13 15:39,31,39.486314,-77.553497
N,Apparently Normal,No Misuse,Y,Non-incapacitating Injury,6711bd1f-ef28-48d1-99a4-db73d2145691,D,MSP6375001P,Shoulder/Lap Belt(s),M,83ac4e12-2a64-42d5-ad47-74750421b265,Same Direction Rear End,N,Non Intersection,Right Turn Lane,Daylight,No Defects,"Two-way, Divided, Positive Median Barrier",Dry,Clear,Twelve o'clock,Passenger Car,Disabling,N,Slowing or Stopping,2015-01-13 15:39,55,39.486314,-77.553497
N,Apparently Normal,No Misuse,N,No Injury,dc268e6a-12d1-49c3-927e-0e53927fd1dd,D,MSP6375001T,Shoulder/Lap Belt(s),M,37fd8dea-0a1a-4280-84e8-f86825c50764,Single Vehicle ,N,Non Intersection,Right Turn Lane,Daylight,No Defects,"Two-way, Divided, Positive Median Barrier",Snow,Snow,Eleven o'clock,Van,Disabling,N,Moving Constant Speed,2015-01-14 10:02,44,39.551501,-77.608971
N,Apparently Normal,No Misuse,N,No Injury,f04f044d-8d15-4c23-8004-4bc67f78f19a,D,MSP6375001Z,Shoulder/Lap Belt(s),M,c1587d7e-193f-4b16-ada6-2a54093dfae5,Single Vehicle ,N,Non Intersection,Right Turn Lane,Daylight,No Defects,"Two-way, Divided, Positive Median Barrier",Dry,Clear,Twelve o'clock,Passenger Car,Disabling,N,Moving Constant Speed,2015-02-06 16:45,28,39.40449,-77.390764
N,Apparently Normal,No Misuse,N,No Injury,4b150472-95c8-492d-a062-54400c8e5693,D,MSP63750024,Shoulder/Lap Belt(s),M,eaf6a909-2457-4846-8698-4d28df746a85,Same Direction Rear End Right Turn,N,Non Intersection,Left Turn Lane,Dark Lights On,No Defects,"Two-way, Divided, Positive Median Barrier",Dry,Clear,Ten o'clock,Passenger Car,Functional,N,Moving Constant Speed,2015-02-13 23:34,26,39.296558,-77.334698
Y,Apparently Normal,No Misuse,N,No Injury,51b722e0-6afd-4ea2-ab1e-d2ca5588e001,D,MSP6375002F,Shoulder/Lap Belt(s),M,69fac222-6e8b-4662-8aed-8bd15f5180fd,Same Direction Sideswipe,N,Non Intersection,Left Turn Lane,Daylight,No Defects,"Two-way, Divided, Positive Median Barrier",Snow,Snow,Seven o'clock,Truck Tractor,No Damage,N,Moving Constant Speed,2015-03-05 16:19,59,39.42201417,-77.485951
Y,Apparently Normal,No Misuse,Y,Non-incapacitating Injury,02caafda-4374-40b1-a1c2-c30d363057ae,D,MSP6375002F,Shoulder/Lap Belt(s),M,f7d304d9-e0d2-40ef-8ef5-95aa1edfe3ff,Same Direction Sideswipe,N,Non Intersection,Left Turn Lane,Daylight,No Defects,"Two-way, Divided, Positive Median Barrier",Snow,Snow,Twelve o'clock,Pickup Truck,Destroyed,N,Moving Constant Speed,2015-03-05 16:19,67,39.42201417,-77.485951
N,Apparently Normal,No Misuse,N,No Injury,490caf24-0e89-47db-aea7-70cf080c3ddf,D,MSP63760018,Shoulder/Lap Belt(s),M,8f3c41eb-3e3f-45bb-9551-d0718c2f12b9,Same Direction Rear End,N,Non Intersection,Left Turn Lane,Dark No Lights,No Defects,"Two-way, Divided, Positive Median Barrier",Dry,Clear,Six o'clock,Pickup Truck,Functional,N,Slowing or Stopping,2015-01-11 20:15,35,38.67680417,-76.8757925
N,Apparently Normal,No Misuse,Y,Possible Incapacitating Injury,99edb3c9-19d2-43d6-81ea-b08a7d494931,D,MSP63760018,Shoulder/Lap Belt(s),M,d4a60799-38b0-4e9a-ac0c-84f97468446e,Same Direction Rear End,N,Non Intersection,Left Turn Lane,Dark No Lights,No Defects,"Two-way, Divided, Positive Median Barrier",Dry,Clear,Twelve o'clock,Passenger Car,Disabling,N,Moving Constant Speed,2015-01-11 20:15,39,38.67680417,-76.8757925
N,Apparently Normal,No Misuse,N,No Injury,199a0531-08e2-4cd0-ad73-18ac1448f81d,D,MSP6376001D,Shoulder/Lap Belt(s),M,9050402f-030c-4e50-8228-adaf0a237a55,Same Direction Right Turn,N,Crossover Related,Left Turn Lane,Daylight,No Defects,"Two-way, Divided, Positive Median Barrier",Dry,Clear,Twelve o'clock,Van,Disabling,N,Moving Constant Speed,2015-01-28 8:56,30,38.69291933,-76.87192867
N,Apparently Normal,No Misuse,Y,No Injury,db66545f-0d73-41fa-87fb-3039a4f3b578,D,MSP6376001D,Shoulder/Lap Belt(s),M,eb0167bb-88b4-4b71-add4-c29fb7dfa805,Same Direction Right Turn,N,Crossover Related,Left Turn Lane,Daylight,No Defects,"Two-way, Divided, Positive Median Barrier",Dry,Clear,Twelve o'clock,(Sport) Utility Vehicle,Functional,N,Making U Turn,2015-01-28 8:56,72,38.69291933,-76.87192867
N,Apparently Normal,No Misuse,N,No Injury,f295dfe8-b1e3-468e-8405-d5dabcc974e2,D,MSP6376001H,Shoulder/Lap Belt(s),M,7c70c207-1856-45c2-88bc-4238bab4b1c8,Same Direction Rear End,N,Non Intersection,Right Turn Lane,Daylight,No Defects,"Two-way, Divided, Positive Median Barrier",Dry,Clear,Six o'clock,(Sport) Utility Vehicle,Functional,N,Slowing or Stopping,2015-02-05 17:00,36,38.88311317,-76.84402917
N,Apparently Normal,No Misuse,Y,No Injury,100b5f54-f59c-425f-9403-d4ae343ba3c9,D,MSP6376001H,Shoulder/Lap Belt(s),M,866190b0-5d6b-45ae-99a0-3ac818fe2124,Same Direction Rear End,N,Non Intersection,Right Turn Lane,Daylight,No Defects,"Two-way, Divided, Positive Median Barrier",Dry,Clear,Twelve o'clock,(Sport) Utility Vehicle,Disabling,N,Slowing or Stopping,2015-02-05 17:00,58,38.88311317,-76.84402917
N,Apparently Normal,No Misuse,N,No Injury,f4a2ae5a-11be-4a9c-80a5-a1729755fc11,D,MSP6376001M,Shoulder/Lap Belt(s),M,5f339ceb-e5dc-4374-bf73-be3f70343cb2,Single Vehicle ,N,Non Intersection,Right Turn Lane,Dark Lights On,Foreign Material,"Two-way, Divided, Positive Median Barrier",Wet,Foggy,Five o'clock,(Sport) Utility Vehicle,Superficial,N,Moving Constant Speed,2015-03-11 5:28,57,38.87370133,-76.7843855
N,Apparently Normal,No Misuse,N,No Injury,86d9f3fa-8a8e-4e67-b47e-79362d5a5a31,D,MSP6376001P,Shoulder/Lap Belt(s),M,889c4912-4638-446d-94f4-f86aa65450f4,Single Vehicle ,N,Non Intersection,Right Turn Lane,Dark Lights On,Foreign Material,"Two-way, Divided, Positive Median Barrier",Wet,Foggy,Ten o'clock,Pickup Truck,Functional,N,Moving Constant Speed,2015-03-11 6:13,61,38.87361183,-76.78427617