CDL_FLAG,CONDITION_CODE,EQUIP_PROB_CODE,FAULT_FLAG,INJ_SEVER_CODE,PERSON_ID,PERSON_TYPE,REPORT_NO,SAF_EQUIP_CODE,SEX_CODE,VEHICLE_ID,COLLISION_TYPE_CODE,C_M_ZONE_FLAG,JUNCTION_CODE,LANE_CODE,LIGHT_CODE,RD_COND_CODE,RD_DIV_CODE,SURF_COND_CODE,WEATHER_CODE,AREA_DAMAGED_CODE_MAIN,BODY_TYPE_CODE,DAMAGE_CODE,HIT_AND_RUN_FLAG,MOVEMENT_CODE,TIME,AGE,LATITUDE,LONGITUDE
Y,Apparently Normal,No Misuse,N,No Injury,fc965249-c378-4456-acd5-035b5e542209,D,MSP6376001Q,Shoulder/Lap Belt(s),M,f12b081b-e1d0-43ee-a451-7d9b287381de,Same Movement Angle,N,Intersection,Left Turn Lane,Dark No Lights,No Defects,"Two-way, Divided, Positive Median Barrier",Dry,Clear,Eleven o'clock,Passenger Car,Disabling,N,Moving Constant Speed,2015-03-12 4:51,51,38.82075667,-76.84879033
Y,Apparently Normal,No Misuse,Y,No Injury,f4f2127b-cd09-4a76-b181-e35c2580b8c1,D,MSP6376001Q,Shoulder/Lap Belt(s),M,bd6c8f0a-9132-463b-a149-afc3ed5f5709,Same Movement Angle,N,Intersection,Left Turn Lane,Dark No Lights,No Defects,"Two-way, Divided, Positive Median Barrier",Dry,Clear,Twelve o'clock,Pickup Truck,Functional,N,Making Left Turn,2015-03-12 4:51,24,38.82075667,-76.84879033
N,Apparently Normal,No Misuse,N,No Injury,7bede295-c577-4bd6-a537-61e9a48e8d83,D,MSP6376001W,Shoulder/Lap Belt(s),M,6b0108be-bc63-4bdc-b78c-49003d98228b,Same Direction Left Turn,N,Non Intersection,Right Turn Lane,Daylight,No Defects,"Two-way, Divided, Positive Median Barrier",Dry,Clear,Twelve o'clock,Passenger Car,Functional,N,Slowing or Stopping,2015-03-30 16:03,53,38.84215683,-76.86493817
N,Apparently Normal,No Misuse,N,Possible Incapacitating Injury,ecd2c81d-e09c-40e1-a0b0-b25a7294e6dc,D,MSP6376001W,Shoulder/Lap Belt(s),M,8b1323ad-c099-4ea9-a6c3-9dd7678f3b6f,Same Direction Left Turn,N,Non Intersection,Right Turn Lane,Daylight,No Defects,"Two-way, Divided, Positive Median Barrier",Dry,Clear,Twelve o'clock,Passenger Car,Disabling,N,Moving Constant Speed,2015-03-30 16:03,30,38.84215683,-76.86493817
N,Apparently Normal,No Misuse,N,No Injury,77610790-2ca6-48b1-b3b0-bf6513da1258,D,MSP6377003M,Shoulder/Lap Belt(s),M,4af252c8-1ccc-4d99-bbc9-c41cee1be976,Same Direction Rear End,N,Intersection,Left Turn Lane,Daylight,No Defects,"Two-way, Divided, Positive Median Barrier",Dry,Clear,Six o'clock,Passenger Car,Disabling,N,Stopped in Traffic Lane,2015-03-07 11:44,57,38.8518655,-76.7260095
N,Apparently Normal,No Misuse,Y,No Injury,e14a23d9-6c2f-4ddf-9bac-497efb19d674,D,MSP6377003M,Shoulder/Lap Belt(s),M,f09bbb80-8db5-42c4-9dd5-2a8ba990b26e,Same Direction Rear End,N,Intersection,Left Turn Lane,Daylight,No Defects,"Two-way, Divided, Positive Median Barrier",Dry,Clear,Twelve o'clock,Passenger Car,Disabling,N,Slowing or Stopping,2015-03-07 11:44,45,38.8518655,-76.7260095
N,Apparently Normal,No Misuse,N,No Injury,739dc188-fa4a-415b-aec3-9056f7bccea9,D,MSP6377003R,Shoulder/Lap Belt(s),M,5ff863df-0bf7-4874-8fac-9e1d601cee6d,Same Movement Angle,N,Intersection,Acceleration Lane,Daylight,No Defects,"Two-way, Divided, Positive Median Barrier",Dry,Clear,One o'clock,Passenger Car,Disabling,N,Moving Constant Speed,2015-03-16 16:22,26,38.81712883,-76.73758067
N,Apparently Normal,No Misuse,Y,No Injury,4400f6e6-9b67-4bd1-87f5-6dbf1b6f23b2,D,MSP6377003R,Shoulder/Lap Belt(s),M,126b231c-9708-4ce2-8809-870671a41d00,Same Movement Angle,N,Intersection,Acceleration Lane,Daylight,No Defects,"Two-way, Divided, Positive Median Barrier",Dry,Clear,Twelve o'clock,(Sport) Utility Vehicle,Functional,N,Making Right Turn,2015-03-16 16:22,39,38.81712883,-76.73758067
N,Apparently Normal,No Misuse,Y,No Injury,497a0096-08df-417e-a67c-d0aeeaf4fdb6,D,MSP6379000P,Shoulder/Lap Belt(s),M,24bb7d90-a239-4f72-b0e2-4ca085841250,Single Vehicle ,N,Intersection,Right Turn Lane,Dawn,No Defects,"Two-way, Divided, Unprotected (painted >4 feet) Median",Snow,Blowing Snow,Twelve o'clock,Passenger Car,Disabling,N,Slowing or Stopping,2015-01-06 6:56,24,39.000216,-76.073343
N,Apparently Normal,No Misuse,Y,No Injury,1bd86d02-8497-445f-b383-1d407db3c608,D,MSP64570008,Shoulder/Lap Belt(s),M,f270b5f0-bf78-4313-824a-8aa33232ef25,Same Direction Rear End,N,Intersection Related,Acceleration Lane,Daylight,No Defects,"Two-way, Divided, Positive Median Barrier",Dry,Clear,Twelve o'clock,(Sport) Utility Vehicle,Disabling,N,Moving Constant Speed,2015-03-06 14:08,44,38.9482445,-76.7176795
N,Apparently Normal,No Misuse,Y,No Injury,da34f399-8ae3-49ba-b037-9d8953721823,D,MSP64610013,Shoulder/Lap Belt(s),M,18362de5-bbde-4179-a2b6-ffa5338c07e2,Single Vehicle ,N,Non Intersection,Right Turn Lane,Daylight,No Defects,"Two-way, Not Divided",Dry,Clear,Twelve o'clock,Passenger Car,Disabling,N,Moving Constant Speed,2015-03-28 16:35,20,39.54377933,-76.3255355
N,Apparently Normal,No Misuse,Y,No Injury,5a375c3d-2e94-4eac-8be7-8fc50c0fa176,D,MSP6464000M,Shoulder/Lap Belt(s),M,35449f69-a2d1-494f-a1a8-c39b524df079,Same Direction Sideswipe,N,Non Intersection,Left Turn Lane,Dark Lights On,No Defects,"Two-way, Divided, Positive Median Barrier",Dry,Clear,Eight o'clock,Recreational Vehicle,Functional,Y,Changing Lanes,2015-02-13 21:56,18,39.33561867,-76.48160233
N,Apparently Normal,No Misuse,N,No Injury,d897bfce-715a-48b4-b880-0221449fcfab,D,MSP6464000W,Shoulder/Lap Belt(s),M,cb3c8bd4-38a7-430d-abd7-10283b84326c,Same Direction Rear End,N,Non Intersection,Acceleration Lane,Daylight,No Defects,"Two-way, Divided, Positive Median Barrier",Dry,Clear,Six o'clock,Passenger Car,Functional,N,Slowing or Stopping,2015-03-18 17:05,52,39.28297633,-76.73261883
N,Apparently Normal,No Misuse,N,No Injury,0993a176-654f-4d86-a28b-b1ceaedac5ae,D,MSP6464000W,Shoulder/Lap Belt(s),M,38a32707-266a-45bf-bb89-2ee0cdf15a9f,Same Direction Rear End,N,Non Intersection,Acceleration Lane,Daylight,No Defects,"Two-way, Divided, Positive Median Barrier",Dry,Clear,Six o'clock,Recreational Vehicle,Functional,N,Slowing or Stopping,2015-03-18 17:05,28,39.28297633,-76.73261883
N,Apparently Normal,No Misuse,Y,No Injury,da7cf0a9-da46-493e-8402-9603070c4665,D,MSP6464000W,Shoulder/Lap Belt(s),M,25235601-1f85-467f-ae9c-40ae2a0174ee,Same Direction Rear End,N,Non Intersection,Acceleration Lane,Daylight,No Defects,"Two-way, Divided, Positive Median Barrier",Dry,Clear,Twelve o'clock,Passenger Car,Disabling,N,Moving Constant Speed,2015-03-18 17:05,40,39.28297633,-76.73261883
N,Apparently Normal,No Misuse,N,No Injury,89eadd29-f050-45d1-b272-7178ed5328bc,D,MSP6464000X,Shoulder/Lap Belt(s),M,872b9de0-d315-4a2e-9308-832f68a3c3ff,Same Direction Rear End,Y,Interchange Related,Acceleration Lane,Daylight,No Defects,"Two-way, Divided, Positive Median Barrier",Dry,Clear,Six o'clock,Pickup Truck,Functional,N,Slowing or Stopping,2015-03-19 14:41,48,39.36059617,-76.5055345
Y,Apparently Normal,No Misuse,Y,No Injury,9aa82f9b-f9f2-44a8-a504-1600561e9626,D,MSP6464000X,Shoulder/Lap Belt(s),M,7894d28c-e66c-4c72-aa45-ef0bb97daac7,Same Direction Rear End,Y,Interchange Related,Acceleration Lane,Daylight,No Defects,"Two-way, Divided, Positive Median Barrier",Dry,Clear,Twelve o'clock,Truck Tractor,Functional,N,Slowing or Stopping,2015-03-19 14:41,42,39.36059617,-76.5055345
N,Apparently Normal,No Misuse,N,Incapacitating/Disabled Injury,09171cb9-148a-4ba3-9923-63277ac939be,D,MSP6464000X,Shoulder/Lap Belt(s),M,6e25474e-cc15-43c6-af75-871aec844622,Same Direction Rear End,Y,Interchange Related,Acceleration Lane,Daylight,No Defects,"Two-way, Divided, Positive Median Barrier",Dry,Clear,Twelve o'clock,Passenger Car,Disabling,N,Slowing or Stopping,2015-03-19 14:41,82,39.36059617,-76.5055345
N,Apparently Normal,No Misuse,Y,No Injury,cac6083c-c07e-4f6e-8c1a-4d8a2b01b6f8,D,MSP64640012,Shoulder/Lap Belt(s),M,d25b4179-fdfa-45ae-80da-bff07db10679,Same Direction Rear End,Y,Non Intersection,Right Turn Lane,Daylight,No Defects,"Two-way, Divided, Positive Median Barrier",Wet,Raining,Twelve o'clock,Pickup Truck,Disabling,N,Moving Constant Speed,2015-03-27 8:16,21,39.39072183,-76.536561
N,Apparently Normal,No Misuse,N,Incapacitating/Disabled Injury,94ac2332-3d00-4f00-8564-dd4270409a3d,D,MSP64640012,Shoulder/Lap Belt(s),M,51e4887f-0943-432d-864b-cfd6e75a92c9,Same Direction Rear End,Y,Non Intersection,Right Turn Lane,Daylight,No Defects,"Two-way, Divided, Positive Median Barrier",Wet,Raining,Six o'clock,Passenger Car,Disabling,N,Slowing or Stopping,2015-03-27 8:16,66,39.39072183,-76.536561
N,Apparently Normal,No Misuse,N,No Injury,ea3ad6c6-f9f0-4d65-bfff-b356c43767a7,D,MSP64660005,Shoulder/Lap Belt(s),M,24702add-468b-48b7-b884-332cff16f1f4,Single Vehicle ,N,Non Intersection,Acceleration Lane,Daylight,No Defects,"Two-way, Divided, Positive Median Barrier",Dry,Clear,Twelve o'clock,(Sport) Utility Vehicle,Functional,N,Moving Constant Speed,2015-02-03 11:54,44,39.19542826,-76.76885605
Y,Apparently Normal,No Misuse,Y,No Injury,472007fc-df30-440a-84e0-dc6e3984d99f,D,MSP64660007,Shoulder/Lap Belt(s),M,b8160892-0829-4bd8-8fd9-9ae5451687c2,Single Vehicle ,N,Non Intersection,Right Turn Lane,Daylight,No Defects,"Two-way, Divided, Positive Median Barrier",Snow,Blowing Snow,Twelve o'clock,Truck Tractor,Disabling,N,Moving Constant Speed,2015-03-05 17:39,60,39.13415333,-76.85436267
N,Apparently Normal,No Misuse,Y,No Injury,aea7ea59-7e65-43c9-a323-d08efa2e38c8,D,MSP64670008,Shoulder/Lap Belt(s),M,f84d56d7-800e-4214-b428-c8e24b1a873e,Single Vehicle ,N,Non Intersection,Right Turn Lane,Dark Lights On,No Defects,"Two-way, Divided, Positive Median Barrier",Dry,Clear,One o'clock,Passenger Car,Disabling,N,Moving Constant Speed,2015-02-14 3:49,28,39.10716958,-77.18371868
Y,Apparently Normal,No Misuse,Y,No Injury,fffa88d8-a4b4-4055-881d-6a091be22454,D,MSP64680004,Shoulder/Lap Belt(s),M,30a3c5bc-d09c-44ae-a5e3-acfab0abd99c,Single Vehicle ,N,Non Intersection,Right Turn Lane,Daylight,No Defects,"Two-way, Divided, Positive Median Barrier",Wet,Clear,Eleven o'clock,"Medium/Heavy Truck 2 axles (10,000 lbs (4,536 kg) or less)",Disabling,N,Moving Constant Speed,2015-01-13 8:10,46,39.02357467,-76.031711
N,Apparently Normal,No Misuse,N,No Injury,bf4513e7-aa65-4960-8c01-ed74803b255a,D,MSP6477000J,Shoulder/Lap Belt(s),M,21f50f6a-fd5d-4052-8c60-eb040d193921,Same Direction Right Turn,N,Non Intersection,Acceleration Lane,Dark Lights On,No Defects,"Two-way, Divided, Positive Median Barrier",Dry,Clear,Twelve o'clock,Passenger Car,Functional,N,Moving Constant Speed,2015-02-12 22:48,45,39.02295867,-77.14219317
N,Apparently Normal,No Misuse,Y,Possible Incapacitating Injury,72f0595b-8d66-4241-8d92-cda6f1361b0f,D,MSP6477000J,Shoulder/Lap Belt(s),M,24870f1b-aa1f-401c-ba1c-31ca2a7916f6,Same Direction Right Turn,N,Non Intersection,Acceleration Lane,Dark Lights On,No Defects,"Two-way, Divided, Positive Median Barrier",Dry,Clear,One o'clock,Passenger Car,Disabling,N,Moving Constant Speed,2015-02-12 22:48,51,39.02295867,-77.14219317
N,Apparently Normal,No Misuse,Y,No Injury,babec554-05f8-47eb-9119-df7006839dec,D,MSP6477000K,Shoulder/Lap Belt(s),M,659c68fa-cc9c-4524-a790-4d3e11279abb,Single Vehicle ,N,Non Intersection,Deceleration Lane,Dark Lights On,No Defects,"Two-way, Divided, Positive Median Barrier",Dry,Clear,Twelve o'clock,Passenger Car,Disabling,N,Moving Constant Speed,2015-02-17 23:50,21,39.1188935,-77.19590583
N,Apparently Normal,No Misuse,N,No Injury,fceabbc4-aae9-4a96-9366-c3e627d8b3e1,D,MSP6477000M,Shoulder/Lap Belt(s),M,0dd4c644-8e43-42d1-a572-29dca4745cd0,Same Direction Rear End,N,Non Intersection,Right Turn Lane,Dark Lights On,No Defects,"Two-way, Divided, Positive Median Barrier",Dry,Clear,Twelve o'clock,Passenger Car,Functional,N,Moving Constant Speed,2015-02-19 5:02,36,38.9662135,-77.18050733
N,Apparently Normal,No Misuse,Y,No Injury,9db882ac-3a1d-41b0-8467-ba6d1b8c9b72,D,MSP6477000M,Shoulder/Lap Belt(s),M,04ecc535-3cd0-4f7a-984c-5c8994b1b3fd,Same Direction Rear End,N,Non Intersection,Right Turn Lane,Dark Lights On,No Defects,"Two-way, Divided, Positive Median Barrier",Dry,Clear,Eleven o'clock,Passenger Car,Disabling,N,Moving Constant Speed,2015-02-19 5:02,49,38.9662135,-77.18050733
N,Apparently Normal,No Misuse,N,No Injury,fa7f7cf7-9c49-4fc9-9c99-eb8502d5ea16,D,MSP6477000N,None  ,M,a91ac5ed-5a77-40f0-86f5-36e3219b7be2,Same Direction Rear End,N,Non Intersection,Deceleration Lane,Dark Lights On,No Defects,"Two-way, Divided, Positive Median Barrier",Dry,Clear,Six o'clock,Passenger Car,Superficial,N,Moving Constant Speed,2015-02-12 22:58,45,39.01304841,-77.04179764
N,Apparently Normal,No Misuse,N,No Injury,cc0e9088-5423-4ce1-8f28-2ce98e7fe7a4,D,MSP6477000R,Shoulder/Lap Belt(s),M,94b5561e-9172-4124-8d7d-9ef4452d11eb,Same Direction Rear End,N,Non Intersection,Deceleration Lane,Dark Lights On,No Defects,"Two-way, Divided, Positive Median Barrier",Dry,Clear,Six o'clock,Pickup Truck,Disabling,N,Stopped in Traffic Lane,2015-03-13 5:22,45,39.19073733,-77.25926733
N,Apparently Normal,No Misuse,Y,Possible Incapacitating Injury,120e583f-5404-48cf-9ab7-86ad7f019935,D,MSP6477000R,Shoulder/Lap Belt(s),M,e05dd6fc-2a70-4129-93fa-3e79fc920daa,Same Direction Rear End,N,Non Intersection,Deceleration Lane,Dark Lights On,No Defects,"Two-way, Divided, Positive Median Barrier",Dry,Clear,Twelve o'clock,(Sport) Utility Vehicle,Disabling,N,Moving Constant Speed,2015-03-13 5:22,44,39.19073733,-77.25926733
N,Apparently Normal,No Misuse,Y,No Injury,cf1d6d08-d87b-4be9-9ad9-572e2f9652fb,D,MSP6477000V,Shoulder/Lap Belt(s),M,64c698dc-5d8a-4a80-95e5-91520a3c3b7d,Single Vehicle ,N,Non Intersection,Right Turn Lane,Daylight,No Defects,"Two-way, Divided, Positive Median Barrier",Dry,Clear,Eleven o'clock,Passenger Car,Disabling,N,Moving Constant Speed,2015-03-24 9:19,59,39.052703,-77.152569
N,Apparently Normal,No Misuse,N,No Injury,90c6f427-af88-4a7e-b182-8636232af02d,D,MSP6477000W,Shoulder/Lap Belt(s),M,88ca1068-3488-43c3-beb5-a20d402bbe25,Same Direction Sideswipe,N,Non Intersection,Acceleration Lane,Daylight,No Defects,"Two-way, Divided, Positive Median Barrier",Wet,Raining,Three o'clock,Passenger Car,Superficial,N,Moving Constant Speed,2015-03-26 12:24,46,39.01278165,-77.03338623
N,Apparently Normal,No Misuse,N,No Injury,6f941a0e-85ce-468e-bf68-52c73a20b365,D,MSP64880005,Shoulder/Lap Belt(s),M,23da29f0-e1f1-4b0c-a3f2-c32cc5292507,Same Direction Rear End,N,Non Intersection,Right Turn Lane,Daylight,No Defects,"Two-way, Divided, Positive Median Barrier",Dry,Clear,Six o'clock,Passenger Car,Functional,N,Slowing or Stopping,2015-01-13 16:00,50,39.21502917,-77.2772315
N,Apparently Normal,No Misuse,Y,No Injury,5324fb41-c595-4660-b5e9-41992a00490b,D,MSP64880005,Shoulder/Lap Belt(s),M,c0904599-be94-438c-aced-65b89e5ebb6c,Same Direction Rear End,N,Non Intersection,Right Turn Lane,Daylight,No Defects,"Two-way, Divided, Positive Median Barrier",Dry,Clear,Twelve o'clock,Van,Functional,N,Moving Constant Speed,2015-01-13 16:00,54,39.21502917,-77.2772315
N,Apparently Normal,No Misuse,Y,Possible Incapacitating Injury,d3cfc8e2-e380-41cd-81c3-8f4c77f2bb2f,D,MSP64880007,Shoulder/Lap Belt(s),M,01572c71-b912-46d3-bf53-e2e2d3bc0df1,Same Direction Rear End,N,Non Intersection,Right Turn Lane,Dark Lights On,No Defects,"Two-way, Divided, Positive Median Barrier",Dry,Clear,Twelve o'clock,Passenger Car,Disabling,N,Moving Constant Speed,2015-01-17 23:45,56,39.11785547,-77.19467127
N,Apparently Normal,No Misuse,N,No Injury,9249f714-8dd8-41da-bb49-d36d26be919e,D,MSP6488000G,Shoulder/Lap Belt(s),M,8ea6d0bd-cc60-42ae-a87e-af5c3995f3bf,Same Direction Sideswipe,N,Non Intersection,Left Turn Lane,Dawn,No Defects,"Two-way, Divided, Positive Median Barrier",Dry,Clear,Two o'clock,Passenger Car,Disabling,N,Moving Constant Speed,2015-02-18 6:24,55,38.98723442,-77.15728283
N,Apparently Normal,No Misuse,Y,No Injury,deaa4d18-4fe7-4b72-8895-8fff72d52ded,D,MSP6488000L,Shoulder/Lap Belt(s),M,21af46fe-5350-413e-a86c-4e1a2a607fe4,Single Vehicle ,N,Non Intersection,Right Turn Lane,Daylight,No Defects,One-way Trafficway,Ice,Sleet,Twelve o'clock,Passenger Car,Disabling,N,Negotiating a Curve,2015-03-01 15:35,45,38.974969,-77.17925717
N,Apparently Normal,No Misuse,N,No Injury,fa96d540-3a6c-4799-a372-97080042ca67,D,MSP6488000P,Shoulder/Lap Belt(s),M,c922c1d3-d394-4875-a468-e5359093dfc4,Same Direction Rear End,N,Non Intersection,Deceleration Lane,Dark Lights On,No Defects,"Two-way, Divided, Positive Median Barrier",Dry,Clear,Six o'clock,Passenger Car,Disabling,N,Slowing or Stopping,2015-03-21 6:45,42,39.09664571,-77.17725992
N,Apparently Normal,No Misuse,Y,No Injury,ad6177f3-697c-405c-9763-7edcb5cb1578,D,MSP6488000P,Shoulder/Lap Belt(s),M,d164e907-e770-4b51-be02-394d978afecb,Same Direction Rear End,N,Non Intersection,Deceleration Lane,Dark Lights On,No Defects,"Two-way, Divided, Positive Median Barrier",Dry,Clear,Twelve o'clock,Pickup Truck,Disabling,N,Moving Constant Speed,2015-03-21 6:45,31,39.09664571,-77.17725992
N,Apparently Normal,No Misuse,Y,No Injury,503bcc46-31bc-42e7-8b16-2d4ac60d7254,D,MSP64900004,Shoulder/Lap Belt(s),M,91200456-9d84-4e53-b098-f1fe988bf4f4,Single Vehicle ,N,Non Intersection,Acceleration Lane,Dark Lights On,No Defects,"Two-way, Divided, Positive Median Barrier",Dry,Clear,Two o'clock,Passenger Car,Disabling,N,Changing Lanes,2015-01-13 17:46,32,39.05516067,-76.928815
N,Apparently Normal,No Misuse,N,No Injury,bc54a184-fbb5-44e2-b255-82ff55fc4f02,D,MSP64910006,Shoulder/Lap Belt(s),M,139cb9f4-d699-4027-b861-551aa824c15b,Same Direction Sideswipe,N,Non Intersection,Right Turn Lane,Daylight,No Defects,"Two-way, Divided, Positive Median Barrier",Dry,Clear,One o'clock,Passenger Car,Disabling,N,Moving Constant Speed,2015-03-22 15:06,41,38.645608,-76.89042317
N,Apparently Normal,No Misuse,Y,No Injury,cbceb280-08e2-4a06-a68b-84bb95536b24,D,MSP64910006,Shoulder/Lap Belt(s),M,c4903683-b7c2-473e-8877-3a70e6af9e86,Same Direction Sideswipe,N,Non Intersection,Right Turn Lane,Daylight,No Defects,"Two-way, Divided, Positive Median Barrier",Dry,Clear,Eight o'clock,Passenger Car,Functional,N,Moving Constant Speed,2015-03-22 15:06,50,38.645608,-76.89042317
N,Apparently Normal,No Misuse,N,No Injury,b0335f39-fca9-4a45-8012-06897da7243d,D,MSP64930005,Shoulder/Lap Belt(s),M,3b961936-3174-4f4c-b3be-07d6d8f929b7,Same Movement Angle,N,Intersection,Acceleration Lane,Daylight,No Defects,"Two-way, Divided, Positive Median Barrier",Slush,Clear,Seven o'clock,Passenger Car,Superficial,N,Accelerating,2015-03-07 8:24,31,38.64746128,-76.88819289
N,Apparently Normal,No Misuse,Y,No Injury,11b7dac8-d98b-417c-8493-5e9ffa40f1bf,D,MSP6497000C,Shoulder/Lap Belt(s),M,10e800b9-050e-4ec2-9829-f7ee3e6ecf0e,Same Direction Sideswipe,N,Non Intersection,Deceleration Lane,Dark Lights On,No Defects,"Two-way, Divided, Positive Median Barrier",Dry,Clear,Eight o'clock,Recreational Vehicle,Superficial,N,Changing Lanes,2015-02-24 18:58,40,38.88638417,-76.845297
N,Had Been Drinking,No Misuse,N,Possible Incapacitating Injury,97803349-00fe-4bee-ae30-fe123e886b3c,D,MSP6497000C,Shoulder/Lap Belt(s),M,b669cd27-7623-4e93-a251-ef6e402f20d4,Same Direction Sideswipe,N,Non Intersection,Deceleration Lane,Dark Lights On,No Defects,"Two-way, Divided, Positive Median Barrier",Dry,Clear,Two o'clock,Passenger Car,Superficial,N,Moving Constant Speed,2015-02-24 18:58,24,38.88638417,-76.845297
Y,Apparently Normal,No Misuse,N,No Injury,674781cf-16d3-4f33-bd86-fb1a28184e49,D,MSP6497000G,Shoulder/Lap Belt(s),M,8c622aec-7316-497c-998a-022f6aac7b91,Same Direction Sideswipe,N,Non Intersection,Right Turn Lane,Dark Lights On,No Defects,"Two-way, Divided, Positive Median Barrier",Dry,Clear,Eleven o'clock,Passenger Car,Superficial,N,Moving Constant Speed,2015-03-03 3:48,64,38.79624967,-77.01271633
N,Apparently Normal,No Misuse,Y,No Injury,8293db05-4ad2-48af-95ff-c8c8e727579e,D,MSP6497000G,Shoulder/Lap Belt(s),M,f8ea4ee4-1e45-43da-b716-4c6dfddc52d3,Same Direction Sideswipe,N,Non Intersection,Right Turn Lane,Dark Lights On,No Defects,"Two-way, Divided, Positive Median Barrier",Dry,Clear,Five o'clock,Passenger Car,Destroyed,N,Changing Lanes,2015-03-03 3:48,32,38.79624967,-77.01271633
Y,Apparently Normal,No Misuse,Y,No Injury,a0e569e8-c8d1-43d1-80ae-0bb581dd7906,D,MSP6497000J,Shoulder/Lap Belt(s),M,e851eb78-d6d1-4bc6-9c4d-8d3cb401ee43,Single Vehicle ,N,Non Intersection,Right Turn Lane,Dark No Lights,No Defects,"Two-way, Divided, Positive Median Barrier",Dry,Clear,Twelve o'clock,Recreational Vehicle,Disabling,N,Making Left Turn,2015-03-21 19:48,56,38.70556517,-76.85893517
N,Apparently Normal,No Misuse,N,No Injury,24d5e3ad-6f8e-40bf-9906-f8e4ab41bb31,D,MSP6497000L,Shoulder/Lap Belt(s),M,18ea7248-1472-4710-bfb3-a06e3e4e8a63,Same Direction Rear End,N,Non Intersection,Acceleration Lane,Dark Lights On,No Defects,"Two-way, Divided, Positive Median Barrier",Dry,Clear,Six o'clock,Recreational Vehicle,Functional,N,Moving Constant Speed,2015-03-30 21:12,43,38.80858367,-76.90869217
N,Apparently Normal,No Misuse,N,Non-incapacitating Injury,b88648c5-2228-423e-8f0d-779ac432447d,D,MSP6498000J,Shoulder/Lap Belt(s),M,10b5deeb-c378-4f53-a4a7-fd025a563c50,Same Movement Angle,N,Intersection Related,Right Turn Lane,Dark Lights On,No Defects,"Two-way, Divided, Unprotected (painted >4 feet) Median",Dry,Clear,Twelve o'clock,Passenger Car,Functional,N,Moving Constant Speed,2015-02-25 18:43,52,39.46296066,-77.11521506
N,Apparently Normal,No Misuse,N,No Injury,50427326-ab30-4e04-bc9a-d67a1b852e7c,D,MSP6501000C,Shoulder/Lap Belt(s),M,de6f4469-357c-425f-9dbe-115e798da756,Single Vehicle ,N,Non Intersection,Left Turn Lane,Dark No Lights,No Defects,"Two-way, Divided, Positive Median Barrier",Wet,Raining,Eleven o'clock,Pickup Truck,Disabling,N,Moving Constant Speed,2015-02-10 4:58,54,38.24550967,-75.67782967
N,Apparently Normal,No Misuse,Y,No Injury,50cca863-3aaa-4e53-b5db-916c5e63c9da,D,MSP65050003,Shoulder/Lap Belt(s),M,95635726-54c1-4ec8-972d-7da80956aa2e,Single Vehicle ,N,Intersection,Right Turn Lane,Dark No Lights,No Defects,"Two-way, Not Divided",Wet,Foggy,One o'clock,Pickup Truck,Disabling,N,Moving Constant Speed,2015-01-04 2:22,24,39.49271383,-77.33264733
N,Apparently Normal,No Misuse,N,No Injury,014a2784-8a83-48d9-a494-aac3811894e0,D,MSP65050006,Shoulder/Lap Belt(s),M,a83e74cc-ea99-4ebe-aade-2183cada0775,Single Vehicle ,N,Non Intersection,Right Turn Lane,Dark No Lights,No Defects,"Two-way, Not Divided",Dry,Clear,Twelve o'clock,Van,Functional,N,Moving Constant Speed,2015-02-01 4:02,48,39.31397185,-77.5140059
N,Apparently Normal,No Misuse,Y,No Injury,835a6ce4-5ac3-45f0-b669-8829e6a4a636,D,MSP65060006,Shoulder/Lap Belt(s),M,3881003d-e771-402a-b032-e0d46b59cb4d,Single Vehicle ,N,Non Intersection,Right Turn Lane,Daylight,No Defects,"Two-way, Not Divided",Slush,Foggy,Twelve o'clock,Passenger Car,Disabling,N,Moving Constant Speed,2015-02-22 9:07,27,39.02302783,-75.919807
N,Apparently Normal,No Misuse,Y,No Injury,13b39b44-05bb-4cb6-9fd4-b0bb3eedcd57,D,MSP65060007,Shoulder/Lap Belt(s),M,69fbdc5d-5396-4fd7-8b39-d350ccccd8eb,Single Vehicle ,N,Non Intersection,Left Turn Lane,Dawn,No Defects,"Two-way, Divided, Positive Median Barrier",Ice,Wintry Mix,Six o'clock,Recreational Vehicle,Disabling,N,Skidding,2015-03-01 17:00,46,38.97652585,-76.12958908
N,Apparently Normal,No Misuse,Y,No Injury,c7c2b34b-2a72-4fb1-9067-284192c505ee,D,MSP65060009,Shoulder/Lap Belt(s),M,eac621a3-3493-4364-92a3-0127840498fc,Single Vehicle ,N,Non Intersection,Right Turn Lane,Daylight,No Defects,"Two-way, Not Divided",Dry,Clear,One o'clock,Pickup Truck,Functional,Y,Moving Constant Speed,2015-03-24 16:19,80,39.25212888,-75.78931332
N,Apparently Normal,No Misuse,Y,No Injury,dc3c7f18-643c-4ea5-a710-0e554871e9dc,D,MSP6511000B,Shoulder Belt Only,M,90cf0042-918e-4b87-9ba5-a58b52eef2a5,Single Vehicle ,N,Non Intersection,Right Turn Lane,Dark No Lights,No Defects,One-way Trafficway,Ice,Clear,Twelve o'clock,Passenger Car,Disabling,N,Moving Constant Speed,2015-02-22 20:48,32,38.31926279,-75.80391258