CDL_FLAG,CONDITION_CODE,EQUIP_PROB_CODE,FAULT_FLAG,INJ_SEVER_CODE,PERSON_ID,PERSON_TYPE,REPORT_NO,SAF_EQUIP_CODE,SEX_CODE,VEHICLE_ID,COLLISION_TYPE_CODE,C_M_ZONE_FLAG,JUNCTION_CODE,LANE_CODE,LIGHT_CODE,RD_COND_CODE,RD_DIV_CODE,SURF_COND_CODE,WEATHER_CODE,AREA_DAMAGED_CODE_MAIN,BODY_TYPE_CODE,DAMAGE_CODE,HIT_AND_RUN_FLAG,MOVEMENT_CODE,TIME,AGE,LATITUDE,LONGITUDE
N,Apparently Normal,No Misuse,Y,No Injury,bde75825-069b-4775-8473-32030546afe0,D,ZL0733000F,Shoulder/Lap Belt(s),M,598f231b-18f3-4e7e-80f1-8f2886085df6,Single Vehicle ,N,Intersection,Right Turn Lane,Daylight,No Defects,"Two-way, Not Divided",Dry,Clear,Twelve o'clock,Passenger Car,Functional,N,Slowing or Stopping,2015-03-21 9:54,26,39.49074053,-76.31097917
N,Apparently Normal,No Misuse,N,No Injury,dd97b594-b0ca-45a7-abfb-6a2bc966041a,D,ZL07600003,Shoulder/Lap Belt(s),M,8d0beadb-8ecb-4f7c-a332-427a7b16bb41,Head On Left Turn,N,Intersection,Right Turn Lane,Daylight,No Defects,"Two-way, Divided, Unprotected (painted >4 feet) Median",Dry,Clear,Twelve o'clock,Passenger Car,Functional,N,Moving Constant Speed,2015-03-16 17:20,35,39.45186049,-76.30805254
N,Apparently Normal,No Misuse,Y,No Injury,727e20b0-9a9f-4465-a0a9-d65bb40b5c6e,D,ZL08370007,Shoulder/Lap Belt(s),M,35a92ba9-dd58-4f39-8e7a-2ddef8d0e5fa,Single Vehicle ,N,Non Intersection,Right Turn Lane,Daylight,No Defects,"Two-way, Not Divided",Dry,Clear,Twelve o'clock,Passenger Car,Superficial,N,Accelerating,2015-02-07 9:36,20,39.46945818,-76.31946692
N,Apparently Normal,No Misuse,Y,No Injury,146782de-faa0-43f7-9255-0a2705f13c6c,D,ZL08370009,Shoulder/Lap Belt(s),M,4a47b755-c295-4303-b33a-4f20c28b34d4,Single Vehicle ,N,Non Intersection,Right Turn Lane,Daylight,No Defects,"Two-way, Not Divided",Dry,Clear,One o'clock,Passenger Car,Disabling,N,Moving Constant Speed,2015-02-07 12:28,21,39.47321227,-76.38063233
N,Apparently Normal,No Misuse,Y,No Injury,fa3b4818-b4ea-46af-b3a1-ed98edc3e836,D,ZL08710006,Shoulder/Lap Belt(s),M,dc94baa9-e61b-4d43-a05f-e44bb91b2e75,Head On,N,Non Intersection,Right Turn Lane,Daylight,Loose Surface Material,"Two-way, Not Divided",Ice,Cloudy,Twelve o'clock,Passenger Car,Disabling,N,Moving Constant Speed,2015-01-15 11:59,40,39.45126097,-76.36758312
N,Apparently Normal,No Misuse,N,No Injury,c55f31ff-ba6f-4014-8919-8558c96a1c7c,D,ZL08710007,Shoulder/Lap Belt(s),M,ad68d9bf-ea74-4984-9c99-87431ae9df48,Head On,N,Non Intersection,Right Turn Lane,Daylight,No Defects,"Two-way, Not Divided",Ice,Sleet,Twelve o'clock,Passenger Car,Disabling,N,Moving Constant Speed,2015-01-18 8:00,30,39.44665623,-76.30484868
N,Apparently Normal,No Misuse,Y,No Injury,41b904e8-febe-4130-9e4b-a2d571f599ec,D,ZL08880004,Shoulder/Lap Belt(s),M,7316dbdf-fdcb-4e76-afe4-56806ba967aa,Single Vehicle ,N,Non Intersection,Right Turn Lane,Dark No Lights,No Defects,"Two-way, Not Divided",Dry,Clear,Eleven o'clock,(Sport) Utility Vehicle,Destroyed,N,Moving Constant Speed,2015-03-25 21:50,18,39.72105182,-76.54807806
N,Apparently Normal,No Misuse,Y,No Injury,4c80f25e-775a-4b66-860e-0841fb7f26e8,D,ZL08900005,Shoulder/Lap Belt(s),M,230ccead-0c5d-4a1b-8b8f-dbfcb5452d6b,Single Vehicle ,N,Non Intersection,Right Turn Lane,Daylight,No Defects,"Two-way, Not Divided",Ice,Clear,Twelve o'clock,(Sport) Utility Vehicle,Disabling,N,Moving Constant Speed,2015-03-10 7:40,60,39.64993,-76.382114
N,Apparently Normal,No Misuse,N,No Injury,f9bf41bf-48a8-469f-8fd1-5c3a3083fa45,D,ZL09090007,Shoulder/Lap Belt(s),M,cd02e969-6288-41f2-82df-7d830bd9586c,Single Vehicle ,N,Non Intersection,Right Turn Lane,Dark - Unknown Lighting,No Defects,One-way Trafficway,Ice,Sleet,Eleven o'clock,Passenger Car,Disabling,N,Slowing or Stopping,2015-02-09 22:15,31,39.62880815,-76.28879628
N,Apparently Normal,No Misuse,Y,No Injury,fa85caba-be7c-4ea0-ba52-7deb0bf1d07a,D,ZL09220002,Shoulder/Lap Belt(s),M,99e62f36-e9bb-444b-a2da-c94910af84a7,Single Vehicle ,N,Non Intersection,Right Turn Lane,Daylight,No Defects,"Two-way, Not Divided",Snow,Snow,Twelve o'clock,(Sport) Utility Vehicle,Disabling,N,Moving Constant Speed,2015-03-05 9:02,36,39.47617168,-76.33333815
Y,Apparently Normal,No Misuse,Y,No Injury,bc18689c-cf67-41e1-a241-34b4d2798e5a,D,ZL09220004,Shoulder/Lap Belt(s),M,2521ec74-a1e7-4ff4-b549-010408d9b900,Single Vehicle ,N,Non Intersection,Right Turn Lane,Daylight,No Defects,"Two-way, Not Divided",Snow,Snow,Four o'clock,School Bus,Superficial,N,Slowing or Stopping,2015-03-20 8:08,62,39.49830525,-76.35462132
N,Apparently Normal,No Misuse,Y,No Injury,5a110014-9e20-4c85-88d6-1b45d92380d0,D,ZL0939000H,Shoulder/Lap Belt(s),M,8a6d87cb-517e-4057-a513-746add54b5ed,Single Vehicle ,N,Intersection,Right Turn Lane,Dark No Lights,No Defects,"Two-way, Not Divided",Ice,Raining,Twelve o'clock,Passenger Car,Disabling,N,Moving Constant Speed,2015-02-09 19:10,18,39.68892883,-76.37874178
N,Apparently Normal,No Misuse,Y,No Injury,cfadbc0c-ccd2-45b6-bd3f-7a9d73d99ca9,D,ZL09560008,Shoulder/Lap Belt(s),M,a0037da1-020e-4f9b-b511-29a3277eeaab,Same Direction Rear End,N,Non Intersection,Right Turn Lane,Dark Lights On,No Defects,"Two-way, Not Divided",Wet,Raining,Twelve o'clock,Passenger Car,Disabling,N,Moving Constant Speed,2015-03-04 23:08,28,39.43306902,-76.31355643
N,Apparently Normal,No Misuse,Y,No Injury,3aa47b28-f71c-4294-a428-eceb21cb996e,D,ZL09840006,Shoulder/Lap Belt(s),M,35f1b1d2-32e3-4c19-912d-5834016a645c,Single Vehicle ,N,Non Intersection,Right Turn Lane,Dark No Lights,No Defects,"Two-way, Not Divided",Slush,Sleet,One o'clock,(Sport) Utility Vehicle,Disabling,N,Skidding,2015-01-23 23:25,50,39.58711235,-76.22698868
N,Apparently Normal,No Misuse,N,No Injury,0efe25b7-ce15-41f5-adc7-1d1db16c3a37,D,ZN00420003,MC/Bike Helmet,M,40a88592-2beb-4f3e-8333-50b19bde195c,Single Vehicle ,N,Non Intersection,Right Turn Lane,Daylight,No Defects,"Two-way, Not Divided",Wet,Raining,One o'clock,Motorcycle,Superficial,N,Skidding,2015-01-04 16:03,39,39.23378224,-76.09450579
N,Apparently Normal,No Misuse,Y,No Injury,1bac08db-8727-497c-9ff9-626444c28af5,D,ZN00490004,Shoulder/Lap Belt(s),M,49a0eb14-3924-4823-bac5-52d074b46ea3,Single Vehicle ,N,Non Intersection,Right Turn Lane,Dark - Unknown Lighting,No Defects,"Two-way, Not Divided",Slush,Wintry Mix,Eleven o'clock,Passenger Car,Superficial,N,Moving Constant Speed,2015-02-23 0:12,18,39.26462312,-76.11321688
N,Apparently Normal,No Misuse,N,No Injury,4eb8f6c2-6e36-481a-b479-c6d8ad46073c,D,ZP02560006,Shoulder/Lap Belt(s),M,9566761e-65d7-40d2-94d0-091842fbf1fd,Same Direction Rear End,N,Non Intersection,Right Turn Lane,Daylight,No Defects,"Two-way, Not Divided",Wet,Raining,Twelve o'clock,Police Vehicle/Emergency,Superficial,N,Stopped in Traffic Lane,2015-03-04 13:07,47,39.07625956,-76.86846256
N,Apparently Normal,No Misuse,Y,No Injury,84adff16-40c9-4e4d-baf1-7efdf7e11917,D,ZP02560006,Shoulder/Lap Belt(s),M,7c691696-ee4a-4101-879c-7e9f34b4d316,Same Direction Rear End,N,Non Intersection,Right Turn Lane,Daylight,No Defects,"Two-way, Not Divided",Wet,Raining,Six o'clock,Pickup Truck,Superficial,N,Stopped in Traffic Lane,2015-03-04 13:07,32,39.07625956,-76.86846256
N,Apparently Normal,No Misuse,N,No Injury,5862feac-861d-4955-ae57-b5b506c8b5d4,D,ZP02980002,Shoulder/Lap Belt(s),M,174f1e83-0bd6-4350-a477-8834e3795a31,Same Direction Rear End,N,Non Intersection,Right Turn Lane,Daylight,No Defects,"Two-way, Not Divided",Dry,Clear,Six o'clock,Passenger Car,Functional,N,Stopped in Traffic Lane,2015-01-09 12:11,54,38.76686656,-76.88690007
N,Apparently Normal,No Misuse,Y,No Injury,5ae80a06-f301-4fd9-86c0-fb6109ecdc34,D,ZP02980002,Shoulder/Lap Belt(s),M,cbc2a216-82b2-4520-af49-80ca2f162cf7,Same Direction Rear End,N,Non Intersection,Right Turn Lane,Daylight,No Defects,"Two-way, Not Divided",Dry,Clear,Twelve o'clock,Police Vehicle/Non Emergency,Superficial,N,Starting From Lane,2015-01-09 12:11,43,38.76686656,-76.88690007
N,Apparently Normal,No Misuse,N,No Injury,d50f8354-e13f-4a6c-aae1-50395bbea813,D,ZP02980003,Shoulder/Lap Belt(s),M,1efb59e5-1a96-4330-b9b2-ab5330ab8fdb,Single Vehicle ,N,Non Intersection,Right Turn Lane,Dark No Lights,No Defects,"Two-way, Not Divided",Wet,Cloudy,Twelve o'clock,Police Vehicle/Non Emergency,Superficial,N,Moving Constant Speed,2015-02-26 0:36,31,38.74472443,-76.87208891
N,Apparently Normal,No Misuse,Y,No Injury,bbc6b478-3883-496b-882c-9b2b780ceb8c,D,ZQ01650002,Shoulder/Lap Belt(s),M,cfa7df64-2814-4dd7-be03-f354f47fa301,Single Vehicle ,N,Non Intersection,Right Turn Lane,Daylight,No Defects,"Two-way, Not Divided",Snow,Clear,Nine o'clock,Passenger Car,Destroyed,N,Moving Constant Speed,2015-02-22 14:30,40,39.00467824,-75.92647076
N,Apparently Normal,No Misuse,Y,No Injury,7fb8d116-949f-49dd-9b74-5c06e159be16,D,ZR00860006,Shoulder/Lap Belt(s),M,da5c1491-8e90-4dc7-9069-3ac642f65782,Single Vehicle ,N,Intersection,Right Turn Lane,Dark Lights On,No Defects,One-way Trafficway,Ice,Blowing Snow,Eleven o'clock,Police Vehicle/Non Emergency,Functional,N,Making Right Turn,2015-03-06 0:15,32,38.29058185,-76.63598478
N,Apparently Normal,No Misuse,N,No Injury,678d10ca-1724-40fd-84c8-9bc995f98ef1,D,ZR00890006,Shoulder/Lap Belt(s),M,9389464d-ff68-46ec-8262-5240199aa9f5,Head On,N,Non Intersection,Right Turn Lane,Daylight,No Defects,"Two-way, Not Divided",Snow,Snow,Underside,(Sport) Utility Vehicle,Destroyed,N,Moving Constant Speed,2015-02-21 16:09,49,38.42962677,-76.81688368
N,Apparently Normal,No Misuse,Y,No Injury,b3119301-7b62-4a92-be73-e30075502a1e,D,ZR00890006,Shoulder/Lap Belt(s),M,50811a0f-ad6d-426d-9237-361d3edec6f7,Head On,N,Non Intersection,Right Turn Lane,Daylight,No Defects,"Two-way, Not Divided",Snow,Snow,Twelve o'clock,Passenger Car,Destroyed,N,Moving Constant Speed,2015-02-21 16:09,22,38.42962677,-76.81688368
N,Apparently Normal,No Misuse,N,No Injury,ee5800c2-797e-4e7d-8e16-104128a1ed41,D,ZR0106000C,Shoulder/Lap Belt(s),M,b79c7b5f-4541-418f-bd73-7224cc646fd5,Single Vehicle ,N,Non Intersection,Right Turn Lane,Dark No Lights,No Defects,"Two-way, Not Divided",Dry,Clear,Twelve o'clock,Police Vehicle/Non Emergency,Functional,N,Moving Constant Speed,2015-03-30 3:32,27,38.33578235,-76.6759041
N,Apparently Normal,No Misuse,N,No Injury,0bc6dd9c-07e7-44b2-9307-1542276f7239,D,ZR0133000L,Shoulder/Lap Belt(s),M,4d93489a-c665-4b3f-985e-2903b9bdaa05,Same Direction Rear End,N,Intersection Related,Right Turn Lane,Dark No Lights,No Defects,"Two-way, Divided, Unprotected (painted >4 feet) Median",Wet,Raining,Six o'clock,Passenger Car,Superficial,N,Stopped in Traffic Lane,2015-01-12 17:40,24,38.30024305,-76.51359558
N,Apparently Normal,No Misuse,Y,No Injury,5173a198-9cc0-4aa9-9a81-6c9d6326c2ad,D,ZR0133000L,Shoulder/Lap Belt(s),M,5013ac0f-2f60-478e-a168-826116614d9e,Same Direction Rear End,N,Intersection Related,Right Turn Lane,Dark No Lights,No Defects,"Two-way, Divided, Unprotected (painted >4 feet) Median",Wet,Raining,Twelve o'clock,Passenger Car,Disabling,N,Slowing or Stopping,2015-01-12 17:40,18,38.30024305,-76.51359558
N,Apparently Normal,No Misuse,N,No Injury,0a7126b4-4e97-4acf-92a7-f18a235df49e,D,ZR0133000Q,Shoulder/Lap Belt(s),M,ae22e1a7-c188-41eb-8884-eaa25a434c0b,Single Vehicle ,N,Non Intersection,Right Turn Lane,Dark No Lights,No Defects,"Two-way, Not Divided",Wet,Foggy,Roof Top,Passenger Car,Disabling,N,Moving Constant Speed,2015-03-02 5:10,52,38.37275099,-76.79477692
Y,Apparently Normal,No Misuse,N,No Injury,c937f825-0a6e-4963-a7cc-2f23c5889278,D,ZR0151001C,Shoulder/Lap Belt(s),M,d14bcd51-dff0-40a9-a6e5-ab1588528635,Single Vehicle ,N,Non Intersection,Right Turn Lane,Dark No Lights,No Defects,"Two-way, Not Divided",Dry,Clear,Twelve o'clock,Police Vehicle/Non Emergency,Functional,N,Moving Constant Speed,2015-01-10 21:20,28,38.17040888,-76.53052568
Y,Apparently Normal,No Misuse,N,No Injury,827a852d-fdb0-4631-9012-386b0c9457a1,D,ZR01560002,Shoulder/Lap Belt(s),M,6370aa1f-6d85-49a2-b289-b4207ef32eee,Angle Meets Left Turn,N,Intersection Related,Left Turn Lane,Dark Lights On,No Defects,"Two-way, Divided, Positive Median Barrier",Slush,Wintry Mix,Ten o'clock,"Cargo Van/Light Truck 2 axles (10,000 lbs (4,536 kg) or less)",Superficial,N,Moving Constant Speed,2015-03-01 19:08,64,38.29883905,-76.51540071
N,Apparently Normal,No Misuse,Y,No Injury,7723b34e-6449-41b4-80de-28aecaf5d7cd,D,ZR01560002,Shoulder/Lap Belt(s),M,55e98180-a36b-4df4-aa76-aed5840eda55,Angle Meets Left Turn,N,Intersection Related,Left Turn Lane,Dark Lights On,No Defects,"Two-way, Divided, Positive Median Barrier",Slush,Wintry Mix,Two o'clock,Passenger Car,Superficial,N,Making Left Turn,2015-03-01 19:08,21,38.29883905,-76.51540071
N,Apparently Normal,No Misuse,N,No Injury,7c3c8d0e-1953-411f-b97b-5c2e532f7a6f,D,ZR01860003,Shoulder/Lap Belt(s),M,9990c647-f049-4f16-8ba1-3ee832ff0861,Single Vehicle ,N,Non Intersection,Right Turn Lane,Dawn,No Defects,"Two-way, Not Divided",Dry,Clear,Twelve o'clock,Passenger Car,Disabling,N,Moving Constant Speed,2015-01-29 6:45,67,38.20321902,-76.3965413
Y,Apparently Normal,No Misuse,N,No Injury,f191485e-4e97-4078-a771-bd8b5b35f5b0,D,ZR01970008,Shoulder/Lap Belt(s),M,0928d6b0-6b40-49cb-a7f4-32b2dec8e2d4,Same Movement Angle,N,Intersection,Right Turn Lane,Daylight,No Defects,"Two-way, Not Divided",Dry,Clear,Twelve o'clock,(Sport) Utility Vehicle,Disabling,N,Moving Constant Speed,2015-02-17 13:30,69,38.42612613,-76.71694994
N,Apparently Normal,No Misuse,Y,Non-incapacitating Injury,5c32b8af-6f29-4b29-949c-157369d2a74e,D,ZR01970008,Shoulder/Lap Belt(s),M,cbc33725-2868-421d-b611-0fd0c9e468f8,Same Movement Angle,N,Intersection,Right Turn Lane,Daylight,No Defects,"Two-way, Not Divided",Dry,Clear,Eleven o'clock,Van,Disabling,N,Making Left Turn,2015-02-17 13:30,52,38.42612613,-76.71694994
Y,Apparently Normal,No Misuse,N,No Injury,78e1dc74-262d-445a-a18d-540eec79849c,D,ZR02150004,Shoulder/Lap Belt(s),M,169c154f-ef29-4483-921e-181f2a5afa66,Same Direction Rear End,N,Non Intersection,Right Turn Lane,Daylight,No Defects,"Two-way, Not Divided",Dry,Clear,Six o'clock,Passenger Car,Functional,N,Slowing or Stopping,2015-01-05 10:02,35,38.32493912,-76.47270396
N,Apparently Normal,No Misuse,Y,No Injury,747d1e7d-6ab7-4fff-b980-fab511614dad,D,ZR02150004,Shoulder/Lap Belt(s),M,431eab79-4d4e-45f9-933f-2d8b1525644f,Same Direction Rear End,N,Non Intersection,Right Turn Lane,Daylight,No Defects,"Two-way, Not Divided",Dry,Clear,Twelve o'clock,Passenger Car,Disabling,N,Moving Constant Speed,2015-01-05 10:02,32,38.32493912,-76.47270396
Y,Apparently Normal,No Misuse,Y,No Injury,52a56847-e43f-4cfb-9440-e75562db8237,D,ZR02170004,Shoulder/Lap Belt(s),M,057b872b-3f7c-4cd1-8d4b-3dd01f0b81fa,Single Vehicle ,N,Non Intersection,Right Turn Lane,Daylight,No Defects,"Two-way, Not Divided",Wet,Raining,Non-collision,"Medium/Heavy Truck 2 axles (10,000 lbs (4,536 kg) or less)",No Damage,N,Moving Constant Speed,2015-03-11 8:12,67,38.23973065,-76.45751595
N,Apparently Normal,No Misuse,N,Possible Incapacitating Injury,f83d367d-00b0-4b97-8b86-9202e1ed0c96,D,ZR02350005,Shoulder/Lap Belt(s),M,e80694bb-4fe6-407c-9bdb-584ce9f2a0dd,Head On Left Turn,N,Intersection,Right Turn Lane,Dark Lights On,No Defects,"Two-way, Not Divided",Dry,Clear,Eleven o'clock,Passenger Car,Disabling,N,Moving Constant Speed,2015-01-07 18:23,29,38.27582179,-76.61176443
N,Apparently Normal,No Misuse,N,No Injury,5ce1a698-e443-4646-9ddc-c9b31cd01267,D,ZR0246000Q,Shoulder/Lap Belt(s),M,8971d63c-cf58-4847-98a8-2d8dce3fbda9,Opposite Direction Sideswipe,N,Intersection Related,Right Turn Lane,Dark No Lights,No Defects,"Two-way, Not Divided",Dry,Clear,Ten o'clock,Pickup Truck,Disabling,N,Stopped in Traffic Lane,2015-02-24 18:42,37,38.441665,-76.742753
Y,Apparently Normal,No Misuse,Y,No Injury,111c4bc3-125d-4169-ab71-8a82df9747af,D,ZR0246000Q,Shoulder/Lap Belt(s),M,70341bfd-9377-43a0-8c13-a22dfc118d76,Opposite Direction Sideswipe,N,Intersection Related,Right Turn Lane,Dark No Lights,No Defects,"Two-way, Not Divided",Dry,Clear,Nine o'clock,Fire Vehicle/Emergency,Functional,N,Moving Constant Speed,2015-02-24 18:42,33,38.441665,-76.742753
Y,Apparently Normal,No Misuse,N,No Injury,a03c51bc-f19a-47df-ba53-f9a6c8e644c9,D,ZR02550005,Shoulder/Lap Belt(s),M,8032b854-341f-4ec4-9365-587f37e310b8,Single Vehicle ,N,Non Intersection,Right Turn Lane,Dawn,No Defects,"Two-way, Not Divided",Dry,Clear,Twelve o'clock,(Sport) Utility Vehicle,Disabling,N,Moving Constant Speed,2015-03-10 7:22,56,38.14702926,-76.41346872
N,Apparently Normal,No Misuse,N,No Injury,a566953b-de91-4410-a444-0ae1a6516a97,D,ZR0258000D,Shoulder/Lap Belt(s),M,9f329187-105f-47d0-bfe7-a1d9cee99ee2,Same Direction Rear End,N,Non Intersection,Left Turn Lane,Daylight,No Defects,"Two-way, Not Divided",Wet,Clear,Six o'clock,Passenger Car,Functional,N,Moving Constant Speed,2015-03-02 8:28,38,38.24849392,-76.4256835
N,Apparently Normal,No Misuse,Y,No Injury,26cfd2d4-e073-4763-9516-c419a8d87583,D,ZR0258000D,Shoulder/Lap Belt(s),M,024f47f1-e49b-4a51-a6c5-1bcf81a9b053,Same Direction Rear End,N,Non Intersection,Left Turn Lane,Daylight,No Defects,"Two-way, Not Divided",Wet,Clear,Twelve o'clock,Pickup Truck,No Damage,Y,Moving Constant Speed,2015-03-02 8:28,22,38.24849392,-76.4256835
N,Apparently Normal,No Misuse,N,No Injury,246d6f8d-6e7c-4041-9d55-2c924ab25c78,D,ZR02600003,Shoulder/Lap Belt(s),M,c4fd4be6-dce5-4814-aace-579c87b5edad,Single Vehicle ,N,Non Intersection,Right Turn Lane,Daylight,No Defects,"Two-way, Divided, Unprotected (painted >4 feet) Median",Dry,Clear,Ten o'clock,(Sport) Utility Vehicle,Disabling,N,Moving Constant Speed,2015-02-13 10:33,20,38.45385757,-76.75396442
N,Apparently Normal,No Misuse,Y,No Injury,d53b4260-54a1-417c-9ada-68a33ee6c02c,D,ZR02670005,Shoulder/Lap Belt(s),M,084cd66b-159f-4ff8-b4c4-94e427adf02c,Same Movement Angle,N,Commercial Driveway,Left Turn Lane,Dark Lights On,No Defects,"Two-way, Divided, Unprotected (painted >4 feet) Median",Dry,Clear,Nine o'clock,Passenger Car,Disabling,N,Making Right Turn,2015-01-15 18:06,23,38.26185587,-76.4621079
N,Apparently Normal,No Misuse,Y,No Injury,a759339b-7a20-491e-bd1e-b66be3460f31,D,ZR02670005,Shoulder/Lap Belt(s),M,f11fa8e8-cf1b-4e13-b7e1-67d1f28b3399,Same Movement Angle,N,Commercial Driveway,Left Turn Lane,Dark Lights On,No Defects,"Two-way, Divided, Unprotected (painted >4 feet) Median",Dry,Clear,Twelve o'clock,Passenger Car,Functional,N,Moving Constant Speed,2015-01-15 18:06,21,38.26185587,-76.4621079
N,Apparently Normal,No Misuse,N,No Injury,1f253337-4ee3-4f9b-bc80-d351457233d5,D,ZR0268000K,Shoulder/Lap Belt(s),M,52905d39-0037-40f5-9fcb-58b79df542fe,Same Movement Angle,N,Intersection,Right Turn Lane,Dusk,No Defects,"Two-way, Not Divided",Snow,Blowing Snow,Two o'clock,Pickup Truck,Disabling,N,Moving Constant Speed,2015-02-16 16:30,55,38.22673548,-76.51893854
N,Apparently Normal,No Misuse,Y,No Injury,a143e8d3-9100-4685-b169-ed512b471288,D,ZR0268000K,Shoulder/Lap Belt(s),M,174b208e-e85f-4655-9080-06718dca2a0b,Same Movement Angle,N,Intersection,Right Turn Lane,Dusk,No Defects,"Two-way, Not Divided",Snow,Blowing Snow,Eleven o'clock,(Sport) Utility Vehicle,Superficial,N,Slowing or Stopping,2015-02-16 16:30,43,38.22673548,-76.51893854
N,Apparently Normal,No Misuse,N,No Injury,e9f5bcfb-5961-4a5d-8ed4-48c8a007d2f2,D,ZR02740005,Shoulder/Lap Belt(s),M,5cc6090e-ad4e-4db7-ba17-f5d7c4e4a9c4,Same Direction Rear End,N,Intersection Related,Right Turn Lane,Dark No Lights,No Defects,"Two-way, Divided, Unprotected (painted >4 feet) Median",Dry,Cloudy,Six o'clock,Pickup Truck,Superficial,N,Slowing or Stopping,2015-01-09 18:43,39,38.30389027,-76.52055256
N,Apparently Normal,No Misuse,N,No Injury,eba1de2c-2e0b-4589-b2a7-4a04704fd7bd,D,ZR02740005,Shoulder/Lap Belt(s),M,38c7b757-7d6c-47bd-b1df-9da6ae2cbc45,Same Direction Rear End,N,Intersection Related,Right Turn Lane,Dark No Lights,No Defects,"Two-way, Divided, Unprotected (painted >4 feet) Median",Dry,Cloudy,Six o'clock,(Sport) Utility Vehicle,Functional,N,Slowing or Stopping,2015-01-09 18:43,18,38.30389027,-76.52055256
N,Apparently Normal,No Misuse,Y,No Injury,f85f33c9-f3dc-47e6-b6c6-b43df53ac261,D,ZR02740005,Shoulder/Lap Belt(s),M,e8aece23-88dc-418f-a6dc-6247b08c7c48,Same Direction Rear End,N,Intersection Related,Right Turn Lane,Dark No Lights,No Defects,"Two-way, Divided, Unprotected (painted >4 feet) Median",Dry,Cloudy,Twelve o'clock,(Sport) Utility Vehicle,Disabling,N,Moving Constant Speed,2015-01-09 18:43,55,38.30389027,-76.52055256
N,Apparently Normal,No Misuse,Y,No Injury,c278e01a-77b6-4137-a2ec-7e7916000ed3,D,ZR02760005,Shoulder/Lap Belt(s),M,91f8eaa1-90ab-4174-826b-454bc818c736,Single Vehicle ,N,Non Intersection,Right Turn Lane,Dark No Lights,No Defects,"Two-way, Not Divided",Dry,Severe Winds,Twelve o'clock,Passenger Car,Disabling,N,Moving Constant Speed,2015-02-15 1:00,47,38.20060327,-76.4275074
N,Apparently Normal,No Misuse,N,No Injury,3b6ee9ab-a9c8-4ea1-8f97-b21fc811016c,D,ZR0278000D,Shoulder/Lap Belt(s),M,f3ca225f-4488-4b58-afbe-e90d59f63448,Opposite Direction Sideswipe,N,Non Intersection,Right Turn Lane,Daylight,No Defects,"Two-way, Not Divided",Dry,Clear,Eleven o'clock,Pickup Truck,Superficial,N,Slowing or Stopping,2015-03-08 11:43,47,38.40078248,-76.60872817
N,Apparently Normal,No Misuse,Y,No Injury,7954f823-bea8-484e-8ab4-ac64368b8772,D,ZR0278000D,Shoulder/Lap Belt(s),M,e6ac2c20-9cb0-4308-a421-0d9e9b74d16c,Opposite Direction Sideswipe,N,Non Intersection,Right Turn Lane,Daylight,No Defects,"Two-way, Not Divided",Dry,Clear,Twelve o'clock,Passenger Car,Functional,Y,Moving Constant Speed,2015-03-08 11:43,29,38.40078248,-76.60872817
N,Apparently Normal,No Misuse,Y,Possible Incapacitating Injury,f07b99e1-c9a2-4efd-a2a9-4ff8643b35a9,D,ZR0278000F,Shoulder/Lap Belt(s),M,7ff92308-27fb-49aa-b9be-128bec4c2e3e,Head On Left Turn,N,Intersection,Left Turn Lane,Daylight,No Defects,"Two-way, Divided, Positive Median Barrier",Dry,Clear,Three o'clock,(Sport) Utility Vehicle,Disabling,N,Accelerating,2015-03-12 12:49,27,38.30880434,-76.66389182
N,Apparently Normal,No Misuse,N,No Injury,5545f8a1-f27a-4784-9f2d-d1195ef41866,D,ZR0279000B,Shoulder/Lap Belt(s),M,8aa2c91a-4698-45c3-bdbd-078cd161f156,Opposite Direction Sideswipe,N,Non Intersection,Right Turn Lane,Daylight,No Defects,"Two-way, Not Divided",Wet,Clear,Eight o'clock,Pickup Truck,Disabling,N,Moving Constant Speed,2015-03-06 10:42,37,38.29317015,-76.53429151
N,Apparently Normal,No Misuse,Y,No Injury,8fbd0a5c-f828-4395-9451-dd965067556a,D,ZR0279000B,Shoulder/Lap Belt(s),M,c3058817-3b1d-4c5a-a6a7-613c5a829189,Opposite Direction Sideswipe,N,Non Intersection,Right Turn Lane,Daylight,No Defects,"Two-way, Not Divided",Wet,Clear,One o'clock,Passenger Car,Disabling,N,Moving Constant Speed,2015-03-06 10:42,62,38.29317015,-76.53429151
N,Apparently Normal,No Misuse,N,No Injury,420b14f8-a598-4e88-a58d-7593c380af31,D,ZR03010007,Shoulder/Lap Belt(s),M,a9a0bebf-2ad1-4416-96e6-177a40136029,Same Direction Rear End,N,Non Intersection,Right Turn Lane,Daylight,No Defects,"Two-way, Not Divided",Dry,Clear,Six o'clock,(Sport) Utility Vehicle,Functional,N,Slowing or Stopping,2015-01-08 7:53,18,38.27556911,-76.61168933
N,Apparently Normal,No Misuse,Y,No Injury,bc196fcb-b1aa-4d08-a650-a7fa00e0fce1,D,ZR03010007,Shoulder/Lap Belt(s),M,a306b5a4-49d0-452c-b8d8-bf0aa7a5ac29,Same Direction Rear End,N,Non Intersection,Right Turn Lane,Daylight,No Defects,"Two-way, Not Divided",Dry,Clear,Twelve o'clock,Pickup Truck,Disabling,N,Moving Constant Speed,2015-01-08 7:53,46,38.27556911,-76.61168933
N,Apparently Normal,No Misuse,N,No Injury,69c24333-dc09-417f-bb8e-f38e5d93fad7,D,ZR03030005,Shoulder/Lap Belt(s),M,a414680a-855f-452a-bd61-6dd9ee1c5d9e,Same Direction Rear End,N,Intersection Related,Left Turn Lane,Daylight,No Defects,"Two-way, Divided, Unprotected (painted >4 feet) Median",Wet,Clear,Six o'clock,"Cargo Van/Light Truck 2 axles (10,000 lbs (4,536 kg) or less)",No Damage,N,Slowing or Stopping,2015-01-16 8:30,42,38.24709524,-76.48969173