CDL_FLAG,CONDITION_CODE,EQUIP_PROB_CODE,FAULT_FLAG,INJ_SEVER_CODE,PERSON_ID,PERSON_TYPE,REPORT_NO,SAF_EQUIP_CODE,SEX_CODE,VEHICLE_ID,COLLISION_TYPE_CODE,C_M_ZONE_FLAG,JUNCTION_CODE,LANE_CODE,LIGHT_CODE,RD_COND_CODE,RD_DIV_CODE,SURF_COND_CODE,WEATHER_CODE,AREA_DAMAGED_CODE_MAIN,BODY_TYPE_CODE,DAMAGE_CODE,HIT_AND_RUN_FLAG,MOVEMENT_CODE,TIME,AGE,LATITUDE,LONGITUDE
N,Apparently Normal,No Misuse,Y,No Injury,73982828-7cd0-4ed8-a05e-c6756dacee0b,D,ZR03030005,Shoulder/Lap Belt(s),M,f432d543-c5b3-4b1e-a4e9-db8c6b638091,Same Direction Rear End,N,Intersection Related,Left Turn Lane,Daylight,No Defects,"Two-way, Divided, Unprotected (painted >4 feet) Median",Wet,Clear,Twelve o'clock,"Cargo Van/Light Truck 2 axles (10,000 lbs (4,536 kg) or less)",Functional,N,Slowing or Stopping,2015-01-16 8:30,49,38.24709524,-76.48969173
N,Apparently Normal,No Misuse,N,No Injury,65af2aa9-4e4b-4555-a153-6f4c2b90dec6,D,ZR03030008,Shoulder/Lap Belt(s),M,d545fb8c-770d-4fae-a1e9-beae0569deba,Same Direction Rear End,N,Intersection Related,Right Turn Lane,Daylight,No Defects,"Two-way, Not Divided",Dry,Clear,Six o'clock,Pickup Truck,Functional,N,Stopped in Traffic Lane,2015-01-22 15:24,45,38.27540066,-76.61157131
N,Apparently Normal,No Misuse,Y,No Injury,af6dca27-3541-446b-8ae2-3768988fb48e,D,ZR03030008,Shoulder/Lap Belt(s),M,0660b4c1-e7a4-4e95-abcd-941a3f48d16e,Same Direction Rear End,N,Intersection Related,Right Turn Lane,Daylight,No Defects,"Two-way, Not Divided",Dry,Clear,Twelve o'clock,Pickup Truck,Functional,N,Slowing or Stopping,2015-01-22 15:24,46,38.27540066,-76.61157131
N,Apparently Normal,No Misuse,N,No Injury,bfce5609-0612-42d6-b640-a6f2f0b425a2,D,ZR03030009,Shoulder/Lap Belt(s),M,575bf09d-d467-4780-a1c7-8cc9152a52a9,Same Direction Rear End,N,Non Intersection,Right Turn Lane,Daylight,No Defects,"Two-way, Not Divided",Dry,Clear,Six o'clock,Station Wagon,Functional,N,Stopped in Traffic Lane,2015-02-23 14:32,54,38.2385172,-76.53698444
N,Apparently Normal,No Misuse,Y,No Injury,8d6a3e83-9ab3-454e-9b8a-07b57fd6390f,D,ZR03030009,Shoulder/Lap Belt(s),M,40918a7d-21b9-4377-837e-745da11f491b,Same Direction Rear End,N,Non Intersection,Right Turn Lane,Daylight,No Defects,"Two-way, Not Divided",Dry,Clear,Twelve o'clock,Pickup Truck,Superficial,N,Slowing or Stopping,2015-02-23 14:32,22,38.2385172,-76.53698444
N,Apparently Normal,No Misuse,N,No Injury,5edd13db-c060-4254-8d7d-0bfe6504dba4,D,ZR03050009,Shoulder/Lap Belt(s),M,3edfa3cd-a6f6-4b85-ac86-ad7c0dd5b610,Head On Left Turn,N,Non Intersection,Right Turn Lane,Dark No Lights,No Defects,"Two-way, Not Divided",Dry,Clear,Twelve o'clock,Passenger Car,Disabling,N,Slowing or Stopping,2015-03-06 19:28,54,38.34212848,-76.58078089
N,Apparently Normal,No Misuse,Y,No Injury,c0ed8ed1-8fc9-468f-974f-9b57f873fcd5,D,ZR03050009,Shoulder/Lap Belt(s),M,752176dd-6c17-47e7-aa2d-cca395e59b4c,Head On Left Turn,N,Non Intersection,Right Turn Lane,Dark No Lights,No Defects,"Two-way, Not Divided",Dry,Clear,Five o'clock,Passenger Car,Functional,N,Stopped in Traffic Lane,2015-03-06 19:28,19,38.34212848,-76.58078089
N,Apparently Normal,No Misuse,Y,No Injury,8b9c0494-049e-4b97-878f-da1710abad80,D,ZS65190005,Shoulder/Lap Belt(s),M,ecd3b03e-4b7d-4271-9e89-78fe4a3c5a27,Single Vehicle ,N,Non Intersection,Right Turn Lane,Daylight,No Defects,"Two-way, Not Divided",Wet,Raining,Twelve o'clock,Passenger Car,Disabling,N,Moving Constant Speed,2015-03-14 9:55,62,38.24803893,-75.78510761
N,Apparently Normal,No Misuse,Y,No Injury,9aa9280b-a1b2-46cb-b93c-608138b3b729,D,ZT00260002,Shoulder/Lap Belt(s),M,04fcdfc0-b6eb-4a1c-a7a5-6d7db67d13c7,Single Vehicle ,N,Non Intersection,Right Turn Lane,Dark No Lights,No Defects,"Two-way, Not Divided",Dry,Clear,Twelve o'clock,Pickup Truck,Superficial,N,Moving Constant Speed,2015-02-12 21:10,64,38.82449674,-76.1693716
Y,Apparently Normal,No Misuse,Y,No Injury,b7e8bf69-71e0-4285-8d73-ab01e4e04119,D,ZT00820005,Shoulder/Lap Belt(s),M,5ee4a14d-3e1b-4826-a5e3-12855741ea55,Single Vehicle ,N,Non Intersection,Right Turn Lane,Daylight,Foreign Material,"Two-way, Not Divided",Snow,Snow,Twelve o'clock,Police Vehicle/Non Emergency,Functional,N,Moving Constant Speed,2015-03-05 14:50,31,38.89958343,-75.97376347
N,Apparently Normal,No Misuse,Y,No Injury,37384921-fbc6-4d5f-8a79-8854b5314140,D,ZT01120004,Shoulder/Lap Belt(s),M,6c3f558a-05f9-4a94-a767-ef22fea2d971,Single Vehicle ,N,Non Intersection,Left Turn Lane,Daylight,No Defects,"Two-way, Divided, Positive Median Barrier",Ice,Wintry Mix,Eight o'clock,Passenger Car,Disabling,N,Moving Constant Speed,2015-03-01 13:36,22,38.70845305,-76.06246948
N,Apparently Normal,No Misuse,N,No Injury,61b30e9d-6997-442e-bd6f-77839858fc49,D,ZT01190007,Shoulder/Lap Belt(s),M,dd455917-9aa2-43dc-88fe-ca5d943a69b6,Single Vehicle ,N,Non Intersection,Right Turn Lane,Dark - Unknown Lighting,No Defects,"Two-way, Not Divided",Dry,Clear,Two o'clock,"Other Light Trucks (10,000 lbs (4,536 kg))",Superficial,Y,Moving Constant Speed,2015-03-21 6:00,56,38.79911577,-76.08317614
N,Apparently Normal,No Misuse,Y,No Injury,72b1778a-75b4-4ada-b49e-19c499315e62,D,ZT01250001,Shoulder/Lap Belt(s),M,e00e16a9-15a2-42a2-8800-b7199b63ad1a,Single Vehicle ,N,Non Intersection,Right Turn Lane,Daylight,No Defects,"Two-way, Not Divided",Slush,Wintry Mix,Twelve o'clock,Passenger Car,Disabling,N,Accelerating,2015-01-14 11:44,19,38.70265093,-76.09506369
N,Apparently Normal,No Misuse,Y,No Injury,92d991ff-f6cd-4ffc-acec-c74afdd321ec,D,ZT01270003,Shoulder/Lap Belt(s),M,f28c35d0-7df7-4c1f-ba79-ba914a26ac7f,Single Vehicle ,N,Non Intersection,Right Turn Lane,Daylight,Foreign Material,"Two-way, Not Divided",Snow,Snow,One o'clock,"Other Light Trucks (10,000 lbs (4,536 kg))",Functional,N,Moving Constant Speed,2015-03-05 14:45,51,38.80251046,-75.9961009
N,Apparently Normal,No Misuse,Y,No Injury,03163379-a9cc-4950-b104-3f39cc44d06e,D,ZU40490003,Shoulder/Lap Belt(s),M,04e01a76-2c0d-4f9a-b434-7bfc5f8a0b4f,Single Vehicle ,N,Non Intersection,Right Turn Lane,Dark No Lights,No Defects,"Two-way, Not Divided",Dry,Cloudy,Twelve o'clock,Pickup Truck,Disabling,N,Moving Constant Speed,2015-02-12 6:06,25,39.50958685,-77.69456148
N,Apparently Normal,No Misuse,N,No Injury,16abb410-28d3-486a-9476-c24f1ba7eb46,D,ZU45670001,Shoulder/Lap Belt(s),M,4010cb5b-7709-437d-991a-e5be58bf3992,Single Vehicle ,N,Non Intersection,Right Turn Lane,Dark No Lights,No Defects,"Two-way, Not Divided",Dry,Clear,One o'clock,Police Vehicle/Emergency,Superficial,N,Accelerating,2015-03-09 21:00,37,39.39744411,-77.70170689
N,Apparently Normal,No Misuse,N,No Injury,1e0813e5-7bce-4eb8-b7d7-74ab655489b6,D,ZU72310004,Shoulder/Lap Belt(s),M,6826d3ca-6860-457e-b529-629360d451b8,Head On Left Turn,N,Intersection Related,Left Turn Lane,Daylight,No Defects,"Two-way, Divided, Unprotected (painted >4 feet) Median",Dry,Clear,Twelve o'clock,Passenger Car,Disabling,N,Moving Constant Speed,2015-03-30 16:10,18,39.62142491,-77.75576815
N,Apparently Normal,No Misuse,Y,No Injury,7807d1af-da89-43ef-9c97-50dea9beae83,D,ZU72310004,Shoulder/Lap Belt(s),M,96897782-3d1d-42d9-9998-e517d20f762d,Head On Left Turn,N,Intersection Related,Left Turn Lane,Daylight,No Defects,"Two-way, Divided, Unprotected (painted >4 feet) Median",Dry,Clear,Twelve o'clock,(Sport) Utility Vehicle,Disabling,N,Making Left Turn,2015-03-30 16:10,74,39.62142491,-77.75576815
N,Apparently Normal,No Misuse,Y,No Injury,83644ae6-af88-461f-8d45-8c5051433bd0,D,ZU7601000B,Shoulder/Lap Belt(s),M,4284eb43-8185-47c9-b4a8-3874e21c55c0,Single Vehicle ,N,Non Intersection,Right Turn Lane,Daylight,No Defects,"Two-way, Divided, Unprotected (painted >4 feet) Median",Slush,Wintry Mix,Twelve o'clock,Station Wagon,Disabling,N,Skidding,2015-03-01 16:35,37,39.56016205,-77.75203875
N,Apparently Normal,No Misuse,N,No Injury,a79147e0-00be-4e2a-914e-00bec7296df4,D,ZU77800003,Shoulder/Lap Belt(s),M,5a0b2762-750d-4140-a85f-74e57fb8623e,Head On Left Turn,N,Intersection,Right Turn Lane,Dark Lights On,No Defects,"Two-way, Not Divided with a Continuous Left Turn Lane",Dry,Clear,Twelve o'clock,Passenger Car,Disabling,N,Moving Constant Speed,2015-01-23 5:03,26,39.6698359,-77.71938801
N,Apparently Normal,No Misuse,N,No Injury,981a780e-3442-46ca-8177-9f56d043c146,D,ZVW2120009,Shoulder/Lap Belt(s),M,14225ac9-539a-4837-ac13-8f340937c373,Same Direction Rear End,N,Intersection,Right Turn Lane,Daylight,No Defects,"Two-way, Not Divided",Dry,Clear,Six o'clock,Pickup Truck,Superficial,N,Stopped in Traffic Lane,2015-01-16 14:26,35,38.40864145,-75.57664633
N,Apparently Normal,No Misuse,Y,No Injury,28f93069-d44a-48bd-ae59-b9d2e8c5d9b3,D,ZVW2120009,Shoulder/Lap Belt(s),M,86cb3848-2640-44e9-be2a-adba47c783a2,Same Direction Rear End,N,Intersection,Right Turn Lane,Daylight,No Defects,"Two-way, Not Divided",Dry,Clear,Twelve o'clock,Passenger Car,Disabling,N,Moving Constant Speed,2015-01-16 14:26,71,38.40864145,-75.57664633
N,Apparently Normal,No Misuse,Y,No Injury,e0efbb55-908c-4b79-933e-8bb0b96fa191,D,ZVW212000B,Shoulder/Lap Belt(s),M,8f8a6f25-66c6-4490-80cb-73e298a95dca,Single Vehicle ,N,Non Intersection,Right Turn Lane,Dawn,No Defects,"Two-way, Not Divided",Wet,Cloudy,Ten o'clock,Pickup Truck,Disabling,N,Accelerating,2015-01-19 7:27,34,38.3821542,-75.73590517
N,Apparently Normal,No Misuse,Y,No Injury,f23180a1-0de1-42b6-bacc-fd959ba22981,D,ZVW249000G,Shoulder/Lap Belt(s),M,8a56481d-0188-4d8d-a3ee-74399f20a599,Single Vehicle ,N,Non Intersection,Right Turn Lane,Daylight,No Defects,"Two-way, Not Divided",Dry,Clear,Twelve o'clock,Pickup Truck,Disabling,N,Moving Constant Speed,2015-03-25 14:52,52,38.41620746,-75.6606102
N,Apparently Normal,No Misuse,N,No Injury,bfc0d714-61a4-449d-80b9-047c5c14410c,D,ZVW256000J,Shoulder/Lap Belt(s),M,c9b7c7ca-908f-46b9-bc95-e4b75296436f,Single Vehicle ,N,Non Intersection,Right Turn Lane,Dark No Lights,No Defects,"Two-way, Not Divided",Dry,Clear,One o'clock,Police Vehicle/Non Emergency,Superficial,N,Moving Constant Speed,2015-03-22 2:31,44,38.36225294,-75.45022845
N,Apparently Normal,No Misuse,Y,No Injury,7edabe7c-844d-4117-921d-7f1cff68f79f,D,ZVW2630006,Shoulder/Lap Belt(s),M,0e2ad25f-a051-41bf-a23f-2fe66d3d7690,Single Vehicle ,N,Non Intersection,Right Turn Lane,Dark Lights On,No Defects,"Two-way, Not Divided",Dry,Clear,Roof Top,Passenger Car,Disabling,N,Moving Constant Speed,2015-03-15 20:30,19,38.40073834,-75.54422379
N,Apparently Normal,No Misuse,Y,No Injury,cddf01e6-66b9-404b-9efb-a41f94a144ad,D,ZVW3020008,Shoulder/Lap Belt(s),M,e292945f-7497-43a1-a6f7-4681830205c3,Single Vehicle ,N,Non Intersection,Right Turn Lane,Dark No Lights,No Defects,"Two-way, Not Divided",Ice,Wintry Mix,Nine o'clock,Pickup Truck,Disabling,N,Moving Constant Speed,2015-02-14 21:49,23,38.31062302,-75.5801627
Y,Apparently Normal,No Misuse,N,No Injury,8d31810b-9d80-47a1-b6f9-740cb3bbd0e1,D,ZW01160004,Shoulder/Lap Belt(s),M,b0fc6a8e-a980-47da-b291-ae8822be9882,Same Direction Rear End Left Turn,N,Intersection,Right Turn Lane,Daylight,No Defects,"Two-way, Not Divided",Dry,Cloudy,Seven o'clock,(Sport) Utility Vehicle,Functional,N,Making Left Turn,2015-03-27 18:38,36,38.07948252,-75.57627356
N,Apparently Normal,No Misuse,Y,No Injury,52068e63-8f84-4a17-a4d1-ee6ef587bd76,D,ZW01160004,Shoulder/Lap Belt(s),M,269750b5-c328-4326-ac58-0540260cf620,Same Direction Rear End Left Turn,N,Intersection,Right Turn Lane,Daylight,No Defects,"Two-way, Not Divided",Dry,Cloudy,Twelve o'clock,(Sport) Utility Vehicle,Functional,N,Accelerating,2015-03-27 18:38,26,38.07948252,-75.57627356
N,Apparently Normal,No Misuse,N,Non-incapacitating Injury,d8018ae0-77a1-476f-90d6-5d452d1b7b2e,D,AC1022000K,Shoulder/Lap Belt(s),M,afc2314e-585d-48a7-bf92-f8fcd3cba220,Head On,N,Non Intersection,Right Turn Lane,Daylight,No Defects,"Two-way, Not Divided",Snow,Snow,Twelve o'clock,Pickup Truck,Disabling,N,Moving Constant Speed,2015-03-05 13:15,55,38.75729167,-76.59579
N,Apparently Normal,No Misuse,Y,Non-incapacitating Injury,f82f1dd9-c13c-452c-bac0-075612002c13,D,AC1022000K,Shoulder/Lap Belt(s),M,adc02dca-5fab-42ca-9054-4ecf4d5f4500,Head On,N,Non Intersection,Right Turn Lane,Daylight,No Defects,"Two-way, Not Divided",Snow,Snow,Twelve o'clock,(Sport) Utility Vehicle,Disabling,N,Skidding,2015-03-05 13:15,43,38.75729167,-76.59579
N,Apparently Normal,No Misuse,N,Non-incapacitating Injury,911bfb1f-0c7d-43e6-bbff-607dc1d0e962,D,AC1668000L,Shoulder/Lap Belt(s),M,7df80042-1078-4ca2-a321-0901b863c334,Same Direction Rear End,N,Non Intersection,Right Turn Lane,Dark Lights On,No Defects,"Two-way, Not Divided",Snow,Snow,Six o'clock,Passenger Car,Superficial,N,Slowing or Stopping,2015-02-14 20:04,28,39.12578234,-76.70530379
N,Apparently Normal,No Misuse,Y,Non-incapacitating Injury,af70e8c5-7d8d-451a-b534-d92c79b235e5,D,AC1875000Y,Shoulder/Lap Belt(s),M,30ba4430-aee4-4057-971f-3cf7631fcec7,Single Vehicle ,N,Non Intersection,Right Turn Lane,Daylight,No Defects,"Two-way, Not Divided",Ice,Wintry Mix,Six o'clock,Passenger Car,Destroyed,N,Moving Constant Speed,2015-02-15 16:10,26,39.13532128,-76.71129728
N,Apparently Normal,No Misuse,N,Non-incapacitating Injury,6d338029-6a20-4b06-8dfd-ca29aa143621,D,AC1881000G,Shoulder/Lap Belt(s),M,e112401e-0264-41cf-b481-61c0f9548e6d,Same Movement Angle,N,Intersection,Shoulder Area,Dark Lights On,No Defects,"Two-way, Divided, Positive Median Barrier",Ice,Clear,One o'clock,Passenger Car,Disabling,N,Accelerating,2015-01-07 0:36,36,38.94058944,-76.56368315
N,Apparently Normal,No Misuse,N,Non-incapacitating Injury,f67844d5-9dbd-4283-801c-82ac9c958f6c,D,AC1933000Z,Shoulder/Lap Belt(s),M,a484a8ba-67eb-44db-9442-fee23fe87ea1,Same Movement Angle,N,Non Intersection,Right Turn Lane,Daylight,No Defects,"Two-way, Not Divided",Dry,Clear,Twelve o'clock,Passenger Car,Disabling,N,Moving Constant Speed,2015-02-14 12:57,77,39.20986126,-76.64216995
N,Apparently Normal,No Misuse,Y,Non-incapacitating Injury,e98b3bd5-4a9b-4600-b182-1a8756ab3bc5,D,AC1933000Z,Shoulder/Lap Belt(s),M,51fb6207-2e41-417d-8695-b09560dda718,Same Movement Angle,N,Non Intersection,Right Turn Lane,Daylight,No Defects,"Two-way, Not Divided",Dry,Clear,Eleven o'clock,(Sport) Utility Vehicle,Disabling,N,Making Left Turn,2015-02-14 12:57,22,39.20986126,-76.64216995
N,Apparently Normal,No Misuse,Y,Non-incapacitating Injury,3ddc9411-f7ba-48e0-b537-03b9ddde580a,D,AC19900019,Shoulder/Lap Belt(s),M,eb4abdea-0d96-4a82-b000-06c05f8d40dc,Single Vehicle ,N,Non Intersection,Right Turn Lane,Daylight,No Defects,"Two-way, Divided, Unprotected (painted >4 feet) Median",Ice,Cloudy,Twelve o'clock,Pickup Truck,Disabling,N,Slowing or Stopping,2015-03-03 9:33,20,38.96252402,-76.65921172
N,Apparently Normal,No Misuse,N,Non-incapacitating Injury,978aec4a-8f52-4e44-9fdc-042d61054322,D,ADE4890001,Shoulder/Lap Belt(s),M,27eb6da7-dc63-4479-9cba-2960e3240df2,Single Vehicle ,N,Non Intersection,Right Turn Lane,Dark Lights On,No Defects,"Two-way, Divided, Positive Median Barrier",Wet,Clear,Twelve o'clock,Passenger Car,Disabling,N,Moving Constant Speed,2015-01-07 2:49,26,39.26744731,-76.63502455
N,Apparently Normal,No Misuse,Y,Non-incapacitating Injury,d86fbc9a-f041-474a-9266-5416dfffb96f,D,ADE8360001,Shoulder/Lap Belt(s),M,fc80e623-4b79-40dc-ba39-ed66b754381b,Same Direction Rear End,N,Non Intersection,Left Turn Lane,Dark Lights On,No Defects,"Two-way, Divided, Positive Median Barrier",Ice,Raining,Twelve o'clock,Passenger Car,Disabling,N,Moving Constant Speed,2015-01-12 0:20,47,39.34699273,-76.67289734
N,Apparently Normal,No Misuse,N,Non-incapacitating Injury,a326d080-08ba-4441-a76e-43b9bfea3f9e,D,ADH2150001,Shoulder/Lap Belt(s),M,3ee23650-e572-4e48-9960-90004ac3526a,Same Movement Angle,N,Non Intersection,Right Turn Lane,Dark Lights On,No Defects,"Two-way, Divided, Unprotected (painted >4 feet) Median",Dry,Clear,Three o'clock,Passenger Car,Superficial,N,Moving Constant Speed,2015-01-10 21:30,40,39.29650861,-76.62604988
N,Apparently Normal,No Misuse,N,Non-incapacitating Injury,f84deb71-2b6f-46a3-a45c-d83a766d07eb,D,ADH7320001,Shoulder/Lap Belt(s),M,5683dedc-18fc-4835-9f15-51063432ce67,Same Direction Rear End,N,Non Intersection,Right Turn Lane,Daylight,No Defects,"Two-way, Divided, Unprotected (painted >4 feet) Median",Dry,Clear,Six o'clock,Pickup Truck,Superficial,N,Stopped in Traffic Lane,2015-01-23 10:01,28,39.30889991,-76.70825958
N,Apparently Normal,No Misuse,N,Non-incapacitating Injury,ce4ee926-b69c-4cab-8926-9ec14052146b,D,ADJ547002G,Shoulder/Lap Belt(s),M,fc6a9577-319f-4bb2-9d8e-bdbc9fe08262,Same Direction Rear End,N,Intersection Related,Deceleration Lane,Dark - Unknown Lighting,No Defects,One-way Trafficway,Dry,Clear,Six o'clock,Passenger Car,Functional,N,Stopped in Traffic Lane,2015-03-20 23:45,67,39.30700718,-76.61471486
N,Apparently Normal,No Misuse,Y,Possible Incapacitating Injury,227e25b7-0523-4e24-ab04-67a16caee117,D,ADJ547002G,Shoulder/Lap Belt(s),M,d0090cc5-2fb8-4562-b11e-dc78c874bf6a,Same Direction Rear End,N,Intersection Related,Deceleration Lane,Dark - Unknown Lighting,No Defects,One-way Trafficway,Dry,Clear,Twelve o'clock,Passenger Car,Functional,N,Moving Constant Speed,2015-03-20 23:45,53,39.30700718,-76.61471486
N,Apparently Normal,No Misuse,N,Non-incapacitating Injury,cba95647-d047-4494-9c47-d6c9300b91e5,D,ADJ547002J,Shoulder/Lap Belt(s),M,78941632-e455-40c4-8e54-dffe1f6a8265,Same Direction Right Turn,N,Intersection,Right Turn Lane,Daylight,No Defects,One-way Trafficway,Dry,Clear,Ten o'clock,Passenger Car,Functional,N,Moving Constant Speed,2015-03-23 19:15,30,39.2895717,-76.61380291
N,Apparently Normal,No Misuse,Y,Non-incapacitating Injury,553be3c9-df82-44e6-b7db-d4a974632d7a,D,ADJ5510002,Shoulder/Lap Belt(s),M,5fc4b9f3-120b-45c1-bfe8-b9e5bcac44b1,Same Movement Angle,N,Intersection,Right Turn Lane,Daylight,No Defects,"Two-way, Not Divided",Wet,Clear,Twelve o'clock,Passenger Car,Superficial,N,Slowing or Stopping,2015-01-08 13:28,40,39.31630432,-76.67296171
N,Apparently Normal,No Misuse,N,Non-incapacitating Injury,f5bdbb24-241e-424e-8cef-f1d028dcbe30,D,AE3770001L,Shoulder/Lap Belt(s),M,d3181a64-3502-403e-9473-a3a3460aa33b,Single Vehicle ,N,Intersection Related,Left Turn Lane,Daylight,No Defects,"Two-way, Divided, Unprotected (painted >4 feet) Median",Wet,Raining,Roof Top,Passenger Car,Disabling,N,Slowing or Stopping,2015-03-04 14:42,20,39.26071787,-76.52531549
N,Apparently Normal,No Misuse,N,Non-incapacitating Injury,ba2fd7e0-8221-41f0-af80-0bcb6f295b8a,D,AE39080007,Shoulder/Lap Belt(s),M,46984cbc-bc02-477e-b262-0d9e91b83f3a,Single Vehicle ,N,Non Intersection,Right Turn Lane,Dark No Lights,No Defects,"Two-way, Not Divided",Snow,Snow,Twelve o'clock,(Sport) Utility Vehicle,Disabling,N,Moving Constant Speed,2015-02-02 0:00,50,39.67119852,-76.73266768
N,Apparently Normal,No Misuse,Y,Non-incapacitating Injury,25bccceb-b44f-4129-9bb3-bf54aab8c9da,D,AE4253000N,Shoulder/Lap Belt(s),M,ac5420c2-4786-47b5-a771-d7b9b903d3b6,Single Vehicle ,N,Non Intersection,Right Turn Lane,Daylight,No Defects,"Two-way, Not Divided",Wet,Clear,Three o'clock,Passenger Car,Disabling,N,Moving Constant Speed,2015-01-14 12:55,38,39.39889499,-76.82696342
N,Apparently Normal,No Misuse,Y,Non-incapacitating Injury,fb260b60-8762-4341-89f5-03adb7d99229,D,AE4279001C,Shoulder/Lap Belt(s),M,f97dfa70-b375-413c-8289-c03eb24f8d20,Single Vehicle ,N,Non Intersection,Right Turn Lane,Dark No Lights,No Defects,"Two-way, Not Divided",Dry,Clear,Twelve o'clock,(Sport) Utility Vehicle,Disabling,N,Moving Constant Speed,2015-02-25 21:21,21,39.46518,-76.627707
N,Apparently Normal,No Misuse,N,Non-incapacitating Injury,f7ac8b30-98cf-4ffd-b854-5e854f67838c,D,AE4519000K,Shoulder/Lap Belt(s),M,f0ff2b78-81fb-4999-9e94-edbd1e52bb3e,Same Direction Left Turn,N,Intersection,Right Turn Lane,Daylight,No Defects,"Two-way, Divided, Positive Median Barrier",Dry,Clear,One o'clock,Passenger Car,Disabling,N,Starting From Lane,2015-02-23 15:05,36,39.23785831,-76.45626605
Y,Apparently Normal,No Misuse,Y,Non-incapacitating Injury,10e093bf-c93a-4dfc-9253-c16480e484b9,D,AE4519000K,Shoulder/Lap Belt(s),M,f11d473a-c164-489a-b41b-508d94c69ffd,Same Direction Left Turn,N,Intersection,Right Turn Lane,Daylight,No Defects,"Two-way, Divided, Positive Median Barrier",Dry,Clear,Eleven o'clock,Truck Tractor,Superficial,N,Making U Turn,2015-02-23 15:05,60,39.23785831,-76.45626605
N,Apparently Normal,No Misuse,N,Non-incapacitating Injury,b66de2c8-215c-4ddd-a9f1-63e67cff5aca,D,AE49980024,Shoulder/Lap Belt(s),M,a53744c2-debf-4335-b7c0-089775266d7b,Head On Left Turn,N,Intersection,Right Turn Lane,Daylight,No Defects,"Two-way, Not Divided",Dry,Clear,Twelve o'clock,Passenger Car,Disabling,N,Moving Constant Speed,2015-03-24 16:56,23,39.39486561,-76.59835339
N,Apparently Normal,No Misuse,Y,Non-incapacitating Injury,265d9df1-8178-4ac0-9166-e5e66bc96585,D,AE49980024,Shoulder/Lap Belt(s),M,7cf8cd94-f8a3-40a4-a85d-a0424db6e340,Head On Left Turn,N,Intersection,Right Turn Lane,Daylight,No Defects,"Two-way, Not Divided",Dry,Clear,Two o'clock,Passenger Car,Disabling,N,Making Left Turn,2015-03-24 16:56,45,39.39486561,-76.59835339
N,Apparently Normal,No Misuse,Y,Non-incapacitating Injury,3ccf233f-862f-4e53-b9f4-3e49e422f44c,D,AE53760006,Shoulder/Lap Belt(s),M,1b9e0bcd-53d6-4726-953f-0a1c3aa60acd,Single Vehicle ,N,Non Intersection,Right Turn Lane,Dark Lights On,No Defects,"Two-way, Not Divided",Dry,Clear,Twelve o'clock,Passenger Car,Disabling,N,Moving Constant Speed,2015-03-22 2:38,28,39.34319268,-76.7639637
N,Apparently Normal,No Misuse,Y,Non-incapacitating Injury,17ecdd15-65e4-4e0a-b8fe-aaae31b9f3a4,D,AE55870008,Shoulder/Lap Belt(s),M,5ec568b3-07db-4163-8948-bbf4f570d7b0,Single Vehicle ,N,Non Intersection,Right Turn Lane,Daylight,No Defects,"Two-way, Divided, Positive Median Barrier",Ice,Cloudy,Twelve o'clock,(Sport) Utility Vehicle,Disabling,N,Moving Constant Speed,2015-01-18 7:41,34,39.38703834,-76.75870657
N,Apparently Normal,No Misuse,Y,Non-incapacitating Injury,050d71c9-7265-4f54-a42f-8eaf83674b98,D,AE5587000C,Shoulder/Lap Belt(s),M,664d597b-6a63-4a2c-85f4-e85a314f3c6e,Single Vehicle ,N,Non Intersection,Right Turn Lane,Daylight,No Defects,"Two-way, Divided, Positive Median Barrier",Ice,Cloudy,Six o'clock,(Sport) Utility Vehicle,Disabling,N,Moving Constant Speed,2015-01-18 8:10,24,39.38798363,-76.76048756
N,Apparently Normal,No Misuse,Y,Non-incapacitating Injury,1b52d042-9d4f-45a9-a72b-d19b98a5b898,D,AE56090006,Shoulder/Lap Belt(s),M,f62b7536-cbd9-4c8b-9540-6a5dfa2059fe,Single Vehicle ,N,Intersection Related,Right Turn Lane,Dark Lights On,No Defects,"Two-way, Not Divided",Dry,Clear,Twelve o'clock,Passenger Car,Disabling,N,Moving Constant Speed,2015-02-14 2:27,48,39.34695125,-76.77667737
N,Apparently Normal,No Misuse,N,Non-incapacitating Injury,b25722a0-23ec-4671-81bc-e89e6afc53a1,D,AE5767000C,Shoulder/Lap Belt(s),M,302d262c-f760-4e09-94be-8a72e3c1d81d,Single Vehicle ,N,Non Intersection,Right Turn Lane,Daylight,No Defects,"Two-way, Divided, Unprotected (painted >4 feet) Median",Ice,Sleet,Eleven o'clock,(Sport) Utility Vehicle,Destroyed,N,Slowing or Stopping,2015-01-18 7:43,43,39.25924024,-76.76636696
N,Apparently Normal,No Misuse,Y,Non-incapacitating Injury,8ad27a33-cd10-43f3-b8f4-8cd0c86e988d,D,BS04510003,Shoulder/Lap Belt(s),M,0a8ab78d-d773-44af-b6ce-f37d0b8165a8,Head On,N,Non Intersection,Left Turn Lane,Dark Lights On,No Defects,"Two-way, Divided, Positive Median Barrier",Dry,Clear,Twelve o'clock,Pickup Truck,Disabling,N,Moving Constant Speed,2015-01-16 1:09,24,39.45990415,-77.39505529