CDL_FLAG,CONDITION_CODE,EQUIP_PROB_CODE,FAULT_FLAG,INJ_SEVER_CODE,PERSON_ID,PERSON_TYPE,REPORT_NO,SAF_EQUIP_CODE,SEX_CODE,VEHICLE_ID,COLLISION_TYPE_CODE,C_M_ZONE_FLAG,JUNCTION_CODE,LANE_CODE,LIGHT_CODE,RD_COND_CODE,RD_DIV_CODE,SURF_COND_CODE,WEATHER_CODE,AREA_DAMAGED_CODE_MAIN,BODY_TYPE_CODE,DAMAGE_CODE,HIT_AND_RUN_FLAG,MOVEMENT_CODE,TIME,AGE,LATITUDE,LONGITUDE
N,Apparently Normal,No Misuse,Y,Possible Incapacitating Injury,8878f4e2-e9f8-4430-8275-3b1e187e5350,D,AC1736000X,Shoulder/Lap Belt(s),M,53d4d1c7-54cc-41f0-a901-6d4415ec8157,Single Vehicle ,N,Non Intersection,Left Turn Lane,Daylight,No Defects,"Two-way, Divided, Positive Median Barrier",Wet,Clear,Twelve o'clock,Passenger Car,Disabling,N,Moving Constant Speed,2015-03-06 11:48,37,39.058435,-76.65574117
N,Apparently Normal,No Misuse,Y,Possible Incapacitating Injury,0e47e059-bb92-4526-8ef9-46eb2aee6c60,D,AC1762000S,MC/Bike Helmet,M,5d69bd02-f4bb-4501-8839-0414eccc1b88,Single Vehicle ,N,Non Intersection,Right Turn Lane,Dark No Lights,No Defects,"Two-way, Not Divided",Dry,Clear,Twelve o'clock,Moped,Disabling,Y,Accelerating,2015-03-17 22:40,20,39.13226664,-76.51519552
Y,Apparently Normal,No Misuse,Y,Possible Incapacitating Injury,d7cecee4-6212-4fe2-aef5-f948d737e475,D,AC1833000K,Shoulder/Lap Belt(s),M,190e0bd9-1b07-4fc1-838d-eeb734efe484,Single Vehicle ,N,Non Intersection,Right Turn Lane,Daylight,No Defects,"Two-way, Divided, Positive Median Barrier",Slush,Wintry Mix,Twelve o'clock,Passenger Car,Disabling,N,Skidding,2015-03-01 13:50,41,38.98571663,-76.53752089
N,Apparently Normal,No Misuse,Y,Possible Incapacitating Injury,495ef61e-da53-4d76-9c85-7ff176694964,D,AC1853000J,Shoulder/Lap Belt(s),M,45d43489-47f3-4ab7-809e-50f72cc45c37,Single Vehicle ,N,Interchange Related,Right Turn Lane,Dark No Lights,No Defects,"Two-way, Not Divided",Ice,Wintry Mix,Eleven o'clock,"Cargo Van/Light Truck 2 axles (10,000 lbs (4,536 kg) or less)",Disabling,N,Moving Constant Speed,2015-02-10 5:07,38,38.960942,-76.655248
N,Apparently Normal,No Misuse,Y,Possible Incapacitating Injury,adaadbc0-bdf6-4d08-a088-53c6c3710f32,D,AC1918000W,Shoulder/Lap Belt(s),M,cec4a2b4-5066-48fe-a52b-b5ffbcebd164,Single Vehicle ,N,Non Intersection,Right Turn Lane,Dark Lights On,No Defects,"Two-way, Divided, Positive Median Barrier",Ice,Sleet,Roof Top,Passenger Car,Destroyed,N,Moving Constant Speed,2015-03-02 20:40,19,38.92552953,-76.59691572
N,Apparently Normal,No Misuse,N,Possible Incapacitating Injury,96c6b809-2ff1-409b-a122-11241e27ec0e,D,ADD9050010,Shoulder/Lap Belt(s),M,9b4b49cf-1769-49d0-9992-85fba27f1f99,Same Direction Rear End,N,Non Intersection,Right Turn Lane,Dusk,No Defects,"Two-way, Divided, Unprotected (painted >4 feet) Median",Dry,Clear,Six o'clock,Police Vehicle/Non Emergency,Superficial,N,Slowing or Stopping,2015-03-23 19:15,37,39.28646607,-76.63956285
N,Apparently Normal,No Misuse,Y,Possible Incapacitating Injury,c6b8ca4c-807f-48bb-869b-760f67026260,D,ADD9050010,Shoulder/Lap Belt(s),M,b8bdc011-a1af-43f5-b111-3bafaffe6b12,Same Direction Rear End,N,Non Intersection,Right Turn Lane,Dusk,No Defects,"Two-way, Divided, Unprotected (painted >4 feet) Median",Dry,Clear,Twelve o'clock,Police Vehicle/Non Emergency,Functional,N,Slowing or Stopping,2015-03-23 19:15,29,39.28646607,-76.63956285
N,Apparently Normal,No Misuse,N,Possible Incapacitating Injury,b523edfb-9fc0-4098-8bae-5e22b0aa05df,D,ADF051002C,Shoulder/Lap Belt(s),M,d1ccc123-0fec-47fc-9a1d-81b1307eaddf,Head On,N,Non Intersection,Left Turn Lane,Dark Lights On,No Defects,"Two-way, Divided, Positive Median Barrier",Dry,Clear,Twelve o'clock,Pickup Truck,Destroyed,N,Moving Constant Speed,2015-03-08 5:00,43,39.35046694,-76.68832809
N,Apparently Normal,No Misuse,N,Possible Incapacitating Injury,8ebf64b2-362f-493d-9e69-a3f6641af3df,D,ADF8040007,MC/Bike Helmet and Eye Protection,M,6ca1f640-ed79-4215-8f64-dfa36445af4e,Same Movement Angle,N,Intersection,Right Turn Lane,Daylight,No Defects,"Two-way, Not Divided",Dry,Clear,One o'clock,Motorcycle,Superficial,N,Moving Constant Speed,2015-02-05 10:30,27,39.29526777,-76.64416552
N,Apparently Normal,No Misuse,Y,Possible Incapacitating Injury,5a1fc5ac-4888-40f0-9a6c-4adaf1836b74,D,ADF819000F,Shoulder/Lap Belt(s),M,8f3fd275-7c39-41fa-aac6-65958b50e87b,Single Vehicle ,N,Non Intersection,Right Turn Lane,Daylight,No Defects,"Two-way, Not Divided",Dry,Clear,Twelve o'clock,Police Vehicle/Emergency,Disabling,N,Moving Constant Speed,2015-02-06 10:45,27,39.32920207,-76.69515967
N,Apparently Normal,No Misuse,Y,Possible Incapacitating Injury,390a922e-22d1-4f9f-92cd-6fcc8a393992,D,ADH1330004,Shoulder/Lap Belt(s),M,9b4d82e8-5ee3-4fba-bb38-7d0e388ca863,Same Movement Angle,N,Intersection Related,Right Turn Lane,Dark Lights On,No Defects,One-way Trafficway,Dry,Clear,Twelve o'clock,Passenger Car,Disabling,N,Moving Constant Speed,2015-02-10 21:22,26,39.29286817,-76.64716959
N,Apparently Normal,No Misuse,Y,Possible Incapacitating Injury,86719f2f-c5e2-4121-aa6b-65b9be2f4639,D,ADH2480003,Shoulder/Lap Belt(s),M,c7968684-f2da-4dcc-aed0-501a321bb793,Single Vehicle ,N,Non Intersection,Left Turn Lane,Dark Lights On,No Defects,"Two-way, Not Divided",Wet,Raining,One o'clock,Passenger Car,Destroyed,N,Moving Constant Speed,2015-03-30 2:35,30,39.29572443,-76.57780766
N,Apparently Normal,No Misuse,N,Possible Incapacitating Injury,4e31e856-c7d9-44af-9d9f-63d6d0865aac,D,ADH7890001,Shoulder/Lap Belt(s),M,70c0ad09-aa66-47f2-a81f-48076a0beb07,Same Direction Rear End,N,Non Intersection,Right Turn Lane,Daylight,No Defects,"Two-way, Not Divided",Dry,Clear,Six o'clock,Passenger Car,Functional,N,Stopped in Traffic Lane,2015-02-10 15:12,48,39.29799109,-76.66615427
N,Apparently Normal,No Misuse,N,Possible Incapacitating Injury,217d6792-7d2e-41f6-9485-c76b5210687e,D,ADH9510005,Shoulder/Lap Belt(s),M,0d27b2ff-c4af-4b38-b7a7-2079f1b4ba31,Same Movement Angle,N,Intersection Related,Right Turn Lane,Daylight,No Defects,One-way Trafficway,Dry,Clear,Three o'clock,Passenger Car,Functional,N,Starting From Lane,2015-01-30 7:36,45,39.32153065,-76.56875923
N,Apparently Normal,No Misuse,N,Possible Incapacitating Injury,4630d6df-7d18-40ad-a7ed-d8ce62e21f4e,D,ADI6450001,Shoulder/Lap Belt(s),M,fcdc64f6-343e-4e05-83a0-b176464fbd3b,Same Direction Rear End Right Turn,N,Intersection,Acceleration Lane,Dark Lights On,No Defects,"Two-way, Divided, Positive Median Barrier",Wet,Raining,Six o'clock,Van,Superficial,N,Making Right Turn,2015-01-04 0:46,47,39.28337691,-76.62639856
N,Apparently Normal,No Misuse,N,Possible Incapacitating Injury,2981a909-20ba-43e1-b436-27900b60b032,D,ADI832000P,Shoulder/Lap Belt(s),M,60c5781f-73df-4228-8ef4-044e51d587cf,Same Direction Rear End,N,Interchange Related,Right Turn Lane,Daylight,No Defects,One-way Trafficway,Wet,Wintry Mix,Six o'clock,Passenger Car,Disabling,N,Moving Constant Speed,2015-03-20 14:10,30,39.31787725,-76.62830293
N,Apparently Normal,No Misuse,Y,Possible Incapacitating Injury,6d61491c-5a19-4e63-a48b-6272035aab13,D,ADJ1110001,Shoulder Belt Only,M,08aaa482-3d7b-4b98-9733-4baa301811c1,Single Vehicle ,N,Intersection,Left Turn Lane,Daylight,No Defects,"Two-way, Not Divided",Wet,Raining,Twelve o'clock,Passenger Car,Disabling,N,Moving Constant Speed,2015-01-03 9:30,24,39.30622268,-76.65704012
N,Apparently Normal,No Misuse,Y,Possible Incapacitating Injury,e282fd83-f93a-4db2-9410-a5fa31053751,D,ADJ1240009,Shoulder/Lap Belt(s),M,534e2c9a-0eac-4f18-bcd6-4968ff15c8b7,Same Direction Sideswipe,N,Non Intersection,Right Turn Lane,Dark Lights On,No Defects,One-way Trafficway,Wet,Raining,Twelve o'clock,Passenger Car,Disabling,N,Accelerating,2015-03-20 20:00,28,39.28642741,-76.67560905
Y,Apparently Normal,No Misuse,N,Possible Incapacitating Injury,d32bde17-aa3b-4ae4-9bfc-a0195df1e6d5,D,ADJ3230004,Shoulder/Lap Belt(s),M,0d756b14-8d08-4505-87b3-572bdc11516c,Same Direction Rear End,N,Intersection Related,Left Turn Lane,Daylight,No Defects,"Two-way, Divided, Positive Median Barrier",Dry,Clear,Six o'clock,Pickup Truck,Superficial,N,Slowing or Stopping,2015-01-30 7:36,42,39.31565688,-76.65202975
N,Apparently Normal,No Misuse,Y,Possible Incapacitating Injury,7c94ecd9-8a2b-4470-8e5d-6f61b5eeeadc,D,AE37980005,Shoulder/Lap Belt(s),M,7004c00e-f54b-448b-9c46-d7f2f8e49d9a,Single Vehicle ,N,Non Intersection,Right Turn Lane,Daylight,No Defects,"Two-way, Not Divided",Snow,Snow,Twelve o'clock,Passenger Car,Disabling,N,Moving Constant Speed,2015-01-06 10:08,45,39.40149821,-76.6551733
N,Apparently Normal,No Misuse,Y,Possible Incapacitating Injury,2d28db76-2dc7-408a-811a-58d23355206b,D,AE40530017,Shoulder/Lap Belt(s),M,c24918a4-7770-4670-811e-9f4a47f91179,Single Vehicle ,N,Non Intersection,Right Turn Lane,Dark Lights On,No Defects,"Two-way, Not Divided",Dry,Clear,Twelve o'clock,Passenger Car,Disabling,N,Moving Constant Speed,2015-02-10 18:11,35,39.3402056,-76.39969826
N,Apparently Normal,No Misuse,Y,Possible Incapacitating Injury,4a26f2ea-8ce4-434a-abc8-87b538841081,D,AE41550004,Shoulder Belt Only,M,8789181b-afe0-4b13-9220-d56507c16cd0,Single Vehicle ,N,Non Intersection,Right Turn Lane,Dark Lights On,No Defects,"Two-way, Not Divided",Dry,Clear,One o'clock,Passenger Car,Destroyed,N,Accelerating,2015-01-31 20:15,49,39.29729366,-76.52898073
N,Apparently Normal,No Misuse,Y,Possible Incapacitating Injury,2a4ad63a-7f4b-4c65-9ce9-a4a0eebf0efe,D,AE4381000L,Shoulder/Lap Belt(s),M,96f6e61e-1d03-4785-84f2-197e4d3a7611,Head On,N,Non Intersection,Right Turn Lane,Dawn,No Defects,"Two-way, Not Divided",Wet,Raining,Twelve o'clock,Passenger Car,Destroyed,N,Moving Constant Speed,2015-03-14 6:49,23,39.39596833,-76.47043347
N,Apparently Normal,No Misuse,Y,Possible Incapacitating Injury,97d20690-8705-4549-8e40-c62aaa4ad547,D,AE46670003,Shoulder/Lap Belt(s),M,6893ba39-e6a9-47aa-9459-da21e5f894d5,Single Vehicle ,N,Intersection,Acceleration Lane,Daylight,No Defects,"Two-way, Divided, Positive Median Barrier",Snow,Snow,Eleven o'clock,Passenger Car,Disabling,N,Moving Constant Speed,2015-02-21 11:17,22,39.40403916,-76.79642379
N,Apparently Normal,No Misuse,Y,Possible Incapacitating Injury,edf8e55f-4f58-482a-9dde-d6b7e88f8def,D,AE4727001W,Shoulder/Lap Belt(s),M,dea65780-1fb0-4371-9d4c-c4ee939820b0,Single Vehicle ,N,Intersection,Right Turn Lane,Daylight,No Defects,"Two-way, Not Divided",Dry,Clear,Nine o'clock,Pickup Truck,Destroyed,N,Moving Constant Speed,2015-02-20 15:41,61,39.36248119,-76.52192116
N,Apparently Normal,No Misuse,Y,Possible Incapacitating Injury,9bc11218-092f-4352-bc05-35600c68756c,D,AE48850004,Shoulder/Lap Belt(s),M,da5138bc-e01c-4a59-a115-ac66b8de2c7f,Single Vehicle ,N,Non Intersection,Right Turn Lane,Dark No Lights,No Defects,"Two-way, Not Divided",Dry,Clear,Roof Top,Station Wagon,Destroyed,N,Moving Constant Speed,2015-02-02 22:30,16,39.61392066,-76.6315484
N,Apparently Normal,No Misuse,Y,Possible Incapacitating Injury,0cec794e-ad5f-4d5e-9558-bed74d574df5,D,AE49320001,Shoulder/Lap Belt(s),M,27aacbf1-6e80-499a-b3f0-97a7ecba610a,Single Vehicle ,N,Non Intersection,Right Turn Lane,Dark Lights On,No Defects,"Two-way, Not Divided",Dry,Clear,Twelve o'clock,Passenger Car,Disabling,N,Moving Constant Speed,2015-01-27 17:51,22,39.26028694,-76.41431093
N,Apparently Normal,No Misuse,Y,Possible Incapacitating Injury,96c381de-031e-47c6-bc63-cda0555ebac8,D,AE51570007,Shoulder/Lap Belt(s),M,033d59ad-39c8-48b4-8d68-807b6937b05b,Single Vehicle ,N,Non Intersection,Right Turn Lane,Daylight,No Defects,"Two-way, Not Divided",Ice,Raining,Three o'clock,(Sport) Utility Vehicle,Disabling,N,Moving Constant Speed,2015-01-03 8:20,42,39.33366675,-76.78700924
N,Apparently Normal,No Misuse,Y,Possible Incapacitating Injury,3a709770-5d77-45ab-a9b4-1fb4a679028f,D,AE53010007,Shoulder/Lap Belt(s),M,5305fe7f-52ae-45af-9623-36bd3a436c39,Single Vehicle ,N,Non Intersection,Left Turn Lane,Daylight,Foreign Material,"Two-way, Divided, Positive Median Barrier",Ice,Sleet,Two o'clock,Passenger Car,Disabling,N,Skidding,2015-01-03 8:36,56,39.40187957,-76.80183649
N,Apparently Normal,No Misuse,N,Possible Incapacitating Injury,4b797bd0-5bba-41b8-b0db-4e95f1151724,D,AE53600007,Shoulder/Lap Belt(s),M,2b20c887-360b-4da6-9e48-823bfbce5eb5,Single Vehicle ,N,Non Intersection,Right Turn Lane,Dark Lights On,No Defects,"Two-way, Not Divided",Ice,Wintry Mix,Two o'clock,Pickup Truck,Destroyed,N,Moving Constant Speed,2015-01-18 20:41,19,39.36248949,-76.39010668
N,Apparently Normal,No Misuse,Y,Possible Incapacitating Injury,a55fa56c-cfdd-40d3-856d-77cdeb61ceef,D,AE5466001P,Shoulder/Lap Belt(s),M,9b29c162-6bf2-43c9-a374-06935821437e,Single Vehicle ,N,Non Intersection,Right Turn Lane,Daylight,No Defects,"Two-way, Not Divided",Dry,Clear,Three o'clock,Passenger Car,Disabling,N,Moving Constant Speed,2015-03-19 11:08,37,39.31643713,-76.78992748
N,Apparently Normal,No Misuse,N,Possible Incapacitating Injury,8f1f2621-d16b-4274-a79d-f16e40c6b84c,D,BS0427000D,Shoulder/Lap Belt(s),M,984fea95-3c58-4d65-b5de-98697c65f48c,Same Movement Angle,N,Intersection,Left Turn Lane,Daylight,No Defects,"Two-way, Divided, Positive Median Barrier",Dry,Cloudy,Twelve o'clock,Passenger Car,Destroyed,N,Moving Constant Speed,2015-03-10 10:28,18,39.44132458,-77.410594
N,Apparently Normal,No Misuse,Y,Possible Incapacitating Injury,bf530022-b8b7-4c99-bc4f-ac79c0de55e1,D,BS0427000D,Shoulder/Lap Belt(s),M,3936d812-11d3-4032-baa4-0bff767a4c7e,Same Movement Angle,N,Intersection,Left Turn Lane,Daylight,No Defects,"Two-way, Divided, Positive Median Barrier",Dry,Cloudy,Twelve o'clock,(Sport) Utility Vehicle,Disabling,N,Accelerating,2015-03-10 10:28,87,39.44132458,-77.410594
Y,Apparently Normal,No Misuse,Y,Possible Incapacitating Injury,6d966641-a0cf-437c-9673-40bda042d267,D,BS04530008,Shoulder/Lap Belt(s),M,a84002c7-3bec-487f-9d6a-22fc5a90755d,Single Vehicle ,N,Intersection,Right Turn Lane,Daylight,No Defects,"Two-way, Divided, Positive Median Barrier",Snow,Wintry Mix,Twelve o'clock,Pickup Truck,Disabling,N,Moving Constant Speed,2015-03-01 9:34,41,39.41852452,-77.45337725
N,Apparently Normal,No Misuse,Y,Possible Incapacitating Injury,b3c98f01-0247-42af-ad19-af2c99cd120e,D,CB49060009,Shoulder/Lap Belt(s),M,cee3711c-63b3-4eaf-9f60-f73ea2a39823,Single Vehicle ,N,Non Intersection,Right Turn Lane,Daylight,No Defects,"Two-way, Not Divided",Dry,Clear,Eleven o'clock,(Sport) Utility Vehicle,Destroyed,N,Moving Constant Speed,2015-01-30 15:55,28,39.32347556,-76.97128773
N,Apparently Normal,No Misuse,Y,Possible Incapacitating Injury,356110d4-39a1-4778-8c35-6942ecfc6793,D,CB51790001,Shoulder/Lap Belt(s),M,ca5d4753-6f02-4d9c-a80a-182bd2d018fc,Single Vehicle ,N,Non Intersection,Right Turn Lane,Dawn,No Defects,"Two-way, Not Divided",Slush,Wintry Mix,Twelve o'clock,Passenger Car,Disabling,N,Accelerating,2015-01-27 7:00,44,39.16647019,-76.86586618
N,Apparently Normal,No Misuse,N,Possible Incapacitating Injury,3520c407-8632-459c-9f90-e5ccec62dd9a,D,CB51980003,Shoulder/Lap Belt(s),M,8788bad8-4fe5-44b2-a32c-5a7dcd8fa1c8,Single Vehicle ,N,Non Intersection,Acceleration Lane,Dark No Lights,No Defects,"Two-way, Divided, Unprotected (painted >4 feet) Median",Ice,Sleet,Twelve o'clock,Passenger Car,Destroyed,N,Moving Constant Speed,2015-03-01 21:52,21,39.34564863,-77.0818162
N,Apparently Normal,No Misuse,Y,Possible Incapacitating Injury,cb2b856d-db2f-4add-b5ed-11fcf8d6fe97,D,CB55110005,Shoulder/Lap Belt(s),M,597fcdb4-8716-424d-bbee-0cb4c815942f,Single Vehicle ,N,Non Intersection,Right Turn Lane,Dark Lights On,No Defects,"Two-way, Divided, Positive Median Barrier",Snow,Snow,Twelve o'clock,Passenger Car,Destroyed,N,Skidding,2015-01-27 3:40,23,39.12873695,-76.86189651
N,Apparently Normal,No Misuse,Y,Possible Incapacitating Injury,47788134-6198-4ac5-a7dc-ec451f4cf11c,D,CB55130007,Shoulder/Lap Belt(s),M,e435bc59-3ec2-4b5b-aa89-df532ada167a,Single Vehicle ,N,Intersection Related,Right Turn Lane,Dark Lights On,No Defects,"Two-way, Not Divided",Wet,Snow,Roof Top,Pickup Truck,Disabling,N,Moving Constant Speed,2015-03-20 5:15,58,39.22781523,-76.97233915
N,Apparently Normal,No Misuse,N,Possible Incapacitating Injury,ff57e324-d1d3-4213-8d9c-9f08f7365ae1,D,CB56450008,Shoulder/Lap Belt(s),M,a3353e15-86f8-438a-9ef9-85809252e277,Single Vehicle ,N,Non Intersection,Left Turn Lane,Daylight,No Defects,"Two-way, Not Divided",Ice,Wintry Mix,One o'clock,Pickup Truck,Destroyed,N,Skidding,2015-01-18 8:17,52,39.214292,-76.71657443
N,Apparently Normal,No Misuse,Y,Possible Incapacitating Injury,08a1f582-436a-453e-b1a9-c60274630ef9,D,CB57110004,MC/Bike Helmet and Eye Protection,M,37bbca71-c69d-4c79-8356-3548248af60d,Single Vehicle ,N,Non Intersection,Right Turn Lane,Dark Lights On,No Defects,"Two-way, Divided, Positive Median Barrier",Dry,Clear,Eleven o'clock,Motorcycle,Superficial,N,Slowing or Stopping,2015-01-31 19:24,20,39.13608549,-76.91270828
N,Apparently Normal,No Misuse,Y,Possible Incapacitating Injury,9a234102-d053-4e55-b288-52677ddd336c,D,CB57330009,Shoulder/Lap Belt(s),M,b62f3c5a-1a55-4658-9e38-a9f81abbc42f,Single Vehicle ,N,Non Intersection,Right Turn Lane,Dark No Lights,No Defects,"Two-way, Not Divided",Ice,Cloudy,Roof Top,Pickup Truck,Disabling,N,Skidding,2015-03-02 21:01,57,39.251431,-77.0552516
N,Apparently Normal,No Misuse,N,Possible Incapacitating Injury,038ca423-2082-4778-8e89-de7caccf1366,D,CB58460006,Shoulder/Lap Belt(s),M,787dfe6f-44ba-4f2b-93c8-bc01f1a9ecf7,Opposite Direction Sideswipe,N,Non Intersection,Right Turn Lane,Daylight,No Defects,"Two-way, Not Divided",Dry,Clear,Seven o'clock,(Sport) Utility Vehicle,Disabling,N,Moving Constant Speed,2015-03-12 18:55,50,39.13370541,-76.82658792
N,Apparently Normal,No Misuse,Y,Possible Incapacitating Injury,f8b217b6-f35a-4ae5-b1e0-410080057735,D,CB58460006,Shoulder/Lap Belt(s),M,d9557a7a-60a3-43ea-bbaf-287b0b6ddd93,Opposite Direction Sideswipe,N,Non Intersection,Right Turn Lane,Daylight,No Defects,"Two-way, Not Divided",Dry,Clear,Eleven o'clock,(Sport) Utility Vehicle,Functional,N,Moving Constant Speed,2015-03-12 18:55,54,39.13370541,-76.82658792
N,Apparently Normal,No Misuse,N,Possible Incapacitating Injury,d2867a67-dbd2-40b4-84d8-d2a221e1fb66,D,CC0241000C,Shoulder/Lap Belt(s),M,39148015-5277-418e-b1a2-152b3241232b,Same Direction Rear End,N,Non Intersection,Right Turn Lane,Dark Lights On,No Defects,"Two-way, Divided, Positive Median Barrier",Snow,Wintry Mix,Six o'clock,Passenger Car,Disabling,N,Moving Constant Speed,2015-02-14 23:21,33,38.95519563,-76.96320891
N,Apparently Normal,No Misuse,Y,Possible Incapacitating Injury,fd242fd7-7ceb-4772-b0fd-42b725930ff7,D,CD0616000K,Shoulder/Lap Belt(s),M,96a6576a-96c5-40d9-a26c-6440eecead4e,Head On Left Turn,N,Intersection Related,Right Turn Lane,Dark Lights On,No Defects,"Two-way, Not Divided",Dry,Cloudy,One o'clock,Passenger Car,Destroyed,N,Making Left Turn,2015-02-28 22:38,86,38.52964861,-76.97885156
N,Apparently Normal,No Misuse,Y,Possible Incapacitating Injury,6bbbd404-9389-4d00-a2c1-adddfcaf65e4,D,CE45080005,Shoulder/Lap Belt(s),M,a6bbe99c-6f16-4040-ba3d-fc8eb7c9fd08,Single Vehicle ,N,Non Intersection,Left Turn Lane,Daylight,No Defects,"Two-way, Divided, Positive Median Barrier",Ice,Clear,Two o'clock,Pickup Truck,Destroyed,N,Moving Constant Speed,2015-03-02 7:22,37,39.09331921,-76.86916798
N,Apparently Normal,No Misuse,Y,Possible Incapacitating Injury,af2e17ad-2bef-4278-a042-a6346cc6e49d,D,CX01270002,Shoulder/Lap Belt(s),M,b7312258-086d-4dd5-9ce3-0c6101c1ab6f,Single Vehicle ,N,Non Intersection,Left Turn Lane,Dark Lights On,No Defects,"Two-way, Divided, Positive Median Barrier",Wet,Wintry Mix,Twelve o'clock,Passenger Car,Disabling,N,Moving Constant Speed,2015-03-05 5:40,21,38.02882506,-75.54143429
N,Apparently Normal,No Misuse,N,Possible Incapacitating Injury,719509cc-d284-42f7-a36d-7331f792bf9c,D,DA18690002,Shoulder/Lap Belt(s),M,a0e16c7e-71b1-4d52-ba61-e886ca8358fb,Head On Left Turn,N,Intersection,Left Turn Lane,Dark Lights On,No Defects,"Two-way, Divided, Positive Median Barrier",Dry,Clear,One o'clock,Passenger Car,Disabling,N,Making Left Turn,2015-01-05 5:14,34,38.88674044,-76.89807415
N,Apparently Normal,No Misuse,Y,Possible Incapacitating Injury,a7ba8e13-cb13-4205-a72b-6369d59508bc,D,DA18690002,Shoulder/Lap Belt(s),M,621e67c5-97e7-404a-b854-15a942d53405,Head On Left Turn,N,Intersection,Left Turn Lane,Dark Lights On,No Defects,"Two-way, Divided, Positive Median Barrier",Dry,Clear,Twelve o'clock,Passenger Car,Disabling,N,Moving Constant Speed,2015-01-05 5:14,46,38.88674044,-76.89807415
N,Had Been Drinking,No Misuse,Y,Possible Incapacitating Injury,d2291985-9551-4e2b-ab32-63992bd87d7b,D,DA28090006,Shoulder/Lap Belt(s),M,8d8b90a3-6ad6-4d76-954b-ac70b7b443ce,Same Direction Rear End,N,Non Intersection,Right Turn Lane,Dark Lights On,No Defects,"Two-way, Divided, Positive Median Barrier",Dry,Clear,Twelve o'clock,Passenger Car,Disabling,N,Moving Constant Speed,2015-02-21 2:06,26,38.93414274,-76.91347003
N,Apparently Normal,No Misuse,Y,Possible Incapacitating Injury,36234ace-2b8e-4b91-bd59-87faec805ccb,D,DA32440007,Shoulder/Lap Belt(s),M,56681711-669a-41d2-bbb0-cdf7cd167023,Head On Left Turn,N,Intersection,Left Turn Lane,Dark Lights On,No Defects,"Two-way, Divided, Positive Median Barrier",Dry,Clear,Two o'clock,Passenger Car,Destroyed,N,Making Left Turn,2015-03-07 20:25,28,39.00422802,-76.98092222
N,Apparently Normal,No Misuse,Y,Possible Incapacitating Injury,e4cf93cc-d27d-46af-99fe-63c9d7b42c8e,D,DA3361002C,MC/Bike Helmet,M,17a6f8c2-24f1-47b0-9c91-ea69aaa0a044,Single Vehicle ,N,Non Intersection,Left Turn Lane,Daylight,No Defects,"Two-way, Divided, Positive Median Barrier",Dry,Clear,Three o'clock,Motorcycle,Disabling,N,Accelerating,2015-03-31 14:18,30,38.99250471,-76.95745826
N,Apparently Normal,No Misuse,Y,Possible Incapacitating Injury,66b602cf-4a27-4c63-a59f-6689b1faddb8,D,DA35660008,Shoulder/Lap Belt(s),M,c28a48cc-228f-461d-84d4-7bd45b268102,Single Vehicle ,N,Intersection Related,Right Turn Lane,Dark Lights On,No Defects,"Two-way, Not Divided",Dry,Clear,Twelve o'clock,Passenger Car,Functional,N,Making Left Turn,2015-01-22 23:50,72,39.0006512,-76.92475677
N,Apparently Normal,No Misuse,Y,Possible Incapacitating Injury,7620fed4-2e2f-4930-a4c8-81cb9197a6ad,D,DA35660009,Shoulder/Lap Belt(s),M,bb4641f9-a664-4624-8352-5e4ed468f4ab,Single Vehicle ,N,Non Intersection,Right Turn Lane,Dark Lights On,No Defects,"Two-way, Divided, Unprotected (painted >4 feet) Median",Wet,Raining,Twelve o'clock,Pickup Truck,Disabling,N,Moving Constant Speed,2015-01-24 1:23,35,39.00208529,-76.9514823
N,Apparently Normal,No Misuse,Y,Possible Incapacitating Injury,1da4606d-7b11-445f-a2a7-2d5fe781883b,D,DA36410007,Shoulder Belt Only,M,e1ec64f2-2efc-410b-b225-c50b9f9d338a,Single Vehicle ,N,Non Intersection,Right Turn Lane,Daylight,No Defects,One-way Trafficway,Dry,Clear,Twelve o'clock,Passenger Car,Disabling,N,Accelerating,2015-01-17 14:21,22,39.09110839,-76.91471457
N,Apparently Normal,No Misuse,Y,Possible Incapacitating Injury,1abdb709-b363-4e69-9508-24a416af5399,D,DA3689000G,Shoulder/Lap Belt(s),M,3f79ae17-a121-459c-b9e1-3b97263afba3,Single Vehicle ,N,Non Intersection,Left Turn Lane,Daylight,No Defects,"Two-way, Divided, Positive Median Barrier",Ice,Severe Winds,One o'clock,Pickup Truck,Destroyed,N,Moving Constant Speed,2015-02-15 9:14,29,38.98967781,-76.95377827
N,Apparently Normal,No Misuse,Y,Possible Incapacitating Injury,4bd15634-0a7c-4d9b-b96c-1613c5122958,D,DA3689000J,Shoulder/Lap Belt(s),M,05c97446-6df6-47d3-bb38-57aa29f972e9,Single Vehicle ,N,Intersection,Acceleration Lane,Daylight,No Defects,"Two-way, Divided, Positive Median Barrier",Ice,Severe Winds,Twelve o'clock,Passenger Car,Destroyed,N,Moving Constant Speed,2015-02-15 13:30,45,38.98359002,-76.9760406