CDL_FLAG,CONDITION_CODE,EQUIP_PROB_CODE,FAULT_FLAG,INJ_SEVER_CODE,PERSON_ID,PERSON_TYPE,REPORT_NO,SAF_EQUIP_CODE,SEX_CODE,VEHICLE_ID,COLLISION_TYPE_CODE,C_M_ZONE_FLAG,JUNCTION_CODE,LANE_CODE,LIGHT_CODE,RD_COND_CODE,RD_DIV_CODE,SURF_COND_CODE,WEATHER_CODE,AREA_DAMAGED_CODE_MAIN,BODY_TYPE_CODE,DAMAGE_CODE,HIT_AND_RUN_FLAG,MOVEMENT_CODE,TIME,AGE,LATITUDE,LONGITUDE
N,Apparently Asleep,No Misuse,Y,No Injury,ec8c9c1e-b8b0-4294-96f9-da4eeef0e591,D,ZA05290008,Shoulder/Lap Belt(s),M,4fed97c8-cc34-4a2b-9542-8d47a3eb85bf,Head On,N,Non Intersection,Right Turn Lane,Dark Lights On,No Defects,"Two-way, Not Divided",Dry,Clear,Twelve o'clock,Passenger Car,Destroyed,N,Moving Constant Speed,2015-02-19 5:57,24,39.58432546,-78.84346962
N,Apparently Normal,No Misuse,Y,Possible Incapacitating Injury,99c1a7ef-5cfe-4db7-9fa9-3fef8c305bd2,D,ZA05310004,Shoulder/Lap Belt(s),M,51c3e651-6748-4680-9ebb-c1d5744213e5,Single Vehicle ,N,Non Intersection,Right Turn Lane,Dark Lights On,No Defects,"Two-way, Divided, Positive Median Barrier",Ice,Wintry Mix,Nine o'clock,"Cargo Van/Light Truck 2 axles (10,000 lbs (4,536 kg) or less)",Destroyed,N,Moving Constant Speed,2015-01-12 0:41,20,39.70642729,-78.34157467
N,Apparently Normal,No Misuse,Y,Possible Incapacitating Injury,8fcd52da-6d08-416c-8fdb-1f1d06a33d85,D,ZF0432000J,Shoulder/Lap Belt(s),M,58e428e7-1931-4a14-a6eb-d2d6d930e2d7,Single Vehicle ,N,Non Intersection,Right Turn Lane,Daylight,No Defects,"Two-way, Not Divided",Dry,Clear,Twelve o'clock,Pickup Truck,Destroyed,N,Moving Constant Speed,2015-03-17 7:20,70,39.45813976,-76.91108823
N,Apparently Normal,No Misuse,Y,Possible Incapacitating Injury,000816a1-59b1-402e-892f-1a2544f5c698,D,ZF0449000R,Shoulder/Lap Belt(s),M,f824ba56-22de-48d8-91c8-9ec172db6c69,Single Vehicle ,N,Non Intersection,Right Turn Lane,Daylight,No Defects,"Two-way, Not Divided",Ice,Clear,Nine o'clock,"Cargo Van/Light Truck 2 axles (10,000 lbs (4,536 kg) or less)",Disabling,N,Moving Constant Speed,2015-03-10 7:51,39,39.54361555,-76.92474604
N,Apparently Normal,No Misuse,Y,Possible Incapacitating Injury,49fd4d26-d471-4e0a-913b-5f6b7a2c0728,D,ZF04690009,Shoulder/Lap Belt(s),M,c767a58b-f601-4021-9b73-a355a9720792,Single Vehicle ,N,Non Intersection,Right Turn Lane,Daylight,No Defects,"Two-way, Divided, Unprotected (painted >4 feet) Median",Wet,Raining,Twelve o'clock,Passenger Car,Disabling,N,Moving Constant Speed,2015-03-10 13:01,23,39.65793457,-76.91957474
N,Apparently Normal,No Misuse,Y,Possible Incapacitating Injury,ca967330-7dbc-4f20-96d4-5876331e79ed,D,ZG06670006,Shoulder/Lap Belt(s),M,7260d0c7-09e6-45a3-9f89-fc15c7d263d4,Single Vehicle ,N,Non Intersection,Right Turn Lane,Daylight,No Defects,"Two-way, Not Divided",Wet,Clear,Twelve o'clock,Passenger Car,Disabling,N,Skidding,2015-02-02 13:00,22,39.68179298,-76.10057831
N,Apparently Normal,Air Bag Failed,Y,Possible Incapacitating Injury,1a90a963-f614-48ac-94fa-4056276d5f8e,D,ZH0568000L,Shoulder/Lap Belt(s),M,8c71bafd-6df8-49e5-8369-f22e45a88a3f,Single Vehicle ,N,Non Intersection,Right Turn Lane,Dark No Lights,No Defects,"Two-way, Not Divided",Ice,Foggy,Twelve o'clock,Passenger Car,Destroyed,N,Negotiating a Curve,2015-01-19 0:41,22,38.62116235,-76.864568
N,Apparently Normal,No Misuse,Y,Possible Incapacitating Injury,36d8e80d-f442-4d89-8f73-fd7c7e3a063e,D,ZI01990001,MC/Bike Helmet and Eye Protection,M,3af819c9-f83a-4d3e-b1fd-db96df691028,Single Vehicle ,N,Intersection,Right Turn Lane,Daylight,No Defects,"Two-way, Not Divided",Dry,Clear,Twelve o'clock,Motorcycle,Disabling,N,Moving Constant Speed,2015-03-22 7:28,44,38.65408059,-75.87254763
N,Apparently Normal,No Misuse,Y,Possible Incapacitating Injury,e16f17fc-f176-4e43-ae35-650eb60bca5d,D,ZJ03750009,Shoulder/Lap Belt(s),M,0085d932-2950-41ee-b95d-44c9c0dd35a3,Single Vehicle ,N,Non Intersection,Right Turn Lane,Dark Lights On,Loose Surface Material,"Two-way, Not Divided",Slush,Sleet,Underside,Pickup Truck,Disabling,N,Moving Constant Speed,2015-01-24 2:27,32,39.373236,-77.41410683
N,Apparently Normal,No Misuse,Y,Possible Incapacitating Injury,6a4da012-a577-453a-8d55-ccb81580b10e,D,ZJ0427002K,Shoulder/Lap Belt(s),M,60fc8c40-d2c8-4984-aee0-b6cb1810cbed,Single Vehicle ,N,Non Intersection,Right Turn Lane,Daylight,No Defects,"Two-way, Not Divided",Wet,Raining,Two o'clock,Passenger Car,Disabling,N,Moving Constant Speed,2015-03-20 15:55,53,39.36096035,-77.3857685
Y,Apparently Normal,No Misuse,Y,Possible Incapacitating Injury,ff545b7b-4118-4dd8-81ef-b5be388539e0,D,ZJ0435000F,Shoulder/Lap Belt(s),M,c437d28b-9e78-4a70-a4a3-0c6cbfc2d5a7,Single Vehicle ,N,Non Intersection,Right Turn Lane,Dark No Lights,No Defects,"Two-way, Not Divided",Snow,Blowing Snow,Twelve o'clock,Passenger Car,Disabling,N,Moving Constant Speed,2015-01-25 2:35,31,39.53823761,-77.58665085
N,Apparently Normal,No Misuse,Y,Possible Incapacitating Injury,d923dac0-d2b1-42f3-8f73-0c9106073646,D,ZJ0435000H,Shoulder/Lap Belt(s),M,ed358f0f-5343-4494-9da7-702117ad9051,Single Vehicle ,N,Non Intersection,Right Turn Lane,Dark No Lights,No Defects,"Two-way, Not Divided",Dry,Clear,Six o'clock,Passenger Car,Destroyed,N,Moving Constant Speed,2015-01-31 4:37,21,39.41644826,-77.21071243
N,Apparently Normal,No Misuse,Y,Possible Incapacitating Injury,ddc8d16f-5302-40df-a0ee-22306c0fd5e3,D,ZJ04810008,Shoulder/Lap Belt(s),M,ca2c39f7-7082-41ae-9235-79db5626f5c9,Single Vehicle ,N,Non Intersection,Left Turn Lane,Daylight,No Defects,"Two-way, Divided, Positive Median Barrier",Ice,Clear,One o'clock,Passenger Car,Disabling,N,Skidding,2015-02-15 8:54,48,39.39415967,-77.4148745
N,Apparently Normal,No Misuse,Y,Possible Incapacitating Injury,f20b5da0-5198-4c9a-b013-2eb8f2118ac9,D,ZK0134000B,Shoulder/Lap Belt(s),M,6f4acba4-50ea-4a44-b45f-f86c30fdea07,Single Vehicle ,N,Non Intersection,Right Turn Lane,Dusk,No Defects,"Two-way, Not Divided",Dry,Clear,Twelve o'clock,Passenger Car,Destroyed,N,Moving Constant Speed,2015-02-28 17:59,55,39.33096764,-79.45704773
N,Apparently Normal,No Misuse,Y,Possible Incapacitating Injury,cb03624f-8462-41b1-98f7-3d9804e72318,D,ZK0204000B,Shoulder/Lap Belt(s),M,155fb49e-dbd0-4d71-b785-fe871c26177e,Single Vehicle ,N,Non Intersection,Right Turn Lane,Daylight,No Defects,"Two-way, Not Divided",Snow,Snow,Ten o'clock,Station Wagon,Disabling,N,Moving Constant Speed,2015-03-01 11:51,69,39.47902791,-79.14165884
N,Apparently Normal,No Misuse,Y,Possible Incapacitating Injury,2b94c6b0-8a3d-408d-98d9-b491a2a5a325,D,ZS65260003,Shoulder/Lap Belt(s),M,10bbf08c-9f43-4ee8-8740-f7a3d1a36542,Single Vehicle ,N,Non Intersection,Right Turn Lane,Dark No Lights,Loose Surface Material,"Two-way, Not Divided",Snow,Snow,Twelve o'clock,(Sport) Utility Vehicle,Disabling,N,Moving Constant Speed,2015-02-16 17:50,24,38.08593231,-75.74875832
N,Apparently Normal,No Misuse,Y,Possible Incapacitating Injury,9b751677-a9eb-4a63-8980-73db293cd87d,D,ZVW264000H,Shoulder/Lap Belt(s),M,877998db-11c2-46e9-80ed-53d95124a590,Single Vehicle ,N,Non Intersection,Right Turn Lane,Daylight,No Defects,"Two-way, Not Divided",Ice,Sleet,Twelve o'clock,Passenger Car,Destroyed,N,Moving Constant Speed,2015-03-01 17:37,26,38.1835,-75.3446
N,Apparently Normal,No Misuse,N,Incapacitating/Disabled Injury,bab7eb96-c73f-4f7d-a779-147b4c88f897,D,AC1222001R,Shoulder/Lap Belt(s),M,12a70f14-3164-4418-b6ab-f19bad3b8b84,Same Movement Angle,N,Intersection,Right Turn Lane,Dark Lights On,No Defects,"Two-way, Not Divided",Dry,Clear,Twelve o'clock,Passenger Car,Disabling,N,Moving Constant Speed,2015-02-08 18:07,24,39.00624564,-76.67772532
N,Apparently Normal,No Misuse,Y,Incapacitating/Disabled Injury,2ade905a-e10c-4b7e-864f-4bc5ad67ae93,D,AC1222001R,Shoulder/Lap Belt(s),M,9e5a0820-1498-4820-b642-1ac98fe36b0d,Same Movement Angle,N,Intersection,Right Turn Lane,Dark Lights On,No Defects,"Two-way, Not Divided",Dry,Clear,Eleven o'clock,(Sport) Utility Vehicle,Disabling,N,Making Left Turn,2015-02-08 18:07,59,39.00624564,-76.67772532
N,Apparently Normal,No Misuse,Y,Incapacitating/Disabled Injury,9ad8171f-6b67-4527-8864-b7f7bd9d2806,D,ADH7370003,None  ,M,bcf72d6f-460c-45bd-97c1-e61b82ac6e8c,Single Vehicle ,N,Non Intersection,Right Turn Lane,Dark Lights On,No Defects,"Two-way, Not Divided",Ice,Clear,Twelve o'clock,Passenger Car,Destroyed,N,Moving Constant Speed,2015-02-23 22:42,19,39.32552554,-76.68233871
N,Apparently Normal,Belt(s) Misused,Y,Incapacitating/Disabled Injury,797339b4-8da7-4530-9b3c-c1acb07198c0,D,AE3900000D,Lap Belt Only,M,23ec57e8-8441-4db7-8a31-37dee760fa58,Head On Left Turn,N,Intersection,Right Turn Lane,Daylight,No Defects,"Two-way, Divided, Positive Median Barrier",Wet,Cloudy,Twelve o'clock,Passenger Car,Destroyed,N,Moving Constant Speed,2015-03-14 15:04,26,39.300496,-76.490688
N,Apparently Normal,No Misuse,Y,Incapacitating/Disabled Injury,6173fc31-d5f6-4fd5-bf3b-53f48d70c8b3,D,AE57940007,Shoulder/Lap Belt(s),M,d7711d6a-1419-44d4-8ece-b8974bf6a476,Single Vehicle ,N,Non Intersection,Right Turn Lane,Daylight,No Defects,"Two-way, Divided, Unprotected (painted >4 feet) Median",Wet,Raining,Twelve o'clock,(Sport) Utility Vehicle,Superficial,N,Moving Constant Speed,2015-01-03 8:57,51,39.41759622,-76.71162844
N,Apparently Normal,No Misuse,Y,Incapacitating/Disabled Injury,c086ec9a-cab8-468a-acc9-56afb12da898,D,CB5267000V,Shoulder Belt Only,M,7d4b5189-e4d9-4dab-a6cf-17ddd8907dec,Same Direction Rear End,N,Non Intersection,Right Turn Lane,Dark Lights On,No Defects,"Two-way, Not Divided",Dry,Clear,Nine o'clock,Passenger Car,Disabling,N,Negotiating a Curve,2015-02-12 22:13,24,39.14292569,-76.78905308
N,Apparently Normal,No Misuse,N,Incapacitating/Disabled Injury,7cd2c553-3182-4d6a-aed1-8ed90473a311,D,DA36580003,Shoulder/Lap Belt(s),M,924caad0-88ef-4224-8bb1-69ede877bb8e,Head On,N,Non Intersection,Right Turn Lane,Dark Lights On,No Defects,"Two-way, Divided, Unprotected (painted >4 feet) Median",Dry,Clear,Twelve o'clock,Passenger Car,Disabling,N,Moving Constant Speed,2015-01-16 19:04,56,38.80705039,-76.90087438
N,Apparently Normal,No Misuse,Y,Incapacitating/Disabled Injury,dca86012-45ae-4397-b2c5-e135e80fb0c4,D,DA38980005,Shoulder/Lap Belt(s),M,0495fbc5-4395-479b-bfc4-700bb07792dd,Single Vehicle ,N,Non Intersection,Right Turn Lane,Dark No Lights,No Defects,"Two-way, Not Divided",Ice,Clear,Twelve o'clock,Pickup Truck,Disabling,N,Moving Constant Speed,2015-01-19 4:48,28,38.67627175,-76.9430387
N,Apparently Normal,No Misuse,Y,Incapacitating/Disabled Injury,e18e2e41-2d59-47cd-b15a-0ff122d43c49,D,MCP10220021,Shoulder/Lap Belt(s),M,e6db6acb-9e02-499a-a7f1-99cbd0c17e8f,Single Vehicle ,N,Non Intersection,Right Turn Lane,Daylight,No Defects,"Two-way, Not Divided",Snow,Snow,Three o'clock,Passenger Car,Disabling,N,Moving Constant Speed,2015-01-21 13:48,39,39.33635539,-77.18567133
N,Apparently Normal,No Misuse,N,Incapacitating/Disabled Injury,4c4bea94-a87e-4ad1-a0d1-1d726c459b80,D,MCP1366002W,Shoulder/Lap Belt(s),M,7d555904-2256-4312-b096-6dd352a5914f,Single Vehicle ,N,Intersection,Right Turn Lane,Daylight,No Defects,"Two-way, Not Divided",Dry,Clear,Eleven o'clock,Pickup Truck,Destroyed,N,Skidding,2015-03-27 14:08,24,39.19663,-77.46125333
N,Apparently Normal,No Misuse,Y,Incapacitating/Disabled Injury,6930adb7-e353-4dee-a23f-e9ffb1b28f78,D,MCP9432000M,MC/Bike Helmet,M,eec79dde-6db9-422f-8ab1-088957c4d045,Single Vehicle ,N,Intersection Related,Right Turn Lane,Daylight,No Defects,"Two-way, Not Divided",Dry,Clear,Twelve o'clock,Motorcycle,Superficial,N,Accelerating,2015-02-04 15:32,22,39.18635667,-77.24127
N,Apparently Normal,No Misuse,Y,Incapacitating/Disabled Injury,6d4054b8-b667-477f-a163-3643053cdbcd,D,MSP54160017,Shoulder/Lap Belt(s),M,9c688ff0-20cb-4375-aff3-6f825ee42a7e,Single Vehicle ,N,Non Intersection,Right Turn Lane,Dark No Lights,No Defects,"Two-way, Not Divided",Snow,Snow,Five o'clock,Pickup Truck,Disabling,N,Negotiating a Curve,2015-01-14 5:17,52,38.34804767,-76.80722643
N,Apparently Normal,No Misuse,Y,Incapacitating/Disabled Injury,36f7fd6a-7c54-4f1b-9fa9-3c7723d2dc9e,D,MSP5910001Q,Shoulder/Lap Belt(s),M,240cb2f6-561f-4b0e-8fa9-53fb4ee8f1b7,Single Vehicle ,N,Non Intersection,Right Turn Lane,Daylight,No Defects,"Two-way, Not Divided",Ice,Sleet,Twelve o'clock,Passenger Car,Disabling,N,Moving Constant Speed,2015-03-05 8:35,61,38.54685922,-77.02725043
N,Apparently Normal,No Misuse,Y,Incapacitating/Disabled Injury,769f46c3-6665-486e-b9f6-62d12a7e96b5,D,MSP61510037,Shoulder/Lap Belt(s),M,7a2169c2-ee9e-42ee-ad9a-0390dbb14a3f,Single Vehicle ,N,Non Intersection,Right Turn Lane,Dark No Lights,No Defects,"Two-way, Divided, Positive Median Barrier",Wet,Raining,Five o'clock,Passenger Car,Disabling,N,Moving Constant Speed,2015-01-26 22:20,21,39.18355633,-76.781972
N,Apparently Normal,No Misuse,Y,Incapacitating/Disabled Injury,735089e8-6cca-40d8-96f4-61a6d96d6acc,D,ZR0309000D,Shoulder/Lap Belt(s),M,cfe2fd24-e6ac-4b0f-ae7b-b088d31cbb0c,Single Vehicle ,N,Non Intersection,Right Turn Lane,Daylight,No Defects,"Two-way, Not Divided",Wet,Raining,Twelve o'clock,Passenger Car,Destroyed,N,Moving Constant Speed,2015-03-30 8:40,74,38.26071018,-76.40841007
N,Apparently Normal,No Misuse,Y,Fatal Injury,3beac4fa-bc4d-461a-baf5-0bf99f729690,D,CB47180004,Shoulder/Lap Belt(s),M,6298289c-07fa-4f15-ad27-965dfd92bdc8,Single Vehicle ,N,Non Intersection,Right Turn Lane,Daylight,No Defects,One-way Trafficway,Dry,Clear,Nine o'clock,Passenger Car,Destroyed,N,Accelerating,2015-02-11 7:24,22,39.17583172,-76.83636725
N,Had Been Drinking,No Misuse,Y,No Injury,02759ae1-e789-4b1e-b378-e0ecb4f98b27,D,AB45180026,Shoulder/Lap Belt(s),M,c650c70c-679d-41c0-859c-0d36db3d9836,Same Direction Sideswipe,N,Non Intersection,Right Turn Lane,Dark Lights On,No Defects,"Two-way, Not Divided",Dry,Clear,One o'clock,Passenger Car,Disabling,Y,Accelerating,2015-02-12 21:20,56,38.97952112,-76.48563087
N,Had Been Drinking,No Misuse,Y,No Injury,97fc4279-41e5-423e-91f7-07286e8346bf,D,AC1484000M,Shoulder/Lap Belt(s),M,44c93910-83e4-44c3-9296-fdc6f2a0c7a6,Single Vehicle ,N,Intersection,Right Turn Lane,Dark Lights On,No Defects,"Two-way, Divided, Unprotected (painted >4 feet) Median",Ice,Clear,Twelve o'clock,Passenger Car,Superficial,N,Making Left Turn,2015-01-10 0:39,50,38.99217949,-76.69407606
N,Had Been Drinking,No Misuse,Y,No Injury,73afeed5-5d05-472f-a235-a46d03269c33,D,AC1564000B,Shoulder/Lap Belt(s),M,be52973c-6798-4d88-8c8e-b5ee712084f6,Head On,N,Non Intersection,Right Turn Lane,Dark Lights On,No Defects,"Two-way, Not Divided",Wet,Raining,Twelve o'clock,(Sport) Utility Vehicle,Functional,Y,Moving Constant Speed,2015-03-14 0:13,32,38.91266922,-76.57442168
N,Had Been Drinking,No Misuse,Y,No Injury,5a20e116-d289-4df6-8cab-98d4c55ba524,D,AC1643000B,Shoulder/Lap Belt(s),M,9f43c636-a415-413e-a255-21171b0cdab6,Single Vehicle ,N,Intersection,Acceleration Lane,Dark Lights On,No Defects,"Two-way, Divided, Positive Median Barrier",Dry,Clear,One o'clock,Passenger Car,Disabling,N,Slowing or Stopping,2015-01-17 19:53,27,39.02966911,-76.68527842
N,Had Been Drinking,No Misuse,Y,No Injury,f0b34e85-ac3c-4384-95ea-7c03ce5bcf32,D,AC1681000D,Shoulder/Lap Belt(s),M,91d990ba-74a1-4839-92ac-ba7d2cc9cdab,Single Vehicle ,N,Non Intersection,Left Turn Lane,Dark Lights On,No Defects,"Two-way, Divided, Positive Median Barrier",Ice,Clear,One o'clock,Passenger Car,Disabling,N,Moving Constant Speed,2015-02-19 0:14,33,39.15159564,-76.63541079
N,Had Been Drinking,No Misuse,Y,No Injury,b0e3c316-55ab-4e75-8668-331552facd9b,D,AC16880008,Shoulder/Lap Belt(s),M,90172a3d-5ad8-4767-8eda-506ee70b3a7c,Single Vehicle ,N,Non Intersection,Right Turn Lane,Dark Lights On,No Defects,"Two-way, Not Divided",Wet,Clear,Twelve o'clock,Passenger Car,Disabling,N,Moving Constant Speed,2015-03-21 0:38,66,38.90752628,-76.67252177
N,Had Been Drinking,No Misuse,Y,No Injury,982285b8-878a-4c6f-b46e-283b0c28b4f1,D,AC1821000N,Shoulder/Lap Belt(s),M,1fe2c5d3-c4ed-4463-b3da-f2d7bf606715,Single Vehicle ,N,Non Intersection,Right Turn Lane,Dark No Lights,No Defects,One-way Trafficway,Dry,Clear,Twelve o'clock,Passenger Car,Disabling,N,Leaving Traffic Lane,2015-02-08 23:39,25,39.06930461,-76.6367197
N,Had Been Drinking,No Misuse,Y,No Injury,050a6c99-8bc5-4b82-a167-73930d44097e,D,AC1881000H,Shoulder/Lap Belt(s),M,1e611da2-dcdd-4419-954a-8afc76e1b654,Single Vehicle ,N,Intersection,Left Turn Lane,Dark Lights On,No Defects,"Two-way, Divided, Positive Median Barrier",Dry,Clear,Twelve o'clock,Passenger Car,Disabling,N,Moving Constant Speed,2015-01-11 0:48,27,38.933375,-76.56780333
N,Had Been Drinking,No Misuse,Y,No Injury,370cb467-dc87-419d-9399-41bb30ab4b10,D,AC1922000C,Shoulder/Lap Belt(s),M,c68158d9-aaba-496f-bbaf-bc5d86f04f39,Single Vehicle ,N,Intersection,Deceleration Lane,Dark Lights On,No Defects,"Two-way, Divided, Positive Median Barrier",Dry,Clear,Eleven o'clock,(Sport) Utility Vehicle,Disabling,N,Moving Constant Speed,2015-01-17 2:32,33,39.03175476,-76.68444425
N,Had Been Drinking,No Misuse,Y,No Injury,fd58478e-8713-46be-abad-e1493570213e,D,AC1926000Z,Shoulder/Lap Belt(s),M,4f4c2941-3ec2-4368-818d-4c57585f727a,Single Vehicle ,N,Non Intersection,Left Turn Lane,Dawn,No Defects,"Two-way, Divided, Positive Median Barrier",Dry,Clear,Twelve o'clock,Passenger Car,Disabling,N,Skidding,2015-02-07 7:00,50,38.93572004,-76.56689644
N,Had Been Drinking,No Misuse,Y,No Injury,eaac5e10-e484-4bd1-a99f-86f781f7667e,D,ADG1820005,Shoulder/Lap Belt(s),M,c7069421-6be2-4aa6-b63e-f727ab477ee1,Same Direction Right Turn,N,Non Intersection,Left Turn Lane,Dark Lights On,No Defects,"Two-way, Not Divided",Dry,Clear,Twelve o'clock,Passenger Car,Disabling,N,Moving Constant Speed,2015-03-30 1:15,42,39.29924478,-76.60369635
N,Had Been Drinking,No Misuse,Y,No Injury,8375fcca-eb3b-4e17-9c22-402765ba37dd,D,ADJ3940001,Shoulder/Lap Belt(s),M,23f66739-5cb1-4c1d-8318-662e48b1afa6,Single Vehicle ,N,Non Intersection,Right Turn Lane,Dark Lights On,No Defects,One-way Trafficway,Dry,Clear,Twelve o'clock,Passenger Car,Disabling,N,Moving Constant Speed,2015-01-02 2:19,23,39.29509341,-76.6146934
N,Had Been Drinking,No Misuse,Y,No Injury,76d54a24-95e6-451e-bcca-ed9c9dc02285,D,AE32510007,Shoulder/Lap Belt(s),M,da683ac2-1933-4e2b-b491-b5dcd55462f4,Single Vehicle ,N,Non Intersection,Right Turn Lane,Dark Lights On,No Defects,"Two-way, Divided, Unprotected (painted >4 feet) Median",Wet,Clear,One o'clock,(Sport) Utility Vehicle,Destroyed,N,Moving Constant Speed,2015-02-18 23:43,20,39.43364908,-76.52739286
N,Had Been Drinking,No Misuse,Y,No Injury,aa2242d4-3c36-4fdc-b30b-d45a856184aa,D,AE38040013,Shoulder/Lap Belt(s),M,7759aec1-1af3-43b3-8567-ddf103112680,Same Direction Sideswipe,N,Non Intersection,Right Turn Lane,Dark Lights On,No Defects,"Two-way, Not Divided",Wet,Cloudy,One o'clock,Passenger Car,Disabling,N,Moving Constant Speed,2015-03-20 22:15,23,39.25714678,-76.70266449
N,Had Been Drinking,No Misuse,Y,No Injury,971c58fb-72a8-40ef-a53a-432ba7930cce,D,AE40900003,Shoulder/Lap Belt(s),M,0f162019-2834-4b1b-9934-b55d889ce3ae,Single Vehicle ,N,Non Intersection,Right Turn Lane,Dark Lights On,No Defects,"Two-way, Not Divided",Dry,Cloudy,Roof Top,Passenger Car,Disabling,N,Moving Constant Speed,2015-03-20 22:23,45,39.47333854,-76.48545384
N,Had Been Drinking,No Misuse,Y,No Injury,71af1ca4-e873-4896-a1ca-a918d0140a17,D,AE45760006,Shoulder/Lap Belt(s),M,89b1d2b1-e9ef-42b4-865c-2ab89599e80c,Single Vehicle ,N,Non Intersection,Left Turn Lane,Dark Lights On,No Defects,"Two-way, Not Divided",Snow,Snow,Underside,Passenger Car,Functional,N,Skidding,2015-03-07 2:14,26,39.37258376,-76.45755887
N,Had Been Drinking,No Misuse,Y,No Injury,c0b23b49-a709-4155-8ee7-c18ec813eb99,D,AE46260008,Shoulder/Lap Belt(s),M,44790849-b347-4b8d-a6b5-93b11c19de86,Single Vehicle ,N,Non Intersection,Right Turn Lane,Dark Lights On,No Defects,"Two-way, Not Divided",Dry,Clear,One o'clock,"Cargo Van/Light Truck 2 axles (10,000 lbs (4,536 kg) or less)",Disabling,Y,Moving Constant Speed,2015-03-29 22:40,53,39.47198859,-76.43768907
N,Had Been Drinking,No Misuse,Y,No Injury,b0eef2a9-fb94-4ac2-b2fb-d9366d12d36f,D,AE50090007,Shoulder/Lap Belt(s),M,21686c08-5e38-4d09-af6e-869bb03fa68e,Single Vehicle ,N,Non Intersection,Right Turn Lane,Dark Lights On,No Defects,"Two-way, Divided, Positive Median Barrier",Dry,Clear,Eleven o'clock,Passenger Car,Destroyed,N,Moving Constant Speed,2015-01-31 2:36,30,39.23692345,-76.46690369
N,Had Been Drinking,No Misuse,Y,No Injury,5580af8c-1aff-4e67-93c8-82d34b87f7b9,D,AE51410008,Shoulder/Lap Belt(s),M,52d5caa8-815b-4221-a760-6e4d07f5e550,Single Vehicle ,Y,Non Intersection,Right Turn Lane,Dark No Lights,No Defects,"Two-way, Not Divided",Snow,Clear,Twelve o'clock,Passenger Car,Disabling,N,Moving Constant Speed,2015-02-22 1:20,26,39.39319907,-76.54266
N,Had Been Drinking,No Misuse,Y,No Injury,067c7c06-7903-4188-894d-a8d93e0a7f68,D,AE51610002,Shoulder/Lap Belt(s),M,83aca539-ef4f-4fe6-92e4-471a5b40b79d,Single Vehicle ,N,Non Intersection,Right Turn Lane,Dark Lights On,No Defects,"Two-way, Divided, Unprotected (painted >4 feet) Median",Dry,Clear,Twelve o'clock,(Sport) Utility Vehicle,Functional,N,Starting From Lane,2015-01-03 2:40,32,39.23613816,-76.4734
N,Had Been Drinking,No Misuse,Y,No Injury,bd0c5760-4ae6-40cb-a415-850463e3c371,D,AE5276000J,Shoulder/Lap Belt(s),M,91f3c616-5e27-437a-b082-cfb052232e5f,Single Vehicle ,N,Non Intersection,Right Turn Lane,Dark Lights On,No Defects,"Two-way, Divided, Positive Median Barrier",Dry,Clear,Twelve o'clock,Passenger Car,Functional,N,Negotiating a Curve,2015-03-16 20:02,29,39.37218566,-76.43354774
N,Had Been Drinking,No Misuse,Y,No Injury,9560cd52-0248-4ff8-a509-bdeddc8da8a4,D,AE55660006,Shoulder/Lap Belt(s),M,4c0b4dfb-ccdb-4eb3-b28f-d42cd038e52d,Same Direction Rear End,N,Non Intersection,Right Turn Lane,Dark No Lights,No Defects,"Two-way, Not Divided",Dry,Clear,Twelve o'clock,(Sport) Utility Vehicle,Disabling,Y,Moving Constant Speed,2015-01-05 1:33,41,39.35567067,-76.7232585
N,Had Been Drinking,No Misuse,Y,No Injury,69b5d4c2-d5e8-42bd-86d3-b2abdbb344ba,D,AE56690007,Shoulder/Lap Belt(s),M,97d05bbf-dba5-4bd8-bb19-5f656cd2f0b3,Single Vehicle ,N,Intersection,Right Turn Lane,Dusk,No Defects,"Two-way, Divided, Positive Median Barrier",Dry,Clear,Twelve o'clock,Passenger Car,Destroyed,N,Accelerating,2015-01-25 16:30,30,39.21928767,-76.70362473
N,Had Been Drinking,No Misuse,Y,No Injury,a7d909c1-9467-4b74-ada1-2bd6b9a4a0ec,D,AE57950009,Shoulder/Lap Belt(s),M,650b740d-99c0-4b51-a11e-a9ad828c9df0,Same Direction Rear End,N,Non Intersection,Right Turn Lane,Dark Lights On,No Defects,"Two-way, Not Divided",Dry,Clear,Twelve o'clock,Pickup Truck,Disabling,N,Moving Constant Speed,2015-02-01 1:11,60,39.3664212,-76.35723352
N,Had Been Drinking,No Misuse,Y,No Injury,73b3e566-770b-4876-b32e-bb68df111d77,D,BS04510004,Shoulder/Lap Belt(s),M,a507fe49-7349-49b5-b14a-cdd2f889b9f3,Same Movement Angle,N,Non Intersection,Left Turn Lane,Dark Lights On,No Defects,"Two-way, Not Divided",Dry,Clear,Twelve o'clock,Pickup Truck,Functional,Y,Moving Constant Speed,2015-02-28 1:55,20,39.42369625,-77.41456032
N,Had Been Drinking,No Misuse,Y,No Injury,ca0515fa-9321-4a39-81f8-0ef8d004f6ac,D,BS04560004,Shoulder/Lap Belt(s),M,55b0eb80-537d-4c08-96c0-6670397c692c,Same Direction Rear End,N,Non Intersection,Right Turn Lane,Dark Lights On,No Defects,"Two-way, Not Divided",Wet,Wintry Mix,Twelve o'clock,Passenger Car,Functional,N,Moving Constant Speed,2015-01-24 0:40,23,39.44872065,-77.37020731
N,Had Been Drinking,No Misuse,Y,No Injury,3c1ce8a8-6c1b-4eb9-93d3-72848665e6ce,D,BW01080008,Shoulder/Lap Belt(s),M,a4d35a9f-659d-4055-a6a0-05c4b330a470,Same Direction Rear End,N,Intersection,Left Turn Lane,Dark Lights On,No Defects,"Two-way, Divided, Positive Median Barrier",Dry,Clear,Twelve o'clock,Passenger Car,Destroyed,N,Slowing or Stopping,2015-01-01 5:30,29,38.99630708,-76.89831018