CDL_FLAG,CONDITION_CODE,EQUIP_PROB_CODE,FAULT_FLAG,INJ_SEVER_CODE,PERSON_ID,PERSON_TYPE,REPORT_NO,SAF_EQUIP_CODE,SEX_CODE,VEHICLE_ID,COLLISION_TYPE_CODE,C_M_ZONE_FLAG,JUNCTION_CODE,LANE_CODE,LIGHT_CODE,RD_COND_CODE,RD_DIV_CODE,SURF_COND_CODE,WEATHER_CODE,AREA_DAMAGED_CODE_MAIN,BODY_TYPE_CODE,DAMAGE_CODE,HIT_AND_RUN_FLAG,MOVEMENT_CODE,TIME,AGE,LATITUDE,LONGITUDE
N,Had Been Drinking,No Misuse,Y,No Injury,808816ff-299b-4706-a5f2-19533223e3cb,D,BW0150000N,Shoulder/Lap Belt(s),M,ca6f33bb-64e5-4d7f-a1f1-1789e983073a,Single Vehicle ,N,Intersection,Acceleration Lane,Dark Lights On,No Defects,"Two-way, Divided, Positive Median Barrier",Dry,Clear,Twelve o'clock,Passenger Car,Disabling,N,Accelerating,2015-03-21 3:47,35,38.9939567,-76.8742306
N,Had Been Drinking,No Misuse,Y,No Injury,461fa3b6-c71e-4faf-9224-c58172cf7a7e,D,CC0235000L,Shoulder/Lap Belt(s),M,39fba9d0-065a-4d0b-9c29-6a503be4e519,Same Direction Rear End,N,Non Intersection,Left Turn Lane,Dark Lights On,No Defects,"Two-way, Divided, Positive Median Barrier",Ice,Clear,Twelve o'clock,Passenger Car,Destroyed,Y,Moving Constant Speed,2015-03-01 2:48,31,38.98049588,-76.95480824
N,Had Been Drinking,No Misuse,Y,No Injury,2adf9ed1-1823-45e3-90b9-9e8296315f7c,D,DA3377000B,Shoulder/Lap Belt(s),M,4ff20535-0e4a-4944-9c65-6290f466693d,Single Vehicle ,N,Non Intersection,Right Turn Lane,Dark Lights On,No Defects,"Two-way, Divided, Unprotected (painted >4 feet) Median",Ice,Clear,Twelve o'clock,Pickup Truck,Functional,N,Moving Constant Speed,2015-02-24 21:47,39,38.99067016,-76.96442664
N,Had Been Drinking,No Misuse,Y,No Injury,78144cb3-a213-4ad6-a2ba-4b97e6e11152,D,DA37410010,Shoulder/Lap Belt(s),M,9fc7d024-e293-4028-aa55-74ba7dbb8aee,Single Vehicle ,N,Non Intersection,Right Turn Lane,Dark Lights On,No Defects,"Two-way, Not Divided",Dry,Clear,Five o'clock,(Sport) Utility Vehicle,Functional,N,Moving Constant Speed,2015-03-25 22:45,25,38.8963562,-76.88061297
N,Had Been Drinking,No Misuse,Y,No Injury,c689d9b0-fc27-49e5-90a1-63557537714d,D,DA38700004,Shoulder/Lap Belt(s),M,e85e41dc-85ec-4ae1-9dc0-f699124f69e8,Single Vehicle ,N,Intersection Related,Left Turn Lane,Dark Lights On,No Defects,One-way Trafficway,Wet,Cloudy,One o'clock,(Sport) Utility Vehicle,Functional,N,Moving Constant Speed,2015-01-27 1:10,54,38.91247001,-76.93390846
N,Had Been Drinking,No Misuse,Y,No Injury,4900f9fc-44cd-4dd0-9cce-2075962177e1,D,DA38910004,Shoulder/Lap Belt(s),M,587f09d1-1054-47d3-b49e-a757bd63e6d5,Same Direction Sideswipe,N,Non Intersection,Right Turn Lane,Dark Lights On,No Defects,"Two-way, Not Divided",Dry,Clear,Eleven o'clock,Passenger Car,Functional,Y,Moving Constant Speed,2015-01-09 0:34,26,38.97392352,-76.97066545
N,Had Been Drinking,No Misuse,N,No Injury,7d19b912-694c-487d-99fb-163d962a319f,D,EJ7850000N,Shoulder/Lap Belt(s),M,da740141-0843-490b-9f71-1e8a47bdbd27,Same Movement Angle,N,Intersection,Right Turn Lane,Dark Lights On,No Defects,"Two-way, Divided, Positive Median Barrier",Dry,Foggy,One o'clock,Passenger Car,Functional,N,Moving Constant Speed,2015-03-11 0:00,23,39.11731833,-77.18369333
N,Had Been Drinking,No Misuse,Y,No Injury,1c9a06f6-2ae8-4a0b-a36b-99a9d9dbcc0a,D,EJ7850000N,Shoulder/Lap Belt(s),M,93eeb432-f5ec-41ec-84f2-e5d4cf745dc4,Same Movement Angle,N,Intersection,Right Turn Lane,Dark Lights On,No Defects,"Two-way, Divided, Positive Median Barrier",Dry,Foggy,Eleven o'clock,Passenger Car,Functional,N,Making Right Turn,2015-03-11 0:00,51,39.11731833,-77.18369333
N,Had Been Drinking,No Misuse,Y,No Injury,704b6b8d-1fed-4e48-b336-89e6008efd05,D,MCP2039000S,Shoulder/Lap Belt(s),M,27174327-33ee-4c39-908a-ade45d1f1ee3,Single Vehicle ,N,Non Intersection,Acceleration Lane,Daylight,No Defects,"Two-way, Divided, Positive Median Barrier",Dry,Cloudy,Twelve o'clock,Passenger Car,Destroyed,N,Moving Constant Speed,2015-01-25 8:14,25,39.10232413,-77.07733154
N,Had Been Drinking,No Misuse,Y,No Injury,83e29d45-9947-489d-bfe7-a13d0667943b,D,MCP2384000V,Shoulder/Lap Belt(s),M,6d73f307-30ca-445b-b427-397733ba5132,Same Direction Rear End,N,Non Intersection,Right Turn Lane,Dark Lights On,No Defects,"Two-way, Not Divided",Dry,Clear,Twelve o'clock,Passenger Car,Disabling,N,Moving Constant Speed,2015-03-07 19:32,64,38.980377,-77.21139
N,Had Been Drinking,No Misuse,Y,No Injury,456907bd-b02d-4d2c-93c2-34aafafdd56f,D,MCP2675000K,Shoulder/Lap Belt(s),M,20cd0a46-a8af-4e6e-af01-c52aa5dd4f75,Same Direction Rear End,N,Non Intersection,Right Turn Lane,Dark Lights On,No Defects,"Two-way, Divided, Unprotected (painted >4 feet) Median",Dry,Clear,One o'clock,Pickup Truck,Disabling,N,Moving Constant Speed,2015-02-20 23:48,25,39.03876833,-77.07066833
N,Had Been Drinking,No Misuse,Y,No Injury,add4d0de-3294-4a40-8802-cb9eccd8e53a,D,MCP2806000J,Shoulder/Lap Belt(s),M,d92e94a0-3a7e-40ec-a9c6-e83fc6f79532,Same Direction Rear End,N,Intersection Related,Right Turn Lane,Dark Lights On,No Defects,"Two-way, Divided, Unprotected (painted >4 feet) Median",Dry,Clear,Twelve o'clock,Passenger Car,Superficial,N,Moving Constant Speed,2015-03-22 22:39,29,39.022415,-77.01612167
N,Had Been Drinking,No Misuse,Y,No Injury,3087966b-7350-47b7-9d8b-8e9b73b68648,D,MCP2890000J,Shoulder/Lap Belt(s),M,84bf0a07-3af3-4859-811c-1b2075e2f3be,Single Vehicle ,N,Non Intersection,Right Turn Lane,Dark - Unknown Lighting,No Defects,"Two-way, Not Divided",Dry,Clear,Twelve o'clock,Passenger Car,Disabling,N,Accelerating,2015-02-06 2:57,21,39.20052,-77.242724
N,Had Been Drinking,No Misuse,Y,No Injury,70242b28-ee80-4b6b-8b05-0778fa812e3b,D,MSP1926001H,Shoulder/Lap Belt(s),M,6b129311-b47a-41fa-97c3-ae213c5b5bce,Single Vehicle ,N,Non Intersection,Right Turn Lane,Dark No Lights,No Defects,"Two-way, Not Divided",Dry,Clear,Twelve o'clock,Passenger Car,Destroyed,N,Moving Constant Speed,2015-02-28 2:34,25,39.58288216,-77.69457016
N,Had Been Drinking,No Misuse,Y,No Injury,eab5b8ca-a049-4863-842d-84b9ff699216,D,MSP4830000X,Shoulder/Lap Belt(s),M,4d079ea6-5d7d-4db2-bc60-672b32c45395,Single Vehicle ,N,Non Intersection,Right Turn Lane,Dusk,No Defects,"Two-way, Not Divided",Dry,Clear,Twelve o'clock,Pickup Truck,Disabling,N,Moving Constant Speed,2015-03-21 19:07,54,38.633889,-75.78847
N,Had Been Drinking,No Misuse,Y,No Injury,50e9c89b-2101-4ff2-a17a-c064398a6d40,D,MSP50900038,Shoulder/Lap Belt(s),M,44fd44dc-a289-4c87-880d-3562ba70cf76,Single Vehicle ,N,Intersection Related,Right Turn Lane,Dark Lights On,No Defects,"Two-way, Divided, Positive Median Barrier",Dry,Clear,Twelve o'clock,Passenger Car,Disabling,N,Moving Constant Speed,2015-01-10 1:31,34,39.45462917,-77.3667985
N,Had Been Drinking,No Misuse,Y,No Injury,98c16358-3b66-4a74-851d-e472ecf51f68,D,MSP5175001B,Shoulder/Lap Belt(s),M,77edbb0a-2230-4115-81eb-fda459693e3b,Single Vehicle ,N,Non Intersection,Right Turn Lane,Dark No Lights,No Defects,"Two-way, Not Divided",Dry,Clear,One o'clock,Pickup Truck,Disabling,N,Moving Constant Speed,2015-03-25 12:04,21,39.68867893,-76.0400784
N,Had Been Drinking,No Misuse,Y,No Injury,3766427a-d713-4e20-bb3b-8bc00ea6b45c,D,MSP5357001H,Shoulder/Lap Belt(s),M,3c98c2ee-1299-4d3a-9e92-62460c9bca53,Single Vehicle ,N,Non Intersection,Acceleration Lane,Dark No Lights,No Defects,"Two-way, Divided, Positive Median Barrier",Dry,Clear,Twelve o'clock,Passenger Car,Disabling,N,Accelerating,2015-03-11 22:09,68,38.81929756,-76.8457067
N,Had Been Drinking,No Misuse,Y,No Injury,68f7fb32-db0e-445b-b824-ec12c6ff001b,D,MSP5662002B,Shoulder/Lap Belt(s),M,d59fd5d4-012c-4835-bcfd-d39a03deafaa,Single Vehicle ,N,Non Intersection,Right Turn Lane,Daylight,No Defects,"Two-way, Not Divided",Ice,Cloudy,Two o'clock,Passenger Car,Disabling,N,Moving Constant Speed,2015-02-02 7:51,38,39.65473933,-77.9572475
Y,Had Been Drinking,No Misuse,Y,No Injury,ef5e0479-d6ac-4348-8db5-ad31c694d475,D,MSP5862002H,Shoulder/Lap Belt(s),M,f9e7c0f1-cf31-457d-83c4-35f18fb59d25,Single Vehicle ,N,Non Intersection,Right Turn Lane,Dark Lights On,No Defects,"Two-way, Divided, Positive Median Barrier",Wet,Raining,Eleven o'clock,Pickup Truck,Superficial,Y,Moving Constant Speed,2015-03-15 1:31,42,38.647427,-76.93865
N,Had Been Drinking,No Misuse,Y,No Injury,cb83824c-7d03-4762-bf9e-6e23a71b9bff,D,MSP5910001H,Shoulder/Lap Belt(s),M,009f212e-d2b8-4053-930a-53e8c2912e5c,Single Vehicle ,N,Non Intersection,Right Turn Lane,Dark No Lights,No Defects,"Two-way, Not Divided",Wet,Clear,Twelve o'clock,Passenger Car,Destroyed,Y,Moving Constant Speed,2015-01-05 4:26,47,38.65172917,-76.99818483
N,Had Been Drinking,No Misuse,Y,No Injury,13bc9d52-de3d-4c66-90e0-7f8b9bffa82a,D,MSP60440020,Shoulder/Lap Belt(s),M,af19dee2-4b41-4ccd-9f29-70804ebcce71,Single Vehicle ,N,Non Intersection,Acceleration Lane,Dark Lights On,No Defects,One-way Trafficway,Wet,Raining,Ten o'clock,Passenger Car,Disabling,N,Moving Constant Speed,2015-02-02 0:12,30,39.347155,-76.50379
N,Had Been Drinking,No Misuse,Y,No Injury,9d563212-ddf4-4f53-b87b-7eb699755d58,D,MSP60810016,Shoulder/Lap Belt(s),M,853de280-38ac-4264-84b2-9e0f9565376d,Single Vehicle ,N,Non Intersection,Right Turn Lane,Daylight,No Defects,"Two-way, Not Divided",Dry,Clear,Eight o'clock,"Other Light Trucks (10,000 lbs (4,536 kg))",Disabling,N,Moving Constant Speed,2015-01-01 12:16,47,38.96814927,-76.1786145
N,Had Been Drinking,No Misuse,Y,No Injury,e5cd2ba5-9240-46a0-b39b-7ea2f5d0c2f1,D,MSP6156001X,Shoulder/Lap Belt(s),M,d3c4a27a-84be-4d8e-acba-3156ca69cfbb,Single Vehicle ,N,Non Intersection,Right Turn Lane,Dark No Lights,No Defects,"Two-way, Not Divided",Wet,Raining,Twelve o'clock,Passenger Car,Disabling,N,Moving Constant Speed,2015-01-24 2:10,35,39.468105,-76.371884
N,Had Been Drinking,No Misuse,Y,No Injury,884ba270-30e7-483a-b240-1f88920b3871,D,MSP6272003Q,Shoulder/Lap Belt(s),M,325334af-eeda-40be-acd2-bb705bbfbc72,Single Vehicle ,N,Non Intersection,Acceleration Lane,Dark No Lights,No Defects,"Two-way, Divided, Positive Median Barrier",Dry,Clear,Twelve o'clock,Pickup Truck,Destroyed,N,Moving Constant Speed,2015-01-09 19:32,71,39.3727585,-76.517442
N,Had Been Drinking,No Misuse,Y,No Injury,31b99ca3-835e-47d7-b668-067ca6f06ff9,D,MSP62720044,Shoulder/Lap Belt(s),M,e95e895e-3191-4c47-a216-8c83d44949ab,Single Vehicle ,N,Non Intersection,Left Turn Lane,Dark Lights On,No Defects,One-way Trafficway,Dry,Clear,Twelve o'clock,Passenger Car,Disabling,N,Leaving Traffic Lane,2015-02-14 2:03,44,39.40911933,-76.7857955
N,Had Been Drinking,No Misuse,Y,No Injury,c5383070-a7c7-41ca-bcc8-bb47e0783e0d,D,MSP6277003Y,Shoulder/Lap Belt(s),M,42004ce1-2a77-482f-af87-87d80b2ee978,Single Vehicle ,N,Non Intersection,Right Turn Lane,Dusk,No Defects,"Two-way, Divided, Positive Median Barrier",Dry,Clear,Twelve o'clock,Passenger Car,Functional,Y,Moving Constant Speed,2015-01-11 17:31,45,39.30860106,-76.74396515
N,Had Been Drinking,No Misuse,Y,No Injury,e02310e1-7049-492c-834b-71aa93deb037,D,MSP6310000Y,Shoulder/Lap Belt(s),M,0288c5ea-ca9c-4761-b16b-1120ded72b2e,Single Vehicle ,N,Non Intersection,Right Turn Lane,Daylight,No Defects,"Two-way, Not Divided",Dry,Clear,One o'clock,Passenger Car,Disabling,N,Moving Constant Speed,2015-02-10 16:59,54,38.32812377,-75.37526608
N,Had Been Drinking,No Misuse,Y,No Injury,f036d94b-f9b6-4ff3-9573-f674d856569a,D,MSP6317001V,Shoulder/Lap Belt(s),M,b49992ad-d322-45ab-8a7c-ed0098e4b1fc,Single Vehicle ,N,Non Intersection,Right Turn Lane,Dark Lights On,No Defects,"Two-way, Divided, Positive Median Barrier",Wet,Raining,Twelve o'clock,Passenger Car,Functional,N,Moving Constant Speed,2015-03-10 3:10,44,38.650847,-76.882378
N,Had Been Drinking,No Misuse,Y,No Injury,700ab4ec-2e53-49aa-9903-caa2571467a9,D,MSP6375001W,Shoulder/Lap Belt(s),M,50cbf190-016d-4e2e-9e23-75415e6a0301,Single Vehicle ,N,Non Intersection,Right Turn Lane,Dark No Lights,No Defects,"Two-way, Not Divided",Dry,Clear,Twelve o'clock,Pickup Truck,Disabling,N,Moving Constant Speed,2015-01-28 7:45,38,39.47886004,-77.24361
N,Had Been Drinking,No Misuse,Y,No Injury,8e926f8b-8203-4d25-ab95-34500aea45d4,D,MSP63750020,Shoulder/Lap Belt(s),M,d8171b0e-dbd1-4a9a-b24d-fe8545f50953,Single Vehicle ,N,Non Intersection,Left Turn Lane,Dark Lights On,No Defects,One-way Trafficway,Dry,Clear,Twelve o'clock,Passenger Car,Disabling,N,Negotiating a Curve,2015-02-08 23:50,44,39.324591,-77.357258
N,Had Been Drinking,No Misuse,Y,No Injury,374d18ea-7ad3-40a5-8c8e-a2c10b3350af,D,MSP64070006,Shoulder/Lap Belt(s),M,00804298-2912-4e2a-9b95-b1903f2faa21,Single Vehicle ,N,Non Intersection,Right Turn Lane,Dark No Lights,No Defects,"Two-way, Not Divided",Wet,Raining,Twelve o'clock,Passenger Car,Destroyed,N,Moving Constant Speed,2015-03-05 0:28,58,38.38419017,-76.41815817
N,Had Been Drinking,No Misuse,Y,No Injury,e94bb8ef-59b6-4903-a7fa-de2bcd7d606a,D,MSP6463000N,Shoulder/Lap Belt(s),M,393f1e35-abe3-4a58-a4fa-d83175783a31,Single Vehicle ,N,Non Intersection,Shoulder Area,Dark Lights On,No Defects,"Two-way, Divided, Positive Median Barrier",Dry,Clear,Twelve o'clock,Passenger Car,Disabling,N,Slowing or Stopping,2015-03-29 23:19,24,38.991208,-76.885266
N,Had Been Drinking,No Misuse,Y,No Injury,aa9b4752-c9fe-4b5b-94b9-47bc50330628,D,MSP6467000V,Shoulder/Lap Belt(s),M,fce825f6-f9a7-44ec-a0f9-b49be70a3f0e,Single Vehicle ,N,Non Intersection,Right Turn Lane,Daylight,No Defects,"Two-way, Divided, Positive Median Barrier",Dry,Clear,Eleven o'clock,Passenger Car,Disabling,N,Moving Constant Speed,2015-03-28 17:27,60,39.0169247,-77.09982991
N,Had Been Drinking,No Misuse,Y,No Injury,9735d778-8216-4ec5-b8f8-358ada0286e1,D,MSP6477000L,Shoulder/Lap Belt(s),M,7ded6e7c-1100-4fb0-acc9-0357f49dbfe6,Single Vehicle ,N,Non Intersection,Right Turn Lane,Dark Lights On,No Defects,"Two-way, Divided, Positive Median Barrier",Dry,Clear,Eleven o'clock,Passenger Car,Disabling,N,Moving Constant Speed,2015-02-19 3:52,25,39.01731649,-77.10067749
N,Had Been Drinking,No Misuse,Y,No Injury,a810760f-5d8c-4206-ac5b-72ab8dd94b38,D,MSP64840004,Shoulder/Lap Belt(s),M,894c3c43-daed-410e-8403-741abbfcf56a,Single Vehicle ,N,Non Intersection,Acceleration Lane,Daylight,No Defects,"Two-way, Divided, Positive Median Barrier",Dry,Clear,One o'clock,Passenger Car,Functional,Y,Moving Constant Speed,2015-02-04 13:30,25,39.58565233,-76.08372283
N,Had Been Drinking,No Misuse,Y,No Injury,d1774f81-f664-4070-986b-17839f3aab1b,D,MSP64880004,Shoulder/Lap Belt(s),M,a8246e90-987f-4159-93a5-31daeb760419,Single Vehicle ,N,Non Intersection,Right Turn Lane,Dark Lights On,No Defects,"Two-way, Divided, Positive Median Barrier",Dry,Clear,Eleven o'clock,Passenger Car,Disabling,N,Moving Constant Speed,2015-01-10 22:53,23,39.01364863,-77.12891579
N,Had Been Drinking,No Misuse,Y,No Injury,5132f01f-aaa4-4dba-be71-64d545c87b45,D,MSP65050005,Shoulder/Lap Belt(s),M,aa446974-13cd-4380-89a4-b34e16b2d725,Single Vehicle ,N,Non Intersection,Right Turn Lane,Dark No Lights,No Defects,"Two-way, Not Divided",Slush,Wintry Mix,One o'clock,Passenger Car,Disabling,N,Moving Constant Speed,2015-01-23 22:43,33,39.50832452,-77.27776229
N,Had Been Drinking,No Misuse,Y,No Injury,20019ffd-192e-418a-a349-d6c67aa9c46f,D,ZD3338000B,Shoulder/Lap Belt(s),M,1816e877-d5ed-4ce5-a9c7-645d2e7374b1,Single Vehicle ,N,Non Intersection,Right Turn Lane,Dark No Lights,No Defects,"Two-way, Not Divided",Wet,Wintry Mix,Eight o'clock,Passenger Car,Disabling,N,Moving Constant Speed,2015-01-14 0:50,39,38.36287,-76.428531
N,Had Been Drinking,No Misuse,Y,No Injury,9089ca56-5094-4596-943e-61150b935066,D,ZD58810007,Shoulder/Lap Belt(s),M,ce7408f7-b020-43f1-a6da-aa4db0b088e1,Single Vehicle ,N,Intersection,Right Turn Lane,Dark Lights On,No Defects,"Two-way, Not Divided",Dry,Clear,Twelve o'clock,Station Wagon,Disabling,N,Moving Constant Speed,2015-02-27 22:36,67,38.47321284,-76.50578499
N,Had Been Drinking,No Misuse,Y,No Injury,bb24bb0f-2973-414a-9cca-3cb83d0774e7,D,ZF0402000J,Shoulder/Lap Belt(s),M,5a881bd5-9735-4ecf-91c1-4149bcbf84ba,Single Vehicle ,N,Residential Driveway,Right Turn Lane,Dark Lights On,No Defects,"Two-way, Not Divided",Wet,Raining,Four o'clock,"Other Light Trucks (10,000 lbs (4,536 kg))",Disabling,Y,Accelerating,2015-01-11 22:06,23,39.71474682,-77.20676422
N,Had Been Drinking,No Misuse,Y,No Injury,aa9151d6-b9c5-4f52-ab66-ea600b9665d5,D,ZF04830006,Shoulder/Lap Belt(s),M,d12d68fb-7584-4864-88c8-780be3da46f1,Single Vehicle ,N,Non Intersection,Right Turn Lane,Dusk,No Defects,"Two-way, Not Divided",Dry,Clear,Twelve o'clock,Pickup Truck,Disabling,N,Moving Constant Speed,2015-02-25 17:35,70,39.69591091,-77.19565988
N,Had Been Drinking,No Misuse,Y,No Injury,494f1f0b-bed0-4083-8c55-03328554e126,D,ZG08930003,Shoulder/Lap Belt(s),M,70965eb0-ecd2-4198-80c6-d04f4a9fa7c4,Single Vehicle ,N,Non Intersection,Right Turn Lane,Dark No Lights,No Defects,"Two-way, Not Divided",Wet,Raining,Twelve o'clock,(Sport) Utility Vehicle,Disabling,Y,Moving Constant Speed,2015-01-03 23:00,55,39.70178839,-75.88930607
N,Had Been Drinking,No Misuse,Y,No Injury,e9c00c8b-d73e-4f86-a7c6-2853b9bab1e4,D,ZG09080002,Shoulder/Lap Belt(s),M,a7f7a74c-b339-4a2d-ac1b-7ab672d04355,Single Vehicle ,N,Non Intersection,Right Turn Lane,Dark No Lights,No Defects,"Two-way, Not Divided",Dry,Clear,One o'clock,Passenger Car,Disabling,N,Moving Constant Speed,2015-02-04 1:15,25,39.56098346,-75.8983022
N,Had Been Drinking,No Misuse,Y,No Injury,6df72b72-93ba-4dc8-a6a0-baedc61eccbb,D,ZH0518000B,Shoulder/Lap Belt(s),M,207bce85-98e4-4f33-9991-57a53f6feaf4,Single Vehicle ,N,Non Intersection,Right Turn Lane,Dark No Lights,No Defects,"Two-way, Not Divided",Dry,Clear,Twelve o'clock,Passenger Car,Destroyed,N,Moving Constant Speed,2015-01-01 4:55,22,38.297805,-76.913155
N,Had Been Drinking,No Misuse,Y,No Injury,63950059-f1e3-475a-8584-070976d5aab1,D,ZL08880005,Shoulder Belt Only,M,9876a37c-5aee-45d8-acc0-387866c3600d,Single Vehicle ,N,Non Intersection,Right Turn Lane,Dark No Lights,No Defects,"Two-way, Not Divided",Dry,Clear,Twelve o'clock,(Sport) Utility Vehicle,Destroyed,Y,Moving Constant Speed,2015-03-31 21:49,25,39.55230212,-76.50548458
N,Had Been Drinking,No Misuse,Y,No Injury,f7222932-57c2-4d84-baf0-e51037dcbb1d,D,ZT00260003,Shoulder/Lap Belt(s),M,92b1c593-2285-43b5-9268-9a90f309166d,Single Vehicle ,N,Non Intersection,Right Turn Lane,Dark No Lights,No Defects,"Two-way, Not Divided",Dry,Cloudy,Twelve o'clock,(Sport) Utility Vehicle,Disabling,N,Moving Constant Speed,2015-02-14 18:53,57,38.71838169,-76.19462729
N,Had Been Drinking,No Misuse,Y,No Injury,e518ae7f-33e1-4b99-9d81-8181e40248b9,D,ZT01180003,Shoulder/Lap Belt(s),M,4a68ac62-5771-4f5a-b917-7e388676e964,Head On Left Turn,N,Residential Driveway,Right Turn Lane,Dark No Lights,No Defects,One-way Trafficway,Dry,Clear,Eleven o'clock,Passenger Car,Superficial,Y,Parking  ,2015-03-28 2:30,23,38.74835181,-76.06559157
N,Had Been Drinking,No Misuse,Y,No Injury,816c05fd-8b50-40eb-a111-3a8067733b46,D,ZU72810009,Shoulder/Lap Belt(s),M,42cddd72-e2fb-43a0-aefb-e431a501cc2f,Single Vehicle ,N,Non Intersection,Right Turn Lane,Dawn,No Defects,"Two-way, Divided, Unprotected (painted >4 feet) Median",Dry,Clear,Twelve o'clock,Passenger Car,Disabling,N,Moving Constant Speed,2015-01-18 7:34,24,39.58920375,-77.8169775
N,Had Been Drinking,No Misuse,Y,No Injury,78680d1e-c4e5-4cde-b9b2-ba576f8b334f,D,ZU77080005,Shoulder/Lap Belt(s),M,8a1549f9-955b-4976-b457-8de73ba3b81c,Single Vehicle ,N,Non Intersection,Right Turn Lane,Dark No Lights,No Defects,"Two-way, Not Divided",Dry,Clear,Twelve o'clock,Passenger Car,Disabling,N,Negotiating a Curve,2015-02-28 3:07,18,39.5580512,-77.61856914
N,Had Been Drinking,No Misuse,Y,No Injury,bc8a04da-c3ee-435e-99dd-c7ecc688e5e8,D,ZU77290004,Shoulder/Lap Belt(s),M,5f099581-4ebd-4eb4-abd9-3819bfb2d020,Single Vehicle ,N,Intersection Related,Right Turn Lane,Dark Lights On,No Defects,"Two-way, Divided, Positive Median Barrier",Wet,Foggy,Four o'clock,Pickup Truck,Disabling,N,Accelerating,2015-01-04 0:22,31,39.61902517,-77.68460512
N,Had Been Drinking,No Misuse,Y,Non-incapacitating Injury,30216c14-c89c-4c1f-b7de-0d60fe28b9e8,D,AC1333000J,Shoulder/Lap Belt(s),M,f9268964-38da-4e39-88c2-1c873d347b97,Single Vehicle ,N,Non Intersection,Right Turn Lane,Dark Lights On,No Defects,"Two-way, Divided, Positive Median Barrier",Dry,Clear,Twelve o'clock,Passenger Car,Disabling,N,Moving Constant Speed,2015-03-22 4:54,26,39.131865,-76.51442353
N,Had Been Drinking,No Misuse,Y,Non-incapacitating Injury,bf324256-afc9-4ecc-aa50-168770e77d01,D,MCP2662000H,Shoulder/Lap Belt(s),M,88420026-27f4-49ef-b072-581e59b1965a,Single Vehicle ,N,Non Intersection,Right Turn Lane,Dark Lights On,No Defects,"Two-way, Divided, Unprotected (painted >4 feet) Median",Dry,Clear,Twelve o'clock,Passenger Car,Disabling,N,Moving Constant Speed,2015-03-01 2:49,27,39.172515,-77.178315
N,Had Been Drinking,No Misuse,Y,Non-incapacitating Injury,bcedd8db-1e56-4e2f-80ba-e6c83abb4a56,D,MSP57310032,Shoulder/Lap Belt(s),M,78398fde-f765-400e-8b20-0066431bbfc6,Single Vehicle ,N,Non Intersection,Right Turn Lane,Daylight,No Defects,"Two-way, Not Divided",Dry,Clear,Twelve o'clock,(Sport) Utility Vehicle,Destroyed,N,Moving Constant Speed,2015-03-28 18:45,41,39.64252,-77.682963
N,Had Been Drinking,No Misuse,Y,Non-incapacitating Injury,eac258ad-36d8-47ea-bb8c-480735752669,D,MSP5857000M,Shoulder/Lap Belt(s),M,de3afff2-08ee-42f0-b297-90031548e034,Single Vehicle ,N,Non Intersection,Right Turn Lane,Dark No Lights,No Defects,"Two-way, Not Divided",Dry,Clear,Twelve o'clock,Passenger Car,Destroyed,N,Moving Constant Speed,2015-02-28 3:00,23,38.487129,-76.53686033
Y,Had Been Drinking,No Misuse,Y,Non-incapacitating Injury,908575f4-8317-4010-8b94-8e12e31ca3e6,D,MSP6056002R,Shoulder/Lap Belt(s),M,a9860b94-e282-43c5-8f24-19bedf68ba85,Single Vehicle ,N,Non Intersection,Acceleration Lane,Dark No Lights,No Defects,"Two-way, Divided, Positive Median Barrier",Wet,Raining,Twelve o'clock,Passenger Car,Disabling,N,Moving Constant Speed,2015-01-24 3:45,32,39.216175,-76.668449
N,Had Been Drinking,No Misuse,Y,Non-incapacitating Injury,79c66249-ac79-4854-a873-666fb58f32b3,D,MSP6328002B,Shoulder/Lap Belt(s),M,a99aaa96-4288-4707-8c44-774885b6fb56,Single Vehicle ,N,Non Intersection,Right Turn Lane,Dark Lights On,No Defects,"Two-way, Not Divided",Wet,Raining,Twelve o'clock,Passenger Car,Destroyed,N,Slowing or Stopping,2015-03-27 1:44,36,38.48422646,-77.12967144
N,Had Been Drinking,No Misuse,Y,Possible Incapacitating Injury,0b073bbe-0e7e-49f9-ace1-26a14634fe6c,D,AC1550000C,Shoulder/Lap Belt(s),M,aa9b2d32-9111-484a-9870-85a75f95609c,Single Vehicle ,N,Non Intersection,Left Turn Lane,Dark Lights On,No Defects,"Two-way, Divided, Unprotected (painted >4 feet) Median",Wet,Raining,Twelve o'clock,Passenger Car,Disabling,N,Moving Constant Speed,2015-03-14 1:47,70,39.13817333,-76.62250167
N,Had Been Drinking,No Misuse,Y,Possible Incapacitating Injury,4ae49d0e-e795-4c3e-a4da-1b60acb62392,D,AC1821000P,Shoulder/Lap Belt(s),M,c972e2a9-7705-4f2b-b88c-45d9e384181c,Single Vehicle ,N,Non Intersection,Right Turn Lane,Dark No Lights,No Defects,"Two-way, Not Divided",Dry,Clear,One o'clock,(Sport) Utility Vehicle,Destroyed,N,Negotiating a Curve,2015-02-09 5:24,31,39.02368478,-76.5565753
N,Had Been Drinking,No Misuse,Y,Possible Incapacitating Injury,70eeac03-1ed4-49bf-ba4e-7587d061d363,D,AC20020011,Shoulder/Lap Belt(s),M,ac0df0b6-953b-4e33-aa7e-6a7adc6c3eb9,Single Vehicle ,N,Residential Driveway,Right Turn Lane,Dark Lights On,No Defects,"Two-way, Not Divided",Dry,Clear,Twelve o'clock,Passenger Car,Destroyed,N,Moving Constant Speed,2015-03-20 23:31,24,39.15338441,-76.7401135
N,Had Been Drinking,No Misuse,Y,Possible Incapacitating Injury,86743d10-cbac-4c2e-83de-f67682fb4c9c,D,AE38430009,Shoulder/Lap Belt(s),M,59ddbba3-7987-4382-99a8-7c3c5a22cd50,Single Vehicle ,N,Non Intersection,Right Turn Lane,Dark No Lights,No Defects,"Two-way, Not Divided",Dry,Clear,Twelve o'clock,Pickup Truck,Destroyed,Y,Moving Constant Speed,2015-01-31 0:32,18,39.57307928,-76.81635261